<?xml version="1.0" encoding="utf-8"?>
<COLLADA xmlns="http://www.collada.org/2005/11/COLLADASchema" version="1.4.1" xmlns:xsi="http://www.w3.org/2001/XMLSchema-instance">
  <asset>
    <contributor>
      <author>Blender User</author>
      <authoring_tool>Blender 2.80.75 commit date:2019-07-29, commit time:14:47, hash:f6cb5f54494e</authoring_tool>
    </contributor>
    <created>2019-11-15T01:10:55</created>
    <modified>2019-11-15T01:10:55</modified>
    <unit name="meter" meter="1"/>
    <up_axis>Z_UP</up_axis>
  </asset>
  <library_effects>
    <effect id="met_missile_001-effect">
      <profile_COMMON>
        <newparam sid="met_missile_002_col_png-surface">
          <surface type="2D">
            <init_from>met_missile_002_col_png</init_from>
          </surface>
        </newparam>
        <newparam sid="met_missile_002_col_png-sampler">
          <sampler2D>
            <source>met_missile_002_col_png-surface</source>
          </sampler2D>
        </newparam>
        <technique sid="common">
          <lambert>
            <emission>
              <color sid="emission">0 0 0 1</color>
            </emission>
            <diffuse>
              <texture texture="met_missile_002_col_png-sampler" texcoord="missileShape-mesh-map-0"/>
            </diffuse>
            <index_of_refraction>
              <float sid="ior">1.45</float>
            </index_of_refraction>
          </lambert>
        </technique>
      </profile_COMMON>
    </effect>
  </library_effects>
  <library_images>
    <image id="met_missile_002_col_png" name="met_missile_002_col_png">
      <init_from>met_missile_002_col.png</init_from>
    </image>
  </library_images>
  <library_materials>
    <material id="met_missile_001-material" name="met_missile_001">
      <instance_effect url="#met_missile_001-effect"/>
    </material>
  </library_materials>
  <library_geometries>
    <geometry id="missileShape-mesh" name="missileShape">
      <mesh>
        <source id="missileShape-mesh-positions">
          <float_array id="missileShape-mesh-positions-array" count="1287">0.09285897 0.825266 2.54102 0.216823 0.708482 2.70501 0.1393229 0.565283 3.03587 0.142286 1.06121 2.20994 0.083135 1.01657 2.43212 0.268728 1.15848 2.53789 0.305958 1.02973 1.93363 0.117376 1.12376 1.78988 0.15 0.999068 1.07123 0.212504 0.846637 0.56624 0.134055 1.07745 0.584061 0.143133 0.794002 0.7729 0.278424 0.740748 0.76348 0.366998 0.945167 1.14367 0.15343 1.22314 1.52206 0.3558 1.197 1.66479 0.528851 0.734801 2.2757 0.663483 0.887622 1.59511 0.799822 0.795283 2.34905 0.911227 0.891871 1.80352 0.728047 0.71069 2.52858 0.778542 0.554941 2.33148 0.916426 0.632977 1.53537 0.771274 0.723474 0.934443 0.949193 0.914155 1.43336 0.964868 0.943315 1.59459 0.475022 0.674548 0.813765 0.480857 0.510419 2.77879 0.303746 0.445958 2.9345 0.398985 0.672606 2.78123 0.03250193 0.04448318 3.20026 0.09666496 0.349821 3.1116 0.104469 -0.129963 3.17652 0.102475 -0.317897 3.14047 0.186662 0.291166 3.21292 0.341294 -0.01259511 3.06959 0.835151 0.180321 0.835492 0.866356 0.205234 0.680422 0.715198 0.430454 0.811123 0.760444 0.444559 0.640654 1.16539 0.421432 1.28392 1.09914 0.132455 1.18908 1.11403 0.175353 1.485 1.39204 0.004904747 1.40982 1.41887 0.002376556 1.55192 1.16037 -0.161314 1.49181 1.23058 -0.42116 1.88968 0.557011 -0.204961 2.88221 0.934213 -0.648355 1.50336 0.735391 -0.539262 2.23075 0.987172 -0.939649 1.61551 0.824502 -0.807104 2.34254 0.746453 -0.734203 2.52868 0.527779 -0.736354 2.32299 0.281607 -0.29075 3.06599 1.00473 0.003288269 2.51541 0.88879 -0.152761 2.20732 1.10508 0.01030153 2.36765 1.30539 0.004127383 1.82375 0.817362 0.07328408 2.56914 0.78829 0.2472659 2.78962 0.896855 0.161605 2.26207 0.95806 -0.925219 1.42147 0.776829 -0.744417 0.894014 0.711374 -0.403337 0.813536 0.746468 -0.735943 0.58659 0.76479 -0.420057 0.646764 0.770624 -0.74501 0.713635 0.803891 -0.771271 0.406693 0.818014 -0.494338 0.523682 0.442461 -0.698072 0.654562 0.516909 -0.774833 0.440998 0.45163 -0.640594 0.817625 0.893469 -0.196847 0.691191 1.09713 -7.76291e-4 0.906276 0.852621 -0.155064 0.840824 1.04282 -0.167505 0.784848 1.10408 0.002311646 0.824921 1.13578 0 0.766741 1.00334 0.179893 0.773625 1.11342 -0.004734039 0.672376 1.10879 0.32734 2.03594 0.821902 0.507116 0.516142 1.05142 0.198445 0.61577 0.878515 0.862083 0.131119 0.792618 0.7751 0.410066 0.985207 0.599616 0.254715 1.18474 0.181519 0.391624 1.20901 0.135631 0.2179909 1.29327 -0.01185417 0.264944 1.31986 -6.3324e-4 0.413814 1.13685 0.07702726 -0.001719236 1.20871 -0.02172088 0.04059159 0.575674 0.392062 -0.606138 0.724633 0.418643 -0.162901 0.75113 -0.005057275 -0.408772 0.618618 0.506249 -0.866696 0.60055 0.508931 -0.625419 0.486657 0.518707 -0.619146 0.433221 0.460706 -0.82655 0.113642 0.714782 -0.859122 0.319856 0.560863 -0.70476 0.133956 0.637195 -0.704009 0.420308 0.509132 -1.19946 0.660944 0.628409 -1.25487 0.810497 0.703101 -0.225072 0.598773 0.688356 -0.21198 0.550828 0.388523 -1.3133 0.684147 0.175477 -0.64986 0.592983 0.329812 -0.7944 0.809229 0.07142257 -0.868613 1.07916 -0.130652 -0.00647825 1.16048 -0.175164 0.2014099 0.737497 0.105375 -0.6530001 0.846278 -8.24928e-4 -0.589186 0.947381 -0.0397939 -0.822062 0.622022 -0.338882 -0.547013 0.693559 -0.152038 -0.601962 0.612334 -0.536588 -0.821493 0.59345 -0.343506 -0.762135 0.593883 -0.525117 -0.617478 0.808543 -0.706236 -0.224088 0.726786 -0.443336 -0.127936 1.06337 -0.202243 0.616774 1.17658 -0.211349 0.408556 1.219 0.005005836 0.581289 0.982692 -0.601863 0.271668 0.893707 -0.854815 0.129769 0.901879 -0.571971 0.112007 0.874165 -0.796688 -0.03711438 0.721136 -0.987862 0.08729076 0.577833 -0.792524 -0.07806539 0.49949 0.74913 0.477259 0.651519 1.01258 0.06164252 0.415329 0.788255 -0.211287 0.397813 1.07846 0.006981492 0.255904 0.932887 -0.405785 0.268266 1.0244 -0.169505 0.293694 0.683745 -0.557733 0.211867 1.17589 -0.07881635 0.131002 0.999934 0.45664 0.749273 0.730099 0.582621 0.736526 0.708706 0.670945 0.775479 0.731573 0.826689 0.436508 0.701894 0.699119 0.156379 -0.64819 3.11813 0.440441 -0.580689 2.69923 0.271726 -0.918473 2.58139 0.106389 -0.91907 2.4627 0.306683 -0.987156 1.91895 0.12897 -1.06989 1.58543 0.04418891 -0.742369 2.76364 0.354293 -1.14282 1.65323 0.669468 -0.887512 1.51361 0.220917 -0.843697 0.605746 0.2424679 -0.898954 0.407098 0.40287 -1.10255 0.02639359 0.307715 -0.869222 -0.1439059 0.332731 -0.815883 -0.306448 0.567892 -0.670711 -0.264782 0.311424 -0.915212 -0.400032 0.194158 -0.814303 0.756053 0.490386 0.428329 -1.70609 0.656649 0.62257 -1.36387 0.276795 0.623001 -1.59513 0.229353 0.681087 -2.03007 0.101472 0.57373 -2.35234 0.46719 0.513206 -2.13826 0.345106 0.33251 -2.56409 0.172 -0.376024 -2.95959 0.49306 -0.402688 -2.52128 0.397865 0.09658235 -2.75877 0.688975 -0.118006 -2.31646 0.696974 -0.06700128 -1.86535 0.435507 -0.511537 -2.03096 0.239307 -0.733282 -1.48629 0.2412019 -0.768612 -2.04711 0.453726 -0.47683 -1.62769 0.542325 -0.428873 -1.14198 0.652177 -0.701497 -1.3249 0.435498 -0.616998 -1.15719 0.6669 -0.688139 -1.22165 0.422238 -0.498418 -0.808434 0.100683 -0.762979 -0.902394 0.134315 -0.724339 -0.69168 0.243027 -0.638016 -0.665485 0.288631 -0.711846 -0.549513 0.477229 -0.543194 -0.611589 0.72487 -0.182982 -0.858171 0.296499 0.25157 3.05158 0.917266 -0.04866409 -0.934305 0.681517 -0.09811496 -1.50502 -0.218269 0.708482 2.70501 -0.140769 0.565283 3.03587 -7.23004e-4 0.544584 2.99114 -7.23004e-4 1.14178 2.48825 -0.09430497 0.825266 2.54102 -7.23004e-4 1.24656 2.33269 -0.143732 1.06121 2.20994 -0.307404 1.02973 1.93363 -0.270174 1.15848 2.53789 -0.08458095 1.01657 2.43212 -7.23004e-4 1.41923 1.8424 -0.118822 1.12376 1.78988 -0.1548759 1.22314 1.52206 -7.23004e-4 1.54467 1.61815 -7.23004e-4 1.51021 1.44039 -0.1445789 0.794002 0.7729 -7.23004e-4 1.14387 0.736125 -7.23004e-4 1.16958 0.9229 -0.27987 0.740748 0.76348 -0.21395 0.846637 0.56624 -0.135501 1.07745 0.584061 -0.151446 0.999068 1.07123 -0.368444 0.945167 1.14367 -7.23004e-4 1.09172 0.658467 -7.23004e-4 1.15116 0.543424 -0.357246 1.197 1.66479 -0.664929 0.887622 1.59511 -0.912673 0.891871 1.80352 -0.530297 0.734801 2.2757 -0.801268 0.795283 2.34905 -0.729493 0.71069 2.52858 -0.476468 0.674548 0.813765 -0.77272 0.723474 0.934443 -0.950639 0.914155 1.43336 -0.966314 0.943315 1.59459 -0.482303 0.510419 2.77879 -0.297945 0.25157 3.05158 -0.305192 0.445958 2.9345 -0.400431 0.672606 2.78123 -0.09811097 0.349821 3.1116 -0.033948 0.04448318 3.20026 -7.23004e-4 0.347162 3.10945 -7.23004e-4 0.04614722 3.19833 -0.105915 -0.129963 3.17652 -0.1039209 -0.317897 3.14047 -7.23004e-4 -0.185398 3.18613 -7.23004e-4 -0.518102 3.0487 -0.188108 0.291166 3.21292 -0.76189 0.444559 0.640654 -0.867802 0.205234 0.680422 -0.836597 0.180321 0.835492 -1.10059 0.132455 1.18908 -1.16683 0.421432 1.28392 -1.11547 0.175353 1.485 -1.39349 0.004904747 1.40982 -1.16182 -0.161314 1.49181 -1.42032 0.002376556 1.55192 -1.23202 -0.42116 1.88968 -0.736837 -0.539262 2.23075 -0.890236 -0.152761 2.20732 -0.558457 -0.204961 2.88221 -0.935659 -0.648355 1.50336 -0.988618 -0.939649 1.61551 -0.825948 -0.807104 2.34254 -0.747899 -0.734203 2.52868 -0.283053 -0.29075 3.06599 -1.00618 0.003288269 2.51541 -1.10652 0.01030153 2.36765 -1.30683 0.004127383 1.82375 -0.818808 0.07328408 2.56914 -0.34274 -0.01259511 3.06959 -0.789736 0.2472659 2.78962 -0.779988 0.554941 2.33148 -0.898301 0.161605 2.26207 -0.959506 -0.925219 1.42147 -0.778275 -0.744417 0.894014 -0.453076 -0.640594 0.817625 -0.77207 -0.74501 0.713635 -0.71282 -0.403337 0.813536 -0.766236 -0.420057 0.646764 -0.747914 -0.735943 0.58659 -0.81946 -0.494338 0.523682 -0.805337 -0.771271 0.406693 -0.518355 -0.774833 0.440998 -0.443907 -0.698072 0.654562 -0.894915 -0.196847 0.691191 -0.854067 -0.155064 0.840824 -1.09858 -7.76291e-4 0.906276 -1.10552 0.002311646 0.824921 -1.04427 -0.167505 0.784848 -1.13723 0 0.766741 -1.00478 0.179893 0.773625 -1.11487 -0.004734039 0.672376 -1.11023 0.32734 2.03594 -0.917872 0.632977 1.53537 -1.05286 0.198445 0.61577 -0.823348 0.507116 0.516142 -0.794064 0.7751 0.410066 -0.986653 0.599616 0.254714 -0.879961 0.862083 0.131119 -1.18619 0.181519 0.391624 -1.21046 0.135631 0.21799 -1.29472 -0.01185417 0.264943 -1.32131 -6.3324e-4 0.413813 -1.1383 0.07702726 -0.001719236 -1.21016 -0.02172088 0.04059159 -0.57712 0.392062 -0.606139 -0.752576 -0.005057275 -0.408772 -0.726079 0.418643 -0.162901 -0.620064 0.506249 -0.866696 -0.601996 0.508931 -0.625419 -0.488103 0.518707 -0.619146 -0.321302 0.560863 -0.70476 -0.434667 0.460706 -0.82655 -0.115088 0.714782 -0.859122 -0.135402 0.637195 -0.704009 -0.66239 0.628409 -1.25487 -0.421754 0.509132 -1.19946 -0.811943 0.703101 -0.225073 -0.600219 0.688356 -0.21198 -0.552274 0.388523 -1.3133 -0.682963 -0.09811496 -1.50502 -0.810675 0.07142257 -0.868613 -0.594429 0.329812 -0.7944 -0.685593 0.175477 -0.64986 -1.08061 -0.130652 -0.00647825 -1.16193 -0.175164 0.2014099 -0.738943 0.105375 -0.6530001 -0.847724 -8.24928e-4 -0.589186 -0.948827 -0.0397939 -0.822062 -0.695005 -0.152038 -0.601962 -0.623468 -0.338882 -0.547013 -0.594896 -0.343506 -0.762135 -0.595329 -0.525117 -0.617478 -0.61378 -0.536588 -0.821493 -0.728232 -0.443336 -0.127936 -0.809989 -0.706236 -0.224088 -1.17803 -0.211349 0.408556 -1.22044 0.005005836 0.581289 -1.06481 -0.202243 0.616774 -0.984138 -0.601863 0.271668 -0.875611 -0.796688 -0.03711456 -0.895153 -0.854815 0.129769 -0.903325 -0.571971 0.112006 -0.722582 -0.987862 0.08729076 -0.579279 -0.792524 -0.07806539 -0.652965 1.01258 0.06164252 -0.500936 0.74913 0.477259 -0.399259 1.07846 0.006981492 -0.416775 0.788255 -0.211287 -0.269712 1.0244 -0.169505 -0.25735 0.932887 -0.405785 -0.29514 0.683745 -0.557734 -7.23004e-4 1.07839 -0.430678 -7.23004e-4 0.842354 -0.520025 -7.23004e-4 0.871986 -0.609214 -7.23004e-4 1.12146 -0.303986 -0.213313 1.17589 -0.07881635 -0.132448 0.999934 0.45664 -7.23004e-4 1.28966 -0.1474609 -0.750719 0.730099 0.582621 -0.737972 0.708706 0.670945 -0.716644 0.430454 0.811123 -0.776925 0.731573 0.826689 -0.437954 0.701894 0.699119 -0.1578249 -0.64819 3.11813 -0.441887 -0.580689 2.69923 -0.529225 -0.736354 2.32299 -0.273172 -0.918473 2.58139 -0.308129 -0.987156 1.91895 -0.107835 -0.91907 2.4627 -0.130416 -1.06989 1.58543 -7.23004e-4 -1.54467 1.59583 -7.23004e-4 -1.51744 1.41214 -7.23004e-4 -1.2682 2.30595 -7.23004e-4 -1.1743 2.4832 -7.23004e-4 -0.882905 2.7676 -0.04563498 -0.742369 2.76364 -0.355739 -1.14282 1.65323 -0.670914 -0.887512 1.51361 -0.195604 -0.814303 0.756053 -0.2223629 -0.843697 0.605746 -0.243914 -0.898954 0.407098 -0.404316 -1.10255 0.02639359 -0.309161 -0.869222 -0.1439059 -0.569338 -0.670711 -0.264782 -0.334177 -0.815883 -0.306448 -0.31287 -0.915212 -0.400032 -7.23004e-4 -1.14729 -0.298596 -7.23004e-4 -1.28779 -0.1495299 -7.23004e-4 -1.10872 0.37803 -7.23004e-4 -1.14113 0.559292 -7.23004e-4 -1.19572 0.816747 -0.491832 0.428329 -1.70609 -0.658095 0.62257 -1.36387 -0.278241 0.623001 -1.59513 -7.23004e-4 0.646282 -1.53246 -7.23004e-4 0.930624 -0.837336 -7.23004e-4 0.913485 -0.928828 -7.23004e-4 0.588854 -2.41818 -0.102918 0.57373 -2.35234 -7.23004e-4 0.710822 -2.21389 -0.230799 0.681087 -2.03007 -0.346552 0.33251 -2.56409 -0.468636 0.513206 -2.13826 -0.1734459 -0.376024 -2.95959 -7.23004e-4 -0.09629917 -3.39198 -7.23004e-4 -0.38733 -2.93237 -0.494506 -0.402688 -2.52128 -0.690421 -0.118006 -2.31646 -0.399311 0.09658235 -2.75877 -0.69842 -0.06700128 -1.86535 -0.436953 -0.511537 -2.03096 -0.242648 -0.768612 -2.04711 -0.2407529 -0.733282 -1.48629 -0.543771 -0.428873 -1.14198 -0.653623 -0.701497 -1.3249 -0.455172 -0.47683 -1.62769 -0.668346 -0.688139 -1.22165 -0.436944 -0.616998 -1.15719 -0.423684 -0.498418 -0.808434 -7.23004e-4 -0.810021 -2.05535 -0.102129 -0.762979 -0.902394 -7.23004e-4 -0.768486 -1.48106 -7.23004e-4 -0.979144 -0.917778 -7.23004e-4 -0.78884 -2.31659 -7.23004e-4 -0.988905 -0.823288 -7.23004e-4 -0.913551 -0.608528 -0.135761 -0.724339 -0.69168 -0.244473 -0.638016 -0.665485 -0.290077 -0.711846 -0.549513 -0.478675 -0.543194 -0.611589 -0.726316 -0.182982 -0.858171 -7.23004e-4 -0.853229 -0.560619 -7.23004e-4 1.09493 0.432298 -0.918712 -0.04866409 -0.934305 -7.23004e-4 0.387876 -2.59535</float_array>
          <technique_common>
            <accessor source="#missileShape-mesh-positions-array" count="429" stride="3">
              <param name="X" type="float"/>
              <param name="Y" type="float"/>
              <param name="Z" type="float"/>
            </accessor>
          </technique_common>
        </source>
        <source id="missileShape-mesh-normals">
          <float_array id="missileShape-mesh-normals-array" count="1533">0.2410703 0.7516548 0.613922 0.1821077 0.5759878 0.7969158 0.1596429 0.8346236 0.527179 0.1439899 0.7792181 0.6099887 0 0.7201085 0.6938616 0.3817288 0.9236811 0.03311282 0.4799415 0.8481225 0.2243756 0.3223426 0.9002217 0.2927391 0.798731 0.1263431 0.588274 0.688119 0.5931637 0.4179106 -0.2027173 0.6055787 0.7695325 0.1286858 0.979719 0.1535925 0.1854658 0.6445679 0.7417108 -0.06583058 0.5254241 0.8482901 0 0.4011999 0.9159907 0.5985681 0.1575528 0.7854256 0.2519641 0.2655755 0.9305826 0.6421245 0.1781407 0.7456153 0.5296002 0.4740246 0.7034376 0.01527237 0.8711622 0.490758 0.452846 0.55945 0.6942235 0.3843289 0.7200101 0.5778208 0.8602191 0.4301185 0.2738999 0.2327412 0.9722884 -0.02206552 0.6559772 0.717992 0.232769 0.3566769 0.9150853 0.1881504 0.6958973 0.7135068 -0.08145552 0.1763065 0.9762322 -0.1260422 0.4984772 0.7637538 -0.4101228 0.6391612 0.6733732 -0.3715394 0.3804842 0.9215915 -0.07681709 0.6663759 0.7433746 -0.05777186 0.53442 -0.01193296 0.8451349 0.7803496 0.1927908 0.5948834 0.2890157 0.7975721 0.5294796 0.1040691 0.03375375 0.9939972 0.680371 -0.4546821 0.5747692 -0.5986577 0.3368235 0.7267455 0 0.08868914 0.9960594 0.2957293 -0.08386629 0.9515832 0.6488336 -0.5534124 0.5222544 0.7659186 0.4570302 0.4522081 0.9192057 0.1313238 0.3712347 0.9726963 0.2312717 -0.01937943 0.9509283 0.04922801 0.3054702 0.7825216 0.4589226 0.4207732 0.3800681 0.8579985 -0.3455242 0.7896364 0.2809279 0.545485 0.8316223 0.5486467 0.08597302 0.7226288 -0.6645531 0.1902024 0.9757998 -0.2179646 -0.01750296 0.75202 0.6514292 -0.1005297 0.9007455 0.4157029 -0.1258919 0.802195 0.4571763 -0.3840221 0.9617912 0.2480929 -0.1157909 0 -0.182628 0.9831821 0 0.741376 0.67109 0 0.8871844 0.4614152 0 0.9273762 0.3741305 0 0.9839387 0.1785067 0 0.9618263 -0.2736608 0 0.9299824 -0.3676043 0 0.8936262 -0.4488121 0 0.9082424 0.4184445 0.2015784 0.9504858 0.2365227 0.6505264 0.6718901 0.354089 0.183118 0.9052134 0.3834797 0.5914602 0.7352051 0.3311322 0.6838527 0.7204762 0.1151505 0.9177843 0.3290935 -0.2221924 0.4657858 0.8771557 -0.1167974 0.7031012 0.7047187 0.0949757 0.8886571 0.2736251 0.3679919 0.7257578 0.6663665 0.1709712 0 0.9997012 -0.02444547 0 0.9982889 -0.05847507 0.5227351 0.831133 -0.1896471 0.3323857 0.93856 -0.09287017 0.6095373 0.6094457 -0.5069915 0.5546621 0.6317849 -0.5414776 0.5227072 0.7028636 0.4824519 0.875417 0.27443 0.3979113 0.7591685 0.3575645 0.5438851 0.5773072 0.6839118 0.4460732 0.8078595 0.5475048 0.2181779 0.5420585 0.5151097 0.6639538 0.9046715 0.4173153 0.0861243 0.7618851 0.6477122 4.27271e-4 0.6856979 0.3708347 -0.6263387 0.1505799 0.7899802 -0.5943544 0.5872219 0.6914677 -0.4207649 0.4414988 0.6928597 -0.5701091 0.578767 0.5913714 -0.5615236 0 0.8460484 -0.5331063 0 0.9579748 -0.2868523 0 0.763369 -0.6459628 0 0.6902311 -0.723589 0.2622542 0.880488 -0.3949225 0.4814032 0.8267842 -0.2909966 0.5793764 0.8107119 -0.08408033 0.7447963 0.5871024 -0.317158 0.8674181 0.06796634 -0.4929164 0.9272303 0.2425559 -0.2853257 0.8711937 0.4446915 -0.2080171 0.732159 0.3675444 -0.5734584 0.8008844 0.04483264 0.5971384 0.984674 0.03109914 0.1716099 0.9733637 -0.04910457 -0.2239463 0.9102098 0.01004087 0.4140259 0.5367008 0.8218669 0.1910161 0.06544184 0.9830768 0.1711068 0.5589345 -0.5125448 0.6518359 0.5302471 -0.7022249 0.4750982 0.4980401 -0.6287001 -0.5972373 0.8522745 -0.492146 -0.1772584 0.9924343 0.06460785 0.1044041 0.8090627 -0.5532206 0.198405 0.8142515 -0.5067708 -0.2831569 0.8527382 -0.1164919 -0.5091831 0.9591109 1.83112e-4 -0.2830303 0.9928415 0.05575805 -0.1056259 0.218459 0.9749169 -0.04257476 0.7236405 0.687811 0.05710136 0.9597295 0.280103 0.02148532 0.06457823 0.9976975 0.02072238 0.9902765 -0.006683588 -0.1389524 0.6731906 0.7348087 0.08288991 0.8411653 0.5290778 0.1118827 0.8611749 -0.04916721 -0.5059254 0.9605587 -0.2077131 -0.1848848 0.6731408 -0.4835528 -0.5595161 0.8337903 -0.5432149 0.09854716 0.9220218 0.065342 0.3815841 0.7290824 0.6577581 0.1891909 0.869208 -0.1574468 -0.4687088 0.9001247 -0.4236635 0.1014143 0.7490585 -0.3675404 0.5512037 0.8636326 -0.2990882 0.4058139 0.01753735 -0.9617563 0.2733448 0.9739301 -0.2263306 -0.01532065 0.6937549 -0.7169187 0.06878948 0.7999656 -0.3951439 0.4515709 0.250171 -0.3069364 0.9182617 0.7495389 0.5370097 0.3870555 0.313696 0.4234505 0.8498733 0.6670584 -0.7450045 -0.00125128 0.5924618 -0.785829 0.1773753 0.5460584 -0.683519 0.484378 0.8236746 -0.5665223 0.02475082 0.6849517 -0.4152498 -0.5986727 0.7527868 -0.4540343 -0.4766185 0.7442134 -0.6342218 -0.2095456 0.9592136 -0.2823622 -0.01345884 0.2332001 -0.8512522 -0.4700931 0.263659 -0.9135436 -0.309713 0.7640462 -0.6411457 0.07187253 0.2439379 -0.7095348 -0.6611012 0.6265707 -0.7102918 -0.3207721 0.3767843 -0.9174239 -0.1279345 0.1757007 -0.8838748 0.4334682 0.2102139 -0.9211815 0.3274674 0.1995334 -0.9779825 -0.06112962 0.6048001 -0.7433574 0.2857213 0.6855516 -0.7277596 -0.01962381 0.4806206 -0.8574139 -0.1839713 0.5042604 -0.7710244 0.3888997 0.7982228 -0.5527895 -0.2392989 0.5639365 -0.6921787 -0.4504045 0.5376603 -0.6468282 -0.5408648 0.2131432 -0.9759607 0.04550349 0.9914845 -0.04199469 -0.1232679 0.7925521 -0.6005865 0.1056268 0.1465217 -0.9827728 0.1126456 0.6082482 -0.6719723 -0.4224777 0.8225018 -0.5619869 -0.08753001 -0.5200291 -0.8128728 -0.2623123 0.749681 -0.5585069 -0.3550333 0.2641068 -0.5998492 0.7552673 0 -0.9996967 0.02462846 0.7089341 -0.6721888 -0.2134829 0 -0.9306101 0.3660121 0.5732552 -0.7506368 -0.3285161 0 -0.9385848 -0.345049 0 -0.8101841 -0.5861756 0.6205227 -0.7702322 0.1472887 0 -0.9722984 0.2337434 0 -0.9998756 -0.01577848 0 -0.9762625 -0.2165911 0 -0.9989377 0.04608321 0.7497012 -0.6617758 -0.001037597 0 -0.9759294 -0.2180871 0 -0.9999861 0.005279779 0.7351136 0.6751741 -0.0612213 0.9924558 -0.06729495 0.1024836 0.7055431 -0.707008 0.04846447 0.9440739 -0.08737581 -0.3179467 0.9864065 -0.1238158 -0.1080374 0.6334537 0.6877776 -0.3545399 0.825152 0.5638758 -0.03418165 0.7500681 0.6611659 0.01605302 0 0.9592095 0.2826967 0 0.9991932 0.04016304 0 0.9544175 -0.2984749 0 0.9987082 0.05081433 0.6660538 0.6850368 0.2951219 0.5844343 0.7146884 0.3842617 0.506375 0.5614927 0.6544543 0.6917497 0.7181794 0.07550466 0.6627644 0.6662132 -0.3419115 0.6973983 0.6739899 -0.2436667 0.7119888 0.6970648 -0.08469152 0 -0.4767039 0.879064 0.09897226 -0.640741 0.7613511 0.1315688 -0.2085996 0.9691109 -0.6837124 -0.6220067 0.3816346 0.5799534 -0.1920258 0.7916945 0.3915762 -0.9124838 0.1184967 0.8243415 -0.2122532 0.5247951 0.7957077 -0.1272057 0.5921723 0.9078236 -0.03100746 0.4182043 0.7793808 0.4656882 0.4191661 0.7097044 -0.5206656 0.4745809 0.9300742 -0.2414988 0.2768401 0.3769863 -0.8952992 0.2373198 0.7380943 0.6170985 0.2727752 0.9716572 -0.1772531 -0.1564087 0.7710009 -0.6157814 -0.1623914 0.3192908 -0.4503608 0.8338037 0.2797687 -0.7705772 0.5726607 0.2825769 -0.832929 0.4757938 0.2327663 -0.9377185 0.2578833 0.4961562 -0.81359 0.3031506 0.5918883 -0.638369 0.4920907 0.3135532 -0.9121546 0.2639291 0.1521067 -0.9844209 -0.08819991 0.204725 -0.9674693 0.1486301 -0.3904756 -0.8231496 0.4122542 0.5625296 -0.82649 -0.02179068 -0.2097304 -0.9296362 -0.302968 0.9927307 0.01568686 0.1193303 0.9480516 0.01892197 -0.3175534 0.9362724 0.01217716 0.351064 0.9546334 -0.05102771 -0.2933788 0.8599663 0.06137382 0.5066471 0.8879884 0.00125128 0.4598642 0.7478432 -0.0578339 0.6613517 0.6507593 -0.6960496 -0.3033601 0.728145 -0.6757444 0.1147807 0.633467 -0.7137033 -0.29891 0.6964445 -0.6052231 0.3855776 0.6216451 -0.4785102 0.6201497 0.3947625 0.913493 0.09845405 0.3524532 0.8546186 0.3813187 0.9982181 -0.05749791 0.01596146 0.7220197 0.6617446 -0.2019445 0.3657698 0.9268914 -0.08417129 0 0.9480774 -0.3180401 0.3937645 0.7614042 -0.5149886 0.9689932 -0.07452851 -0.2355797 0.5505964 0.6695601 -0.4985306 0.7869983 -0.6133441 -0.0666539 0 -0.9437223 -0.3307392 0.7591897 -0.5429934 -0.3588724 0.6729974 -0.4729458 -0.5686799 0.5572838 -0.8043687 -0.2059752 0.797317 0.2988451 -0.5243828 0 0.02060002 -0.9997878 0 0.7992523 -0.6009957 0 0.7486994 -0.6629097 0.4001066 -0.7160108 -0.5720518 0 -0.8408958 -0.5411971 0 -0.9999825 -0.005920648 0.4535203 -0.8911705 -0.01159739 0 -0.944714 0.3278955 0 -0.9949556 0.1003165 0 -0.9474216 -0.3199883 0 -0.8267971 0.5625004 0 -0.6402055 0.7682038 -0.2410703 0.7516548 0.613922 -0.1596429 0.8346236 0.527179 -0.1821077 0.5759878 0.7969158 -0.1439899 0.7792181 0.6099887 -0.3817288 0.9236811 0.03311282 -0.4799415 0.8481225 0.2243756 -0.3223426 0.9002217 0.2927391 -0.798731 0.1263431 0.588274 -0.6881191 0.5931636 0.4179105 0.2027173 0.6055787 0.7695325 -0.1286858 0.979719 0.1535925 -0.1854658 0.6445679 0.7417108 0.06583058 0.5254241 0.8482901 -0.5985683 0.1575525 0.7854256 -0.2519641 0.2655755 0.9305826 -0.5296002 0.4740246 0.7034376 -0.6421245 0.1781407 0.7456153 -0.01527237 0.8711619 0.4907582 -0.452846 0.55945 0.6942235 -0.3843289 0.7200101 0.5778208 -0.8602191 0.4301187 0.2738999 -0.2327412 0.9722884 -0.02206552 -0.6559772 0.717992 0.232769 -0.3567036 0.9150754 0.1881483 -0.6958973 0.7135068 -0.08145552 -0.4984772 0.7637538 -0.4101228 -0.1763065 0.9762322 -0.1260422 -0.6391612 0.6733732 -0.3715394 -0.3804842 0.9215915 -0.07681709 -0.6663759 0.7433746 -0.05777186 -0.7803496 0.1927908 0.5948834 -0.53442 -0.01193296 0.8451349 -0.2890157 0.7975722 0.5294797 -0.1040691 0.03375375 0.9939972 -0.6803711 -0.4546819 0.5747691 0.5986577 0.3368235 0.7267454 -0.2957293 -0.08386629 0.9515832 -0.6488336 -0.5534126 0.5222544 -0.7659186 0.4570302 0.4522081 -0.9192057 0.1313238 0.3712347 -0.9726963 0.2312717 -0.01937943 -0.9509283 0.04922801 0.3054702 -0.7825216 0.4589226 0.4207732 -0.380074 0.8579955 -0.345525 -0.7896434 0.2809208 0.5454787 -0.8316223 0.5486467 0.08597302 -0.7226384 -0.6645435 0.1901997 -0.9758055 -0.2179417 -0.01747316 -0.75202 0.6514292 -0.1005297 -0.9007455 0.4157029 -0.1258919 -0.9617912 0.2480929 -0.1157909 -0.802173 0.4572117 -0.3840261 -0.6505264 0.6718901 0.354089 -0.2015784 0.9504858 0.2365227 -0.9177843 0.3290936 -0.2221924 -0.183118 0.9052134 0.3834797 -0.4657858 0.8771557 -0.1167974 -0.7031012 0.7047187 0.0949757 -0.8886569 0.2736251 0.3679923 -0.5914602 0.7352051 0.3311322 -0.6838527 0.7204762 0.1151505 -0.5227072 0.7028636 0.4824519 -0.3323857 0.93856 -0.09287017 -0.5227351 0.831133 -0.1896471 -0.6095373 0.6094457 -0.5069915 -0.5546621 0.6317849 -0.5414776 -0.7257578 0.6663665 0.1709712 -0.5787466 0.5913819 -0.5615335 -0.4414988 0.6928597 -0.5701091 -0.1505799 0.7899802 -0.5943544 -0.5872219 0.6914682 -0.420764 -0.6856979 0.3708347 -0.6263387 -0.7618851 0.6477122 4.27271e-4 -0.7591685 0.3575645 0.5438851 -0.9046715 0.4173153 0.0861243 -0.875417 0.27443 0.3979113 -0.5773072 0.6839118 0.4460732 -0.8078595 0.5475048 0.2181779 -0.5420585 0.5151097 0.6639538 -0.8674163 0.06799674 -0.4929154 -0.9272302 0.2425566 -0.2853252 -0.8711937 0.4446915 -0.2080171 -0.732159 0.3675444 -0.5734584 -0.7447963 0.5871024 -0.317158 -0.2622542 0.880488 -0.3949225 -0.4814032 0.8267842 -0.2909966 -0.5793764 0.8107119 -0.08408033 -0.7500681 0.6611659 0.01605302 -0.218459 0.9749169 -0.04257476 -0.9928415 0.05575805 -0.1056259 -0.7236405 0.687811 0.05710136 -0.9597295 0.280103 0.02148532 -0.9591109 1.83112e-4 -0.2830303 -0.8527382 -0.1164919 -0.5091831 -0.9733637 -0.04910457 -0.2239463 -0.8008699 0.04483181 0.597158 -0.9846689 0.03109896 0.1716395 -0.9102266 0.0100407 0.4139891 -0.536679 0.8218804 0.1910192 -0.06544435 0.9830765 0.1711071 -0.5589345 -0.5125448 0.6518359 -0.5302471 -0.7022249 0.4750982 -0.4980311 -0.6287009 -0.5972439 -0.8522739 -0.4921472 -0.1772583 -0.9924255 0.0646398 0.1044674 -0.8090578 -0.5532173 0.1984343 -0.8142515 -0.5067708 -0.2831569 -0.6731408 -0.4835528 -0.5595161 -0.8611749 -0.04916721 -0.5059254 -0.9605587 -0.2077131 -0.1848848 -0.8337903 -0.5432149 0.09854716 -0.9220218 0.065342 0.3815841 -0.7290824 0.6577581 0.1891909 -0.8411653 0.5290778 0.1118827 -0.9902765 -0.006683588 -0.1389524 -0.6731889 0.7348068 0.08292019 -0.06457823 0.9976975 0.02072238 -0.6334537 0.6877776 -0.3545399 -0.825152 0.5638758 -0.03418165 -0.7351136 0.6751741 -0.0612213 -0.9924558 -0.06729495 0.1024836 -0.7055431 -0.707008 0.04846447 -0.9864065 -0.1238158 -0.1080374 -0.9440739 -0.08737581 -0.3179467 -0.7442134 -0.6342218 -0.2095456 -0.9592136 -0.2823622 -0.01345884 -0.6849517 -0.4152498 -0.5986727 -0.869208 -0.1574468 -0.4687088 -0.9001247 -0.4236635 0.1014143 -0.7490585 -0.3675404 0.5512037 -0.8636326 -0.2990882 0.4058139 -0.5460584 -0.683519 0.484378 -0.5924618 -0.785829 0.1773753 -0.8236746 -0.5665223 0.02475082 -0.7527868 -0.4540343 -0.4766185 -0.2439379 -0.7095348 -0.6611012 -0.2332001 -0.8512522 -0.4700931 -0.263659 -0.9135436 -0.309713 -0.7640462 -0.6411457 0.07187253 -0.9914845 -0.04199469 -0.1232679 -0.2131432 -0.9759607 0.04550349 -0.7925521 -0.6005865 0.1056268 -0.1465217 -0.9827728 0.1126456 -0.5376603 -0.6468282 -0.5408648 -0.7982228 -0.5527895 -0.2392989 -0.5639365 -0.6921787 -0.4504045 -0.4806206 -0.8574139 -0.1839713 -0.3767843 -0.9174239 -0.1279345 -0.626571 -0.7102918 -0.3207717 -0.1757007 -0.8838748 0.4334682 -0.2102139 -0.9211815 0.3274674 -0.6670584 -0.7450045 -0.00125128 -0.9739301 -0.2263306 -0.01532065 -0.1995334 -0.9779825 -0.06112962 -0.6048001 -0.7433574 0.2857213 -0.6855516 -0.7277596 -0.01962381 -0.5042604 -0.7710244 0.3888997 -0.6205228 -0.7702322 0.1472887 -0.749681 -0.5585069 -0.3550333 -0.2641068 -0.5998492 0.7552673 -0.7089341 -0.6721888 -0.2134829 -0.5732552 -0.7506368 -0.3285161 -0.7497012 -0.6617758 -0.001037597 -0.01753693 -0.9617564 0.2733446 -0.6937549 -0.7169187 0.06878948 -0.2501683 -0.3069222 0.9182673 -0.7999217 -0.3951064 0.4516816 -0.3137055 0.4234545 0.8498679 -0.749488 0.537009 0.3871552 -0.6082482 -0.6719723 -0.4224777 0.5200291 -0.8128728 -0.2623123 -0.8225018 -0.5619869 -0.08753001 -0.6660538 0.6850368 0.2951219 -0.6917497 0.7181794 0.07550466 -0.6627644 0.6662132 -0.3419115 -0.6973983 0.6739899 -0.2436667 -0.5844343 0.7146884 0.3842617 -0.7119888 0.6970648 -0.08469152 -0.506375 0.5614927 0.6544543 -0.5799534 -0.1920258 0.7916945 -0.1315688 -0.2085996 0.9691109 -0.09897226 -0.640741 0.7613511 -0.8243414 -0.2122532 0.5247952 -0.7957077 -0.1272057 0.5921723 -0.9078236 -0.03100746 0.4182043 0.6837127 -0.6220065 0.3816344 -0.3915762 -0.9124838 0.1184968 -0.3192907 -0.4503607 0.8338038 -0.2797687 -0.7705772 0.5726607 -0.2327663 -0.9377185 0.2578833 -0.2825769 -0.832929 0.4757938 -0.4961562 -0.81359 0.3031506 -0.5918883 -0.638369 0.4920907 -0.3135532 -0.9121546 0.2639291 -0.1521067 -0.9844209 -0.08819991 -0.204725 -0.9674693 0.1486301 0.3904756 -0.8231498 0.4122542 -0.5625296 -0.82649 -0.02179068 0.2097305 -0.9296362 -0.302968 -0.7097044 -0.5206656 0.4745809 -0.9300663 -0.2414968 0.2768683 -0.3769908 -0.8952971 0.2373207 -0.7793808 0.4656882 0.4191662 -0.7381031 0.6170847 0.2727828 -0.7710047 -0.6157844 -0.1623618 -0.9716572 -0.1772531 -0.1564087 -0.9480516 0.01892197 -0.3175534 -0.9927307 0.01568686 0.1193303 -0.9362724 0.01217716 0.351064 -0.9546223 -0.05102872 -0.2934153 -0.8880009 0.00125128 0.4598401 -0.7478582 -0.0578351 0.6613345 -0.859953 0.06137287 0.5066697 -0.6507593 -0.6960496 -0.3033601 -0.728145 -0.6757444 0.1147807 -0.633467 -0.7137033 -0.29891 -0.6964445 -0.6052231 0.3855776 -0.6216451 -0.4785102 0.6201497 -0.3947625 0.913493 0.09845405 -0.3524531 0.8546183 0.3813195 -0.9982181 -0.05749791 0.01596146 -0.7220197 0.6617446 -0.2019445 -0.3657698 0.9268914 -0.08417129 -0.3937645 0.7614042 -0.5149886 -0.5505964 0.6695601 -0.4985306 -0.9689932 -0.07452851 -0.2355797 -0.7869983 -0.6133441 -0.0666539 -0.7591897 -0.5429934 -0.3588724 -0.6729974 -0.4729456 -0.56868 -0.5572838 -0.8043687 -0.2059752 -0.797317 0.2988451 -0.5243828 -0.4001066 -0.7160108 -0.5720518 -0.4535203 -0.8911705 -0.01159739</float_array>
          <technique_common>
            <accessor source="#missileShape-mesh-normals-array" count="511" stride="3">
              <param name="X" type="float"/>
              <param name="Y" type="float"/>
              <param name="Z" type="float"/>
            </accessor>
          </technique_common>
        </source>
        <source id="missileShape-mesh-map-0">
          <float_array id="missileShape-mesh-map-0-array" count="5124">0.09631347 0.6848145 0.08093261 0.6477051 0.1278076 0.6657715 0.1278076 0.6657715 0.08093261 0.6477051 0.10083 0.6125488 0.08093261 0.6477051 0.04742425 0.5800781 0.10083 0.6125488 0.09631347 0.6848145 0.1278076 0.6657715 0.1281738 0.7143555 0.1781005 0.7285156 0.1278076 0.6657715 0.1900634 0.6401367 0.1278076 0.6657715 0.10083 0.6125488 0.1900634 0.6401367 0.1281738 0.7143555 0.1278076 0.6657715 0.1781005 0.7285156 0.06750488 0.5717774 0.0974121 0.5559082 0.10083 0.6125488 0.0974121 0.5559082 0.1231079 0.5913086 0.10083 0.6125488 0.1231079 0.5913086 0.1900634 0.6401367 0.10083 0.6125488 0.10083 0.6125488 0.04742425 0.5800781 0.06750488 0.5717774 0.04742425 0.5800781 0.05206292 0.5427246 0.06750488 0.5717774 0.03787231 0.5458984 0.05206292 0.5427246 0.04742425 0.5800781 0.05206292 0.5427246 0.0974121 0.5559082 0.06750488 0.5717774 0.05950921 0.5239258 0.08697509 0.5202637 0.0974121 0.5559082 0.05206292 0.5427246 0.05950921 0.5239258 0.0974121 0.5559082 0.1345214 0.5661621 0.1231079 0.5913086 0.0974121 0.5559082 0.1345214 0.5661621 0.0974121 0.5559082 0.08697509 0.5202637 0.1345214 0.5661621 0.1900634 0.6401367 0.1231079 0.5913086 0.1900634 0.6401367 0.2570801 0.7387695 0.1781005 0.7285156 0.1612548 0.7651367 0.1281738 0.7143555 0.1781005 0.7285156 0.1781005 0.7285156 0.2570801 0.7387695 0.1995849 0.7684326 0.1612548 0.7651367 0.1781005 0.7285156 0.1849365 0.802002 0.1849365 0.802002 0.1781005 0.7285156 0.1995849 0.7684326 0.2570801 0.7387695 0.3205567 0.8530274 0.2604981 0.8253174 0.2604981 0.8253174 0.1995849 0.7684326 0.2570801 0.7387695 0.2604981 0.8253174 0.1849365 0.802002 0.1995849 0.7684326 0.2401123 0.8546143 0.1849365 0.802002 0.2604981 0.8253174 0.3205567 0.8530274 0.2998047 0.8790894 0.2604981 0.8253174 0.2998047 0.8790894 0.2401123 0.8546143 0.2604981 0.8253174 0.28125 0.8912964 0.2401123 0.8546143 0.2998047 0.8790894 0.08697509 0.5202637 0.08093261 0.4780274 0.1657714 0.5024414 0.08697509 0.5202637 0.1657714 0.5024414 0.2332763 0.5471192 0.08697509 0.5202637 0.03176873 0.4970703 0.08093261 0.4780274 0.05950921 0.5239258 0.03176873 0.4970703 0.08697509 0.5202637 0.05206292 0.5427246 0.03176873 0.4970703 0.05950921 0.5239258 0.03787231 0.5458984 0.03176873 0.4970703 0.05206292 0.5427246 0.02705383 0.4985352 0.03176873 0.4970703 0.03787231 0.5458984 0.08093261 0.4780274 0.03176873 0.4970703 0.0364685 0.46875 0.02705383 0.4985352 0.0364685 0.46875 0.03176873 0.4970703 0.1940917 0.4726563 0.1657714 0.5024414 0.08093261 0.4780274 0.1940917 0.4726563 0.2332763 0.5471192 0.1657714 0.5024414 0.3669434 0.5490723 0.2332763 0.5471192 0.2900391 0.5 0.2332763 0.5471192 0.241333 0.4829102 0.2900391 0.5 0.1940917 0.4726563 0.241333 0.4829102 0.2332763 0.5471192 0.4924317 0.5231934 0.3669434 0.5490723 0.4003906 0.5007324 0.3669434 0.5490723 0.3679199 0.4682617 0.4003906 0.5007324 0.3679199 0.4682617 0.3669434 0.5490723 0.2900391 0.5 0.3679199 0.4682617 0.2900391 0.5 0.241333 0.4829102 0.3679199 0.4682617 0.4167481 0.4580078 0.4003906 0.5007324 0.4868164 0.4785156 0.4003906 0.5007324 0.4167481 0.4580078 0.4924317 0.5231934 0.4003906 0.5007324 0.4868164 0.4785156 0.01864624 0.4643555 0.0364685 0.46875 0.02705383 0.4985352 0.4987793 0.8083496 0.574707 0.8319092 0.590332 0.8789673 0.574707 0.8319092 0.5966797 0.8560791 0.590332 0.8789673 0.5966797 0.8560791 0.6157227 0.8904419 0.590332 0.8789673 0.6318359 0.8546143 0.6157227 0.8904419 0.5966797 0.8560791 0.6318359 0.8546143 0.690918 0.9065552 0.6157227 0.8904419 0.6948242 0.8588867 0.690918 0.9065552 0.6318359 0.8546143 0.690918 0.9065552 0.7363281 0.8670654 0.7265625 0.9208374 0.6948242 0.8588867 0.7363281 0.8670654 0.690918 0.9065552 0.7363281 0.8670654 0.8286133 0.8625488 0.7524414 0.9141846 0.8022461 0.8319092 0.8286133 0.8625488 0.7363281 0.8670654 0.7265625 0.9208374 0.7363281 0.8670654 0.7524414 0.9141846 0.8022461 0.8319092 0.855957 0.8572998 0.8286133 0.8625488 0.8466797 0.8015137 0.855957 0.8572998 0.8022461 0.8319092 0.8466797 0.8015137 0.8671875 0.8492432 0.855957 0.8572998 0.9584961 0.09960937 0.9477539 0.1225585 0.9267578 0.08300781 0.9477539 0.1225585 0.9584961 0.09960937 0.9643555 0.1313475 0.9584961 0.09960937 0.9267578 0.08300781 0.9609375 0.078125 0.9267578 0.08300781 0.9477539 0.1225585 0.9135742 0.1264648 0.9477539 0.1225585 0.9223633 0.1655273 0.9135742 0.1264648 0.9477539 0.1225585 0.9365234 0.1660156 0.9223633 0.1655273 0.9643555 0.1313475 0.9365234 0.1660156 0.9477539 0.1225585 0.9023438 0.06103509 0.9213867 0.04931634 0.9267578 0.08300781 0.9267578 0.08300781 0.9135742 0.1264648 0.8291016 0.09570312 0.9267578 0.08300781 0.8291016 0.09570312 0.9023438 0.06103509 0.9609375 0.078125 0.9267578 0.08300781 0.9213867 0.04931634 0.9213867 0.04931634 0.9345703 0.03076165 0.9609375 0.078125 0.9213867 0.04931634 0.8955078 0.03613281 0.9140625 0.02734375 0.9023438 0.06103509 0.8955078 0.03613281 0.9213867 0.04931634 0.9140625 0.02734375 0.9345703 0.03076165 0.9213867 0.04931634 0.815918 0.0649414 0.8955078 0.03613281 0.9023438 0.06103509 0.9023438 0.06103509 0.8291016 0.09570312 0.815918 0.0649414 0.8291016 0.09570312 0.9135742 0.1264648 0.8393555 0.1313475 0.8291016 0.09570312 0.7963867 0.0859375 0.815918 0.0649414 0.7802734 0.1254882 0.7963867 0.0859375 0.8291016 0.09570312 0.8393555 0.1313475 0.7802734 0.1254882 0.8291016 0.09570312 0.9135742 0.1264648 0.9223633 0.1655273 0.8950195 0.1660156 0.9135742 0.1264648 0.8950195 0.1660156 0.8393555 0.1313475 0.9223633 0.1655273 0.9365234 0.1660156 0.9404297 0.2055664 0.9223633 0.1655273 0.9179688 0.2011718 0.8950195 0.1660156 0.9404297 0.2055664 0.9179688 0.2011718 0.9223633 0.1655273 0.9404297 0.2055664 0.9365234 0.1660156 0.9672852 0.2036132 0.9404297 0.2055664 0.9487305 0.2441406 0.9179688 0.2011718 0.9672852 0.2036132 0.9487305 0.2441406 0.9404297 0.2055664 0.890625 0.2651367 0.9179688 0.2011718 0.9277344 0.2617188 0.8671875 0.2026367 0.9179688 0.2011718 0.890625 0.2651367 0.8671875 0.2026367 0.8950195 0.1660156 0.9179688 0.2011718 0.9179688 0.2011718 0.9487305 0.2441406 0.9277344 0.2617188 0.8393555 0.1313475 0.8950195 0.1660156 0.8496094 0.1669921 0.8496094 0.1669921 0.8950195 0.1660156 0.8671875 0.2026367 0.8393555 0.1313475 0.7929688 0.1816406 0.7802734 0.15625 0.8496094 0.1669921 0.7929688 0.1816406 0.8393555 0.1313475 0.7802734 0.15625 0.7802734 0.1254882 0.8393555 0.1313475 0.7802734 0.1254882 0.7802734 0.15625 0.7231445 0.1259765 0.7231445 0.1259765 0.7573242 0.09326171 0.7802734 0.1254882 0.7802734 0.1254882 0.7573242 0.09326171 0.7963867 0.0859375 0.7963867 0.0859375 0.7739258 0.04443359 0.815918 0.0649414 0.7963867 0.0859375 0.7573242 0.09326171 0.7739258 0.04443359 0.8051758 0.02929687 0.8955078 0.03613281 0.815918 0.0649414 0.815918 0.0649414 0.7739258 0.04443359 0.8051758 0.02929687 0.7739258 0.04443359 0.7573242 0.09326171 0.753418 0.04980462 0.7573242 0.09326171 0.7211914 0.07373046 0.753418 0.04980462 0.7231445 0.1259765 0.7211914 0.07373046 0.7573242 0.09326171 0.7231445 0.1259765 0.7802734 0.15625 0.7163086 0.17041 0.7231445 0.1259765 0.7163086 0.17041 0.7001953 0.1435546 0.7231445 0.1259765 0.7001953 0.1435546 0.6938477 0.1113281 0.7231445 0.1259765 0.6938477 0.1113281 0.7211914 0.07373046 0.7802734 0.15625 0.71875 0.1909179 0.7163086 0.17041 0.7929688 0.1816406 0.71875 0.1909179 0.7802734 0.15625 0.7929688 0.1816406 0.8671875 0.2026367 0.7856445 0.2231445 0.8496094 0.1669921 0.8671875 0.2026367 0.7929688 0.1816406 0.7856445 0.2231445 0.71875 0.1909179 0.7929688 0.1816406 0.8671875 0.2026367 0.890625 0.2651367 0.8652344 0.2734375 0.8305664 0.2832031 0.8671875 0.2026367 0.8652344 0.2734375 0.7856445 0.2231445 0.8671875 0.2026367 0.8305664 0.2832031 0.9169922 0.2958984 0.890625 0.2651367 0.9277344 0.2617188 0.8920899 0.2963867 0.890625 0.2651367 0.9169922 0.2958984 0.8730469 0.296875 0.890625 0.2651367 0.8920899 0.2963867 0.8652344 0.2734375 0.890625 0.2651367 0.8730469 0.296875 0.9365234 0.2973633 0.9277344 0.2617188 0.9487305 0.2441406 0.9169922 0.2958984 0.9277344 0.2617188 0.9365234 0.2973633 0.9365234 0.2973633 0.9487305 0.2441406 0.9560547 0.2661133 0.9726563 0.2456054 0.9560547 0.2661133 0.9487305 0.2441406 0.9726563 0.2456054 0.9487305 0.2441406 0.9672852 0.2036132 0.9277344 0.331543 0.9365234 0.2973633 0.949707 0.3452149 0.9169922 0.2958984 0.9365234 0.2973633 0.9277344 0.331543 0.9560547 0.3212891 0.949707 0.3452149 0.9365234 0.2973633 0.9365234 0.2973633 0.9506836 0.2958984 0.9560547 0.3212891 0.9365234 0.2973633 0.9560547 0.2661133 0.9506836 0.2958984 0.9169922 0.2958984 0.8930664 0.331543 0.8920899 0.2963867 0.9277344 0.331543 0.8930664 0.331543 0.9169922 0.2958984 0.8930664 0.331543 0.8730469 0.296875 0.8920899 0.2963867 0.8613281 0.3232422 0.8730469 0.296875 0.8930664 0.331543 0.8613281 0.3232422 0.8413086 0.2963867 0.8730469 0.296875 0.8413086 0.2963867 0.8652344 0.2734375 0.8730469 0.296875 0.8305664 0.2832031 0.8652344 0.2734375 0.8413086 0.2963867 0.8305664 0.2832031 0.8413086 0.2963867 0.746582 0.2915039 0.746582 0.2915039 0.7856445 0.2231445 0.8305664 0.2832031 0.7211914 0.2133789 0.71875 0.1909179 0.7856445 0.2231445 0.7211914 0.2133789 0.7856445 0.2231445 0.746582 0.2915039 0.6850586 0.1679687 0.71875 0.1909179 0.6816406 0.196289 0.7163086 0.17041 0.71875 0.1909179 0.6850586 0.1679687 0.6948242 0.2211914 0.71875 0.1909179 0.7211914 0.2133789 0.6816406 0.196289 0.71875 0.1909179 0.6948242 0.2211914 0.6850586 0.1679687 0.7001953 0.1435546 0.7163086 0.17041 0.6850586 0.1679687 0.6816406 0.196289 0.6323242 0.1601562 0.6816406 0.196289 0.6196289 0.2368164 0.6225586 0.1977539 0.6948242 0.2211914 0.6196289 0.2368164 0.6816406 0.196289 0.6323242 0.1601562 0.6816406 0.196289 0.6225586 0.1977539 0.715332 0.2524414 0.6948242 0.2211914 0.7211914 0.2133789 0.746582 0.2915039 0.715332 0.2524414 0.7211914 0.2133789 0.746582 0.2915039 0.7910156 0.3647461 0.7290039 0.3554688 0.8271484 0.3134766 0.7910156 0.3647461 0.746582 0.2915039 0.7290039 0.3554688 0.7216797 0.3222656 0.746582 0.2915039 0.7177734 0.2905274 0.746582 0.2915039 0.7216797 0.3222656 0.7138672 0.2666016 0.746582 0.2915039 0.7177734 0.2905274 0.715332 0.2524414 0.746582 0.2915039 0.7138672 0.2666016 0.746582 0.2915039 0.8413086 0.2963867 0.8271484 0.3134766 0.8271484 0.3134766 0.8413086 0.2963867 0.8613281 0.3232422 0.8613281 0.3232422 0.8413086 0.3837891 0.8271484 0.3134766 0.8613281 0.3232422 0.871582 0.3911133 0.8413086 0.3837891 0.8930664 0.331543 0.871582 0.3911133 0.8613281 0.3232422 0.9223633 0.3925781 0.8930664 0.331543 0.9277344 0.331543 0.871582 0.3911133 0.8930664 0.331543 0.9223633 0.3925781 0.949707 0.3452149 0.9223633 0.3925781 0.9277344 0.331543 0.9438477 0.3852539 0.9223633 0.3925781 0.949707 0.3452149 0.949707 0.3452149 0.9560547 0.3212891 0.9750977 0.3408203 0.949707 0.3452149 0.9707031 0.3833008 0.9438477 0.3852539 0.9750977 0.3408203 0.9707031 0.3833008 0.949707 0.3452149 0.9560547 0.3212891 0.9506836 0.2958984 0.9609375 0.2954102 0.9750977 0.3408203 0.9560547 0.3212891 0.9609375 0.2954102 0.9506836 0.2958984 0.9560547 0.2661133 0.9609375 0.2954102 0.9726563 0.2456054 0.9609375 0.2954102 0.9560547 0.2661133 0.9467774 0.4331055 0.9438477 0.3852539 0.9707031 0.3833008 0.9257813 0.4331055 0.9223633 0.3925781 0.9438477 0.3852539 0.9257813 0.4331055 0.9438477 0.3852539 0.9467774 0.4331055 0.8950195 0.4282227 0.871582 0.3911133 0.9223633 0.3925781 0.8950195 0.4282227 0.9223633 0.3925781 0.9257813 0.4331055 0.8486328 0.4243164 0.871582 0.3911133 0.8950195 0.4282227 0.871582 0.3911133 0.8486328 0.4243164 0.8413086 0.3837891 0.7910156 0.4057617 0.8413086 0.3837891 0.8227539 0.4155274 0.7910156 0.3647461 0.8413086 0.3837891 0.7910156 0.4057617 0.8271484 0.3134766 0.8413086 0.3837891 0.7910156 0.3647461 0.8413086 0.3837891 0.8486328 0.4243164 0.8227539 0.4155274 0.7910156 0.3647461 0.7182617 0.3901367 0.7290039 0.3554688 0.7910156 0.4057617 0.7182617 0.3901367 0.7910156 0.3647461 0.7182617 0.3901367 0.7006836 0.359375 0.7290039 0.3554688 0.7182617 0.3901367 0.765625 0.4287109 0.7138672 0.409668 0.7910156 0.4057617 0.765625 0.4287109 0.7182617 0.3901367 0.7182617 0.3901367 0.7138672 0.409668 0.6860352 0.3857422 0.6860352 0.3857422 0.7006836 0.359375 0.7182617 0.3901367 0.7910156 0.4057617 0.7954102 0.4467774 0.765625 0.4287109 0.8227539 0.4155274 0.7954102 0.4467774 0.7910156 0.4057617 0.8393555 0.4526367 0.8227539 0.4155274 0.8486328 0.4243164 0.7954102 0.4467774 0.8227539 0.4155274 0.8393555 0.4526367 0.8486328 0.4243164 0.8950195 0.4282227 0.8393555 0.4526367 0.8393555 0.4526367 0.8950195 0.4282227 0.9023438 0.4702149 0.9257813 0.4331055 0.9023438 0.4702149 0.8950195 0.4282227 0.9257813 0.4331055 0.9467774 0.4331055 0.9350586 0.480957 0.9350586 0.480957 0.9023438 0.4702149 0.9257813 0.4331055 0.9350586 0.480957 0.9467774 0.4331055 0.9609375 0.4824219 0.9350586 0.480957 0.918457 0.5183106 0.9023438 0.4702149 0.940918 0.5246582 0.9350586 0.480957 0.9609375 0.4824219 0.918457 0.5183106 0.9350586 0.480957 0.940918 0.5246582 0.9023438 0.4702149 0.8203125 0.4970703 0.8393555 0.4526367 0.8876953 0.513916 0.8203125 0.4970703 0.9023438 0.4702149 0.9023438 0.4702149 0.918457 0.5183106 0.8876953 0.513916 0.8203125 0.4970703 0.7954102 0.4467774 0.8393555 0.4526367 0.7954102 0.4467774 0.7529297 0.4692383 0.765625 0.4287109 0.7773438 0.4819336 0.7529297 0.4692383 0.7954102 0.4467774 0.7773438 0.4819336 0.7954102 0.4467774 0.8203125 0.4970703 0.765625 0.4287109 0.7133789 0.4575195 0.7138672 0.409668 0.7529297 0.4692383 0.7133789 0.4575195 0.765625 0.4287109 0.6860352 0.3857422 0.7138672 0.409668 0.6850586 0.4150391 0.6860352 0.3857422 0.6474609 0.3461914 0.7006836 0.359375 0.6230469 0.3813477 0.6474609 0.3461914 0.6860352 0.3857422 0.6328125 0.4155274 0.6860352 0.3857422 0.6850586 0.4150391 0.6230469 0.3813477 0.6860352 0.3857422 0.6328125 0.4155274 0.6474609 0.3461914 0.6230469 0.3813477 0.6079102 0.3803711 0.5732422 0.3276367 0.6474609 0.3461914 0.6079102 0.3803711 0.6079102 0.3803711 0.6230469 0.3813477 0.6328125 0.4155274 0.5571289 0.4174805 0.6079102 0.3803711 0.6328125 0.4155274 0.7402344 0.4838867 0.7133789 0.4575195 0.7529297 0.4692383 0.7133789 0.4575195 0.6962891 0.505127 0.6845703 0.5031738 0.7402344 0.4838867 0.6962891 0.505127 0.7133789 0.4575195 0.6831055 0.4658203 0.7133789 0.4575195 0.6845703 0.5031738 0.6943359 0.4477539 0.7133789 0.4575195 0.6831055 0.4658203 0.7529297 0.4692383 0.7773438 0.4819336 0.7402344 0.4838867 0.7817383 0.5566406 0.7773438 0.4819336 0.8203125 0.4970703 0.7529297 0.5417481 0.7773438 0.4819336 0.7817383 0.5566406 0.7402344 0.4838867 0.7773438 0.4819336 0.7529297 0.5417481 0.8203125 0.4970703 0.8681641 0.5588379 0.7817383 0.5566406 0.8876953 0.513916 0.8681641 0.5588379 0.8203125 0.4970703 0.8945313 0.5690918 0.8876953 0.513916 0.918457 0.5183106 0.8681641 0.5588379 0.8876953 0.513916 0.8945313 0.5690918 0.918457 0.5183106 0.940918 0.5246582 0.8945313 0.5690918 0.8945313 0.5690918 0.940918 0.5246582 0.9287109 0.5881348 0.7402344 0.4838867 0.7529297 0.5417481 0.6962891 0.505127 0.6503906 0.5014649 0.6831055 0.4658203 0.6845703 0.5031738 0.6508789 0.4628906 0.6831055 0.4658203 0.6503906 0.5014649 0.637207 0.4956055 0.6508789 0.4628906 0.6503906 0.5014649 0.6508789 0.4628906 0.637207 0.4956055 0.565918 0.440918 0.7138672 0.2666016 0.7177734 0.2905274 0.6782227 0.2685547 0.6782227 0.2685547 0.7177734 0.2905274 0.6835938 0.293457 0.7177734 0.2905274 0.6811524 0.3305664 0.6835938 0.293457 0.7216797 0.3222656 0.6811524 0.3305664 0.7177734 0.2905274 0.6782227 0.2685547 0.6674805 0.2944336 0.5771484 0.2788086 0.6674805 0.2944336 0.6782227 0.2685547 0.6835938 0.293457 0.6674805 0.2944336 0.6835938 0.293457 0.6811524 0.3305664 0.6674805 0.2944336 0.6811524 0.3305664 0.581543 0.3227539 0.6323242 0.1601562 0.6225586 0.1977539 0.6069336 0.1992187 0.6069336 0.1992187 0.6225586 0.1977539 0.6196289 0.2368164 0.5532227 0.1655273 0.6323242 0.1601562 0.6069336 0.1992187 0.6196289 0.2368164 0.5585938 0.2407225 0.6069336 0.1992187 0.6699219 0.09863281 0.7080078 0.0703125 0.6938477 0.1113281 0.7211914 0.07373046 0.6938477 0.1113281 0.7080078 0.0703125 0.6743164 0.06201165 0.7080078 0.0703125 0.6699219 0.09863281 0.6601563 0.06396484 0.6699219 0.09863281 0.5673828 0.09765625 0.6699219 0.09863281 0.6601563 0.06396484 0.6743164 0.06201165 0.05014038 0.2910156 0.08435058 0.2021484 0.08435058 0.2822266 0.08435058 0.2822266 0.1259765 0.2861328 0.08349609 0.3125 0.08349609 0.3125 0.05014038 0.2910156 0.08435058 0.2822266 0.08435058 0.2822266 0.08435058 0.2021484 0.1259765 0.2861328 0.04412835 0.4287109 0.05014038 0.2910156 0.08349609 0.3125 0.03921502 0.1630859 0.08435058 0.2021484 0.05014038 0.2910156 0.03921502 0.1630859 0.08367919 0.1728515 0.08435058 0.2021484 0.08435058 0.2021484 0.08367919 0.1728515 0.1268309 0.1733398 0.1259765 0.2861328 0.08435058 0.2021484 0.1268309 0.1733398 0.1259765 0.2861328 0.1079101 0.3676758 0.08349609 0.3125 0.1197509 0.4296875 0.08349609 0.3125 0.1079101 0.3676758 0.08227539 0.1508789 0.1268309 0.1733398 0.08367919 0.1728515 0.08166503 0.07373046 0.1268309 0.1733398 0.08227539 0.1508789 0.1259765 0.05126953 0.1268309 0.1733398 0.08166503 0.07373046 0.08227539 0.1508789 0.08367919 0.1728515 0.03921502 0.1630859 0.03921502 0.1630859 0.08166503 0.07373046 0.08227539 0.1508789 0.0384826 0.04931634 0.08166503 0.07373046 0.03921502 0.1630859 0.08166503 0.07373046 0.08221435 0.0581054 0.1259765 0.05126953 0.08166503 0.07373046 0.0384826 0.04931634 0.08221435 0.0581054 0.1259765 0.05126953 0.08221435 0.0581054 0.08361816 0.03417962 0.08361816 0.03417962 0.08221435 0.0581054 0.0384826 0.04931634 0.3552246 0.5656738 0.3730469 0.5917969 0.3256836 0.5939942 0.3552246 0.5656738 0.4194336 0.5690918 0.3730469 0.5917969 0.3552246 0.5656738 0.3256836 0.5939942 0.3022461 0.5822754 0.3730469 0.5917969 0.3320313 0.625 0.3256836 0.5939942 0.4194336 0.5690918 0.4223633 0.6408692 0.3730469 0.5917969 0.3320313 0.625 0.3730469 0.5917969 0.4223633 0.6408692 0.3320313 0.625 0.2983399 0.6008301 0.3256836 0.5939942 0.3022461 0.5822754 0.3256836 0.5939942 0.2983399 0.6008301 0.2932129 0.6442871 0.2983399 0.6008301 0.3320313 0.625 0.2932129 0.6442871 0.3320313 0.625 0.3344727 0.6762695 0.3344727 0.6762695 0.3320313 0.625 0.4240723 0.7470703 0.2932129 0.6442871 0.3344727 0.6762695 0.3684082 0.7834473 0.3684082 0.7834473 0.3344727 0.6762695 0.4240723 0.7470703 0.3684082 0.7834473 0.4240723 0.7470703 0.4255371 0.8337402 0.4255371 0.8337402 0.4240723 0.7470703 0.4968262 0.8579102 0.3684082 0.7834473 0.4255371 0.8337402 0.4221192 0.9008789 0.4255371 0.8337402 0.4968262 0.8579102 0.4221192 0.9008789 0.4907227 0.9843979 0.4968262 0.8579102 0.53125 0.9689484 0.4221192 0.9008789 0.4968262 0.8579102 0.4907227 0.9843979 0.4223633 0.6408692 0.4194336 0.5690918 0.4602051 0.5959473 0.4223633 0.6408692 0.4602051 0.5959473 0.4921875 0.6467285 0.4741211 0.5686035 0.4602051 0.5959473 0.4194336 0.5690918 0.4921875 0.6467285 0.4602051 0.5959473 0.5581055 0.5981445 0.4602051 0.5959473 0.4741211 0.5686035 0.5581055 0.5981445 0.6230469 0.6572266 0.4921875 0.6467285 0.5581055 0.5981445 0.6025391 0.5991211 0.6230469 0.6572266 0.5581055 0.5981445 0.6025391 0.5991211 0.5581055 0.5981445 0.6083984 0.5634766 0.6083984 0.5634766 0.5581055 0.5981445 0.4741211 0.5686035 0.7421875 0.5822754 0.6230469 0.6572266 0.6025391 0.5991211 0.737793 0.6303711 0.6230469 0.6572266 0.7421875 0.5822754 0.6025391 0.5991211 0.6083984 0.5634766 0.7421875 0.5822754 0.5654297 0.6760254 0.5761719 0.7250977 0.5576172 0.7255859 0.5654297 0.6760254 0.6132813 0.7250977 0.5761719 0.7250977 0.5654297 0.6760254 0.6953125 0.6838379 0.6132813 0.7250977 0.5654297 0.6760254 0.5576172 0.7255859 0.5151367 0.6953125 0.565918 0.7677002 0.5761719 0.7250977 0.6132813 0.7250977 0.565918 0.7677002 0.5576172 0.7255859 0.5761719 0.7250977 0.4755859 0.7260742 0.5151367 0.6953125 0.5576172 0.7255859 0.5576172 0.7255859 0.565918 0.7677002 0.4755859 0.7260742 0.4755859 0.7260742 0.4580078 0.6789551 0.5151367 0.6953125 0.4755859 0.7260742 0.4636231 0.7695313 0.4633789 0.7263184 0.4633789 0.7263184 0.4580078 0.6789551 0.4755859 0.7260742 0.4755859 0.7260742 0.565918 0.7677002 0.4636231 0.7695313 0.565918 0.7677002 0.6132813 0.7250977 0.6875 0.7706299 0.6875 0.7706299 0.6132813 0.7250977 0.6953125 0.7248535 0.6132813 0.7250977 0.6953125 0.6838379 0.6953125 0.7248535 0.6953125 0.6838379 0.7416992 0.7028809 0.7207031 0.7255859 0.7207031 0.7255859 0.6953125 0.7248535 0.6953125 0.6838379 0.7207031 0.7255859 0.6875 0.7706299 0.6953125 0.7248535 0.7207031 0.7255859 0.8427734 0.7677002 0.6875 0.7706299 0.7416992 0.7028809 0.8457031 0.6916504 0.7207031 0.7255859 0.2922363 0.9416199 0.2841797 0.9843445 0.2644043 0.942688 0.2841797 0.9843445 0.375 0.9416504 0.3925781 0.9933624 0.2922363 0.9416199 0.375 0.9416504 0.2841797 0.9843445 0.2841797 0.9843445 0.1601562 0.9873352 0.2644043 0.942688 0.2822266 0.8973389 0.2922363 0.9416199 0.2644043 0.942688 0.2922363 0.9416199 0.2822266 0.8973389 0.375 0.9416504 0.2644043 0.942688 0.1596679 0.9425659 0.2822266 0.8973389 0.2644043 0.942688 0.1601562 0.9873352 0.1596679 0.9425659 0.01210016 0.9843445 0.1291503 0.9413452 0.1601562 0.9873352 0.1291503 0.9413452 0.1596679 0.9425659 0.1601562 0.9873352 0.2822266 0.8973389 0.1596679 0.9425659 0.1495361 0.899292 0.1596679 0.9425659 0.1291503 0.9413452 0.1495361 0.899292 0.375 0.9416504 0.2822266 0.8973389 0.3930664 0.8914795 0.4023438 0.941803 0.375 0.9416504 0.3930664 0.8914795 0.375 0.9416504 0.4023438 0.941803 0.3925781 0.9933624 0.1495361 0.899292 0.1291503 0.9413452 0.08679199 0.9028931 0.01317596 0.8938599 0.08679199 0.9028931 0.1291503 0.9413452 0.4689942 0.3491211 0.5361328 0.3828125 0.4785156 0.4042969 0.4785156 0.4042969 0.5361328 0.3828125 0.5053711 0.4155274 0.4689942 0.3491211 0.519043 0.28125 0.5361328 0.3828125 0.4689942 0.3491211 0.4753418 0.284668 0.519043 0.28125 0.4265137 0.2841797 0.4753418 0.284668 0.4689942 0.3491211 0.5053711 0.4155274 0.5361328 0.3828125 0.534668 0.4091797 0.4265137 0.2841797 0.3381348 0.3217774 0.3410645 0.2714844 0.4167481 0.34375 0.3381348 0.3217774 0.4265137 0.2841797 0.4265137 0.2841797 0.3410645 0.2714844 0.4274902 0.21875 0.4265137 0.2841797 0.4694824 0.2197265 0.4753418 0.284668 0.4274902 0.21875 0.4694824 0.2197265 0.4265137 0.2841797 0.4694824 0.2197265 0.519043 0.28125 0.4753418 0.284668 0.4960938 0.1757812 0.519043 0.28125 0.4694824 0.2197265 0.4694824 0.2197265 0.4274902 0.21875 0.4614258 0.165039 0.4694824 0.2197265 0.4614258 0.165039 0.4960938 0.1757812 0.4274902 0.21875 0.3342285 0.208496 0.402832 0.1518554 0.4274902 0.21875 0.3410645 0.2714844 0.3342285 0.208496 0.4614258 0.165039 0.4274902 0.21875 0.402832 0.1518554 0.2661133 0.3032227 0.3410645 0.2714844 0.3381348 0.3217774 0.2648926 0.243164 0.3410645 0.2714844 0.2661133 0.3032227 0.3410645 0.2714844 0.2648926 0.243164 0.3342285 0.208496 0.3322754 0.4179688 0.2854004 0.3764649 0.3381348 0.3217774 0.2854004 0.3764649 0.2661133 0.3032227 0.3381348 0.3217774 0.4167481 0.34375 0.3647461 0.4179688 0.3381348 0.3217774 0.4160156 0.421875 0.3647461 0.4179688 0.4167481 0.34375 0.3647461 0.4179688 0.3928223 0.4472656 0.3796387 0.4487305 0.4160156 0.421875 0.3928223 0.4472656 0.3647461 0.4179688 0.3015137 0.4331055 0.2854004 0.3764649 0.3322754 0.4179688 0.3322754 0.4179688 0.3342285 0.4570313 0.3015137 0.4331055 0.3041992 0.465332 0.3015137 0.4331055 0.3342285 0.4570313 0.2648926 0.243164 0.2041015 0.1777343 0.2949219 0.1723632 0.2205809 0.2294921 0.2041015 0.1777343 0.2648926 0.243164 0.2661133 0.3032227 0.2205809 0.2294921 0.2648926 0.243164 0.3342285 0.208496 0.2648926 0.243164 0.2949219 0.1723632 0.402832 0.1518554 0.3342285 0.208496 0.3637695 0.1284179 0.2949219 0.1723632 0.3637695 0.1284179 0.3342285 0.208496 0.3278809 0.0190429 0.4421387 0.1162109 0.402832 0.1518554 0.402832 0.1518554 0.4421387 0.1162109 0.4614258 0.165039 0.3637695 0.1284179 0.3278809 0.0190429 0.402832 0.1518554 0.4614258 0.165039 0.4421387 0.1162109 0.4707031 0.1484375 0.4960938 0.1757812 0.4614258 0.165039 0.4707031 0.1484375 0.3278809 0.0190429 0.3637695 0.1284179 0.2949219 0.1723632 0.2915039 0.09472656 0.3278809 0.0190429 0.2949219 0.1723632 0.2915039 0.09472656 0.2670899 0.08105468 0.3278809 0.0190429 0.2041015 0.1777343 0.2915039 0.09472656 0.2949219 0.1723632 0.2915039 0.09472656 0.2041015 0.1777343 0.2670899 0.08105468 0.2041015 0.1777343 0.2205809 0.2294921 0.1917724 0.2163085 0.2205809 0.2294921 0.1737059 0.3012695 0.1917724 0.2163085 0.2093505 0.3095703 0.1737059 0.3012695 0.2205809 0.2294921 0.2093505 0.3095703 0.2205809 0.2294921 0.2661133 0.3032227 0.2661133 0.3032227 0.230957 0.3662109 0.2093505 0.3095703 0.2093505 0.3095703 0.230957 0.3662109 0.168457 0.3896484 0.2093505 0.3095703 0.168457 0.3896484 0.1737059 0.3012695 0.230957 0.3662109 0.2243652 0.4208984 0.168457 0.3896484 0.1856689 0.4316406 0.168457 0.3896484 0.2243652 0.4208984 0.1668701 0.421875 0.168457 0.3896484 0.1856689 0.4316406 0.218872 0.4516602 0.1856689 0.4316406 0.2243652 0.4208984 0.1799316 0.4526367 0.1856689 0.4316406 0.218872 0.4516602 0.9272461 0.7470703 0.8847656 0.8513184 0.8544922 0.7424317 0.8544922 0.7424317 0.8608399 0.7155762 0.9272461 0.7470703 0.9145508 0.6308594 0.9272461 0.7470703 0.8608399 0.7155762 0.9785156 0.6286621 0.9272461 0.7470703 0.9145508 0.6308594 0.9365234 0.8788452 0.8847656 0.8513184 0.9272461 0.7470703 0.8847656 0.8513184 0.9365234 0.8788452 0.8955078 0.8789063 0.9365234 0.8788452 0.9321289 0.9268799 0.8955078 0.8789063 0.9541016 0.9284668 0.9321289 0.9268799 0.9365234 0.8788452 0.9321289 0.9268799 0.9541016 0.9284668 0.9785156 0.9772492 1.095703 0.6848145 1.126953 0.6657715 1.080078 0.6477051 1.126953 0.6657715 1.100586 0.6125488 1.080078 0.6477051 1.080078 0.6477051 1.100586 0.6125488 1.046875 0.5800781 1.12793 0.7143555 1.126953 0.6657715 1.095703 0.6848145 1.177734 0.7285156 1.189453 0.6401367 1.126953 0.6657715 1.126953 0.6657715 1.189453 0.6401367 1.100586 0.6125488 1.177734 0.7285156 1.126953 0.6657715 1.12793 0.7143555 1.067383 0.5717774 1.100586 0.6125488 1.09668 0.5559082 1.09668 0.5559082 1.100586 0.6125488 1.123047 0.5913086 1.123047 0.5913086 1.100586 0.6125488 1.189453 0.6401367 1.046875 0.5800781 1.100586 0.6125488 1.067383 0.5717774 1.046875 0.5800781 1.051758 0.5427246 1.037109 0.5458984 1.067383 0.5717774 1.051758 0.5427246 1.046875 0.5800781 1.051758 0.5427246 1.067383 0.5717774 1.09668 0.5559082 1.058594 0.5239258 1.09668 0.5559082 1.086914 0.5202637 1.051758 0.5427246 1.09668 0.5559082 1.058594 0.5239258 1.133789 0.5661621 1.09668 0.5559082 1.123047 0.5913086 1.133789 0.5661621 1.086914 0.5202637 1.09668 0.5559082 1.133789 0.5661621 1.123047 0.5913086 1.189453 0.6401367 1.189453 0.6401367 1.177734 0.7285156 1.256836 0.7387695 1.161133 0.7651367 1.177734 0.7285156 1.12793 0.7143555 1.256836 0.7387695 1.177734 0.7285156 1.199219 0.7684326 1.161133 0.7651367 1.18457 0.802002 1.177734 0.7285156 1.18457 0.802002 1.199219 0.7684326 1.177734 0.7285156 1.256836 0.7387695 1.259766 0.8253174 1.320312 0.8530274 1.259766 0.8253174 1.256836 0.7387695 1.199219 0.7684326 1.18457 0.802002 1.259766 0.8253174 1.199219 0.7684326 1.239258 0.8546143 1.259766 0.8253174 1.18457 0.802002 1.320312 0.8530274 1.259766 0.8253174 1.299805 0.8790894 1.239258 0.8546143 1.299805 0.8790894 1.259766 0.8253174 1.28125 0.8912964 1.299805 0.8790894 1.239258 0.8546143 1.086914 0.5202637 1.165039 0.5024414 1.080078 0.4780274 1.086914 0.5202637 1.232422 0.5471192 1.165039 0.5024414 1.086914 0.5202637 1.080078 0.4780274 1.03125 0.4970703 1.058594 0.5239258 1.086914 0.5202637 1.03125 0.4970703 1.051758 0.5427246 1.058594 0.5239258 1.03125 0.4970703 1.051758 0.5427246 1.03125 0.4970703 1.037109 0.5458984 1.037109 0.5458984 1.03125 0.4970703 1.026367 0.4985352 1.03125 0.4970703 1.080078 0.4780274 1.036133 0.46875 1.036133 0.46875 1.026367 0.4985352 1.03125 0.4970703 1.193359 0.4726563 1.080078 0.4780274 1.165039 0.5024414 1.193359 0.4726563 1.165039 0.5024414 1.232422 0.5471192 1.366211 0.5490723 1.290039 0.5 1.232422 0.5471192 1.232422 0.5471192 1.290039 0.5 1.241211 0.4829102 1.193359 0.4726563 1.232422 0.5471192 1.241211 0.4829102 1.492187 0.5231934 1.400391 0.5007324 1.366211 0.5490723 1.366211 0.5490723 1.400391 0.5007324 1.367187 0.4682617 1.367187 0.4682617 1.290039 0.5 1.366211 0.5490723 1.367187 0.4682617 1.241211 0.4829102 1.290039 0.5 1.367187 0.4682617 1.400391 0.5007324 1.416016 0.4580078 1.486328 0.4785156 1.400391 0.5007324 1.492187 0.5231934 1.416016 0.4580078 1.400391 0.5007324 1.486328 0.4785156 1.018555 0.4643555 1.026367 0.4985352 1.036133 0.46875 1.498047 0.8083496 1.589844 0.8789673 1.574219 0.8319092 1.574219 0.8319092 1.589844 0.8789673 1.59668 0.8560791 1.589844 0.8789673 1.615234 0.8904419 1.59668 0.8560791 1.59668 0.8560791 1.615234 0.8904419 1.631836 0.8546143 1.615234 0.8904419 1.69043 0.9065552 1.631836 0.8546143 1.631836 0.8546143 1.69043 0.9065552 1.694336 0.8588867 1.736328 0.8670654 1.69043 0.9065552 1.726562 0.9208374 1.694336 0.8588867 1.69043 0.9065552 1.736328 0.8670654 1.828125 0.8625488 1.736328 0.8670654 1.751953 0.9141846 1.801758 0.8319092 1.736328 0.8670654 1.828125 0.8625488 1.726562 0.9208374 1.751953 0.9141846 1.736328 0.8670654 1.855469 0.8572998 1.801758 0.8319092 1.828125 0.8625488 1.84668 0.8015137 1.801758 0.8319092 1.855469 0.8572998 1.84668 0.8015137 1.855469 0.8572998 1.867187 0.8492432 1.926758 0.08300781 1.947266 0.1225585 1.958008 0.09960937 1.947266 0.1225585 1.963867 0.1313475 1.958008 0.09960937 1.958008 0.09960937 1.960937 0.078125 1.926758 0.08300781 1.902344 0.06103509 1.926758 0.08300781 1.920898 0.04931634 1.913086 0.1264648 1.947266 0.1225585 1.926758 0.08300781 1.926758 0.08300781 1.829102 0.09570312 1.913086 0.1264648 1.926758 0.08300781 1.902344 0.06103509 1.829102 0.09570312 1.926758 0.08300781 1.960937 0.078125 1.920898 0.04931634 1.947266 0.1225585 1.913086 0.1264648 1.921875 0.1655273 1.936523 0.1660156 1.947266 0.1225585 1.921875 0.1655273 1.963867 0.1313475 1.947266 0.1225585 1.936523 0.1660156 1.921875 0.1655273 1.913086 0.1264648 1.894531 0.1660156 1.913086 0.1264648 1.829102 0.09570312 1.838867 0.1313475 1.838867 0.1313475 1.894531 0.1660156 1.913086 0.1264648 1.829102 0.09570312 1.902344 0.06103509 1.81543 0.0649414 1.829102 0.09570312 1.795898 0.0859375 1.780273 0.1254882 1.81543 0.0649414 1.795898 0.0859375 1.829102 0.09570312 1.829102 0.09570312 1.780273 0.1254882 1.838867 0.1313475 1.902344 0.06103509 1.920898 0.04931634 1.895508 0.03613281 1.902344 0.06103509 1.895508 0.03613281 1.81543 0.0649414 1.895508 0.03613281 1.920898 0.04931634 1.914062 0.02734375 1.93457 0.03076165 1.920898 0.04931634 1.960937 0.078125 1.914062 0.02734375 1.920898 0.04931634 1.93457 0.03076165 1.81543 0.0649414 1.895508 0.03613281 1.804687 0.02929687 1.81543 0.0649414 1.773437 0.04443359 1.795898 0.0859375 1.804687 0.02929687 1.773437 0.04443359 1.81543 0.0649414 1.795898 0.0859375 1.773437 0.04443359 1.756836 0.09326171 1.780273 0.1254882 1.795898 0.0859375 1.756836 0.09326171 1.780273 0.1254882 1.722656 0.1259765 1.780273 0.15625 1.722656 0.1259765 1.780273 0.1254882 1.756836 0.09326171 1.838867 0.1313475 1.780273 0.1254882 1.780273 0.15625 1.838867 0.1313475 1.792969 0.1816406 1.849609 0.1669921 1.780273 0.15625 1.792969 0.1816406 1.838867 0.1313475 1.849609 0.1669921 1.894531 0.1660156 1.838867 0.1313475 1.894531 0.1660156 1.917969 0.2011718 1.921875 0.1655273 1.867187 0.2026367 1.894531 0.1660156 1.849609 0.1669921 1.917969 0.2011718 1.894531 0.1660156 1.867187 0.2026367 1.921875 0.1655273 1.94043 0.2055664 1.936523 0.1660156 1.921875 0.1655273 1.917969 0.2011718 1.94043 0.2055664 1.936523 0.1660156 1.94043 0.2055664 1.966797 0.2036132 1.917969 0.2011718 1.948242 0.2441406 1.94043 0.2055664 1.94043 0.2055664 1.948242 0.2441406 1.966797 0.2036132 1.890625 0.2651367 1.917969 0.2011718 1.867187 0.2026367 1.927734 0.2617188 1.917969 0.2011718 1.890625 0.2651367 1.927734 0.2617188 1.948242 0.2441406 1.917969 0.2011718 1.867187 0.2026367 1.792969 0.1816406 1.785156 0.2231445 1.849609 0.1669921 1.792969 0.1816406 1.867187 0.2026367 1.867187 0.2026367 1.865234 0.2734375 1.890625 0.2651367 1.867187 0.2026367 1.830078 0.2832031 1.865234 0.2734375 1.785156 0.2231445 1.830078 0.2832031 1.867187 0.2026367 1.780273 0.15625 1.71875 0.1909179 1.792969 0.1816406 1.792969 0.1816406 1.71875 0.1909179 1.785156 0.2231445 1.780273 0.15625 1.722656 0.1259765 1.71582 0.17041 1.71582 0.17041 1.71875 0.1909179 1.780273 0.15625 1.722656 0.1259765 1.700195 0.1435546 1.71582 0.17041 1.722656 0.1259765 1.693359 0.1113281 1.700195 0.1435546 1.722656 0.1259765 1.720703 0.07373046 1.693359 0.1113281 1.756836 0.09326171 1.720703 0.07373046 1.722656 0.1259765 1.756836 0.09326171 1.773437 0.04443359 1.75293 0.04980462 1.75293 0.04980462 1.720703 0.07373046 1.756836 0.09326171 1.693359 0.1113281 1.720703 0.07373046 1.708008 0.0703125 1.708008 0.0703125 1.669922 0.09863281 1.693359 0.1113281 1.673828 0.06201165 1.669922 0.09863281 1.708008 0.0703125 1.660156 0.06396484 1.567383 0.09765625 1.669922 0.09863281 1.669922 0.09863281 1.673828 0.06201165 1.660156 0.06396484 1.68457 0.1679687 1.71582 0.17041 1.700195 0.1435546 1.68457 0.1679687 1.71875 0.1909179 1.71582 0.17041 1.785156 0.2231445 1.71875 0.1909179 1.720703 0.2133789 1.681641 0.196289 1.71875 0.1909179 1.68457 0.1679687 1.71875 0.1909179 1.694336 0.2211914 1.720703 0.2133789 1.681641 0.196289 1.694336 0.2211914 1.71875 0.1909179 1.785156 0.2231445 1.746094 0.2915039 1.830078 0.2832031 1.720703 0.2133789 1.746094 0.2915039 1.785156 0.2231445 1.830078 0.2832031 1.746094 0.2915039 1.84082 0.2963867 1.830078 0.2832031 1.84082 0.2963867 1.865234 0.2734375 1.865234 0.2734375 1.84082 0.2963867 1.873047 0.296875 1.865234 0.2734375 1.873047 0.296875 1.890625 0.2651367 1.916992 0.2958984 1.890625 0.2651367 1.891602 0.2963867 1.927734 0.2617188 1.890625 0.2651367 1.916992 0.2958984 1.890625 0.2651367 1.873047 0.296875 1.891602 0.2963867 1.936523 0.2973633 1.927734 0.2617188 1.916992 0.2958984 1.948242 0.2441406 1.927734 0.2617188 1.936523 0.2973633 1.936523 0.2973633 1.956055 0.2661133 1.948242 0.2441406 1.972656 0.2456054 1.948242 0.2441406 1.956055 0.2661133 1.966797 0.2036132 1.948242 0.2441406 1.972656 0.2456054 1.927734 0.331543 1.936523 0.2973633 1.916992 0.2958984 1.949219 0.3452149 1.936523 0.2973633 1.927734 0.331543 1.956055 0.3212891 1.936523 0.2973633 1.949219 0.3452149 1.936523 0.2973633 1.956055 0.3212891 1.950195 0.2958984 1.936523 0.2973633 1.950195 0.2958984 1.956055 0.2661133 1.916992 0.2958984 1.892578 0.331543 1.927734 0.331543 1.891602 0.2963867 1.892578 0.331543 1.916992 0.2958984 1.891602 0.2963867 1.873047 0.296875 1.892578 0.331543 1.892578 0.331543 1.873047 0.296875 1.861328 0.3232422 1.873047 0.296875 1.84082 0.2963867 1.861328 0.3232422 1.861328 0.3232422 1.84082 0.2963867 1.827148 0.3134766 1.746094 0.2915039 1.827148 0.3134766 1.84082 0.2963867 1.746094 0.2915039 1.791016 0.3647461 1.827148 0.3134766 1.728516 0.3554688 1.791016 0.3647461 1.746094 0.2915039 1.728516 0.3554688 1.746094 0.2915039 1.72168 0.3222656 1.717773 0.2905274 1.72168 0.3222656 1.746094 0.2915039 1.713867 0.2666016 1.717773 0.2905274 1.746094 0.2915039 1.714844 0.2524414 1.713867 0.2666016 1.746094 0.2915039 1.746094 0.2915039 1.720703 0.2133789 1.714844 0.2524414 1.714844 0.2524414 1.720703 0.2133789 1.694336 0.2211914 1.694336 0.2211914 1.681641 0.196289 1.619141 0.2368164 1.619141 0.2368164 1.681641 0.196289 1.62207 0.1977539 1.631836 0.1601562 1.681641 0.196289 1.68457 0.1679687 1.62207 0.1977539 1.681641 0.196289 1.631836 0.1601562 1.606445 0.1992187 1.619141 0.2368164 1.62207 0.1977539 1.619141 0.2368164 1.606445 0.1992187 1.558594 0.2407225 1.631836 0.1601562 1.606445 0.1992187 1.62207 0.1977539 1.552734 0.1655273 1.606445 0.1992187 1.631836 0.1601562 1.677734 0.2685547 1.717773 0.2905274 1.713867 0.2666016 1.683594 0.293457 1.717773 0.2905274 1.677734 0.2685547 1.717773 0.2905274 1.680664 0.3305664 1.72168 0.3222656 1.683594 0.293457 1.680664 0.3305664 1.717773 0.2905274 1.677734 0.2685547 1.577148 0.2788086 1.666992 0.2944336 1.666992 0.2944336 1.683594 0.293457 1.677734 0.2685547 1.666992 0.2944336 1.680664 0.3305664 1.683594 0.293457 1.666992 0.2944336 1.581055 0.3227539 1.680664 0.3305664 1.728516 0.3554688 1.717773 0.3901367 1.791016 0.3647461 1.728516 0.3554688 1.700195 0.359375 1.717773 0.3901367 1.791016 0.3647461 1.791016 0.4057617 1.84082 0.3837891 1.84082 0.3837891 1.827148 0.3134766 1.791016 0.3647461 1.791016 0.3647461 1.717773 0.3901367 1.791016 0.4057617 1.861328 0.3232422 1.827148 0.3134766 1.84082 0.3837891 1.861328 0.3232422 1.871094 0.3911133 1.892578 0.331543 1.84082 0.3837891 1.871094 0.3911133 1.861328 0.3232422 1.892578 0.331543 1.921875 0.3925781 1.927734 0.331543 1.871094 0.3911133 1.921875 0.3925781 1.892578 0.331543 1.927734 0.331543 1.921875 0.3925781 1.949219 0.3452149 1.949219 0.3452149 1.921875 0.3925781 1.943359 0.3852539 1.871094 0.3911133 1.894531 0.4282227 1.921875 0.3925781 1.925781 0.4331055 1.921875 0.3925781 1.894531 0.4282227 1.943359 0.3852539 1.921875 0.3925781 1.925781 0.4331055 1.848633 0.4243164 1.894531 0.4282227 1.871094 0.3911133 1.84082 0.3837891 1.848633 0.4243164 1.871094 0.3911133 1.84082 0.3837891 1.791016 0.4057617 1.822266 0.4155274 1.822266 0.4155274 1.848633 0.4243164 1.84082 0.3837891 1.794922 0.4467774 1.791016 0.4057617 1.765625 0.4287109 1.822266 0.4155274 1.791016 0.4057617 1.794922 0.4467774 1.717773 0.3901367 1.765625 0.4287109 1.791016 0.4057617 1.713867 0.409668 1.765625 0.4287109 1.717773 0.3901367 1.717773 0.3901367 1.685547 0.3857422 1.713867 0.409668 1.717773 0.3901367 1.700195 0.359375 1.685547 0.3857422 1.647461 0.3461914 1.685547 0.3857422 1.700195 0.359375 1.713867 0.409668 1.685547 0.3857422 1.68457 0.4150391 1.623047 0.3813477 1.685547 0.3857422 1.647461 0.3461914 1.685547 0.3857422 1.632812 0.4155274 1.68457 0.4150391 1.623047 0.3813477 1.632812 0.4155274 1.685547 0.3857422 1.712891 0.4575195 1.765625 0.4287109 1.713867 0.409668 1.75293 0.4692383 1.765625 0.4287109 1.712891 0.4575195 1.765625 0.4287109 1.75293 0.4692383 1.794922 0.4467774 1.794922 0.4467774 1.75293 0.4692383 1.777344 0.4819336 1.794922 0.4467774 1.820312 0.4970703 1.838867 0.4526367 1.777344 0.4819336 1.820312 0.4970703 1.794922 0.4467774 1.794922 0.4467774 1.838867 0.4526367 1.822266 0.4155274 1.822266 0.4155274 1.838867 0.4526367 1.848633 0.4243164 1.848633 0.4243164 1.838867 0.4526367 1.894531 0.4282227 1.894531 0.4282227 1.838867 0.4526367 1.902344 0.4702149 1.894531 0.4282227 1.902344 0.4702149 1.925781 0.4331055 1.925781 0.4331055 1.93457 0.480957 1.946289 0.4331055 1.925781 0.4331055 1.902344 0.4702149 1.93457 0.480957 1.946289 0.4331055 1.943359 0.3852539 1.925781 0.4331055 1.943359 0.3852539 1.970703 0.3833008 1.949219 0.3452149 1.970703 0.3833008 1.943359 0.3852539 1.946289 0.4331055 1.946289 0.4331055 1.93457 0.480957 1.960937 0.4824219 1.93457 0.480957 1.902344 0.4702149 1.917969 0.5183106 1.94043 0.5246582 1.93457 0.480957 1.917969 0.5183106 1.960937 0.4824219 1.93457 0.480957 1.94043 0.5246582 1.902344 0.4702149 1.820312 0.4970703 1.887695 0.513916 1.838867 0.4526367 1.820312 0.4970703 1.902344 0.4702149 1.917969 0.5183106 1.902344 0.4702149 1.887695 0.513916 1.820312 0.4970703 1.868164 0.5588379 1.887695 0.513916 1.78125 0.5566406 1.868164 0.5588379 1.820312 0.4970703 1.777344 0.4819336 1.78125 0.5566406 1.820312 0.4970703 1.75293 0.5417481 1.78125 0.5566406 1.777344 0.4819336 1.740234 0.4838867 1.75293 0.5417481 1.777344 0.4819336 1.75293 0.4692383 1.740234 0.4838867 1.777344 0.4819336 1.740234 0.4838867 1.75293 0.4692383 1.712891 0.4575195 1.712891 0.4575195 1.68457 0.5031738 1.696289 0.505127 1.740234 0.4838867 1.712891 0.4575195 1.696289 0.505127 1.712891 0.4575195 1.682617 0.4658203 1.68457 0.5031738 1.694336 0.4477539 1.682617 0.4658203 1.712891 0.4575195 1.740234 0.4838867 1.696289 0.505127 1.75293 0.5417481 1.682617 0.4658203 1.650391 0.5014649 1.68457 0.5031738 1.650391 0.4628906 1.650391 0.5014649 1.682617 0.4658203 1.636719 0.4956055 1.650391 0.5014649 1.650391 0.4628906 1.650391 0.4628906 1.56543 0.440918 1.636719 0.4956055 1.894531 0.5690918 1.887695 0.513916 1.868164 0.5588379 1.917969 0.5183106 1.887695 0.513916 1.894531 0.5690918 1.917969 0.5183106 1.894531 0.5690918 1.94043 0.5246582 1.94043 0.5246582 1.894531 0.5690918 1.928711 0.5881348 1.949219 0.3452149 1.974609 0.3408203 1.956055 0.3212891 1.949219 0.3452149 1.970703 0.3833008 1.974609 0.3408203 1.974609 0.3408203 1.960937 0.2954102 1.956055 0.3212891 1.956055 0.3212891 1.960937 0.2954102 1.950195 0.2958984 1.972656 0.2456054 1.956055 0.2661133 1.960937 0.2954102 1.950195 0.2958984 1.960937 0.2954102 1.956055 0.2661133 1.607422 0.3803711 1.632812 0.4155274 1.623047 0.3813477 1.556641 0.4174805 1.632812 0.4155274 1.607422 0.3803711 1.647461 0.3461914 1.607422 0.3803711 1.623047 0.3813477 1.573242 0.3276367 1.607422 0.3803711 1.647461 0.3461914 1.083984 0.2021484 1.125977 0.1733398 1.083008 0.1728515 1.082031 0.1508789 1.083008 0.1728515 1.125977 0.1733398 1.125977 0.1733398 1.081055 0.07373046 1.082031 0.1508789 1.125977 0.05126953 1.081055 0.07373046 1.125977 0.1733398 1.125977 0.1733398 1.083984 0.2021484 1.125977 0.2861328 1.039062 0.1630859 1.083984 0.2021484 1.083008 0.1728515 1.049805 0.2910156 1.083984 0.2021484 1.039062 0.1630859 1.083984 0.2822266 1.083984 0.2021484 1.049805 0.2910156 1.125977 0.2861328 1.083984 0.2021484 1.083984 0.2822266 1.082031 0.1508789 1.039062 0.1630859 1.083008 0.1728515 1.082031 0.1508789 1.081055 0.07373046 1.039062 0.1630859 1.039062 0.1630859 1.081055 0.07373046 1.038086 0.04931634 1.081055 0.07373046 1.125977 0.05126953 1.082031 0.0581054 1.081055 0.07373046 1.082031 0.0581054 1.038086 0.04931634 1.125977 0.05126953 1.083008 0.03417962 1.082031 0.0581054 1.083008 0.03417962 1.038086 0.04931634 1.082031 0.0581054 1.083984 0.2822266 1.083008 0.3125 1.125977 0.2861328 1.083008 0.3125 1.083984 0.2822266 1.049805 0.2910156 1.125977 0.2861328 1.083008 0.3125 1.107422 0.3676758 1.043945 0.4287109 1.083008 0.3125 1.049805 0.2910156 1.119141 0.4296875 1.107422 0.3676758 1.083008 0.3125 1.297852 0.6008301 1.332031 0.625 1.325195 0.5939942 1.292969 0.6442871 1.332031 0.625 1.297852 0.6008301 1.297852 0.6008301 1.325195 0.5939942 1.301758 0.5822754 1.373047 0.5917969 1.325195 0.5939942 1.332031 0.625 1.332031 0.625 1.421875 0.6408692 1.373047 0.5917969 1.292969 0.6442871 1.333984 0.6762695 1.332031 0.625 1.333984 0.6762695 1.423828 0.7470703 1.332031 0.625 1.354492 0.5656738 1.325195 0.5939942 1.373047 0.5917969 1.301758 0.5822754 1.325195 0.5939942 1.354492 0.5656738 1.354492 0.5656738 1.373047 0.5917969 1.418945 0.5690918 1.418945 0.5690918 1.373047 0.5917969 1.421875 0.6408692 1.421875 0.6408692 1.459961 0.5959473 1.418945 0.5690918 1.421875 0.6408692 1.492187 0.6467285 1.459961 0.5959473 1.473633 0.5686035 1.418945 0.5690918 1.459961 0.5959473 1.492187 0.6467285 1.557617 0.5981445 1.459961 0.5959473 1.459961 0.5959473 1.557617 0.5981445 1.473633 0.5686035 1.623047 0.6572266 1.557617 0.5981445 1.492187 0.6467285 1.602539 0.5991211 1.557617 0.5981445 1.623047 0.6572266 1.602539 0.5991211 1.608398 0.5634766 1.557617 0.5981445 1.608398 0.5634766 1.473633 0.5686035 1.557617 0.5981445 1.623047 0.6572266 1.742187 0.5822754 1.602539 0.5991211 1.737305 0.6303711 1.742187 0.5822754 1.623047 0.6572266 1.602539 0.5991211 1.742187 0.5822754 1.608398 0.5634766 1.368164 0.7834473 1.423828 0.7470703 1.333984 0.6762695 1.368164 0.7834473 1.424805 0.8337402 1.423828 0.7470703 1.424805 0.8337402 1.496094 0.8579102 1.423828 0.7470703 1.292969 0.6442871 1.368164 0.7834473 1.333984 0.6762695 1.368164 0.7834473 1.421875 0.9008789 1.424805 0.8337402 1.424805 0.8337402 1.421875 0.9008789 1.496094 0.8579102 1.496094 0.8579102 1.490234 0.9843979 1.53125 0.9689484 1.421875 0.9008789 1.490234 0.9843979 1.496094 0.8579102 1.56543 0.6760254 1.557617 0.7255859 1.576172 0.7250977 1.56543 0.6760254 1.576172 0.7250977 1.613281 0.7250977 1.56543 0.6760254 1.613281 0.7250977 1.695312 0.6838379 1.56543 0.6760254 1.514648 0.6953125 1.557617 0.7255859 1.475586 0.7260742 1.557617 0.7255859 1.514648 0.6953125 1.557617 0.7255859 1.475586 0.7260742 1.56543 0.7677002 1.56543 0.7677002 1.576172 0.7250977 1.557617 0.7255859 1.56543 0.7677002 1.613281 0.7250977 1.576172 0.7250977 1.613281 0.7250977 1.6875 0.7706299 1.695312 0.7248535 1.56543 0.7677002 1.6875 0.7706299 1.613281 0.7250977 1.695312 0.6838379 1.613281 0.7250977 1.695312 0.7248535 1.695312 0.6838379 1.720703 0.7255859 1.741211 0.7028809 1.720703 0.7255859 1.695312 0.6838379 1.695312 0.7248535 1.720703 0.7255859 1.695312 0.7248535 1.6875 0.7706299 1.720703 0.7255859 1.6875 0.7706299 1.842773 0.7677002 1.741211 0.7028809 1.720703 0.7255859 1.845703 0.6916504 1.56543 0.7677002 1.475586 0.7260742 1.462891 0.7695313 1.475586 0.7260742 1.462891 0.7263184 1.462891 0.7695313 1.458008 0.6789551 1.475586 0.7260742 1.514648 0.6953125 1.462891 0.7263184 1.475586 0.7260742 1.458008 0.6789551 1.291992 0.9416199 1.263672 0.942688 1.28418 0.9843445 1.375 0.9416504 1.28418 0.9843445 1.392578 0.9933624 1.291992 0.9416199 1.28418 0.9843445 1.375 0.9416504 1.28418 0.9843445 1.263672 0.942688 1.160156 0.9873352 1.282227 0.8973389 1.263672 0.942688 1.291992 0.9416199 1.375 0.9416504 1.282227 0.8973389 1.291992 0.9416199 1.282227 0.8973389 1.15918 0.9425659 1.263672 0.942688 1.160156 0.9873352 1.263672 0.942688 1.15918 0.9425659 1.011719 0.9843445 1.160156 0.9873352 1.128906 0.9413452 1.128906 0.9413452 1.160156 0.9873352 1.15918 0.9425659 1.149414 0.899292 1.15918 0.9425659 1.282227 0.8973389 1.15918 0.9425659 1.149414 0.899292 1.128906 0.9413452 1.392578 0.8914795 1.282227 0.8973389 1.375 0.9416504 1.402344 0.941803 1.392578 0.8914795 1.375 0.9416504 1.375 0.9416504 1.392578 0.9933624 1.402344 0.941803 1.149414 0.899292 1.085937 0.9028931 1.128906 0.9413452 1.012695 0.8938599 1.128906 0.9413452 1.085937 0.9028931 1.46875 0.3491211 1.478516 0.4042969 1.536133 0.3828125 1.478516 0.4042969 1.504883 0.4155274 1.536133 0.3828125 1.46875 0.3491211 1.536133 0.3828125 1.518555 0.28125 1.46875 0.3491211 1.518555 0.28125 1.474609 0.284668 1.425781 0.2841797 1.46875 0.3491211 1.474609 0.284668 1.536133 0.3828125 1.504883 0.4155274 1.53418 0.4091797 1.425781 0.2841797 1.337891 0.3217774 1.416016 0.34375 1.34082 0.2714844 1.337891 0.3217774 1.425781 0.2841797 1.425781 0.2841797 1.426758 0.21875 1.34082 0.2714844 1.425781 0.2841797 1.46875 0.2197265 1.426758 0.21875 1.474609 0.284668 1.46875 0.2197265 1.425781 0.2841797 1.518555 0.28125 1.46875 0.2197265 1.474609 0.284668 1.496094 0.1757812 1.46875 0.2197265 1.518555 0.28125 1.46875 0.2197265 1.460937 0.165039 1.426758 0.21875 1.496094 0.1757812 1.460937 0.165039 1.46875 0.2197265 1.402344 0.1518554 1.333984 0.208496 1.426758 0.21875 1.34082 0.2714844 1.426758 0.21875 1.333984 0.208496 1.460937 0.165039 1.402344 0.1518554 1.426758 0.21875 1.265625 0.3032227 1.34082 0.2714844 1.264648 0.243164 1.337891 0.3217774 1.34082 0.2714844 1.265625 0.3032227 1.34082 0.2714844 1.333984 0.208496 1.264648 0.243164 1.332031 0.4179688 1.337891 0.3217774 1.285156 0.3764649 1.285156 0.3764649 1.337891 0.3217774 1.265625 0.3032227 1.337891 0.3217774 1.364258 0.4179688 1.416016 0.34375 1.416016 0.34375 1.364258 0.4179688 1.416016 0.421875 1.392578 0.4472656 1.364258 0.4179688 1.378906 0.4487305 1.416016 0.421875 1.364258 0.4179688 1.392578 0.4472656 1.300781 0.4331055 1.332031 0.4179688 1.285156 0.3764649 1.332031 0.4179688 1.300781 0.4331055 1.333984 0.4570313 1.303711 0.465332 1.333984 0.4570313 1.300781 0.4331055 1.204102 0.1777343 1.264648 0.243164 1.294922 0.1723632 1.219727 0.2294921 1.264648 0.243164 1.204102 0.1777343 1.264648 0.243164 1.219727 0.2294921 1.265625 0.3032227 1.264648 0.243164 1.333984 0.208496 1.294922 0.1723632 1.363281 0.1284179 1.333984 0.208496 1.402344 0.1518554 1.333984 0.208496 1.363281 0.1284179 1.294922 0.1723632 1.327148 0.0190429 1.402344 0.1518554 1.441406 0.1162109 1.460937 0.165039 1.441406 0.1162109 1.402344 0.1518554 1.363281 0.1284179 1.402344 0.1518554 1.327148 0.0190429 1.470703 0.1484375 1.441406 0.1162109 1.460937 0.165039 1.470703 0.1484375 1.460937 0.165039 1.496094 0.1757812 1.294922 0.1723632 1.363281 0.1284179 1.327148 0.0190429 1.291016 0.09472656 1.294922 0.1723632 1.327148 0.0190429 1.291016 0.09472656 1.327148 0.0190429 1.266602 0.08105468 1.204102 0.1777343 1.294922 0.1723632 1.291016 0.09472656 1.291016 0.09472656 1.266602 0.08105468 1.204102 0.1777343 1.204102 0.1777343 1.191406 0.2163085 1.219727 0.2294921 1.172852 0.3012695 1.219727 0.2294921 1.191406 0.2163085 1.208984 0.3095703 1.219727 0.2294921 1.172852 0.3012695 1.265625 0.3032227 1.219727 0.2294921 1.208984 0.3095703 1.265625 0.3032227 1.208984 0.3095703 1.230469 0.3662109 1.208984 0.3095703 1.167969 0.3896484 1.230469 0.3662109 1.208984 0.3095703 1.172852 0.3012695 1.167969 0.3896484 1.230469 0.3662109 1.167969 0.3896484 1.223633 0.4208984 1.167969 0.3896484 1.185547 0.4316406 1.223633 0.4208984 1.166016 0.421875 1.185547 0.4316406 1.167969 0.3896484 1.185547 0.4316406 1.21875 0.4516602 1.223633 0.4208984 1.179687 0.4526367 1.21875 0.4516602 1.185547 0.4316406 1.884766 0.8513184 1.926758 0.7470703 1.854492 0.7424317 1.854492 0.7424317 1.926758 0.7470703 1.860352 0.7155762 1.884766 0.8513184 1.895508 0.8789063 1.936523 0.8788452 1.936523 0.8788452 1.926758 0.7470703 1.884766 0.8513184 1.926758 0.7470703 1.914062 0.6308594 1.860352 0.7155762 1.978516 0.6286621 1.914062 0.6308594 1.926758 0.7470703 1.936523 0.8788452 1.931641 0.9268799 1.954102 0.9284668 1.895508 0.8789063 1.931641 0.9268799 1.936523 0.8788452 1.931641 0.9268799 1.978516 0.9772492 1.954102 0.9284668</float_array>
          <technique_common>
            <accessor source="#missileShape-mesh-map-0-array" count="2562" stride="2">
              <param name="S" type="float"/>
              <param name="T" type="float"/>
            </accessor>
          </technique_common>
        </source>
        <vertices id="missileShape-mesh-vertices">
          <input semantic="POSITION" source="#missileShape-mesh-positions"/>
        </vertices>
        <triangles material="met_missile_001-material" count="854">
          <input semantic="VERTEX" source="#missileShape-mesh-vertices" offset="0"/>
          <input semantic="NORMAL" source="#missileShape-mesh-normals" offset="1"/>
          <input semantic="TEXCOORD" source="#missileShape-mesh-map-0" offset="2" set="0"/>
          <p>4 0 0 0 1 1 5 2 2 5 2 3 0 1 4 1 3 5 0 1 6 194 4 7 1 3 8 4 0 9 5 2 10 3 5 11 6 6 12 5 2 13 16 7 14 5 8 15 1 8 16 16 8 17 3 5 18 5 2 19 6 6 20 2 9 21 28 9 22 1 9 23 28 10 24 29 10 25 1 10 26 29 11 27 16 11 28 1 11 29 1 3 30 194 4 31 2 12 32 194 4 33 31 13 34 2 12 35 233 14 36 31 13 37 194 4 38 31 15 39 28 15 40 2 15 41 34 16 42 189 17 43 28 18 44 31 19 45 34 19 46 28 19 47 27 20 48 29 21 49 28 18 50 27 20 51 28 18 52 189 17 53 27 22 54 16 22 55 29 22 56 16 7 57 17 23 58 6 6 59 7 24 60 3 5 61 6 6 62 6 6 63 17 23 64 15 25 65 7 24 66 6 6 67 14 26 68 14 26 69 6 6 70 15 25 71 17 23 72 26 27 73 13 28 74 13 28 75 15 25 76 17 23 77 13 28 78 14 26 79 15 25 80 8 29 81 14 26 82 13 28 83 26 27 84 12 30 85 13 28 86 12 30 87 8 29 88 13 28 89 11 31 90 8 29 91 12 30 92 189 17 93 35 32 94 60 33 95 189 34 96 60 34 97 21 34 98 189 17 99 30 35 100 35 32 101 34 36 102 30 36 103 189 36 104 31 37 105 30 37 106 34 37 107 233 14 108 30 35 109 31 13 110 234 38 111 30 35 112 233 14 113 35 32 114 30 35 115 32 39 116 234 38 117 32 39 118 30 35 119 59 40 120 60 40 121 35 40 122 59 41 123 21 42 124 60 33 125 22 43 126 21 42 127 81 44 128 21 42 129 61 45 130 81 44 131 59 41 132 61 45 133 21 42 134 38 46 135 22 46 136 40 46 137 22 47 138 42 47 139 40 47 140 42 48 141 22 43 142 81 44 143 42 49 144 81 49 145 61 49 146 42 50 147 41 50 148 40 50 149 36 51 150 40 52 151 41 53 152 38 54 153 40 52 154 36 51 155 237 55 156 32 39 157 234 38 158 194 4 159 0 1 160 195 56 161 0 1 162 4 0 163 195 56 164 4 0 165 197 57 166 195 56 167 3 5 168 197 57 169 4 0 170 3 5 171 202 58 172 197 57 173 7 24 174 202 58 175 3 5 176 202 58 177 14 26 178 205 59 179 7 24 180 14 26 181 202 58 182 14 26 183 209 60 184 206 61 185 8 29 186 209 60 187 14 26 188 205 59 189 14 26 190 206 61 191 8 29 192 208 62 193 209 60 194 11 31 195 208 62 196 8 29 197 11 31 198 215 63 199 208 62 200 12 30 201 144 64 202 9 65 203 144 64 204 12 30 205 26 27 206 12 30 207 9 65 208 11 31 209 9 65 210 144 64 211 132 66 212 144 64 213 141 67 214 132 66 215 144 64 216 142 68 217 141 67 218 26 27 219 142 68 220 144 64 221 140 69 222 10 69 223 9 69 224 9 65 225 132 66 226 135 70 227 9 65 228 135 70 229 140 71 230 11 72 231 9 72 232 10 72 233 10 73 234 215 63 235 11 31 236 10 73 237 426 74 238 216 75 239 140 71 240 426 74 241 10 73 242 216 75 243 215 63 244 10 73 245 139 76 246 426 74 247 140 71 248 140 71 249 135 70 250 139 76 251 135 70 252 132 66 253 133 77 254 135 70 255 137 78 256 139 76 257 134 79 258 137 78 259 135 70 260 133 77 261 134 79 262 135 70 263 132 66 264 141 67 265 85 80 266 132 66 267 85 80 268 133 77 269 141 67 270 142 68 271 39 81 272 141 67 273 82 82 274 85 80 275 39 81 276 82 82 277 141 67 278 39 81 279 142 68 280 38 54 281 39 81 282 37 83 283 82 82 284 38 54 285 37 83 286 39 81 287 87 84 288 82 82 289 83 85 290 86 86 291 82 82 292 87 84 293 86 86 294 85 80 295 82 82 296 82 82 297 37 83 298 83 85 299 133 77 300 85 80 301 84 87 302 84 87 303 85 80 304 86 86 305 133 77 306 105 88 307 106 89 308 84 90 309 105 90 310 133 90 311 106 89 312 134 79 313 133 77 314 134 79 315 106 89 316 138 91 317 138 91 318 136 92 319 134 79 320 134 79 321 136 92 322 137 78 323 137 78 324 348 93 325 139 76 326 137 78 327 136 92 328 348 93 329 351 94 330 426 74 331 139 76 332 139 76 333 348 93 334 351 94 335 348 93 336 136 92 337 345 95 338 136 92 339 346 96 340 345 95 341 138 91 342 346 96 343 136 92 344 138 91 345 106 89 346 98 97 347 138 91 348 98 97 349 101 98 350 138 91 351 101 98 352 102 99 353 138 91 354 102 99 355 346 96 356 106 89 357 97 100 358 98 97 359 105 88 360 97 100 361 106 89 362 105 88 363 86 86 364 94 101 365 84 102 366 86 102 367 105 102 368 94 101 369 97 100 370 105 88 371 86 86 372 87 84 373 88 103 374 91 104 375 86 86 376 88 103 377 94 101 378 86 86 379 91 104 380 125 105 381 87 84 382 83 85 383 90 106 384 87 84 385 125 105 386 89 107 387 87 84 388 90 106 389 88 103 390 87 84 391 89 107 392 80 108 393 83 85 394 37 83 395 125 105 396 83 85 397 80 108 398 80 108 399 37 83 400 79 109 401 36 110 402 79 110 403 37 110 404 36 51 405 37 83 406 38 54 407 123 111 408 80 108 409 73 112 410 125 105 411 80 108 412 123 111 413 76 113 414 73 113 415 80 113 416 80 114 417 78 114 418 76 114 419 80 108 420 79 109 421 78 115 422 125 105 423 124 116 424 90 106 425 123 111 426 124 116 427 125 105 428 124 116 429 89 107 430 90 106 431 112 117 432 89 107 433 124 116 434 112 117 435 92 118 436 89 107 437 92 118 438 88 103 439 89 107 440 91 104 441 88 103 442 92 118 443 91 104 444 92 118 445 95 119 446 95 119 447 94 101 448 91 104 449 93 120 450 97 100 451 94 101 452 93 120 453 94 101 454 95 119 455 99 121 456 97 100 457 96 122 458 98 97 459 97 100 460 99 121 461 109 123 462 97 100 463 93 120 464 96 122 465 97 100 466 109 123 467 99 121 468 101 98 469 98 97 470 99 121 471 96 122 472 103 124 473 96 122 474 107 125 475 104 126 476 109 123 477 107 125 478 96 122 479 103 124 480 96 122 481 104 126 482 108 127 483 109 123 484 93 120 485 95 119 486 108 127 487 93 120 488 95 119 489 122 128 490 116 129 491 111 130 492 122 128 493 95 119 494 116 129 495 117 131 496 95 119 497 114 132 498 95 119 499 117 131 500 113 133 501 95 119 502 114 132 503 108 127 504 95 119 505 113 133 506 95 119 507 92 118 508 111 130 509 111 130 510 92 118 511 112 117 512 112 117 513 128 134 514 111 130 515 112 117 516 126 135 517 128 134 518 124 116 519 126 135 520 112 117 521 69 136 522 124 116 523 123 111 524 126 135 525 124 116 526 69 136 527 73 112 528 69 136 529 123 111 530 66 137 531 69 136 532 73 112 533 73 138 534 76 138 535 75 138 536 73 112 537 64 139 538 66 137 539 75 140 540 64 139 541 73 112 542 76 141 543 78 141 544 77 141 545 75 142 546 76 142 547 77 142 548 78 143 549 79 143 550 77 143 551 36 144 552 77 144 553 79 144 554 67 145 555 66 137 556 64 139 557 65 146 558 69 136 559 66 137 560 65 146 561 66 137 562 67 145 563 68 147 564 126 135 565 69 136 566 68 147 567 69 136 568 65 146 569 127 148 570 126 135 571 68 147 572 126 135 573 127 148 574 128 134 575 121 149 576 128 134 577 129 150 578 122 128 579 128 134 580 121 149 581 111 130 582 128 134 583 122 128 584 128 134 585 127 148 586 129 150 587 122 128 588 120 151 589 116 129 590 121 149 591 120 151 592 122 128 593 120 151 594 119 152 595 116 129 596 120 151 597 159 153 598 187 154 599 121 149 600 159 153 601 120 151 602 120 151 603 187 154 604 118 155 605 118 155 606 119 152 607 120 151 608 121 149 609 131 156 610 159 153 611 129 150 612 131 156 613 121 149 614 130 157 615 129 157 616 127 157 617 131 156 618 129 150 619 130 158 620 127 148 621 68 147 622 130 158 623 130 158 624 68 147 625 71 159 626 65 146 627 71 159 628 68 147 629 65 146 630 67 145 631 70 160 632 70 160 633 71 159 634 65 146 635 70 160 636 67 145 637 72 161 638 70 160 639 154 162 640 71 159 641 161 163 642 70 160 643 72 161 644 154 162 645 70 160 646 161 163 647 71 159 648 156 164 649 130 158 650 155 165 651 156 164 652 71 159 653 71 159 654 154 162 655 155 165 656 156 164 657 131 156 658 130 158 659 131 156 660 158 166 661 159 153 662 157 167 663 158 166 664 131 156 665 157 167 666 131 156 667 156 164 668 159 153 669 186 168 670 187 154 671 158 166 672 186 168 673 159 153 674 118 155 675 187 154 676 182 169 677 118 155 678 178 170 679 119 152 680 181 171 681 178 170 682 118 155 683 180 172 684 118 155 685 182 169 686 181 171 687 118 155 688 180 172 689 178 170 690 181 171 691 179 173 692 177 174 693 178 170 694 179 173 695 179 173 696 181 171 697 180 172 698 177 175 699 179 175 700 180 175 701 160 176 702 186 168 703 158 166 704 186 177 705 425 177 706 419 177 707 160 176 708 425 178 709 186 168 710 184 179 711 186 168 712 419 180 713 185 181 714 186 168 715 184 179 716 158 166 717 157 167 718 160 176 719 381 182 720 157 167 721 156 164 722 380 183 723 157 167 724 381 182 725 160 184 726 157 184 727 380 184 728 156 164 729 382 185 730 381 182 731 155 165 732 382 185 733 156 164 734 383 186 735 155 165 736 154 162 737 382 185 738 155 165 739 383 186 740 154 162 741 161 163 742 383 186 743 383 186 744 161 163 745 384 187 746 160 176 747 380 183 748 425 178 749 418 188 750 184 179 751 419 180 752 183 189 753 184 179 754 418 188 755 416 190 756 183 189 757 418 188 758 183 189 759 416 190 760 415 191 761 113 133 762 114 132 763 110 192 764 110 192 765 114 132 766 115 193 767 114 132 768 188 194 769 115 193 770 117 131 771 188 194 772 114 132 773 110 192 774 190 195 775 191 196 776 190 195 777 110 192 778 115 193 779 190 195 780 115 193 781 188 194 782 190 195 783 188 194 784 191 196 785 103 124 786 104 126 787 163 197 788 163 197 789 104 126 790 107 125 791 162 198 792 103 124 793 163 197 794 107 125 795 162 198 796 163 197 797 100 199 798 347 200 799 102 99 800 346 96 801 102 99 802 347 200 803 389 201 804 347 200 805 100 199 806 390 202 807 100 199 808 388 203 809 100 199 810 390 202 811 389 201 812 21 42 813 19 204 814 18 205 815 18 205 816 16 7 817 20 206 818 20 206 819 21 42 820 18 205 821 18 205 822 19 204 823 16 7 824 189 17 825 21 42 826 20 206 827 22 43 828 19 204 829 21 42 830 22 43 831 25 207 832 19 204 833 19 204 834 25 207 835 17 23 836 16 7 837 19 204 838 17 23 839 16 7 840 27 20 841 20 206 842 189 17 843 20 206 844 27 20 845 24 208 846 17 23 847 25 207 848 23 209 849 17 23 850 24 208 851 26 27 852 17 23 853 23 209 854 24 208 855 25 207 856 22 43 857 22 43 858 23 209 859 24 208 860 38 54 861 23 209 862 22 43 863 23 209 864 143 210 865 26 27 866 23 209 867 38 54 868 143 210 869 26 27 870 143 210 871 142 68 872 142 68 873 143 210 874 38 54 875 238 211 876 145 212 877 33 213 878 238 214 879 151 214 880 145 214 881 238 211 882 33 213 883 237 55 884 145 212 885 54 215 886 33 213 887 151 216 888 146 216 889 145 216 890 54 217 891 145 217 892 146 217 893 54 215 894 32 39 895 33 213 896 237 55 897 33 213 898 32 39 899 35 32 900 32 39 901 54 215 902 35 32 903 54 215 904 47 218 905 47 218 906 54 215 907 49 219 908 35 220 909 47 220 910 56 220 911 56 221 912 47 218 913 49 219 914 56 221 915 49 219 916 46 222 917 46 223 918 49 223 919 48 223 920 56 224 921 46 224 922 45 224 923 46 222 924 48 225 925 45 226 926 75 140 927 48 225 928 64 139 929 45 226 930 48 225 931 75 140 932 146 227 933 151 227 934 147 227 935 146 228 936 147 229 937 53 230 938 148 231 939 147 229 940 151 232 941 53 230 942 147 229 943 149 233 944 147 229 945 148 231 946 149 233 947 153 234 948 53 230 949 149 233 950 152 235 951 153 234 952 149 233 953 152 236 954 149 236 955 150 236 956 150 237 957 149 233 958 148 231 959 161 163 960 153 234 961 152 235 962 72 161 963 153 234 964 161 163 965 152 238 966 150 238 967 161 238 968 42 48 969 44 239 970 43 240 971 42 48 972 58 241 973 44 239 974 42 48 975 61 45 976 58 241 977 42 48 978 43 240 979 41 53 980 45 226 981 44 239 982 58 241 983 45 226 984 43 240 985 44 239 986 74 242 987 41 53 988 43 240 989 43 240 990 45 226 991 74 242 992 74 242 993 36 51 994 41 53 995 74 242 996 75 140 997 77 243 998 77 243 999 36 51 1000 74 242 1001 74 242 1002 45 226 1003 75 140 1004 45 226 1005 58 241 1006 56 221 1007 56 221 1008 58 241 1009 57 244 1010 58 241 1011 61 45 1012 57 244 1013 61 45 1014 59 41 1015 55 245 1016 55 245 1017 57 244 1018 61 45 1019 55 245 1020 56 221 1021 57 244 1022 55 245 1023 35 32 1024 56 221 1025 59 41 1026 35 32 1027 55 245 1028 62 246 1029 48 225 1030 50 247 1031 48 225 1032 63 248 1033 64 139 1034 62 246 1035 63 248 1036 48 225 1037 48 225 1038 49 219 1039 50 247 1040 153 234 1041 62 246 1042 50 247 1043 62 246 1044 153 234 1045 63 248 1046 50 247 1047 51 249 1048 153 234 1049 50 247 1050 49 219 1051 51 249 1052 54 215 1053 52 250 1054 49 219 1055 52 250 1056 51 249 1057 49 219 1058 153 234 1059 51 249 1060 53 230 1061 51 249 1062 52 250 1063 53 230 1064 63 248 1065 153 234 1066 72 161 1067 67 145 1068 63 248 1069 72 161 1070 63 248 1071 67 145 1072 64 139 1073 53 230 1074 52 250 1075 146 228 1076 54 215 1077 146 228 1078 52 250 1079 103 124 1080 100 199 1081 99 121 1082 99 121 1083 100 199 1084 101 98 1085 103 124 1086 388 203 1087 100 199 1088 103 124 1089 164 251 1090 388 203 1091 162 198 1092 164 251 1093 103 124 1094 101 252 1095 100 252 1096 102 252 1097 162 198 1098 191 196 1099 173 253 1100 107 125 1101 191 196 1102 162 198 1103 162 198 1104 173 253 1105 167 254 1106 162 198 1107 165 255 1108 164 251 1109 167 254 1110 165 255 1111 162 198 1112 165 255 1113 388 203 1114 164 251 1115 393 256 1116 388 203 1117 165 255 1118 165 255 1119 167 254 1120 166 257 1121 165 255 1122 166 257 1123 393 256 1124 167 254 1125 172 258 1126 168 259 1127 167 254 1128 173 253 1129 172 258 1130 166 257 1131 167 254 1132 168 259 1133 177 174 1134 173 253 1135 191 196 1136 174 260 1137 173 253 1138 177 174 1139 173 253 1140 174 260 1141 172 258 1142 188 194 1143 178 170 1144 191 196 1145 178 170 1146 177 174 1147 191 196 1148 107 125 1149 110 192 1150 191 196 1151 109 123 1152 110 192 1153 107 125 1154 110 192 1155 108 127 1156 113 133 1157 109 123 1158 108 127 1159 110 192 1160 119 152 1161 178 170 1162 188 194 1163 188 194 1164 117 131 1165 119 152 1166 116 129 1167 119 152 1168 117 131 1169 174 260 1170 417 261 1171 170 262 1172 176 263 1173 417 263 1174 174 263 1175 177 174 1176 176 264 1177 174 260 1178 172 258 1179 174 260 1180 170 262 1181 168 259 1182 172 258 1183 171 265 1184 170 262 1185 171 265 1186 172 258 1187 398 266 1188 428 267 1189 168 259 1190 168 259 1191 428 267 1192 166 257 1193 171 265 1194 398 266 1195 168 259 1196 166 257 1197 428 267 1198 391 268 1199 393 256 1200 166 257 1201 391 268 1202 398 266 1203 171 265 1204 170 262 1205 169 269 1206 398 266 1207 170 262 1208 169 269 1209 399 270 1210 398 266 1211 417 261 1212 169 269 1213 170 262 1214 169 269 1215 417 261 1216 399 270 1217 417 261 1218 176 264 1219 413 271 1220 176 264 1221 415 191 1222 413 271 1223 175 272 1224 415 191 1225 176 264 1226 175 272 1227 176 264 1228 177 174 1229 177 174 1230 180 172 1231 175 272 1232 175 272 1233 180 172 1234 183 189 1235 175 272 1236 183 189 1237 415 191 1238 180 172 1239 182 169 1240 183 189 1241 185 181 1242 183 189 1243 182 169 1244 184 179 1245 183 189 1246 185 181 1247 187 154 1248 185 181 1249 182 169 1250 186 168 1251 185 181 1252 187 154 1253 150 237 1254 366 273 1255 364 274 1256 364 274 1257 365 275 1258 150 237 1259 384 187 1260 150 237 1261 365 275 1262 161 163 1263 150 237 1264 384 187 1265 148 231 1266 366 273 1267 150 237 1268 366 273 1269 148 231 1270 367 276 1271 148 231 1272 368 277 1273 367 276 1274 151 232 1275 368 277 1276 148 231 1277 368 277 1278 151 232 1279 238 211 1280 201 278 1281 200 279 1282 196 280 1283 200 279 1284 192 281 1285 196 280 1286 196 280 1287 192 281 1288 194 4 1289 198 282 1290 200 279 1291 201 278 1292 199 283 1293 220 284 1294 200 279 1295 200 285 1296 220 285 1297 192 285 1298 199 283 1299 200 279 1300 198 282 1301 193 286 1302 192 286 1303 229 286 1304 229 287 1305 192 287 1306 230 287 1307 230 288 1308 192 288 1309 220 288 1310 194 4 1311 192 281 1312 193 289 1313 194 4 1314 231 290 1315 233 14 1316 193 289 1317 231 290 1318 194 4 1319 231 291 1320 193 291 1321 229 291 1322 239 292 1323 229 293 1324 228 294 1325 231 295 1326 229 295 1327 239 295 1328 227 296 1329 229 293 1330 230 297 1331 227 296 1332 228 294 1333 229 293 1334 227 298 1335 230 298 1336 220 298 1337 220 284 1338 199 283 1339 218 299 1340 203 300 1341 199 283 1342 198 282 1343 218 299 1344 199 283 1345 217 301 1346 203 300 1347 204 302 1348 199 283 1349 204 302 1350 217 301 1351 199 283 1352 218 299 1353 214 303 1354 223 304 1355 214 303 1356 218 299 1357 217 301 1358 204 302 1359 214 303 1360 217 301 1361 213 305 1362 214 303 1363 204 302 1364 223 304 1365 214 303 1366 210 306 1367 213 305 1368 210 306 1369 214 303 1370 207 307 1371 210 306 1372 213 305 1373 228 294 1374 263 308 1375 262 309 1376 228 310 1377 264 310 1378 263 310 1379 228 294 1380 262 309 1381 232 311 1382 239 312 1383 228 312 1384 232 312 1385 231 313 1386 239 313 1387 232 313 1388 231 290 1389 232 311 1390 233 14 1391 233 14 1392 232 311 1393 234 38 1394 232 311 1395 262 309 1396 235 314 1397 235 314 1398 234 38 1399 232 311 1400 261 315 1401 262 315 1402 263 315 1403 261 316 1404 263 308 1405 264 317 1406 286 318 1407 285 319 1408 264 317 1409 264 317 1410 285 319 1411 265 320 1412 261 316 1413 264 317 1414 265 320 1415 354 321 1416 244 321 1417 286 321 1418 286 322 1419 244 322 1420 245 322 1421 245 323 1422 285 319 1423 286 318 1424 245 324 1425 265 324 1426 285 324 1427 245 325 1428 244 325 1429 243 325 1430 242 326 1431 244 327 1432 354 328 1433 243 329 1434 244 327 1435 242 326 1436 237 55 1437 234 38 1438 235 314 1439 194 4 1440 195 56 1441 196 280 1442 196 280 1443 195 56 1444 201 278 1445 195 56 1446 197 57 1447 201 278 1448 201 278 1449 197 57 1450 198 282 1451 197 57 1452 202 58 1453 198 282 1454 198 282 1455 202 58 1456 203 300 1457 204 302 1458 202 58 1459 205 59 1460 203 300 1461 202 58 1462 204 302 1463 209 60 1464 204 302 1465 206 61 1466 213 305 1467 204 302 1468 209 60 1469 205 59 1470 206 61 1471 204 302 1472 208 62 1473 213 305 1474 209 60 1475 207 307 1476 213 305 1477 208 62 1478 207 307 1479 208 62 1480 215 63 1481 211 330 1482 356 331 1483 210 306 1484 356 331 1485 223 304 1486 210 306 1487 210 306 1488 207 307 1489 211 330 1490 350 332 1491 211 332 1492 212 332 1493 339 333 1494 356 331 1495 211 330 1496 211 330 1497 340 334 1498 339 333 1499 211 330 1500 350 335 1501 340 334 1502 211 336 1503 207 336 1504 212 336 1505 356 331 1506 339 333 1507 352 337 1508 353 338 1509 356 331 1510 352 337 1511 223 304 1512 356 331 1513 353 338 1514 352 337 1515 339 333 1516 289 339 1517 339 333 1518 340 334 1519 338 340 1520 338 340 1521 289 339 1522 339 333 1523 340 334 1524 350 335 1525 349 341 1526 340 334 1527 342 342 1528 341 343 1529 349 341 1530 342 342 1531 340 334 1532 340 334 1533 341 343 1534 338 340 1535 350 335 1536 212 344 1537 426 74 1538 350 335 1539 426 74 1540 349 341 1541 426 74 1542 212 344 1543 216 75 1544 215 63 1545 212 344 1546 207 307 1547 216 75 1548 212 344 1549 215 63 1550 349 341 1551 426 74 1552 351 94 1553 349 341 1554 348 93 1555 342 342 1556 351 94 1557 348 93 1558 349 341 1559 342 342 1560 348 93 1561 343 345 1562 341 343 1563 342 342 1564 343 345 1565 341 343 1566 344 346 1567 311 347 1568 344 346 1569 341 343 1570 343 345 1571 338 340 1572 341 343 1573 311 347 1574 338 348 1575 310 348 1576 291 348 1577 311 347 1578 310 349 1579 338 340 1580 291 350 1581 289 339 1582 338 340 1583 289 339 1584 288 351 1585 352 337 1586 290 352 1587 289 339 1588 291 350 1589 288 351 1590 289 339 1591 290 352 1592 352 337 1593 240 353 1594 353 338 1595 352 337 1596 288 351 1597 240 353 1598 353 338 1599 240 353 1600 354 328 1601 288 351 1602 241 354 1603 240 353 1604 240 353 1605 241 354 1606 354 328 1607 292 355 1608 288 351 1609 290 352 1610 287 356 1611 288 351 1612 292 355 1613 287 356 1614 241 354 1615 288 351 1616 290 352 1617 310 349 1618 300 357 1619 291 358 1620 310 358 1621 290 358 1622 290 352 1623 293 359 1624 292 355 1625 290 352 1626 296 360 1627 293 359 1628 300 357 1629 296 360 1630 290 352 1631 311 347 1632 302 361 1633 310 349 1634 310 349 1635 302 361 1636 300 357 1637 311 347 1638 344 346 1639 303 362 1640 303 362 1641 302 361 1642 311 347 1643 344 346 1644 304 363 1645 303 362 1646 344 346 1647 307 364 1648 304 363 1649 344 346 1650 346 96 1651 307 364 1652 343 345 1653 346 96 1654 344 346 1655 343 345 1656 348 93 1657 345 95 1658 345 95 1659 346 96 1660 343 345 1661 307 364 1662 346 96 1663 347 200 1664 347 200 1665 306 365 1666 307 364 1667 389 201 1668 306 365 1669 347 200 1670 390 202 1671 388 203 1672 306 365 1673 306 365 1674 389 201 1675 390 202 1676 305 366 1677 303 362 1678 304 363 1679 305 366 1680 302 361 1681 303 362 1682 300 357 1683 302 361 1684 298 367 1685 301 368 1686 302 361 1687 305 366 1688 302 361 1689 315 369 1690 298 367 1691 301 368 1692 315 369 1693 302 361 1694 300 357 1695 299 370 1696 296 360 1697 298 367 1698 299 370 1699 300 357 1700 296 360 1701 299 370 1702 297 371 1703 296 360 1704 297 371 1705 293 359 1706 293 359 1707 297 371 1708 294 372 1709 293 359 1710 294 372 1711 292 355 1712 330 373 1713 292 355 1714 295 374 1715 287 356 1716 292 355 1717 330 373 1718 292 355 1719 294 372 1720 295 374 1721 284 375 1722 287 356 1723 330 373 1724 241 354 1725 287 356 1726 284 375 1727 284 375 1728 283 376 1729 241 354 1730 242 377 1731 241 377 1732 283 377 1733 354 328 1734 241 354 1735 242 326 1736 331 378 1737 284 375 1738 330 373 1739 277 379 1740 284 375 1741 331 378 1742 281 380 1743 284 380 1744 277 380 1745 284 381 1746 281 381 1747 282 381 1748 284 375 1749 282 382 1750 283 376 1751 330 373 1752 329 383 1753 331 378 1754 295 374 1755 329 383 1756 330 373 1757 295 374 1758 294 372 1759 329 383 1760 329 383 1761 294 372 1762 318 384 1763 294 372 1764 297 371 1765 318 384 1766 318 384 1767 297 371 1768 317 385 1769 299 370 1770 317 385 1771 297 371 1772 299 370 1773 327 386 1774 317 385 1775 323 387 1776 327 386 1777 299 370 1778 323 387 1779 299 370 1780 322 388 1781 320 389 1782 322 388 1783 299 370 1784 319 390 1785 320 389 1786 299 370 1787 316 391 1788 319 390 1789 299 370 1790 299 370 1791 298 367 1792 316 391 1793 316 391 1794 298 367 1795 315 369 1796 315 369 1797 301 368 1798 312 392 1799 312 392 1800 301 368 1801 308 393 1802 309 394 1803 301 368 1804 305 366 1805 308 393 1806 301 368 1807 309 394 1808 386 395 1809 312 392 1810 308 393 1811 312 392 1812 386 395 1813 385 396 1814 309 394 1815 386 395 1816 308 393 1817 385 396 1818 386 395 1819 309 394 1820 314 397 1821 320 389 1822 319 390 1823 321 398 1824 320 389 1825 314 397 1826 320 389 1827 424 399 1828 322 388 1829 321 398 1830 424 399 1831 320 389 1832 314 397 1833 313 400 1834 427 401 1835 427 401 1836 321 398 1837 314 397 1838 427 401 1839 424 399 1840 321 398 1841 427 401 1842 313 400 1843 424 399 1844 323 387 1845 325 402 1846 327 386 1847 323 387 1848 324 403 1849 325 402 1850 327 386 1851 328 404 1852 335 405 1853 335 405 1854 317 385 1855 327 386 1856 327 386 1857 325 402 1858 328 404 1859 318 384 1860 317 385 1861 335 405 1862 318 384 1863 332 406 1864 329 383 1865 335 405 1866 332 406 1867 318 384 1868 329 383 1869 273 407 1870 331 378 1871 332 406 1872 273 407 1873 329 383 1874 331 378 1875 273 407 1876 277 379 1877 277 379 1878 273 407 1879 271 408 1880 332 406 1881 274 409 1882 273 407 1883 272 410 1884 273 407 1885 274 409 1886 271 408 1887 273 407 1888 272 410 1889 334 411 1890 274 409 1891 332 406 1892 335 405 1893 334 411 1894 332 406 1895 335 405 1896 328 404 1897 333 412 1898 333 412 1899 334 411 1900 335 405 1901 337 413 1902 328 404 1903 377 414 1904 333 412 1905 328 404 1906 337 413 1907 325 402 1908 377 414 1909 328 404 1910 423 415 1911 377 414 1912 325 402 1913 325 402 1914 326 416 1915 423 415 1916 325 402 1917 324 403 1918 326 416 1919 407 417 1920 326 416 1921 324 403 1922 423 415 1923 326 416 1924 412 418 1925 410 419 1926 326 416 1927 407 417 1928 326 416 1929 411 420 1930 412 418 1931 410 419 1932 411 420 1933 326 416 1934 422 421 1935 377 414 1936 423 415 1937 378 422 1938 377 414 1939 422 421 1940 377 414 1941 378 422 1942 337 413 1943 337 413 1944 378 422 1945 376 423 1946 337 413 1947 375 424 1948 336 425 1949 376 423 1950 375 424 1951 337 413 1952 337 413 1953 336 425 1954 333 412 1955 333 426 1956 336 426 1957 334 426 1958 334 411 1959 336 425 1960 274 409 1961 274 409 1962 336 425 1963 275 427 1964 274 409 1965 275 427 1966 272 410 1967 272 410 1968 276 428 1969 269 429 1970 272 410 1971 275 427 1972 276 428 1973 269 429 1974 271 408 1975 272 410 1976 271 408 1977 270 430 1978 277 379 1979 270 430 1980 271 408 1981 269 429 1982 269 429 1983 276 428 1984 268 431 1985 276 428 1986 275 427 1987 373 432 1988 372 433 1989 276 428 1990 373 432 1991 268 431 1992 276 428 1993 372 433 1994 275 427 1995 375 424 1996 374 434 1997 336 425 1998 375 424 1999 275 427 2000 373 432 2001 275 427 2002 374 434 2003 375 424 2004 382 185 2005 374 434 2006 381 182 2007 382 185 2008 375 424 2009 376 423 2010 381 182 2011 375 424 2012 380 183 2013 381 182 2014 376 423 2015 379 435 2016 380 435 2017 376 435 2018 378 422 2019 379 436 2020 376 423 2021 379 436 2022 378 422 2023 422 421 2024 422 437 2025 419 437 2026 425 437 2027 379 436 2028 422 421 2029 425 178 2030 422 421 2031 420 438 2032 419 180 2033 421 439 2034 420 438 2035 422 421 2036 379 436 2037 425 178 2038 380 183 2039 420 438 2040 418 188 2041 419 180 2042 414 440 2043 418 188 2044 420 438 2045 416 190 2046 418 188 2047 414 440 2048 414 440 2049 415 191 2050 416 190 2051 383 186 2052 374 434 2053 382 185 2054 373 432 2055 374 434 2056 383 186 2057 373 432 2058 383 186 2059 372 433 2060 372 433 2061 383 186 2062 384 187 2063 277 441 2064 278 441 2065 281 441 2066 277 379 2067 270 430 2068 278 442 2069 278 443 2070 280 443 2071 281 443 2072 281 444 2073 280 444 2074 282 444 2075 242 445 2076 283 445 2077 280 445 2078 282 446 2079 280 446 2080 283 446 2081 408 447 2082 411 420 2083 410 419 2084 409 448 2085 411 448 2086 408 448 2087 407 417 2088 408 447 2089 410 419 2090 409 449 2091 408 447 2092 407 417 2093 219 450 2094 218 299 2095 226 451 2096 225 452 2097 226 451 2098 218 299 2099 218 299 2100 224 453 2101 225 452 2102 223 304 2103 224 453 2104 218 299 2105 218 299 2106 219 450 2107 220 284 2108 286 318 2109 219 450 2110 226 451 2111 264 317 2112 219 450 2113 286 318 2114 221 454 2115 219 450 2116 264 317 2117 220 284 2118 219 450 2119 221 454 2120 225 452 2121 286 318 2122 226 451 2123 225 452 2124 224 453 2125 286 318 2126 286 318 2127 224 453 2128 354 328 2129 224 453 2130 223 304 2131 355 455 2132 224 453 2133 355 455 2134 354 328 2135 223 304 2136 353 338 2137 355 455 2138 353 338 2139 354 328 2140 355 455 2141 221 454 2142 222 456 2143 220 284 2144 222 456 2145 221 454 2146 264 317 2147 220 284 2148 222 456 2149 227 296 2150 228 294 2151 222 456 2152 264 317 2153 228 294 2154 227 296 2155 222 456 2156 235 314 2157 257 457 2158 236 458 2159 262 309 2160 257 457 2161 235 314 2162 235 314 2163 236 458 2164 237 55 2165 357 459 2166 236 458 2167 257 457 2168 257 460 2169 358 460 2170 357 460 2171 262 309 2172 252 461 2173 257 457 2174 252 461 2175 250 462 2176 257 457 2177 238 211 2178 236 458 2179 357 459 2180 237 55 2181 236 458 2182 238 211 2183 238 463 2184 357 463 2185 369 463 2186 369 464 2187 357 464 2188 358 464 2189 358 465 2190 360 465 2191 369 465 2192 358 466 2193 359 467 2194 360 468 2195 362 469 2196 369 470 2197 360 468 2198 359 467 2199 361 471 2200 360 468 2201 360 468 2202 361 471 2203 362 469 2204 371 472 2205 361 471 2206 359 467 2207 370 473 2208 361 471 2209 371 472 2210 370 474 2211 363 474 2212 361 474 2213 363 475 2214 362 469 2215 361 471 2216 371 472 2217 372 433 2218 370 473 2219 268 431 2220 372 433 2221 371 472 2222 370 476 2223 372 476 2224 363 476 2225 251 477 2226 250 462 2227 252 461 2228 251 477 2229 249 478 2230 250 462 2231 249 479 2232 253 479 2233 250 479 2234 262 480 2235 251 480 2236 252 480 2237 251 481 2238 247 481 2239 249 481 2240 249 478 2241 247 482 2242 253 483 2243 253 483 2244 278 442 2245 270 430 2246 247 482 2247 278 442 2248 253 483 2249 245 323 2250 246 484 2251 248 485 2252 245 323 2253 248 485 2254 260 486 2255 245 323 2256 260 486 2257 265 320 2258 245 323 2259 243 329 2260 246 484 2261 279 487 2262 246 484 2263 243 329 2264 246 484 2265 279 487 2266 247 482 2267 247 482 2268 248 485 2269 246 484 2270 247 482 2271 260 486 2272 248 485 2273 260 486 2274 251 477 2275 259 488 2276 247 482 2277 251 477 2278 260 486 2279 265 320 2280 260 486 2281 259 488 2282 265 320 2283 258 489 2284 261 316 2285 258 489 2286 265 320 2287 259 488 2288 258 489 2289 259 488 2290 251 477 2291 258 489 2292 251 477 2293 262 309 2294 261 316 2295 258 489 2296 262 309 2297 247 482 2298 279 487 2299 278 442 2300 279 487 2301 280 490 2302 278 442 2303 242 326 2304 279 487 2305 243 329 2306 280 490 2307 279 487 2308 242 326 2309 266 491 2310 254 492 2311 253 483 2312 267 493 2313 253 483 2314 270 430 2315 266 491 2316 253 483 2317 267 493 2318 253 483 2319 254 492 2320 250 462 2321 371 472 2322 254 492 2323 266 491 2324 267 493 2325 371 472 2326 266 491 2327 371 472 2328 255 494 2329 254 492 2330 250 462 2331 254 492 2332 255 494 2333 257 457 2334 250 462 2335 256 495 2336 256 495 2337 250 462 2338 255 494 2339 359 467 2340 255 494 2341 371 472 2342 255 494 2343 359 467 2344 256 495 2345 268 431 2346 371 472 2347 267 493 2348 269 429 2349 268 431 2350 267 493 2351 267 493 2352 270 430 2353 269 429 2354 359 467 2355 358 466 2356 256 495 2357 257 457 2358 256 495 2359 358 466 2360 309 394 2361 305 366 2362 306 365 2363 305 366 2364 304 363 2365 306 365 2366 309 394 2367 306 365 2368 388 203 2369 309 394 2370 388 203 2371 387 496 2372 385 396 2373 309 394 2374 387 496 2375 306 497 2376 304 497 2377 307 497 2378 385 396 2379 313 400 2380 312 392 2381 403 498 2382 313 400 2383 385 396 2384 385 396 2385 396 499 2386 403 498 2387 385 396 2388 394 500 2389 396 499 2390 387 496 2391 394 500 2392 385 396 2393 388 203 2394 394 500 2395 387 496 2396 393 256 2397 394 500 2398 388 203 2399 394 500 2400 392 501 2401 396 499 2402 393 256 2403 392 501 2404 394 500 2405 395 502 2406 401 503 2407 396 499 2408 403 498 2409 396 499 2410 401 503 2411 392 501 2412 395 502 2413 396 499 2414 409 449 2415 403 498 2416 404 504 2417 313 400 2418 403 498 2419 409 449 2420 403 498 2421 401 503 2422 404 504 2423 424 399 2424 313 400 2425 407 417 2426 407 417 2427 313 400 2428 409 449 2429 313 400 2430 314 397 2431 312 392 2432 312 392 2433 314 397 2434 315 369 2435 316 391 2436 314 397 2437 319 390 2438 315 369 2439 314 397 2440 316 391 2441 324 403 2442 424 399 2443 407 417 2444 424 399 2445 324 403 2446 322 388 2447 323 387 2448 322 388 2449 324 403 2450 417 261 2451 404 504 2452 400 505 2453 405 506 2454 404 506 2455 417 506 2456 404 504 2457 405 507 2458 409 449 2459 404 504 2460 401 503 2461 400 505 2462 402 508 2463 401 503 2464 395 502 2465 401 503 2466 402 508 2467 400 505 2468 398 266 2469 395 502 2470 428 267 2471 392 501 2472 428 267 2473 395 502 2474 402 508 2475 395 502 2476 398 266 2477 391 268 2478 428 267 2479 392 501 2480 391 268 2481 392 501 2482 393 256 2483 400 505 2484 402 508 2485 398 266 2486 397 509 2487 400 505 2488 398 266 2489 397 509 2490 398 266 2491 399 270 2492 417 261 2493 400 505 2494 397 509 2495 397 509 2496 399 270 2497 417 261 2498 417 261 2499 413 271 2500 405 507 2501 415 191 2502 405 507 2503 413 271 2504 406 510 2505 405 507 2506 415 191 2507 409 449 2508 405 507 2509 406 510 2510 409 449 2511 406 510 2512 411 420 2513 406 510 2514 414 440 2515 411 420 2516 406 510 2517 415 191 2518 414 440 2519 411 420 2520 414 440 2521 412 418 2522 414 440 2523 421 439 2524 412 418 2525 420 438 2526 421 439 2527 414 440 2528 421 439 2529 423 415 2530 412 418 2531 422 421 2532 423 415 2533 421 439 2534 366 273 2535 363 475 2536 364 274 2537 364 274 2538 363 475 2539 365 275 2540 366 273 2541 367 276 2542 362 469 2543 362 469 2544 363 475 2545 366 273 2546 363 475 2547 384 187 2548 365 275 2549 372 433 2550 384 187 2551 363 475 2552 362 469 2553 368 277 2554 369 470 2555 367 276 2556 368 277 2557 362 469 2558 368 277 2559 238 211 2560 369 470 2561</p>
        </triangles>
      </mesh>
    </geometry>
  </library_geometries>
  <library_controllers>
    <controller id="model-armature_missileShape-skin" name="model-armature">
      <skin source="#missileShape-mesh">
        <bind_shape_matrix>1 0 0 0 0 1 0 0 0 0 1 0 0 0 0 1</bind_shape_matrix>
        <source id="model-armature_missileShape-skin-joints">
          <Name_array id="model-armature_missileShape-skin-joints-array" count="2">Rot RotX</Name_array>
          <technique_common>
            <accessor source="#model-armature_missileShape-skin-joints-array" count="2" stride="1">
              <param name="JOINT" type="name"/>
            </accessor>
          </technique_common>
        </source>
        <source id="model-armature_missileShape-skin-bind_poses">
          <float_array id="model-armature_missileShape-skin-bind_poses-array" count="32">1 0 0 0 0 -1.62921e-7 1 0 0 -1 -1.62921e-7 0 0 0 0 1 1 0 0 0 0 -1.62921e-7 1 0 0 -1 -1.62921e-7 0 0 0 0 1</float_array>
          <technique_common>
            <accessor source="#model-armature_missileShape-skin-bind_poses-array" count="2" stride="16">
              <param name="TRANSFORM" type="float4x4"/>
            </accessor>
          </technique_common>
        </source>
        <source id="model-armature_missileShape-skin-weights">
          <float_array id="model-armature_missileShape-skin-weights-array" count="429">1 1 1 1 1 1 1 1 1 1 1 1 1 1 1 1 1 1 1 1 1 1 1 1 1 1 1 1 1 1 1 1 1 1 1 1 1 1 1 1 1 1 1 1 1 1 1 1 1 1 1 1 1 1 1 1 1 1 1 1 1 1 1 1 1 1 1 1 1 1 1 1 1 1 1 1 1 1 1 1 1 1 1 1 1 1 1 1 1 1 1 1 1 1 1 1 1 1 1 1 1 1 1 1 1 1 1 1 1 1 1 1 1 1 1 1 1 1 1 1 1 1 1 1 1 1 1 1 1 1 1 1 1 1 1 1 1 1 1 1 1 1 1 1 1 1 1 1 1 1 1 1 1 1 1 1 1 1 1 1 1 1 1 1 1 1 1 1 1 1 1 1 1 1 1 1 1 1 1 1 1 1 1 1 1 1 1 1 1 1 1 1 1 1 1 1 1 1 1 1 1 1 1 1 1 1 1 1 1 1 1 1 1 1 1 1 1 1 1 1 1 1 1 1 1 1 1 1 1 1 1 1 1 1 1 1 1 1 1 1 1 1 1 1 1 1 1 1 1 1 1 1 1 1 1 1 1 1 1 1 1 1 1 1 1 1 1 1 1 1 1 1 1 1 1 1 1 1 1 1 1 1 1 1 1 1 1 1 1 1 1 1 1 1 1 1 1 1 1 1 1 1 1 1 1 1 1 1 1 1 1 1 1 1 1 1 1 1 1 1 1 1 1 1 1 1 1 1 1 1 1 1 1 1 1 1 1 1 1 1 1 1 1 1 1 1 1 1 1 1 1 1 1 1 1 1 1 1 1 1 1 1 1 1 1 1 1 1 1 1 1 1 1 1 1 1 1 1 1 1 1 1 1 1 1 1 1 1 1 1 1 1 1 1 1 1 1 1 1 1 1 1 1 1 1 1 1 1 1 1 1 1 1 1 1 1 1 1 1 1 1 1 1 1 1 1 1 1 1</float_array>
          <technique_common>
            <accessor source="#model-armature_missileShape-skin-weights-array" count="429" stride="1">
              <param name="WEIGHT" type="float"/>
            </accessor>
          </technique_common>
        </source>
        <joints>
          <input semantic="JOINT" source="#model-armature_missileShape-skin-joints"/>
          <input semantic="INV_BIND_MATRIX" source="#model-armature_missileShape-skin-bind_poses"/>
        </joints>
        <vertex_weights count="429">
          <input semantic="JOINT" source="#model-armature_missileShape-skin-joints" offset="0"/>
          <input semantic="WEIGHT" source="#model-armature_missileShape-skin-weights" offset="1"/>
          <vcount>1 1 1 1 1 1 1 1 1 1 1 1 1 1 1 1 1 1 1 1 1 1 1 1 1 1 1 1 1 1 1 1 1 1 1 1 1 1 1 1 1 1 1 1 1 1 1 1 1 1 1 1 1 1 1 1 1 1 1 1 1 1 1 1 1 1 1 1 1 1 1 1 1 1 1 1 1 1 1 1 1 1 1 1 1 1 1 1 1 1 1 1 1 1 1 1 1 1 1 1 1 1 1 1 1 1 1 1 1 1 1 1 1 1 1 1 1 1 1 1 1 1 1 1 1 1 1 1 1 1 1 1 1 1 1 1 1 1 1 1 1 1 1 1 1 1 1 1 1 1 1 1 1 1 1 1 1 1 1 1 1 1 1 1 1 1 1 1 1 1 1 1 1 1 1 1 1 1 1 1 1 1 1 1 1 1 1 1 1 1 1 1 1 1 1 1 1 1 1 1 1 1 1 1 1 1 1 1 1 1 1 1 1 1 1 1 1 1 1 1 1 1 1 1 1 1 1 1 1 1 1 1 1 1 1 1 1 1 1 1 1 1 1 1 1 1 1 1 1 1 1 1 1 1 1 1 1 1 1 1 1 1 1 1 1 1 1 1 1 1 1 1 1 1 1 1 1 1 1 1 1 1 1 1 1 1 1 1 1 1 1 1 1 1 1 1 1 1 1 1 1 1 1 1 1 1 1 1 1 1 1 1 1 1 1 1 1 1 1 1 1 1 1 1 1 1 1 1 1 1 1 1 1 1 1 1 1 1 1 1 1 1 1 1 1 1 1 1 1 1 1 1 1 1 1 1 1 1 1 1 1 1 1 1 1 1 1 1 1 1 1 1 1 1 1 1 1 1 1 1 1 1 1 1 1 1 1 1 1 1 1 1 1 1 1 1 1 1 1 1 1 1 1 1 1 1 1 1 1 1 1 1 1 1 1 1 1 1 1 1 1 1 1 1 1 1 1 1 1 </vcount>
          <v>1 0 1 1 1 2 1 3 1 4 1 5 1 6 1 7 1 8 1 9 1 10 1 11 1 12 1 13 1 14 1 15 1 16 1 17 1 18 1 19 1 20 1 21 1 22 1 23 1 24 1 25 1 26 1 27 1 28 1 29 1 30 1 31 1 32 1 33 1 34 1 35 1 36 1 37 1 38 1 39 1 40 1 41 1 42 1 43 1 44 1 45 1 46 1 47 1 48 1 49 1 50 1 51 1 52 1 53 1 54 1 55 1 56 1 57 1 58 1 59 1 60 1 61 1 62 1 63 1 64 1 65 1 66 1 67 1 68 1 69 1 70 1 71 1 72 1 73 1 74 1 75 1 76 1 77 1 78 1 79 1 80 1 81 1 82 1 83 1 84 1 85 1 86 1 87 1 88 1 89 1 90 1 91 1 92 1 93 1 94 1 95 1 96 1 97 1 98 1 99 1 100 1 101 1 102 1 103 1 104 1 105 1 106 1 107 1 108 1 109 1 110 1 111 1 112 1 113 1 114 1 115 1 116 1 117 1 118 1 119 1 120 1 121 1 122 1 123 1 124 1 125 1 126 1 127 1 128 1 129 1 130 1 131 1 132 1 133 1 134 1 135 1 136 1 137 1 138 1 139 1 140 1 141 1 142 1 143 1 144 1 145 1 146 1 147 1 148 1 149 1 150 1 151 1 152 1 153 1 154 1 155 1 156 1 157 1 158 1 159 1 160 1 161 1 162 1 163 1 164 1 165 1 166 1 167 1 168 1 169 1 170 1 171 1 172 1 173 1 174 1 175 1 176 1 177 1 178 1 179 1 180 1 181 1 182 1 183 1 184 1 185 1 186 1 187 1 188 1 189 1 190 1 191 1 192 1 193 1 194 1 195 1 196 1 197 1 198 1 199 1 200 1 201 1 202 1 203 1 204 1 205 1 206 1 207 1 208 1 209 1 210 1 211 1 212 1 213 1 214 1 215 1 216 1 217 1 218 1 219 1 220 1 221 1 222 1 223 1 224 1 225 1 226 1 227 1 228 1 229 1 230 1 231 1 232 1 233 1 234 1 235 1 236 1 237 1 238 1 239 1 240 1 241 1 242 1 243 1 244 1 245 1 246 1 247 1 248 1 249 1 250 1 251 1 252 1 253 1 254 1 255 1 256 1 257 1 258 1 259 1 260 1 261 1 262 1 263 1 264 1 265 1 266 1 267 1 268 1 269 1 270 1 271 1 272 1 273 1 274 1 275 1 276 1 277 1 278 1 279 1 280 1 281 1 282 1 283 1 284 1 285 1 286 1 287 1 288 1 289 1 290 1 291 1 292 1 293 1 294 1 295 1 296 1 297 1 298 1 299 1 300 1 301 1 302 1 303 1 304 1 305 1 306 1 307 1 308 1 309 1 310 1 311 1 312 1 313 1 314 1 315 1 316 1 317 1 318 1 319 1 320 1 321 1 322 1 323 1 324 1 325 1 326 1 327 1 328 1 329 1 330 1 331 1 332 1 333 1 334 1 335 1 336 1 337 1 338 1 339 1 340 1 341 1 342 1 343 1 344 1 345 1 346 1 347 1 348 1 349 1 350 1 351 1 352 1 353 1 354 1 355 1 356 1 357 1 358 1 359 1 360 1 361 1 362 1 363 1 364 1 365 1 366 1 367 1 368 1 369 1 370 1 371 1 372 1 373 1 374 1 375 1 376 1 377 1 378 1 379 1 380 1 381 1 382 1 383 1 384 1 385 1 386 1 387 1 388 1 389 1 390 1 391 1 392 1 393 1 394 1 395 1 396 1 397 1 398 1 399 1 400 1 401 1 402 1 403 1 404 1 405 1 406 1 407 1 408 1 409 1 410 1 411 1 412 1 413 1 414 1 415 1 416 1 417 1 418 1 419 1 420 1 421 1 422 1 423 1 424 1 425 1 426 1 427 1 428</v>
        </vertex_weights>
      </skin>
    </controller>
  </library_controllers>
  <library_visual_scenes>
    <visual_scene id="Scene" name="Scene">
      <node id="model-armature" name="model-armature" type="NODE">
        <matrix sid="transform">1 0 0 0 0 -1.62921e-7 -1 0 0 1 -1.62921e-7 0 0 0 0 1</matrix>
        <node id="model-armature_Rot" name="Rot" sid="Rot" type="JOINT">
          <matrix sid="transform">1 0 0 0 0 1 0 0 0 0 1 0 0 0 0 1</matrix>
          <node id="model-armature_RotX" name="RotX" sid="RotX" type="JOINT">
            <matrix sid="transform">1 0 0 0 0 1 0 0 0 0 1 0 0 0 0 1</matrix>
            <extra>
              <technique profile="blender">
                <layer sid="layer" type="string">0</layer>
                <tip_x sid="tip_x" type="float">0</tip_x>
                <tip_y sid="tip_y" type="float">9.99987e-4</tip_y>
                <tip_z sid="tip_z" type="float">0</tip_z>
              </technique>
            </extra>
          </node>
          <extra>
            <technique profile="blender">
              <layer sid="layer" type="string">0</layer>
              <tip_x sid="tip_x" type="float">0</tip_x>
              <tip_y sid="tip_y" type="float">9.99987e-4</tip_y>
              <tip_z sid="tip_z" type="float">0</tip_z>
            </technique>
          </extra>
        </node>
        <node id="missileShape" name="missileShape" type="NODE">
          <matrix sid="transform">1 0 0 0 0 1 0 0 0 0 1 0 0 0 0 1</matrix>
          <instance_controller url="#model-armature_missileShape-skin">
            <skeleton>#model-armature_Rot</skeleton>
            <bind_material>
              <technique_common>
                <instance_material symbol="met_missile_001-material" target="#met_missile_001-material">
                  <bind_vertex_input semantic="missileShape-mesh-map-0" input_semantic="TEXCOORD" input_set="0"/>
                </instance_material>
              </technique_common>
            </bind_material>
          </instance_controller>
        </node>
      </node>
    </visual_scene>
  </library_visual_scenes>
  <scene>
    <instance_visual_scene url="#Scene"/>
  </scene>
</COLLADA>