<?xml version="1.0" encoding="utf-8"?>
<COLLADA xmlns="http://www.collada.org/2005/11/COLLADASchema" version="1.4.1" xmlns:xsi="http://www.w3.org/2001/XMLSchema-instance">
  <asset>
    <contributor>
      <author>Blender User</author>
      <authoring_tool>Blender 2.80.75 commit date:2019-07-29, commit time:14:47, hash:f6cb5f54494e</authoring_tool>
    </contributor>
    <created>2019-11-15T00:09:06</created>
    <modified>2019-11-15T00:09:06</modified>
    <unit name="meter" meter="1"/>
    <up_axis>Z_UP</up_axis>
  </asset>
  <library_effects>
    <effect id="metal_samusd_001-effect">
      <profile_COMMON>
        <newparam sid="metal_samusd_001_col-surface">
          <surface type="2D">
            <init_from>metal_samusd_001_col</init_from>
          </surface>
        </newparam>
        <newparam sid="metal_samusd_001_col-sampler">
          <sampler2D>
            <source>metal_samusd_001_col-surface</source>
          </sampler2D>
        </newparam>
        <technique sid="common">
          <lambert>
            <emission>
              <color sid="emission">0 0 0 1</color>
            </emission>
            <diffuse>
              <texture texture="metal_samusd_001_col-sampler" texcoord="mainShape-mesh-map-0"/>
            </diffuse>
            <index_of_refraction>
              <float sid="ior">1.45</float>
            </index_of_refraction>
          </lambert>
        </technique>
      </profile_COMMON>
    </effect>
  </library_effects>
  <library_images>
    <image id="metal_samusd_001_col" name="metal_samusd_001_col">
      <init_from>metal_samusd_001_col.png</init_from>
    </image>
  </library_images>
  <library_materials>
    <material id="metal_samusd_001-material" name="metal_samusd_001">
      <instance_effect url="#metal_samusd_001-effect"/>
    </material>
  </library_materials>
  <library_geometries>
    <geometry id="mainShape-mesh" name="mainShape">
      <mesh>
        <source id="mainShape-mesh-positions">
          <float_array id="mainShape-mesh-positions-array" count="777">-1.09136 0.890084 0.412121 -0.641864 0.565971 0.443274 -1.05558 0.549417 0.549789 -0.107878 0.559117 0.364601 -1.11049 0.969111 0.417118 0.256962 0.0890094 0.527773 -0.167428 0.0890094 0.515368 -0.631883 0.0890094 0.562517 -1.04888 0.0890094 0.628073 -1.40114 0.533909 0.650957 -1.35751 0.0890094 0.701899 -1.57977 0.513005 0.713707 -1.57693 0.0890094 0.772394 -1.70707 0.94093 0.647907 -1.48212 0.967344 0.549164 -1.4483 0.854772 0.537045 -1.21313 1.20059 0.09555625 -1.57281 1.23701 0.206366 -1.84022 1.23274 0.302769 -1.96665 0.879415 0.795694 -1.93075 0.74034 0.757837 -1.85589 0.46567 0.814829 -1.66369 0.812309 0.624966 -1.83884 0.0890094 0.867561 -1.33334 0.603937 -0.866743 -0.9524 0.579213 -0.832844 -1.31088 0.395043 -1.05793 -0.940054 0.386529 -1.01709 -1.36426 0.82451 -0.542774 -1.17836 0.791235 -0.51652 -0.803856 0.748724 -0.502472 -0.933406 0.88558 -0.20203 -1.24547 0.951767 -0.1635479 -1.42876 0.985304 -0.161869 -1.57671 0.846867 -0.588284 -1.64308 1.0156 -0.193138 -1.65631 0.890517 -0.01397705 -1.46247 0.901418 -0.02367013 -1.27044 0.896448 -0.05329126 -1.82162 1.02955 -0.253662 -1.92696 0.852994 -0.0254535 -2.05524 1.02021 -0.424932 -2.6011 0.893832 -0.200596 -2.51572 0.922095 -0.06775087 -2.17601 0.828884 -0.243252 -2.65146 0.904581 0.09964179 -2.10291 0.845293 0.0867691 -2.01373 1.19969 0.370773 -1.70714 0.872729 -0.633326 -1.57785 0.603505 -0.918507 -1.80521 0.834247 -0.676111 -1.9453 0.763421 -0.855785 -1.70345 0.41371 -1.10892 -2.27909 0.971196 -0.681862 -0.925277 0.858643 -0.142473 -0.954279 0.0890094 -1.12386 -1.29707 0.0890094 -1.16087 -1.72882 0.0890094 -1.2158 -2.09828 0.0890094 -1.27412 -2.14031 0.436315 -1.20515 -2.17558 0.629437 -1.10873 -2.55507 0.801052 -1.07799 -2.73448 0.503877 -1.3586 -2.95238 0.409073 -1.01981 -2.72233 0.661999 -0.803596 -2.80598 0.0890094 -1.4703 -3.21659 0.471345 -0.987572 -2.97372 0.721989 -0.699183 -2.41219 0.78718 -0.475388 -2.73809 0.840533 -0.396606 -2.98978 0.808508 -0.325279 -3.18794 0.690198 -0.589144 -2.88941 0.846056 -0.19593 -2.76974 0.0890094 -0.06591987 0.28449 0.0890094 -1.05768 -3.09272 0.0890094 1.27256 -3.05389 0.412836 1.21075 -3.00797 0.0890094 0.775383 -3.32934 0.0890094 0.849817 -3.29109 0.346401 0.820799 -2.99031 0.284659 0.754738 -2.89905 0.737539 1.00199 -3.18216 0.605945 0.69265 -2.88631 0.530231 0.658258 -2.46923 0.289489 1.36238 -2.49083 0.0890094 1.39491 -3.49455 0.0890094 0.572691 -3.47285 0.29819 0.546936 -3.41435 0.467075 0.484598 -3.03594 0.760483 0.526211 -3.31581 0.606014 0.390411 -2.83232 0.863217 0.299921 -3.12485 0.750658 0.210779 -2.74706 0.680005 0.538628 -2.56289 0.776135 0.397108 -2.35602 0.822914 0.252348 -2.9635 0.823139 0.05853068 -1.98921 0.255524 0.91979 -2.0185 0.430929 0.906038 -2.09829 0.651808 0.873466 -2.32981 0.0890094 1.15427 -2.32158 0.258115 1.13326 -2.81391 0.871512 -0.08450889 -2.27647 1.11634 0.501444 -2.51024 1.01511 0.654875 -2.72292 0.896199 0.821049 -2.4045 0.52501 1.25117 -2.30649 0.67918 1.11626 -2.20744 0.557628 0.978012 -2.16023 0.794088 0.953957 -2.27351 0.431077 1.06048 -3.37182 0.442692 -0.817446 -3.44401 0.0890094 -0.916151 -0.66895 0.894082 0.284901 -0.667587 0.931191 0.283247 0.358057 0.818615 -0.05698382 -0.174355 0.679746 -0.504671 0.10988 0.530752 -0.768854 -0.578914 0.804758 -0.265171 0.676871 0.436626 0.516207 0.535599 0.522853 0.463778 0.848896 0.0890094 0.575279 0.853267 0.0890094 0.437485 0.813771 0.250228 0.562141 0.763557 0.349119 0.546143 -0.864178 1.1495 -0.01368898 3.20021 0.245244 -0.563629 2.83437 0.621341 -0.358179 3.24579 0.0890094 -0.578558 -0.641864 -0.387952 0.443274 -1.09136 -0.712065 0.412121 -1.05558 -0.371399 0.549789 -0.107878 -0.381099 0.364601 -1.11049 -0.791092 0.417118 -0.667587 -0.753172 0.283247 -0.66895 -0.716063 0.284901 -1.40114 -0.355891 0.650957 -1.57977 -0.334987 0.713707 -1.4483 -0.676753 0.537045 -1.48212 -0.789326 0.549164 -1.70707 -0.762912 0.647907 -1.57281 -1.059 0.206366 -1.21313 -1.02257 0.09555625 -1.84022 -1.05472 0.302769 -1.96665 -0.701396 0.795694 -1.85589 -0.287652 0.814829 -1.93075 -0.562321 0.757837 -1.66369 -0.63429 0.624966 -1.33334 -0.425918 -0.866743 -1.31088 -0.217024 -1.05793 -0.9524 -0.401195 -0.832844 -0.940054 -0.20851 -1.01709 -1.17836 -0.613216 -0.51652 -1.36426 -0.646492 -0.542774 -0.803856 -0.570706 -0.502472 -0.933406 -0.707562 -0.20203 -1.24547 -0.773748 -0.1635479 -1.42876 -0.807285 -0.161869 -1.57671 -0.668848 -0.588284 -1.64308 -0.837586 -0.193138 -1.65631 -0.712498 -0.01397705 -1.46247 -0.723399 -0.02367013 -1.27044 -0.718429 -0.05329126 -1.82162 -0.851531 -0.253662 -1.92696 -0.674975 -0.0254535 -2.05524 -0.842196 -0.424932 -2.51572 -0.744076 -0.06775087 -2.17601 -0.650865 -0.243252 -2.6011 -0.715813 -0.200596 -2.65146 -0.726562 0.09964179 -2.10291 -0.667274 0.0867691 -2.01373 -1.02167 0.370773 -1.70714 -0.69471 -0.633326 -1.80521 -0.656228 -0.676111 -1.57785 -0.425486 -0.918507 -1.70345 -0.235691 -1.10892 -1.9453 -0.585402 -0.855785 -2.27909 -0.793177 -0.681862 -0.864178 -0.971483 -0.01368898 -2.14031 -0.258296 -1.20515 -2.73448 -0.325858 -1.3586 -2.55507 -0.623033 -1.07799 -2.17558 -0.451418 -1.10873 -2.95238 -0.231054 -1.01981 -2.72233 -0.48398 -0.803596 -3.31815 0.0890094 -1.10443 -3.02985 0.0890094 -1.09737 -3.21659 -0.293326 -0.987572 -2.97372 -0.54397 -0.699183 -2.41219 -0.609161 -0.475388 -2.73809 -0.662514 -0.396606 -3.18794 -0.512179 -0.589144 -2.98978 -0.630489 -0.325279 -2.88941 -0.668037 -0.19593 0.252197 -0.146673 -0.978556 -2.99031 -0.106641 0.754738 -3.05389 -0.234817 1.21075 -3.29109 -0.168382 0.820799 -2.89905 -0.559521 1.00199 -2.88631 -0.352212 0.658258 -3.18216 -0.427926 0.69265 -2.46923 -0.11147 1.36238 -3.47285 -0.120171 0.546936 -3.41435 -0.289057 0.484598 -3.31581 -0.427996 0.390411 -3.03594 -0.582464 0.526211 -2.83232 -0.685198 0.299921 -3.12485 -0.572639 0.210779 -2.35602 -0.644895 0.252348 -2.9635 -0.645121 0.05853068 -1.98921 -0.0775054 0.91979 -2.0185 -0.252911 0.906038 -2.27351 -0.253058 1.06048 -2.09829 -0.473789 0.873466 -2.20744 -0.37961 0.978012 -2.32158 -0.08009576 1.13326 -2.81391 -0.693493 -0.08450889 -2.27647 -0.938319 0.501444 -2.56289 -0.598116 0.397108 -2.51024 -0.837096 0.654875 -2.72292 -0.71818 0.821049 -2.74706 -0.501986 0.538628 -2.30649 -0.501162 1.11626 -2.4045 -0.346991 1.25117 -2.16023 -0.616069 0.953957 -3.37182 -0.264673 -0.817446 -0.174355 -0.501727 -0.504671 -0.578914 -0.626739 -0.265171 0.676871 -0.258608 0.516207 0.813771 -0.07220959 0.562141 0.763557 -0.1711 0.546143 -0.925277 -0.680624 -0.142473 2.83437 -0.443322 -0.358179 3.20021 -0.0672248 -0.563629 2.45248 0.356383 -0.804228 0.807005 0.368421 0.386385 2.8818 0.325088 0.03416246 0.252197 0.324692 -0.978556 2.5948 0.231661 -0.818399 2.88949 0.08900946 0.09505265 2.62709 0.0890094 -0.848259 0.10988 -0.352733 -0.768854 2.45248 -0.178364 -0.804228 2.5948 -0.05364245 -0.818399 0.358057 -0.640596 -0.05698382 0.807005 -0.190402 0.386385 2.8818 -0.147069 0.03416246 -0.107149 0.790987 0.204092 -0.140805 0.870986 -0.05834007 -0.710182 0.937702 -0.03491586 -0.140805 -0.692967 -0.05834007 -0.710182 -0.759683 -0.03491586 -0.107149 -0.612968 0.204092 -0.08950507 -0.633159 0.158241 0.535599 -0.344834 0.463778 -0.08950507 0.811178 0.158241 3.61937 -0.1642799 -0.413263 3.75759 0.0890094 -0.413263 3.61937 0.342299 -0.413263</float_array>
          <technique_common>
            <accessor source="#mainShape-mesh-positions-array" count="259" stride="3">
              <param name="X" type="float"/>
              <param name="Y" type="float"/>
              <param name="Z" type="float"/>
            </accessor>
          </technique_common>
        </source>
        <source id="mainShape-mesh-normals">
          <float_array id="mainShape-mesh-normals-array" count="789">0.1953529 0.354205 0.9145361 0.1478658 0.7541003 0.6398972 0.4809876 0.4917305 0.7258458 0.2855697 0.2046934 0.9362428 0.2365848 0.2848662 0.9289128 0.1487195 0 0.9888795 0.05569648 0 0.9984478 0.01886075 0.4368503 0.8993366 0.1097772 0.6625695 0.7409121 -0.1054727 0 0.9944222 0.1953529 -0.354205 0.9145361 0.01886075 -0.4368503 0.8993366 0.2365848 -0.2848662 0.9289128 0.2037166 0 0.97903 0.32021 0.1836355 0.9293782 0.2761044 0.2532457 0.927164 0.2761044 -0.2532457 0.927164 0.2694205 0 0.9630227 0.32021 -0.1836355 0.9293782 0.2855697 -0.2046934 0.9362428 0.1478658 -0.7541003 0.6398972 0.4809876 -0.4917305 0.7258458 0.1097772 -0.6625695 0.7409121 0.2699988 -0.6310959 0.7271992 0.4257771 -0.477996 0.7682667 0.6977527 0 0.7163388 0.6156644 -0.2509291 0.7469887 0.2699705 0.6311011 0.7272053 0.4257771 0.477996 0.7682667 0.6156644 0.2509291 0.7469887 0.3735203 -0.1697154 0.9119645 0.306567 -0.2343887 0.9225392 0.3203632 0 0.9472948 0.306567 0.2343887 0.9225392 0.3735203 0.1697154 0.9119645 0.3744713 0.211651 0.9027598 0.4705801 0.1084663 0.8756653 0.3744713 -0.211651 0.9027598 0.4160619 0 0.9093364 0.4705801 -0.1084663 0.8756653 0.5916717 -0.0936017 0.8007267 0.4756185 -0.2138208 0.8532689 0.4907816 -0.1572051 0.8569831 0.7128363 0 0.7013306 0.4907816 0.1572051 0.8569831 0.5916717 0.0936017 0.8007267 0.4756185 0.2138208 0.8532689 0.6962563 0.09698879 0.7112106 0.719546 0.06988841 0.6909192 0.719546 -0.06988841 0.6909192 0.6962563 -0.09698879 0.7112106 0.6711857 -0.09909689 0.7346357 0.6711857 0.09909689 0.7346357 0.3062591 0.4834529 0.820048 0.3171256 0.8684865 -0.3810024 0.05063134 0.9652621 -0.256331 0.7734981 0.3916473 0.4983104 0.3042139 0.4564428 0.8361303 -0.01638889 0.9820849 -0.187725 8.85063e-4 0.9507408 -0.3099857 0.153267 0.9377001 -0.3118139 -0.05948108 0.9666824 -0.2489722 -0.1299206 0.9755184 -0.1774391 -0.1137767 0.9899004 -0.08456957 0.3257306 0.4444499 0.8344842 -0.241468 0.9696258 -0.03897303 -0.2450069 0.9623265 -0.117895 -0.2019174 0.9495248 -0.2400669 0.3808788 0.4459456 0.8099778 -0.252575 0.9539926 -0.1615674 -0.3279594 0.9446917 4.57788e-4 0.4354832 0.4646905 0.7709845 -0.3966579 0.9150568 0.07303237 -0.327016 0.9447909 -0.0207532 -0.4956601 0.8569449 0.1413033 0.4338915 0.4681035 0.7698164 -0.417658 0.8847575 0.2067995 -0.6410533 0.7057843 0.3015285 -0.5455308 0.6905276 0.4749399 0.3914735 0.3820735 0.8371191 -0.7647483 0.3947954 0.5092117 -0.6423604 0.3487387 0.6824621 0.3666878 0.210155 0.9062975 -0.807229 0 0.5902385 -0.6851848 0 0.7283694 0.3306114 0 0.943767 0.3666878 -0.210155 0.9062975 -0.7647483 -0.3947954 0.5092117 0.3914735 -0.3820735 0.8371191 -0.6410533 -0.7057843 0.3015285 -0.6423738 -0.348746 0.6824458 0.4338915 -0.4681035 0.7698164 -0.4956601 -0.8569449 0.1413033 -0.5455308 -0.6905276 0.4749399 0.4354832 -0.4646905 0.7709845 -0.3966579 -0.9150568 0.07303237 -0.417658 -0.8847575 0.2067995 0.3808736 -0.44597 0.8099668 -0.3279594 -0.9446917 4.57788e-4 -0.327016 -0.9447909 -0.0207532 -0.252575 -0.9539926 -0.1615674 -0.241468 -0.9696258 -0.03897303 0.3257306 -0.4444499 0.8344842 -0.2019174 -0.9495248 -0.2400669 -0.1138069 -0.989897 -0.08456927 0.3041862 -0.4564471 0.8361381 -0.1299206 -0.9755184 -0.1774391 -0.2450069 -0.9623265 -0.117895 -0.01638889 -0.9820849 -0.187725 0.3062591 -0.4834529 0.820048 -0.05945068 -0.9666842 -0.2489727 0.05063134 -0.9652621 -0.256331 0.3171256 -0.8684865 -0.3810024 0.7734981 -0.3916473 0.4983104 8.85063e-4 -0.9507408 -0.3099857 0.153267 -0.9377001 -0.3118139 0.1240614 0.5097354 -0.8513393 0.1571148 0.7178511 -0.6782366 0.1370918 0.7602922 -0.6349502 0.2372548 0.8618571 -0.4482328 0.2000208 0.870765 -0.449177 0.1609902 0.8815853 -0.4437225 0.09473222 0.7863936 -0.6104187 0.1217995 0 -0.9925548 0.1606248 0.4842244 -0.8600736 0.08343946 0 -0.996513 0.08298128 0.5300242 -0.8439126 0.171855 0.8388577 -0.5165112 0.2364343 0.7581036 -0.6077647 0.1195759 0.8065421 -0.5789572 -0.06885069 0.9872879 0.1432559 0.06177008 0.9884436 0.1384333 0.1424952 0.9837332 0.1093816 0.1981906 0.9778298 0.06759965 0.2105536 0.9775681 0.005279839 0.1137146 0.8997986 -0.4212265 0.06735479 0.8324589 -0.5499778 0.08121269 0.9083247 -0.4103056 0.05795598 0.5373212 -0.8413841 0.05795598 -0.5373212 -0.8413841 0.08298128 -0.5300242 -0.8439126 0.06872874 0 -0.9976354 0.1240614 -0.5097354 -0.8513393 0.1606248 -0.4842244 -0.8600736 0.1421861 0 -0.98984 0.2638094 0.3952564 -0.8798733 0.2329804 0 -0.9724815 0.3168522 0.5802344 -0.7502884 -0.2073192 0.9683544 -0.1389554 -0.1840625 0.9809851 0.06155759 -0.1977906 0.9757389 0.09387499 0.08392751 0.9198455 -0.3831977 -0.2752827 0.9613531 -0.004455745 -0.3826489 0.8829796 -0.2718949 -0.2392364 0.8563865 -0.4575676 -0.3373607 0.5219417 -0.7834314 -0.3373607 -0.5219417 -0.7834314 0.2638094 -0.3952564 -0.8798733 -0.3961981 0 -0.9181651 0.2364343 -0.7581036 -0.6077647 0.1571148 -0.7178511 -0.6782366 0.1370918 -0.7602922 -0.6349502 0.09473222 -0.7863936 -0.6104187 0.06735479 -0.8324589 -0.5499778 0.08121269 -0.9083247 -0.4103056 0.1137146 -0.8997986 -0.4212265 0.1609902 -0.8815853 -0.4437225 0.2372548 -0.8618571 -0.4482328 0.2000208 -0.870765 -0.449177 0.171855 -0.8388577 -0.5165112 0.1195759 -0.8065421 -0.5789572 0.3168522 -0.5802344 -0.7502884 -0.2073192 -0.9683544 -0.1389554 -0.2392364 -0.8563865 -0.4575676 -0.4456795 -0.5761208 -0.6851677 -0.4699925 0 -0.8826705 -0.4456795 0.5761208 -0.6851677 -0.3826489 -0.8829796 -0.2718949 -0.1840625 -0.9809851 0.06155759 -0.2752827 -0.9613531 -0.004455745 -0.06885069 -0.9872879 0.1432559 0.06173938 -0.9884412 0.1384636 0.1425251 -0.9837288 0.1093811 0.1981906 -0.9778298 0.06759965 0.2105535 -0.977568 0.005310356 0.08392751 -0.9198455 -0.3831977 -0.1977965 -0.9757374 0.09387779 -0.5679334 0.8200837 -0.07010275 -0.02844351 0.9770904 -0.2109155 -0.6708087 0.6750814 0.3070521 0.03189218 0.9982724 -0.049349 -0.0540803 0.9591634 -0.2776349 -0.04663264 0.9869464 0.1541503 -0.647931 0.6070958 -0.4600218 -0.9952527 0 -0.09732484 -0.6861743 0.6717385 0.2791637 -0.1456082 0.8790513 -0.4539461 -0.7586683 0.6336326 0.1514346 -0.3425135 0.5791876 -0.7397474 -0.9233011 0.3839941 0.007996022 -0.9976981 0 -0.06781327 -0.4809847 0 -0.876729 -0.647931 -0.6070958 -0.4600218 -0.7098209 -0.5744367 -0.407648 -0.9233011 -0.3839941 0.007996022 -0.7586683 -0.6336326 0.1514346 -0.5679334 -0.8200837 -0.07010275 -0.6708087 -0.6750814 0.3070521 -0.974798 -0.1843635 -0.125615 -0.9947286 0 -0.102543 -0.913471 -0.3589061 -0.1917217 -0.8133541 -0.4977907 -0.3010976 -0.6861743 -0.6717385 0.2791637 -0.7098209 0.5744367 -0.407648 -0.974798 0.1843635 -0.125615 -0.913471 0.3589061 -0.1917217 -0.8133541 0.4977907 -0.3010976 -0.09564614 0.9578654 0.2708244 -0.1716398 0.8593893 0.4816535 -0.2632899 0.6540896 0.7091158 -0.3494713 0.3362872 0.8745175 -0.4148811 0 0.9098757 -0.3494713 -0.3362872 0.8745175 -0.2632899 -0.6540896 0.7091158 -0.1716398 -0.8593893 0.4816535 -0.09564614 -0.9578654 0.2708244 -0.04663264 -0.9869464 0.1541503 0.03189218 -0.9982724 -0.049349 -0.02844351 -0.9770904 -0.2109155 -0.0540803 -0.9591634 -0.2776349 -0.1456082 -0.8790513 -0.4539461 -0.3425135 -0.5791876 -0.7397474 0.990155 -0.04231733 -0.1334255 0.8005868 0.5916264 -0.09507381 0.3405336 0.8444978 -0.4133526 0.1139894 0.9876334 -0.1076413 0.1594329 0.986293 0.04251337 0.5107662 0.6495056 0.5632588 0.7541928 0 0.6566532 0.5107662 -0.6495056 0.5632588 0.1594329 -0.986293 0.04251337 0.1755142 -0.9188328 0.35347 0.1139894 -0.9876334 -0.1076413 0.3405336 -0.8444978 -0.4133526 0.1755142 0.9188328 0.35347 0.2639877 0.3845371 -0.8845574 0.2478784 0.9666709 -0.06406015 0.2841349 0.4041674 -0.8694344 0.2546526 0 -0.9670327 0.3444421 0 -0.9388077 0.7267037 0.6762852 -0.1205832 0.1484442 0.5787007 -0.8019164 0.2639877 -0.3845371 -0.8845574 0.2841349 -0.4041674 -0.8694344 0.7267037 -0.6762852 -0.1205832 0.9962075 0 -0.0870102 0.2478784 -0.9666709 -0.06406015 0.1484442 -0.5787007 -0.8019164 0.9901551 0.04231739 -0.1334257 0.8005894 -0.5916228 -0.09507393 0.2939061 0.5283901 0.796507 0.3392252 0 0.9407052 0.2939061 -0.5283901 0.796507</float_array>
          <technique_common>
            <accessor source="#mainShape-mesh-normals-array" count="263" stride="3">
              <param name="X" type="float"/>
              <param name="Y" type="float"/>
              <param name="Z" type="float"/>
            </accessor>
          </technique_common>
        </source>
        <source id="mainShape-mesh-map-0">
          <float_array id="mainShape-mesh-map-0-array" count="3084">0.07696533 0.1464843 0.09710693 0.1591796 0.07562255 0.1606445 0.07562255 0.1606445 0.05950921 0.1582031 0.07696533 0.1464843 0.07696533 0.1464843 0.06091302 0.1445312 0.07800292 0.1279296 0.09588623 0.1293945 0.07696533 0.1464843 0.07800292 0.1279296 0.09729003 0.1484375 0.07696533 0.1464843 0.09588623 0.1293945 0.09729003 0.1484375 0.09710693 0.1591796 0.07696533 0.1464843 0.07696533 0.1464843 0.05950921 0.1582031 0.06091302 0.1445312 0.1218872 0.1474609 0.09710693 0.1591796 0.09729003 0.1484375 0.09729003 0.1484375 0.1120605 0.130371 0.1218872 0.1474609 0.09588623 0.1293945 0.1120605 0.130371 0.09729003 0.1484375 0.07940673 0.109375 0.09588623 0.1293945 0.07800292 0.1279296 0.09979248 0.1103515 0.09588623 0.1293945 0.07940673 0.109375 0.09588623 0.1293945 0.09979248 0.1103515 0.1120605 0.130371 0.07800292 0.1279296 0.06323242 0.109375 0.07940673 0.109375 0.06182861 0.1269531 0.06323242 0.109375 0.07800292 0.1279296 0.07800292 0.1279296 0.06091302 0.1445312 0.06182861 0.1269531 0.06091302 0.1445312 0.0457763 0.1557617 0.04739373 0.1430664 0.05950921 0.1582031 0.0457763 0.1557617 0.06091302 0.1445312 0.06091302 0.1445312 0.04739373 0.1430664 0.06182861 0.1269531 0.06182861 0.1269531 0.04962158 0.109375 0.06323242 0.109375 0.04956048 0.1259765 0.04962158 0.109375 0.06182861 0.1269531 0.06182861 0.1269531 0.04739373 0.1430664 0.04956048 0.1259765 0.06323242 0.109375 0.04971313 0.0961914 0.06365966 0.09570312 0.04962158 0.109375 0.04971313 0.0961914 0.06323242 0.109375 0.06365966 0.09570312 0.07940673 0.109375 0.06323242 0.109375 0.07940673 0.109375 0.1010742 0.09960937 0.09979248 0.1103515 0.07995605 0.09570312 0.1010742 0.09960937 0.07940673 0.109375 0.07995605 0.09570312 0.07940673 0.109375 0.06365966 0.09570312 0.1240844 0.114746 0.09979248 0.1103515 0.1010742 0.09960937 0.1120605 0.130371 0.09979248 0.1103515 0.1240844 0.114746 0.1291503 0.1186523 0.1323242 0.1220703 0.1120605 0.130371 0.1346434 0.1318359 0.1120605 0.130371 0.1336669 0.1259765 0.1336669 0.1259765 0.1120605 0.130371 0.1323242 0.1220703 0.1120605 0.130371 0.1240844 0.114746 0.1291503 0.1186523 0.1274414 0.1445312 0.1120605 0.130371 0.1309814 0.1411132 0.1346434 0.1318359 0.1329345 0.1376953 0.1120605 0.130371 0.1329345 0.1376953 0.1309814 0.1411132 0.1120605 0.130371 0.1120605 0.130371 0.1274414 0.1445312 0.1218872 0.1474609 0.04962158 0.109375 0.04107666 0.09716796 0.04971313 0.0961914 0.04241943 0.109375 0.04107666 0.09716796 0.04962158 0.109375 0.04962158 0.109375 0.04956048 0.1259765 0.04241943 0.109375 0.04241943 0.109375 0.04956048 0.1259765 0.040802 0.1254882 0.04956048 0.1259765 0.0402832 0.1416015 0.040802 0.1254882 0.04739373 0.1430664 0.0402832 0.1416015 0.04956048 0.1259765 0.03735345 0.1533203 0.04739373 0.1430664 0.0457763 0.1557617 0.0402832 0.1416015 0.04739373 0.1430664 0.03735345 0.1533203 0.0402832 0.1416015 0.02929687 0.13916 0.040802 0.1254882 0.026596 0.1499023 0.0402832 0.1416015 0.03735345 0.1533203 0.02929687 0.13916 0.0402832 0.1416015 0.026596 0.1499023 0.03121948 0.1103515 0.040802 0.1254882 0.03027337 0.125 0.04241943 0.109375 0.040802 0.1254882 0.03121948 0.1103515 0.040802 0.1254882 0.02929687 0.13916 0.03027337 0.125 0.04241943 0.109375 0.02993774 0.09960937 0.04107666 0.09716796 0.03121948 0.1103515 0.02993774 0.09960937 0.04241943 0.109375 0.03121948 0.1103515 0.02236938 0.102539 0.02993774 0.09960937 0.02409356 0.1113281 0.02236938 0.102539 0.03121948 0.1103515 0.03121948 0.1103515 0.02449029 0.118164 0.02409356 0.1113281 0.03027337 0.125 0.02449029 0.118164 0.03121948 0.1103515 0.03027337 0.125 0.008529663 0.1235351 0.02449029 0.118164 0.02929687 0.13916 0.02363586 0.1308593 0.03027337 0.125 0.02363586 0.1308593 0.008529663 0.1235351 0.03027337 0.125 0.02929687 0.13916 0.01948547 0.145996 0.02236938 0.137207 0.026596 0.1499023 0.01948547 0.145996 0.02929687 0.13916 0.02236938 0.137207 0.02363586 0.1308593 0.02929687 0.13916 0.02363586 0.1308593 0.01113885 0.1367187 0.008712768 0.1298828 0.02236938 0.137207 0.01113885 0.1367187 0.02363586 0.1308593 0.008712768 0.1298828 0.008529663 0.1235351 0.02363586 0.1308593 0.02449029 0.118164 0.008529663 0.1235351 0.009544372 0.1171875 0.02449029 0.118164 0.01283264 0.1108398 0.02409356 0.1113281 0.009544372 0.1171875 0.01283264 0.1108398 0.02449029 0.118164 0.02409356 0.1113281 0.01696777 0.1064453 0.02236938 0.102539 0.01283264 0.1108398 0.01696777 0.1064453 0.02409356 0.1113281 0.02236938 0.137207 0.01462548 0.1416015 0.01113885 0.1367187 0.01948547 0.145996 0.01462548 0.1416015 0.02236938 0.137207 0.4216309 0.501709 0.4335938 0.5236817 0.4165039 0.5200195 0.4423828 0.5061035 0.4335938 0.5236817 0.4216309 0.501709 0.4216309 0.501709 0.4082031 0.4907227 0.423584 0.4985352 0.4047852 0.4956055 0.4082031 0.4907227 0.4216309 0.501709 0.4216309 0.501709 0.3991699 0.5161133 0.4047852 0.4956055 0.4165039 0.5200195 0.3991699 0.5161133 0.4216309 0.501709 0.4216309 0.501709 0.423584 0.4985352 0.4423828 0.5061035 0.4133301 0.5354004 0.4335938 0.5236817 0.4309082 0.5385742 0.4165039 0.5200195 0.4335938 0.5236817 0.4133301 0.5354004 0.4165039 0.5200195 0.4033203 0.5344238 0.3991699 0.5161133 0.4133301 0.5354004 0.4033203 0.5344238 0.4165039 0.5200195 0.392334 0.5336914 0.387207 0.5112305 0.3991699 0.5161133 0.3991699 0.5161133 0.4033203 0.5344238 0.392334 0.5336914 0.3991699 0.5161133 0.387207 0.5112305 0.4047852 0.4956055 0.4047852 0.4956055 0.387207 0.5112305 0.3950195 0.4902344 0.4047852 0.4956055 0.3991699 0.4853516 0.4082031 0.4907227 0.3950195 0.4902344 0.3991699 0.4853516 0.4047852 0.4956055 0.387207 0.5112305 0.3796387 0.5075684 0.3950195 0.4902344 0.3774414 0.5314942 0.387207 0.5112305 0.392334 0.5336914 0.387207 0.5112305 0.3684082 0.5251465 0.3796387 0.5075684 0.3774414 0.5314942 0.3684082 0.5251465 0.387207 0.5112305 0.3950195 0.4902344 0.3796387 0.5075684 0.3835449 0.4829102 0.3950195 0.4902344 0.3881836 0.4770508 0.3991699 0.4853516 0.3835449 0.4829102 0.3881836 0.4770508 0.3950195 0.4902344 0.3796387 0.5075684 0.3557129 0.5131836 0.3679199 0.5002442 0.3684082 0.5251465 0.3557129 0.5131836 0.3796387 0.5075684 0.3835449 0.4829102 0.3796387 0.5075684 0.3679199 0.5002442 0.3820801 0.4697266 0.3835449 0.4829102 0.375 0.4746094 0.3881836 0.4770508 0.3835449 0.4829102 0.3820801 0.4697266 0.3679199 0.5002442 0.375 0.4746094 0.3835449 0.4829102 0.357666 0.4916992 0.375 0.4746094 0.3679199 0.5002442 0.3461914 0.5026856 0.3679199 0.5002442 0.3557129 0.5131836 0.357666 0.4916992 0.3679199 0.5002442 0.3461914 0.5026856 0.3483887 0.4819336 0.375 0.4746094 0.357666 0.4916992 0.3691406 0.465332 0.375 0.4746094 0.3483887 0.4819336 0.375 0.4746094 0.3789063 0.4628906 0.3820801 0.4697266 0.3691406 0.465332 0.3789063 0.4628906 0.375 0.4746094 0.357666 0.4916992 0.3369141 0.4921875 0.3483887 0.4819336 0.3461914 0.5026856 0.3369141 0.4921875 0.357666 0.4916992 0.3413086 0.4707031 0.3691406 0.465332 0.3483887 0.4819336 0.3276367 0.480957 0.3483887 0.4819336 0.3369141 0.4921875 0.3413086 0.4707031 0.3483887 0.4819336 0.3276367 0.480957 0.3691406 0.465332 0.376709 0.4555664 0.3789063 0.4628906 0.3649902 0.4560547 0.376709 0.4555664 0.3691406 0.465332 0.3649902 0.4560547 0.3691406 0.465332 0.3413086 0.4707031 0.3339844 0.4536133 0.3649902 0.4560547 0.3413086 0.4707031 0.3181152 0.4667969 0.3413086 0.4707031 0.3276367 0.480957 0.3339844 0.4536133 0.3413086 0.4707031 0.3181152 0.4667969 0.375 0.4462891 0.3649902 0.4560547 0.3615723 0.4453125 0.376709 0.4555664 0.3649902 0.4560547 0.375 0.4462891 0.3615723 0.4453125 0.3649902 0.4560547 0.3339844 0.4536133 0.3339844 0.4536133 0.3310547 0.4365234 0.3615723 0.4453125 0.3127442 0.4570313 0.3339844 0.4536133 0.3181152 0.4667969 0.3310547 0.4365234 0.3339844 0.4536133 0.3127442 0.4570313 0.3615723 0.4453125 0.375 0.4379883 0.375 0.4462891 0.3605957 0.4375 0.375 0.4379883 0.3615723 0.4453125 0.3615723 0.4453125 0.3310547 0.4365234 0.3605957 0.4375 0.3310547 0.4365234 0.3623047 0.4296875 0.3605957 0.4375 0.3354492 0.4199219 0.3623047 0.4296875 0.3310547 0.4365234 0.3146973 0.4150391 0.3354492 0.4199219 0.3310547 0.4365234 0.3623047 0.4296875 0.375 0.4379883 0.3605957 0.4375 0.3757324 0.4301758 0.375 0.4379883 0.3623047 0.4296875 0.3623047 0.4296875 0.3666992 0.4194336 0.3757324 0.4301758 0.3623047 0.4296875 0.3354492 0.4199219 0.3666992 0.4194336 0.3666992 0.4194336 0.3354492 0.4199219 0.3444824 0.402832 0.3354492 0.4199219 0.3208008 0.4052734 0.3444824 0.402832 0.3208008 0.4052734 0.3354492 0.4199219 0.3146973 0.4150391 0.3757324 0.4301758 0.3666992 0.4194336 0.3781738 0.4213867 0.3666992 0.4194336 0.3718262 0.4106445 0.3781738 0.4213867 0.3444824 0.402832 0.3718262 0.4106445 0.3666992 0.4194336 0.3527832 0.3925781 0.3718262 0.4106445 0.3444824 0.402832 0.3444824 0.402832 0.3317871 0.3920899 0.3527832 0.3925781 0.3444824 0.402832 0.3208008 0.4052734 0.3317871 0.3920899 0.3781738 0.4213867 0.3718262 0.4106445 0.3811035 0.4140625 0.3718262 0.4106445 0.3527832 0.3925781 0.3789063 0.4023438 0.3718262 0.4106445 0.3789063 0.4023438 0.3811035 0.4140625 0.3789063 0.4023438 0.3527832 0.3925781 0.3632813 0.3837891 0.3527832 0.3925781 0.3317871 0.3920899 0.3422852 0.3813477 0.3527832 0.3925781 0.3422852 0.3813477 0.3632813 0.3837891 0.3884277 0.3950195 0.3852539 0.4077149 0.3789063 0.4023438 0.3789063 0.4023438 0.3747559 0.3759766 0.3884277 0.3950195 0.3632813 0.3837891 0.3747559 0.3759766 0.3789063 0.4023438 0.3811035 0.4140625 0.3789063 0.4023438 0.3852539 0.4077149 0.3632813 0.3837891 0.3422852 0.3813477 0.3527832 0.371582 0.3527832 0.371582 0.3747559 0.3759766 0.3632813 0.3837891 0.3640137 0.3618164 0.3747559 0.3759766 0.3527832 0.371582 0.3640137 0.3618164 0.3874512 0.3701172 0.3747559 0.3759766 0.3874512 0.3701172 0.3884277 0.3950195 0.3747559 0.3759766 0.392334 0.4013672 0.3852539 0.4077149 0.3884277 0.3950195 0.4008789 0.3891602 0.3884277 0.3950195 0.3874512 0.3701172 0.3884277 0.3950195 0.4008789 0.3891602 0.392334 0.4013672 0.3779297 0.3515625 0.3874512 0.3701172 0.3640137 0.3618164 0.3955078 0.3671875 0.4008789 0.3891602 0.3874512 0.3701172 0.3779297 0.3515625 0.3955078 0.3671875 0.3874512 0.3701172 0.392334 0.4013672 0.4008789 0.3891602 0.4042969 0.3945313 0.4008789 0.3891602 0.3955078 0.3671875 0.411377 0.3852539 0.411377 0.3852539 0.4042969 0.3945313 0.4008789 0.3891602 0.4033203 0.3461914 0.3955078 0.3671875 0.3879395 0.3461914 0.4082031 0.3637695 0.3955078 0.3671875 0.4033203 0.3461914 0.3879395 0.3461914 0.3955078 0.3671875 0.3779297 0.3515625 0.411377 0.3852539 0.3955078 0.3671875 0.4082031 0.3637695 0.411377 0.3852539 0.4291992 0.3813477 0.4143067 0.3901367 0.411377 0.3852539 0.4082031 0.3637695 0.4291992 0.3813477 0.4143067 0.3901367 0.4042969 0.3945313 0.411377 0.3852539 0.4082031 0.3637695 0.4145508 0.3466797 0.4260254 0.3623047 0.4082031 0.3637695 0.4033203 0.3461914 0.4145508 0.3466797 0.4291992 0.3813477 0.4082031 0.3637695 0.4260254 0.3623047 0.4436035 0.3608399 0.4291992 0.3813477 0.4260254 0.3623047 0.4504395 0.3798828 0.4291992 0.3813477 0.4436035 0.3608399 0.4143067 0.3901367 0.4291992 0.3813477 0.4306641 0.3847656 0.4291992 0.3813477 0.4504395 0.3798828 0.4306641 0.3847656 0.4260254 0.3623047 0.4248047 0.3466797 0.4436035 0.3608399 0.4260254 0.3623047 0.4145508 0.3466797 0.4248047 0.3466797 0.4436035 0.3608399 0.4248047 0.3466797 0.4428711 0.3461914 0.4306641 0.3847656 0.4504395 0.3798828 0.4504395 0.3813477 0.4423828 0.5061035 0.423584 0.4985352 0.442627 0.5041504 0.4189453 0.09228515 0.4213867 0.07421875 0.4296875 0.08300781 0.4213867 0.07421875 0.4367676 0.06201165 0.4296875 0.08300781 0.4367676 0.06201165 0.4438477 0.06982421 0.4296875 0.08300781 0.4296875 0.08300781 0.4494629 0.07714843 0.4406738 0.09765625 0.4438477 0.06982421 0.4494629 0.07714843 0.4296875 0.08300781 0.4296875 0.08300781 0.4406738 0.09765625 0.4189453 0.09228515 0.4189453 0.09228515 0.40625 0.1030273 0.4077149 0.07714843 0.4189453 0.09228515 0.4162598 0.1157226 0.40625 0.1030273 0.4299317 0.1064453 0.4162598 0.1157226 0.4189453 0.09228515 0.4077149 0.07714843 0.4213867 0.07421875 0.4189453 0.09228515 0.4189453 0.09228515 0.4406738 0.09765625 0.4299317 0.1064453 0.4323731 0.0571289 0.4367676 0.06201165 0.4213867 0.07421875 0.4167481 0.05419915 0.4213867 0.07421875 0.4077149 0.07714843 0.4274902 0.0546875 0.4213867 0.07421875 0.4167481 0.05419915 0.4323731 0.0571289 0.4213867 0.07421875 0.4274902 0.0546875 0.4367676 0.06201165 0.4443359 0.04052734 0.4511719 0.04638665 0.4323731 0.0571289 0.4443359 0.04052734 0.4367676 0.06201165 0.4367676 0.06201165 0.4580078 0.0546875 0.4438477 0.06982421 0.4511719 0.04638665 0.4580078 0.0546875 0.4367676 0.06201165 0.4438477 0.06982421 0.4626465 0.0625 0.4494629 0.07714843 0.4580078 0.0546875 0.4626465 0.0625 0.4438477 0.06982421 0.4692383 0.07666015 0.4494629 0.07714843 0.4626465 0.0625 0.4599609 0.09228515 0.4494629 0.07714843 0.4692383 0.07666015 0.4406738 0.09765625 0.4494629 0.07714843 0.4599609 0.09228515 0.4714356 0.1396484 0.4299317 0.1064453 0.4406738 0.09765625 0.4768067 0.1191406 0.4406738 0.09765625 0.4599609 0.09228515 0.4714356 0.1396484 0.4406738 0.09765625 0.4768067 0.1191406 0.4624024 0.154785 0.4162598 0.1157226 0.4299317 0.1064453 0.4624024 0.154785 0.4299317 0.1064453 0.4714356 0.1396484 0.4162598 0.1157226 0.4411621 0.1708984 0.4035645 0.1264648 0.4526367 0.1640625 0.4411621 0.1708984 0.4162598 0.1157226 0.3928223 0.1123046 0.4162598 0.1157226 0.4035645 0.1264648 0.40625 0.1030273 0.4162598 0.1157226 0.3928223 0.1123046 0.4526367 0.1640625 0.4162598 0.1157226 0.4624024 0.154785 0.40625 0.1030273 0.3808594 0.09765625 0.3935547 0.08642578 0.3928223 0.1123046 0.3808594 0.09765625 0.40625 0.1030273 0.4077149 0.07714843 0.40625 0.1030273 0.3935547 0.08642578 0.4077149 0.07714843 0.3937988 0.06005859 0.4167481 0.05419915 0.4077149 0.07714843 0.3828125 0.07226562 0.3937988 0.06005859 0.3935547 0.08642578 0.3828125 0.07226562 0.4077149 0.07714843 0.4167481 0.05419915 0.3937988 0.06005859 0.4001465 0.05224609 0.4167481 0.05419915 0.4001465 0.05224609 0.4165039 0.03271484 0.4165039 0.03271484 0.4274902 0.0546875 0.4167481 0.05419915 0.4274902 0.0546875 0.4318848 0.03564453 0.4323731 0.0571289 0.4318848 0.03564453 0.4274902 0.0546875 0.4165039 0.03271484 0.4323731 0.0571289 0.4318848 0.03564453 0.4443359 0.04052734 0.4353027 0.02246087 0.4443359 0.04052734 0.4318848 0.03564453 0.4509277 0.02783203 0.4443359 0.04052734 0.4353027 0.02246087 0.4594727 0.03955078 0.4443359 0.04052734 0.4509277 0.02783203 0.4511719 0.04638665 0.4443359 0.04052734 0.4594727 0.03955078 0.4511719 0.04638665 0.4638672 0.04882812 0.4580078 0.0546875 0.4594727 0.03955078 0.4638672 0.04882812 0.4511719 0.04638665 0.4672852 0.0581054 0.4580078 0.0546875 0.4638672 0.04882812 0.4626465 0.0625 0.4580078 0.0546875 0.4672852 0.0581054 0.472168 0.07568359 0.4626465 0.0625 0.4672852 0.0581054 0.4692383 0.07666015 0.4626465 0.0625 0.472168 0.07568359 0.472168 0.07568359 0.4760742 0.09375 0.4692383 0.07666015 0.4692383 0.07666015 0.4760742 0.09375 0.4599609 0.09228515 0.4599609 0.09228515 0.4760742 0.09375 0.4768067 0.1191406 0.4353027 0.02246087 0.4318848 0.03564453 0.4174805 0.01855462 0.4174805 0.01855462 0.4318848 0.03564453 0.4165039 0.03271484 0.4165039 0.03271484 0.3925781 0.01708984 0.4174805 0.01855462 0.3937988 0.03271484 0.3925781 0.01708984 0.4165039 0.03271484 0.4165039 0.03271484 0.4001465 0.05224609 0.3937988 0.03271484 0.4001465 0.05224609 0.3937988 0.06005859 0.3937988 0.03271484 0.3937988 0.06005859 0.3828125 0.07226562 0.3757324 0.03564453 0.3937988 0.03271484 0.3937988 0.06005859 0.3757324 0.03564453 0.3496094 0.05566406 0.3828125 0.07226562 0.3681641 0.07958984 0.3615723 0.04443359 0.3828125 0.07226562 0.3496094 0.05566406 0.3828125 0.07226562 0.3808594 0.09765625 0.3681641 0.07958984 0.3935547 0.08642578 0.3808594 0.09765625 0.3828125 0.07226562 0.3757324 0.03564453 0.3828125 0.07226562 0.3615723 0.04443359 0.3808594 0.09765625 0.3566895 0.1000976 0.3681641 0.07958984 0.3928223 0.1123046 0.3745117 0.1098632 0.3808594 0.09765625 0.3808594 0.09765625 0.3745117 0.1098632 0.3566895 0.1000976 0.3808594 0.1201171 0.3745117 0.1098632 0.3928223 0.1123046 0.3920899 0.1347656 0.3928223 0.1123046 0.4035645 0.1264648 0.3808594 0.1201171 0.3928223 0.1123046 0.3920899 0.1347656 0.4243164 0.1752929 0.4035645 0.1264648 0.4411621 0.1708984 0.3920899 0.1347656 0.4035645 0.1264648 0.4243164 0.1752929 0.4033203 0.1752929 0.3920899 0.1347656 0.4243164 0.1752929 0.3815918 0.1518554 0.3920899 0.1347656 0.4033203 0.1752929 0.3920899 0.1347656 0.3815918 0.1518554 0.3701172 0.1376953 0.3920899 0.1347656 0.3701172 0.1376953 0.3808594 0.1201171 0.3808594 0.1201171 0.3586426 0.121582 0.3745117 0.1098632 0.3586426 0.121582 0.3808594 0.1201171 0.3642578 0.130371 0.3808594 0.1201171 0.3701172 0.1376953 0.3642578 0.130371 0.3745117 0.1098632 0.3586426 0.121582 0.3552246 0.1157226 0.3566895 0.1000976 0.3745117 0.1098632 0.3542481 0.1108398 0.3552246 0.1157226 0.3542481 0.1108398 0.3745117 0.1098632 0.3681641 0.07958984 0.3566895 0.1000976 0.3591309 0.08349609 0.3566895 0.1000976 0.3359375 0.09423828 0.3591309 0.08349609 0.3542481 0.1108398 0.3359375 0.09423828 0.3566895 0.1000976 0.342041 0.07226562 0.3681641 0.07958984 0.3591309 0.08349609 0.3496094 0.05566406 0.3681641 0.07958984 0.342041 0.07226562 0.3496094 0.05566406 0.3347168 0.04443359 0.3615723 0.04443359 0.3496094 0.05566406 0.342041 0.07226562 0.3347168 0.04443359 0.3615723 0.04443359 0.3347168 0.04443359 0.3496094 0.02832031 0.3615723 0.04443359 0.3686524 0.01855462 0.3757324 0.03564453 0.3496094 0.02832031 0.3686524 0.01855462 0.3615723 0.04443359 0.3757324 0.03564453 0.3686524 0.01855462 0.3937988 0.03271484 0.3937988 0.03271484 0.3686524 0.01855462 0.3925781 0.01708984 0.3347168 0.04443359 0.342041 0.07226562 0.3273926 0.06689453 0.342041 0.07226562 0.3359375 0.09423828 0.3273926 0.06689453 0.3591309 0.08349609 0.3359375 0.09423828 0.342041 0.07226562 0.3347168 0.1098632 0.3217774 0.09130859 0.3359375 0.09423828 0.3273926 0.06689453 0.3359375 0.09423828 0.3217774 0.09130859 0.3347168 0.1098632 0.3359375 0.09423828 0.3542481 0.1108398 0.3552246 0.1157226 0.3347168 0.1098632 0.3542481 0.1108398 0.3361817 0.1230468 0.3347168 0.1098632 0.3552246 0.1157226 0.3586426 0.121582 0.3361817 0.1230468 0.3552246 0.1157226 0.3400879 0.1313475 0.3361817 0.1230468 0.3586426 0.121582 0.3459473 0.1401367 0.3586426 0.121582 0.3642578 0.130371 0.3400879 0.1313475 0.3586426 0.121582 0.3459473 0.1401367 0.3642578 0.130371 0.3522949 0.1464843 0.3459473 0.1401367 0.3701172 0.1376953 0.3522949 0.1464843 0.3642578 0.130371 0.364502 0.1567382 0.3701172 0.1376953 0.3815918 0.1518554 0.3522949 0.1464843 0.3701172 0.1376953 0.364502 0.1567382 0.3786621 0.1679687 0.3815918 0.1518554 0.4033203 0.1752929 0.364502 0.1567382 0.3815918 0.1518554 0.3786621 0.1679687 0.3625488 0.1591796 0.364502 0.1567382 0.3786621 0.1679687 0.3625488 0.1591796 0.3522949 0.1464843 0.364502 0.1567382 0.3469238 0.1499023 0.3522949 0.1464843 0.3625488 0.1591796 0.3469238 0.1499023 0.3459473 0.1401367 0.3522949 0.1464843 0.3391113 0.1440429 0.3459473 0.1401367 0.3469238 0.1499023 0.3391113 0.1440429 0.3400879 0.1313475 0.3459473 0.1401367 0.3400879 0.1313475 0.3310547 0.137207 0.3361817 0.1230468 0.3310547 0.137207 0.3400879 0.1313475 0.3391113 0.1440429 0.3361817 0.1230468 0.3210449 0.109375 0.3347168 0.1098632 0.3222656 0.1259765 0.3210449 0.109375 0.3361817 0.1230468 0.3361817 0.1230468 0.3310547 0.137207 0.3222656 0.1259765 0.3210449 0.109375 0.3217774 0.09130859 0.3347168 0.1098632 0.7939453 0.1674804 0.7880859 0.1767578 0.7890625 0.1640625 0.7919922 0.180664 0.7880859 0.1767578 0.7939453 0.1674804 0.7880859 0.1767578 0.7758789 0.186035 0.7802734 0.171875 0.7836914 0.1977539 0.7758789 0.186035 0.7880859 0.1767578 0.7802734 0.171875 0.7890625 0.1640625 0.7880859 0.1767578 0.7880859 0.1767578 0.7919922 0.180664 0.7836914 0.1977539 0.7983399 0.1801757 0.7939453 0.1674804 0.8022461 0.1669921 0.7919922 0.180664 0.7939453 0.1674804 0.7983399 0.1801757 0.8022461 0.1669921 0.7939453 0.1674804 0.8022461 0.130371 0.8022461 0.130371 0.7939453 0.1674804 0.7890625 0.1640625 0.7890625 0.1640625 0.7832031 0.1611328 0.8022461 0.130371 0.7832031 0.1611328 0.7890625 0.1640625 0.7802734 0.171875 0.7802734 0.171875 0.7666016 0.1635742 0.7832031 0.1611328 0.7612305 0.1743164 0.7802734 0.171875 0.7758789 0.186035 0.7666016 0.1635742 0.7802734 0.171875 0.7612305 0.1743164 0.7705078 0.154785 0.8022461 0.130371 0.7832031 0.1611328 0.7832031 0.1611328 0.7666016 0.1635742 0.7705078 0.154785 0.7666016 0.1635742 0.7514649 0.1518554 0.7705078 0.154785 0.7666016 0.1635742 0.7470703 0.1621093 0.7514649 0.1518554 0.7612305 0.1743164 0.7470703 0.1621093 0.7666016 0.1635742 0.7573242 0.1455078 0.8022461 0.130371 0.7705078 0.154785 0.7705078 0.154785 0.7514649 0.1518554 0.7573242 0.1455078 0.7495117 0.1333007 0.7514649 0.1518554 0.7402344 0.1396484 0.7573242 0.1455078 0.7514649 0.1518554 0.7495117 0.1333007 0.7514649 0.1518554 0.734375 0.1523437 0.7402344 0.1396484 0.7470703 0.1621093 0.734375 0.1523437 0.7514649 0.1518554 0.8022461 0.130371 0.7573242 0.1455078 0.7495117 0.1333007 0.8022461 0.130371 0.8378906 0.1220703 0.8398438 0.1298828 0.8066406 0.08349609 0.8188477 0.09423828 0.8022461 0.130371 0.8022461 0.130371 0.7929688 0.078125 0.8066406 0.08349609 0.8378906 0.1220703 0.8022461 0.130371 0.8369141 0.1137695 0.8022461 0.130371 0.8320313 0.1098632 0.8369141 0.1137695 0.8408203 0.152832 0.8378906 0.1586914 0.8022461 0.130371 0.8408203 0.152832 0.8022461 0.130371 0.8413086 0.1469725 0.8022461 0.130371 0.8413086 0.1401367 0.8413086 0.1469725 0.8413086 0.1401367 0.8022461 0.130371 0.8398438 0.1298828 0.8320313 0.1098632 0.8022461 0.130371 0.8276367 0.1049804 0.8188477 0.09423828 0.8276367 0.1049804 0.8022461 0.130371 0.8022461 0.130371 0.8105469 0.1669921 0.8022461 0.1669921 0.8330078 0.1625975 0.8022461 0.130371 0.8378906 0.1586914 0.8330078 0.1625975 0.8271484 0.165039 0.8022461 0.130371 0.8022461 0.130371 0.8271484 0.165039 0.8208008 0.1660156 0.8208008 0.1660156 0.8105469 0.1669921 0.8022461 0.130371 0.8022461 0.1669921 0.8081055 0.1791992 0.7983399 0.1801757 0.8105469 0.1669921 0.8081055 0.1791992 0.8022461 0.1669921 0.8203125 0.1787109 0.8105469 0.1669921 0.8208008 0.1660156 0.8081055 0.1791992 0.8105469 0.1669921 0.8203125 0.1787109 0.8300781 0.177246 0.8208008 0.1660156 0.8271484 0.165039 0.8203125 0.1787109 0.8208008 0.1660156 0.8300781 0.177246 0.8413086 0.1733398 0.8271484 0.165039 0.8330078 0.1625975 0.8300781 0.177246 0.8271484 0.165039 0.8413086 0.1733398 0.8330078 0.1625975 0.8486328 0.1669921 0.8413086 0.1733398 0.8378906 0.1586914 0.8486328 0.1669921 0.8330078 0.1625975 0.8408203 0.152832 0.8486328 0.1669921 0.8378906 0.1586914 0.8408203 0.152832 0.8413086 0.1469725 0.8525391 0.1586914 0.8525391 0.1586914 0.8486328 0.1669921 0.8408203 0.152832 0.8413086 0.1469725 0.8413086 0.1401367 0.8540039 0.1469725 0.8525391 0.1586914 0.8413086 0.1469725 0.8540039 0.1469725 0.8398438 0.1298828 0.8535156 0.1367187 0.8413086 0.1401367 0.8540039 0.1469725 0.8413086 0.1401367 0.8535156 0.1367187 0.8398438 0.1298828 0.8378906 0.1220703 0.8510742 0.125 0.8510742 0.125 0.8535156 0.1367187 0.8398438 0.1298828 0.8369141 0.1137695 0.8496094 0.1152343 0.8378906 0.1220703 0.8510742 0.125 0.8378906 0.1220703 0.8496094 0.1152343 0.8491211 0.109375 0.8496094 0.1152343 0.8369141 0.1137695 0.8442383 0.105957 0.8369141 0.1137695 0.8320313 0.1098632 0.8491211 0.109375 0.8369141 0.1137695 0.8442383 0.105957 0.8374024 0.09960937 0.8320313 0.1098632 0.8276367 0.1049804 0.8442383 0.105957 0.8320313 0.1098632 0.8374024 0.09960937 0.8276367 0.1049804 0.8266602 0.0883789 0.8374024 0.09960937 0.8188477 0.09423828 0.8266602 0.0883789 0.8276367 0.1049804 0.8188477 0.09423828 0.8115234 0.07617187 0.8266602 0.0883789 0.8066406 0.08349609 0.8115234 0.07617187 0.8188477 0.09423828 0.8066406 0.08349609 0.7929688 0.078125 0.8115234 0.07617187 0.8115234 0.07617187 0.7929688 0.078125 0.796875 0.06787109 0.8208008 0.06933593 0.8266602 0.0883789 0.8115234 0.07617187 0.8115234 0.07617187 0.8085938 0.05908203 0.8208008 0.06933593 0.796875 0.06787109 0.8085938 0.05908203 0.8115234 0.07617187 0.8354492 0.0805664 0.8374024 0.09960937 0.8266602 0.0883789 0.8354492 0.0805664 0.8266602 0.0883789 0.8208008 0.06933593 0.8505859 0.09228515 0.8442383 0.105957 0.8374024 0.09960937 0.8505859 0.09228515 0.8374024 0.09960937 0.8354492 0.0805664 0.8637695 0.09667968 0.8442383 0.105957 0.8505859 0.09228515 0.8637695 0.09667968 0.8491211 0.109375 0.8442383 0.105957 0.8491211 0.109375 0.8720703 0.105957 0.8496094 0.1152343 0.8774414 0.09912109 0.8720703 0.105957 0.8491211 0.109375 0.8774414 0.09912109 0.8491211 0.109375 0.8637695 0.09667968 0.8720703 0.105957 0.8652344 0.1162109 0.8496094 0.1152343 0.862793 0.1259765 0.8496094 0.1152343 0.8652344 0.1162109 0.8510742 0.125 0.8496094 0.1152343 0.862793 0.1259765 0.8510742 0.125 0.8632813 0.1362304 0.8535156 0.1367187 0.862793 0.1259765 0.8632813 0.1362304 0.8510742 0.125 0.8637695 0.1479492 0.8535156 0.1367187 0.8632813 0.1362304 0.8540039 0.1469725 0.8535156 0.1367187 0.8637695 0.1479492 0.8540039 0.1469725 0.8623047 0.1630859 0.8525391 0.1586914 0.8637695 0.1479492 0.8623047 0.1630859 0.8540039 0.1469725 0.8574219 0.1743164 0.8525391 0.1586914 0.8623047 0.1630859 0.8486328 0.1669921 0.8525391 0.1586914 0.8574219 0.1743164 0.8486328 0.1669921 0.8574219 0.1743164 0.8413086 0.1733398 0.8413086 0.1733398 0.8476563 0.1811523 0.8300781 0.177246 0.8413086 0.1733398 0.8574219 0.1743164 0.8476563 0.1811523 0.8300781 0.177246 0.8330078 0.1865234 0.8203125 0.1787109 0.8300781 0.177246 0.8476563 0.1811523 0.8330078 0.1865234 0.8203125 0.1787109 0.8330078 0.1865234 0.8217774 0.1884765 0.8203125 0.1787109 0.8217774 0.1884765 0.8081055 0.1791992 0.8081055 0.1791992 0.8217774 0.1884765 0.8115234 0.1904296 0.8081055 0.1791992 0.8115234 0.1904296 0.7983399 0.1801757 0.7983399 0.1801757 0.8115234 0.1904296 0.8027344 0.1948242 0.7939453 0.2041015 0.7983399 0.1801757 0.8027344 0.1948242 0.7983399 0.1801757 0.7939453 0.2041015 0.7919922 0.180664 0.7919922 0.180664 0.7939453 0.2041015 0.7890625 0.2104492 0.7836914 0.1977539 0.7919922 0.180664 0.7890625 0.2104492 0.8959961 0.6396484 0.8964844 0.638916 0.8964844 0.6396484 0.8964844 0.6396484 0.8964844 0.638916 0.8994141 0.6362305 0.8994141 0.6362305 0.8964844 0.638916 0.8955078 0.6350098 0.8955078 0.6350098 0.8964844 0.638916 0.8945313 0.6413574 0.8964844 0.638916 0.8955078 0.6491699 0.8945313 0.6413574 0.8945313 0.6413574 0.8955078 0.6491699 0.8930664 0.6486817 0.8955078 0.6491699 0.8950195 0.6582031 0.8930664 0.6486817 0.8930664 0.6486817 0.8950195 0.6582031 0.890625 0.6538086 0.8886719 0.6662598 0.8950195 0.6582031 0.8896484 0.6640625 0.8881836 0.6655274 0.8886719 0.6662598 0.8896484 0.6640625 0.8896484 0.6640625 0.8950195 0.6582031 0.890625 0.661377 0.8867188 0.6665039 0.8886719 0.6662598 0.8881836 0.6655274 0.8867188 0.6665039 0.8842774 0.6672363 0.8886719 0.6662598 0.8842774 0.6669922 0.8842774 0.6672363 0.8867188 0.6665039 0.8842774 0.6672363 0.8823242 0.6665039 0.8803711 0.6662598 0.8842774 0.6669922 0.8823242 0.6665039 0.8842774 0.6672363 0.8823242 0.6665039 0.8808594 0.6655274 0.8803711 0.6662598 0.8793945 0.6640625 0.8740234 0.6582031 0.8803711 0.6662598 0.8808594 0.6655274 0.8793945 0.6640625 0.8803711 0.6662598 0.8793945 0.6640625 0.878418 0.661377 0.8740234 0.6582031 0.878418 0.661377 0.8740234 0.6501465 0.8740234 0.6582031 0.8740234 0.6501465 0.8735352 0.6491699 0.8740234 0.6582031 0.8740234 0.6501465 0.8730469 0.6396484 0.8735352 0.6491699 0.8735352 0.6491699 0.8730469 0.6396484 0.8725586 0.638916 0.8950195 0.6582031 0.8950195 0.6501465 0.890625 0.661377 0.8955078 0.6491699 0.8950195 0.6501465 0.8950195 0.6582031 0.8950195 0.6501465 0.8955078 0.6491699 0.8959961 0.6396484 0.8959961 0.6396484 0.8955078 0.6491699 0.8964844 0.638916 0.8867188 0.6984863 0.8920899 0.7028809 0.8867188 0.7094727 0.8842774 0.6992188 0.8867188 0.7094727 0.8842774 0.7104492 0.8867188 0.6984863 0.8867188 0.7094727 0.8842774 0.6992188 0.8867188 0.7094727 0.8881836 0.717041 0.8842774 0.7104492 0.8867188 0.7094727 0.8920899 0.7028809 0.8881836 0.717041 0.8881836 0.6960449 0.8920899 0.7028809 0.8867188 0.6984863 0.8842774 0.6569824 0.8867188 0.6984863 0.8842774 0.6992188 0.8876953 0.65625 0.8867188 0.6984863 0.8842774 0.6569824 0.8876953 0.65625 0.8881836 0.6960449 0.8867188 0.6984863 0.8881836 0.6960449 0.8950195 0.6582031 0.8920899 0.7028809 0.890625 0.6538086 0.8881836 0.6960449 0.8876953 0.65625 0.890625 0.6538086 0.8950195 0.6582031 0.8881836 0.6960449 0.8823242 0.6984863 0.8842774 0.6569824 0.8842774 0.6992188 0.8813477 0.65625 0.8842774 0.6569824 0.8823242 0.6984863 0.8823242 0.7094727 0.8842774 0.6992188 0.8842774 0.7104492 0.8823242 0.6984863 0.8842774 0.6992188 0.8823242 0.7094727 0.8808594 0.717041 0.8842774 0.7104492 0.8842774 0.7194824 0.8823242 0.7094727 0.8842774 0.7104492 0.8808594 0.717041 0.8842774 0.7104492 0.8881836 0.717041 0.8842774 0.7194824 0.8769531 0.7028809 0.8823242 0.6984863 0.8823242 0.7094727 0.8769531 0.7028809 0.8823242 0.7094727 0.8808594 0.717041 0.8808594 0.6960449 0.8823242 0.6984863 0.8769531 0.7028809 0.8808594 0.6960449 0.8813477 0.65625 0.8823242 0.6984863 0.878418 0.6538086 0.8813477 0.65625 0.8808594 0.6960449 0.8740234 0.6582031 0.8808594 0.6960449 0.8769531 0.7028809 0.878418 0.6538086 0.8808594 0.6960449 0.8740234 0.6582031 0.8730469 0.6396484 0.8725586 0.6396484 0.8725586 0.638916 0.8725586 0.6396484 0.8696289 0.6362305 0.8725586 0.638916 0.8696289 0.6362305 0.8735352 0.6350098 0.8725586 0.638916 0.8735352 0.6350098 0.8745117 0.6413574 0.8725586 0.638916 0.8745117 0.6413574 0.8735352 0.6491699 0.8725586 0.638916 0.8759766 0.6486817 0.8735352 0.6491699 0.8745117 0.6413574 0.8759766 0.6486817 0.8740234 0.6582031 0.8735352 0.6491699 0.878418 0.6538086 0.8740234 0.6582031 0.8759766 0.6486817 0.8950195 0.6582031 0.8886719 0.6662598 0.8920899 0.7028809 0.8886719 0.6662598 0.8842774 0.6672363 0.8876953 0.7038574 0.8920899 0.7028809 0.8886719 0.6662598 0.8876953 0.7038574 0.8920899 0.7028809 0.8876953 0.7038574 0.8881836 0.717041 0.8876953 0.7038574 0.8842774 0.7038574 0.8881836 0.717041 0.8876953 0.7038574 0.8842774 0.6672363 0.8842774 0.7038574 0.8842774 0.6672363 0.8813477 0.7038574 0.8842774 0.7038574 0.8803711 0.6662598 0.8813477 0.7038574 0.8842774 0.6672363 0.8881836 0.717041 0.8842774 0.7038574 0.8842774 0.7194824 0.8842774 0.7038574 0.8808594 0.717041 0.8842774 0.7194824 0.8813477 0.7038574 0.8808594 0.717041 0.8842774 0.7038574 0.8813477 0.7038574 0.8769531 0.7028809 0.8808594 0.717041 0.8803711 0.6662598 0.8769531 0.7028809 0.8813477 0.7038574 0.8740234 0.6582031 0.8769531 0.7028809 0.8803711 0.6662598 0.4770508 0.3847656 0.4760742 0.387207 0.4504395 0.3813477 0.4694824 0.5039063 0.442627 0.5041504 0.46875 0.5019531 0.8745117 0.6499024 0.8740234 0.6501465 0.878418 0.661377 0.8950195 0.6501465 0.8945313 0.6499024 0.890625 0.661377</float_array>
          <technique_common>
            <accessor source="#mainShape-mesh-map-0-array" count="1542" stride="2">
              <param name="S" type="float"/>
              <param name="T" type="float"/>
            </accessor>
          </technique_common>
        </source>
        <source id="mainShape-mesh-colors-Col" name="Col">
          <float_array id="mainShape-mesh-colors-Col-array" count="6168">1 1 1 1 1 1 1 1 1 1 1 1 1 1 1 1 1 1 1 1 1 1 1 1 1 1 1 1 1 1 1 1 1 1 1 1 1 1 1 1 1 1 1 1 1 1 1 1 1 1 1 1 1 1 1 1 1 1 1 1 1 1 1 1 1 1 1 1 1 1 1 1 1 1 1 1 1 1 1 1 1 1 1 1 1 1 1 1 1 1 1 1 1 1 1 1 1 1 1 1 1 1 1 1 1 1 1 1 1 1 1 1 1 1 1 1 1 1 1 1 1 1 1 1 1 1 1 1 1 1 1 1 1 1 1 1 1 1 1 1 1 1 1 1 1 1 1 1 1 1 1 1 1 1 1 1 1 1 1 1 1 1 1 1 1 1 1 1 1 1 1 1 1 1 1 1 1 1 1 1 1 1 1 1 1 1 1 1 1 1 1 1 1 1 1 1 1 1 1 1 1 1 1 1 1 1 1 1 1 1 1 1 1 1 1 1 1 1 1 1 1 1 1 1 1 1 1 1 1 1 1 1 1 1 1 1 1 1 1 1 1 1 1 1 1 1 1 1 1 1 1 1 1 1 1 1 1 1 1 1 1 1 1 1 1 1 1 1 1 1 1 1 1 1 1 1 1 1 1 1 1 1 1 1 1 1 1 1 1 1 1 1 1 1 1 1 1 1 1 1 1 1 1 1 1 1 1 1 1 1 1 1 1 1 1 1 1 1 1 1 1 1 1 1 1 1 1 1 1 1 1 1 1 1 1 1 1 1 1 1 1 1 1 1 1 1 1 1 1 1 1 1 1 1 1 1 1 1 1 1 1 1 1 1 1 1 1 1 1 1 1 1 1 1 1 1 1 1 1 1 1 1 1 1 1 1 1 1 1 1 1 1 1 1 1 1 1 1 1 1 1 1 1 1 1 1 1 1 1 1 1 1 1 1 1 1 1 1 1 1 1 1 1 1 1 1 1 1 1 1 1 1 1 1 1 1 1 1 1 1 1 1 1 1 1 1 1 1 1 1 1 1 1 1 1 1 1 1 1 1 1 1 1 1 1 1 1 1 1 1 1 1 1 1 1 1 1 1 1 1 1 1 1 1 1 1 1 1 1 1 1 1 1 1 1 1 1 1 1 1 1 1 1 1 1 1 1 1 1 1 1 1 1 1 1 1 1 1 1 1 1 1 1 1 1 1 1 1 1 1 1 1 1 1 1 1 1 1 1 1 1 1 1 1 1 1 1 1 1 1 1 1 1 1 1 1 1 1 1 1 1 1 1 1 1 1 1 1 1 1 1 1 1 1 1 1 1 1 1 1 1 1 1 1 1 1 1 1 1 1 1 1 1 1 1 1 1 1 1 1 1 1 1 1 1 1 1 1 1 1 1 1 1 1 1 1 1 1 1 1 1 1 1 1 1 1 1 1 1 1 1 1 1 1 1 1 1 1 1 1 1 1 1 1 1 1 1 1 1 1 1 1 1 1 1 1 1 1 1 1 1 1 1 1 1 1 1 1 1 1 1 1 1 1 1 1 1 1 1 1 1 1 1 1 1 1 1 1 1 1 1 1 1 1 1 1 1 1 1 1 1 1 1 1 1 1 1 1 1 1 1 1 1 1 1 1 1 1 1 1 1 1 1 1 1 1 1 1 1 1 1 1 1 1 1 1 1 1 1 1 1 1 1 1 1 1 1 1 1 1 1 1 1 1 1 1 1 1 1 1 1 1 1 1 1 1 1 1 1 1 1 1 1 1 1 1 1 1 1 1 1 1 1 1 1 1 1 1 1 1 1 1 1 1 1 1 1 1 1 1 1 1 1 1 1 1 1 1 1 1 1 1 1 1 1 1 1 1 1 1 1 1 1 1 1 1 1 1 1 1 1 1 1 1 1 1 1 1 1 1 1 1 1 1 1 1 1 1 1 1 1 1 1 1 1 1 1 1 1 1 1 1 1 1 1 1 1 1 1 1 1 1 1 1 1 1 1 1 1 1 1 1 1 1 1 1 1 1 1 1 1 1 1 1 1 1 1 1 1 1 1 1 1 1 1 1 1 1 1 1 1 1 1 1 1 1 1 1 1 1 1 1 1 1 1 1 1 1 1 1 1 1 1 1 1 1 1 1 1 1 1 1 1 1 1 1 1 1 1 1 1 1 1 1 1 1 1 1 1 1 1 1 1 1 1 1 1 1 1 1 1 1 1 1 1 1 1 1 1 1 1 1 1 1 1 1 1 1 1 1 1 1 1 1 1 1 1 1 1 1 1 1 1 1 1 1 1 1 1 1 1 1 1 1 1 1 1 1 1 1 1 1 1 1 1 1 1 1 1 1 1 1 1 1 1 1 1 1 1 1 1 1 1 1 1 1 1 1 1 1 1 1 1 1 1 1 1 1 1 1 1 1 1 1 1 1 1 1 1 1 1 1 1 1 1 1 1 1 1 1 1 1 1 1 1 1 1 1 1 1 1 1 1 1 1 1 1 1 1 1 1 1 1 1 1 1 1 1 1 1 1 1 1 1 1 1 1 1 1 1 1 1 1 1 1 1 1 1 1 1 1 1 1 1 1 1 1 1 1 1 1 1 1 1 1 1 1 1 1 1 1 1 1 1 1 1 1 1 1 1 1 1 1 1 1 1 1 1 1 1 1 1 1 1 1 1 1 1 1 1 1 1 1 1 1 1 1 1 1 1 1 1 1 1 1 1 1 1 1 1 1 1 1 1 1 1 1 1 1 1 1 1 1 1 1 1 1 1 1 1 1 1 1 1 1 1 1 1 1 1 1 1 1 1 1 1 1 1 1 1 1 1 1 1 1 1 1 1 1 1 1 1 1 1 1 1 1 1 1 1 1 1 1 1 1 1 1 1 1 1 1 1 1 1 1 1 1 1 1 1 1 1 1 1 1 1 1 1 1 1 1 1 1 1 1 1 1 1 1 1 1 1 1 1 1 1 1 1 1 1 1 1 1 1 1 1 1 1 1 1 1 1 1 1 1 1 1 1 1 1 1 1 1 1 1 1 1 1 1 1 1 1 1 1 1 1 1 1 1 1 1 1 1 1 1 1 1 1 1 1 1 1 1 1 1 1 1 1 1 1 1 1 1 1 1 1 1 1 1 1 1 1 1 1 1 1 1 1 1 1 1 1 1 1 1 1 1 1 1 1 1 1 1 1 1 1 1 1 1 1 1 1 1 1 1 1 1 1 1 1 1 1 1 1 1 1 1 1 1 1 1 1 1 1 1 1 1 1 1 1 1 1 1 1 1 1 1 1 1 1 1 1 1 1 1 1 1 1 1 1 1 1 1 1 1 1 1 1 1 1 1 1 1 1 1 1 1 1 1 1 1 1 1 1 1 1 1 1 1 1 1 1 1 1 1 1 1 1 1 1 1 1 1 1 1 1 1 1 1 1 1 1 1 1 1 1 1 1 1 1 1 1 1 1 1 1 1 1 1 1 1 1 1 1 1 1 1 1 1 1 1 1 1 1 1 1 1 1 1 1 1 1 1 1 1 1 1 1 1 1 1 1 1 1 1 1 1 1 1 1 1 1 1 1 1 1 1 1 1 1 1 1 1 1 1 1 1 1 1 1 1 1 1 1 1 1 1 1 1 1 1 1 1 1 1 1 1 1 1 1 1 1 1 1 1 1 1 1 1 1 1 1 1 1 1 1 1 1 1 1 1 1 1 1 1 1 1 1 1 1 1 1 1 1 1 1 1 1 1 1 1 1 1 1 1 1 1 1 1 1 1 1 1 1 1 1 1 1 1 1 1 1 1 1 1 1 1 1 1 1 1 1 1 1 1 1 1 1 1 1 1 1 1 1 1 1 1 1 1 1 1 1 1 1 1 1 1 1 1 1 1 1 1 1 1 1 1 1 1 1 1 1 1 1 1 1 1 1 1 1 1 1 1 1 1 1 1 1 1 1 1 1 1 1 1 1 1 1 1 1 1 1 1 1 1 1 1 1 1 1 1 1 1 1 1 1 1 1 1 1 1 1 1 1 1 1 1 1 1 1 1 1 1 1 1 1 1 1 1 1 1 1 1 1 1 1 1 1 1 1 1 1 1 1 1 1 1 1 1 1 1 1 1 1 1 1 1 1 1 1 1 1 1 1 1 1 1 1 1 1 1 1 1 1 1 1 1 1 1 1 1 1 1 1 1 1 1 1 1 1 1 1 1 1 1 1 1 1 1 1 1 1 1 1 1 1 1 1 1 1 1 1 1 1 1 1 1 1 1 1 1 1 1 1 1 1 1 1 1 1 1 1 1 1 1 1 1 1 1 1 1 1 1 1 1 1 1 1 1 1 1 1 1 1 1 1 1 1 1 1 1 1 1 1 1 1 1 1 1 1 1 1 1 1 1 1 1 1 1 1 1 1 1 1 1 1 1 1 1 1 1 1 1 1 1 1 1 1 1 1 1 1 1 1 1 1 1 1 1 1 1 1 1 1 1 1 1 1 1 1 1 1 1 1 1 1 1 1 1 1 1 1 1 1 1 1 1 1 1 1 1 1 1 1 1 1 1 1 1 1 1 1 1 1 1 1 1 1 1 1 1 1 1 1 1 1 1 1 1 1 1 1 1 1 1 1 1 1 1 1 1 1 1 1 1 1 1 1 1 1 1 1 1 1 1 1 1 1 1 1 1 1 1 1 1 1 1 1 1 1 1 1 1 1 1 1 1 1 1 1 1 1 1 1 1 1 1 1 1 1 1 1 1 1 1 1 1 1 1 1 1 1 1 1 1 1 1 1 1 1 1 1 1 1 1 1 1 1 1 1 1 1 1 1 1 1 1 1 1 1 1 1 1 1 1 1 1 1 1 1 1 1 1 1 1 1 1 1 1 1 1 1 1 1 1 1 1 1 1 1 1 1 1 1 1 1 1 1 1 1 1 1 1 1 1 1 1 1 1 1 1 1 1 1 1 1 1 1 1 1 1 1 1 1 1 1 1 1 1 1 1 1 1 1 1 1 1 1 1 1 1 1 1 1 1 1 1 1 1 1 1 1 1 1 1 1 1 1 1 1 1 1 1 1 1 1 1 1 1 1 1 1 1 1 1 1 1 1 1 1 1 1 1 1 1 1 1 1 1 1 1 1 1 1 1 1 1 1 1 1 1 1 1 1 1 1 1 1 1 1 1 1 1 1 1 1 1 1 1 1 1 1 1 1 1 1 1 1 1 1 1 1 1 1 1 1 1 1 1 1 1 1 1 1 1 1 1 1 1 1 1 1 1 1 1 1 1 1 1 1 1 1 1 1 1 1 1 1 1 1 1 1 1 1 1 1 1 1 1 1 1 1 1 1 1 1 1 1 1 1 1 1 1 1 1 1 1 1 1 1 1 1 1 1 1 1 1 1 1 1 1 1 1 1 1 1 1 1 1 1 1 1 1 1 1 1 1 1 1 1 1 1 1 1 1 1 1 1 1 1 1 1 1 1 1 1 1 1 1 1 1 1 1 1 1 1 1 1 1 1 1 1 1 1 1 1 1 1 1 1 1 1 1 1 1 1 1 1 1 1 1 1 1 1 1 1 1 1 1 1 1 1 1 1 1 1 1 1 1 1 1 1 1 1 1 1 1 1 1 1 1 1 1 1 1 1 1 1 1 1 1 1 1 1 1 1 1 1 1 1 1 1 1 1 1 1 1 1 1 1 1 1 1 1 1 1 1 1 1 1 1 1 1 1 1 1 1 1 1 1 1 1 1 1 1 1 1 1 1 1 1 1 1 1 1 1 1 1 1 1 1 1 1 1 1 1 1 1 1 1 1 1 1 1 1 1 1 1 1 1 1 1 1 1 1 1 1 1 1 1 1 1 1 1 1 1 1 1 1 1 1 1 1 1 1 1 1 1 1 1 1 1 1 1 1 1 1 1 1 1 1 1 1 1 1 1 1 1 1 1 1 1 1 1 1 1 1 1 1 1 1 1 1 1 1 1 1 1 1 1 1 1 1 1 1 1 1 1 1 1 1 1 1 1 1 1 1 1 1 1 1 1 1 1 1 1 1 1 1 1 1 1 1 1 1 1 1 1 1 1 1 1 1 1 1 1 1 1 1 1 1 1 1 1 1 1 1 1 1 1 1 1 1 1 1 1 1 1 1 1 1 1 1 1 1 1 1 1 1 1 1 1 1 1 1 1 1 1 1 1 1 1 1 1 1 1 1 1 1 1 1 1 1 1 1 1 1 1 1 1 1 1 1 1 1 1 1 1 1 1 1 1 1 1 1 1 1 1 1 1 1 1 1 1 1 1 1 1 1 1 1 1 1 1 1 1 1 1 1 1 1 1 1 1 1 1 1 1 1 1 1 1 1 1 1 1 1 1 1 1 1 1 1 1 1 1 1 1 1 1 1 1 1 1 1 1 1 1 1 1 1 1 1 1 1 1 1 1 1 1 1 1 1 1 1 1 1 1 1 1 1 1 1 1 1 1 1 1 1 1 1 1 1 1 1 1 1 1 1 1 1 1 1 1 1 1 1 1 1 1 1 1 1 1 1 1 1 1 1 1 1 1 1 1 1 1 1 1 1 1 1 1 1 1 1 1 1 1 1 1 1 1 1 1 1 1 1 1 1 1 1 1 1 1 1 1 1 1 1 1 1 1 1 1 1 1 1 1 1 1 1 1 1 1 1 1 1 1 1 1 1 1 1 1 1 1 1 1 1 1 1 1 1 1 1 1 1 1 1 1 1 1 1 1 1 1 1 1 1 1 1 1 1 1 1 1 1 1 1 1 1 1 1 1 1 1 1 1 1 1 1 1 1 1 1 1 1 1 1 1 1 1 1 1 1 1 1 1 1 1 1 1 1 1 1 1 1 1 1 1 1 1 1 1 1 1 1 1 1 1 1 1 1 1 1 1 1 1 1 1 1 1 1 1 1 1 1 1 1 1 1 1 1 1 1 1 1 1 1 1 1 1 1 1 1 1 1 1 1 1 1 1 1 1 1 1 1 1 1 1 1 1 1 1 1 1 1 1 1 1 1 1 1 1 1 1 1 1 1 1 1 1 1 1 1 1 1 1 1 1 1 1 1 1 1 1 1 1 1 1 1 1 1 1 1 1 1 1 1 1 1 1 1 1 1 1 1 1 1 1 1 1 1 1 1 1 1 1 1 1 1 1 1 1 1 1 1 1 1 1 1 1 1 1 1 1 1 1 1 1 1 1 1 1 1 1 1 1 1 1 1 1 1 1 1 1 1 1 1 1 1 1 1 1 1 1 1 1 1 1 1 1 1 1 1 1 1 1 1 1 1 1 1 1 1 1 1 1 1 1 1 1 1 1 1 1 1 1 1 1 1 1 1 1 1 1 1 1 1 1 1 1 1 1 1 1 1 1 1 1 1 1 1 1 1 1 1 1 1 1 1 1 1 1 1 1 1 1 1 1 1 1 1 1 1 1 1 1 1 1 1 1 1 1 1 1 1 1 1 1 1 1 1 1 1 1 1 1 1 1 1 1 1 1 1 1 1 1 1 1 1 1 1 1 1 1 1 1 1 1 1 1 1 1 1 1 1 1 1 1 1 1 1 1 1 1 1 1 1 1 1 1 1 1 1 1 1 1 1 1 1 1 1 1 1 1 1 1 1 1 1 1 1 1 1 1 1 1 1 1 1 1 1 1 1 1 1 1 1 1 1 1 1 1 1 1 1 1 1 1 1 1 1 1 1 1 1 1 1 1 1 1 1 1 1 1 1 1 1 1 1 1 1 1 1 1 1 1 1 1 1 1 1 1 1 1 1 1 1 1 1 1 1 1 1 1 1 1 1 1 1 1 1 1 1 1 1 1 1 1 1 1 1 1 1 1 1 1 1 1 1 1 1 1 1 1 1 1 1 1 1 1 1 1 1 1 1 1 1 1 1 1 1 1 1 1 1 1 1 1 1 1 1 1 1 1 1 1 1 1 1 1 1 1 1 1 1 1 1 1 1 1 1 1 1 1 1 1 1 1 1 1 1 1 1 1 1 1 1 1 1 1 1 1 1 1 1 1 1 1 1 1 1 1 1 1 1 1 1 1 1 1 1 1 1 1 1 1 1 1 1 1 1 1 1 1 1 1 1 1 1 1 1 1 1 1 1 1 1 1 1 1 1 1 1 1 1 1 1 1 1 1 1 1 1 1 1 1 1 1 1 1 1 1 1 1 1 1 1 1 1 1 1 1 1 1 1 1 1 1 1 1 1 1 1 1 1 1 1 1 1 1 1 1 1 1 1 1 1 1 1 1 1 1 1 1 1 1 1 1 1 1 1 1 1 1 1 1 1 1 1 1 1 1 1 1 1 1 1 1 1 1 1 1 1 1 1 1 1 1 1 1 1 1 1 1 1 1 1 1 1 1 1 1 1 1 1 1 1 1 1 1 1 1 1 1 1 1 1 1 1 1 1 1 1 1 1 1 1 1 1 1 1 1 1 1 1 1 1 1 1 1 1 1 1 1 1 1 1 1 1 1 1 1 1 1 1 1 1 1 1 1 1 1 1 1 1 1 1 1 1 1 1 1 1 1 1 1 1 1 1 1 1 1 1 1 1 1 1 1 1 1 1 1 1 1 1 1 1 1 1 1 1 1 1 1 1 1 1 1 1 1 1 1 1 1 1 1 1 1 1 1 1 1 1 1 1 1 1 1 1 1 1 1 1 1 1 1 1 1 1 1 1 1 1 1 1 1 1 1 1 1 1 1 1 1 1 1 1 1 1 1 1 1 1 1 1 1 1 1 1 1 1 1 1 1 1 1 1 1 1 1 1 1 1 1 1 1 1 1 1 1 1 1 1 1 1 1 1 1 1 1 1 1 1 1 1 1 1 1 1 1 1 1 1 1 1 1 1 1 1 1 1 1 1 1 1 1 1 1 1 1 1 1 1 1 1 1 1 1 1 1 1 1 1 1 1 1 1 1 1 1 1 1 1 1 1 1 1 1 1 1 1 1 1 1 1 1 1 1 1 1 1 1 1 1 1 1 1 1 1 1 1 1 1 1 1 1 1 1 1 1 1 1 1 1 1 1 1 1 1 1 1 1 1 1 1 1 1 1 1 1 1 1 1 1 1 1 1 1 1 1 1 1 1 1 1 1 1 1 1 1 1 1 1 1 1 1 1 1 1 1 1 1 1 1 1 1 1 1 1 1 1 1 1 1 1 1 1 1 1 1 1 1 1 1 1 1 1 1 1 1 1 1 1 1 1 1 1 1 1 1 1 1 1 1 1 1 1 1 1 1 1 1 1 1 1 1 1 1 1 1 1 1 1 1 1 1 1 1 1 1 1 1 1 1 1 1 1 1 1 1 1 1 1 1 1 1 1 1 1 1 1 1 1 1 1 1 1 1 1 1 1 1 1 1 1 1 1 1 1 1 1 1 1 1 1 1 1 1 1 1 1 1 1 1 1 1 1 1 1 1 1 1 1 1 1 1 1 1 1 1 1 1 1 1 1 1 1 1 1 1 1 1 1 1 1 1 1 1 1 1 1 1 1 1 1 1 1 1 1 1 1 1 1 1 1 1 1 1 1 1 1 1 1 1 1 1 1 1 1 1 1 1 1 1 1 1 1 1 1 1 1 1 1 1 1 1 1 1 1 1 1 1 1 1 1 1 1 1 1 1 1 1 1 1 1 1 1 1 1 1 1 1 1 1 1 1 1 1 1 1 1 1 1 1 1 1 1 1 1 1 1 1 1 1 1 1 1 1 1 1 1 1 1 1 1 1 1 1 1 1 1 1 1 1 1 1 1 1 1 1 1 1 1 1 1 1 1 1 1 1 1 1 1 1 1 1 1 1 1 1 1 1 1 1 1 1 1 1 1 1 1 1 1 1 1 1 1 1 1 1 1 1 1 1 1 1 1 1 1 1 1 1 1 1 1 1 1 1 1 1 1 1 1 1 1 1 1 1 1 1 1 1 1 1 1 1 1 1 1 1 1 1 1 1 1 1 1 1 1 1 1 1 1 1 1 1 1 1 1 1 1 1 1 1 1 1 1 1 1 1 1 1 1 1 1 1 1 1 1 1 1 1 1 1 1 1 1 1 1 1 1 1 1 1 1 1 1 1 1 1 1 1 1 1 1 1 1 1 1 1 1 1 1 1 1 1 1 1 1 1 1 1 1 1 1 1 1 1 1 1 1 1 1 1 1 1 1 1 1 1 1 1 1 1 1 1 1 1 1 1 1 1 1 1 1 1 1 1 1 1 1 1 1 1 1 1 1 1 1 1 1 1 1 1 1 1 1 1 1 1 1 1 1 1 1 1 1 1 1 1 1 1 1 1 1 1 1 1 1 1 1 1 1 1 1 1 1 1 1 1 1 1 1 1 1 1 1 1 1 1 1 1 1 1 1 1 1 1 1 1 1 1 1 1 1 1 1 1 1 1 1 1 1 1 1 1 1 1 1 1 1 1 1 1 1 1 1 1 1 1 1 1 1 1 1 1 1 1 1 1 1 1 1 1 1 1 1 1 1 1 1 1 1 1 1 1 1 1 1 1 1 1 1 1 1 1 1 1 1 1 1 1 1 1 1 1 1 1 1 1 1 1 1 1 1 1 1 1 1 1 1 1 1 1 1 1 1 1 1 1 1 1 1 1 1 1 1 1 1 1 1 1 1 1 1 1 1 1 1 1 1 1 1 1 1 1 1 1 1 1 1 1 1 1 1 1 1 1 1 1 1 1 1 1 1 1 1 1 1 1 1 1 1 1 1 1 1 1 1 1 1 1 1 1 1 1 1 1 1 1 1 1 1 1 1 1 1 1 1 1 1 1 1 1 1 1 1 1 1 1 1 1 1 1 1 1 1 1 1 1 1 1 1 1 1 1 1 1 1 1 1 1 1 1 1 1 1 1 1 1 1 1 1 1 1 1 1 1 1 1 1 1 1 1 1 1 1 1 1 1 1 1 1 1 1 1 1 1 1 1 1 1 1 1 1 1 1 1 1 1 1 1 1 1 1 1 1 1 1 1 1 1 1 1 1 1 1 1 1 1 1 1 1 1 1 1 1 1 1 1 1 1 1 1 1 1 1 1 1 1 1 1 1 1 1 1 1 1 1 1 1 1 1 1 1 1 1 1 1 1 1 1 1 1 1 1 1 1 1 1 1 1 1 1 1 1 1 1 1 1 1 1 1 1 1 1 1 1 1 1 1 1 1 1 1 1 1 1 1 1 1 1 1 1 1 1 1 1 1 1 1 1 1 1 1 1 1 1 1 1 1 1 1 1 1 1 1 1 1 1 1 1 1 1 1 1 1 1 1 1 1 1 1 1 1 1 1 1 1 1 1 1 1 1 1 1 1 1 1 1 1 1 1 1 1 1 1 1 1 1 1 1 1 1 1 1 1 1 1 1 1 1 1 1 1 1 1 1 1 1 1 1 1 1 1 1 1 1 1 1 1 1 1 1 1 1 1 1 1 1 1 1 1 1 1 1 1 1 1 1 1 1 1 1 1 1 1 1 1 1 1 1 1 1 1 1 1 1 1 1 1 1 1 1 1 1 1 1 1 1 1 1 1 1 1 1 1 1 1 1 1 1 1 1 1 1 1 1 1 1 1 1 1 1 1 1 1 1 1 1 1 1 1 1 1 1 1 1 1 1 1 1 1 1 1 1 1 1 1 1 1 1 1 1 1 1 1 1 1 1 1 1 1 1 1 1 1 1 1 1 1 1 1 1 1 1 1 1 1 1 1 1 1 1 1 1 1 1 1 1 1 1 1 1 1 1 1 1 1 1 1 1 1 1 1 1 1 1 1 1 1 1 1 1 1 1 1 1 1 1 1 1 1 1 1 1 1 1 1 1 1 1 1 1 1 1 1 1 1 1 1 1 1 1 1 1 1 1 1 1 1 1 1 1 1 1 1 1 1 1 1 1 1 1 1 1 1 1 1 1 1 1 1 1 1 1 1 1 1 1 1 1 1 1 1 1 1 1 1 1 1 1 1 1 1 1 1 1 1 1 1 1 1 1 1 1 1 1 1 1 1 1 1 1 1 1 1 1 1 1 1 1 1 1 1 1 1 1 1 1 1 1 1 1 1 1 1 1 1 1 1 1 1 1 1 1 1 1 1 1 1 1 1 1 1 1 1 1 1 1 1 1 1 1 1 1 1 1 1 1 1 1 1 1 1 1 1 1 1 1 1 1 1 1 1 1 1 1 1 1 1 1 1 1 1 1 1 1 1 1 1 1 1 1 1 1 1 1 1 1 1 1 1 1 1 1 1 1 1 1 1 1 1 1 1 1 1 1 1 1 1 1 1 1 1 1 1 1 1 1 1 1 1 1 1 1 1 1 1 1 1 1 1 1 1 1 1 1 1 1 1 1 1 1 1 1 1 1 1 1 1 1 1 1 1 1 1 1 1 1 1 1 1 1 1 1 1 1 1 1 1 1 1 1 1 1 1 1 1 1 1 1 1 1 1 1 1 1 1 1 1 1 1 1 1 1 1 1 1 1 1 1 1 1 1 1 1 1 1 1 1 1 1 1 1 1 1 1 1 1 1 1 1 1 1 1 1 1 1 1 1 1 1 1 1 1 1 1 1 1 1 1 1 1 1 1 1 1 1 1 1 1 1 1 1 1 1 1 1 1 1 1 1 1 1 1 1 1 1 1 1 1 1 1 1 1 1 1 1 1 1 1 1 1 1 1 1 1 1 1 1 1 1 1 1 1 1 1 1 1 1 1 1 1 1 1 1 1 1 1 1 1 1 1 1 1 1 1 1 1 1 1 1 1 1 1 1 1 1 1 1 1 1 1 1 1 1 1 1 1 1 1 1 1 1 1 1 1 1 1 1 1 1 1 1 1 1 1 1 1 1 1 1 1 1 1 1 1 1 1 1 1 1 1 1 1 1 1 1 1 1 1 1 1 1 1 1 1 1 1 1 1 1 1 1 1 1 1 1 1 1 1 1 1 1 1 1 1 1 1 1 1 1 1 1 1 1 1 1 1 1 1 1 1 1 1 1 1 1 1 1 1 1 1 1 1 1 1 1 1 1 1 1 1 1 1 1 1 1 1 1 1 1 1 1 1 1 1 1 1 1 1 1 1 1 1 1 1 1 1 1 1 1 1 1 1 1 1 1 1 1 1 1 1 1 1 1 1 1 1 1 1 1 1 1 1 1 1 1 1 1 1 1 1 1 1 1 1 1 1 1 1 1 1 1 1 1 1 1 1 1 1 1 1 1 1 1 1 1 1 1 1 1 1 1 1 1 1 1 1 1 1 1 1 1 1 1 1 1 1 1 1 1 1 1 1 1 1 1 1 1 1 1 1 1 1 1 1 1 1 1 1 1 1 1 1 1 1 1 1 1 1 1 1 1 1 1 1 1 1 1 1 1 1 1 1 1 1 1 1 1 1 1 1 1 1 1 1 1 1 1 1 1 1 1 1 1 1 1 1 1 1 1 1 1 1 1 1 1 1 1 1 1 1 1 1 1 1 1 1 1 1 1 1 1 1 1 1 1 1 1 1 1 1 1 1 1 1 1 1 1 1 1 1 1 1 1 1 1 1 1 1 1 1 1 1 1 1 1 1 1 1 1 1 1 1 1 1 1 1 1 1 1 1 1 1 1 1 1 1 1 1 1 1 1 1 1 1 1 1 1 1 1 1 1 1 1 1 1 1 1 1 1 1 1 1 1 1 1 1 1 1 1 1 1 1 1 1 1 1 1 1 1 1 1 1 1 1 1 1 1 1 1 1 1 1 1 1 1 1 1 1 1 1 1 1 1 1 1 1 1 1 1 1 1 1 1 1 1 1 1 1 1 1 1 1 1 1 1 1 1 1 1 1 1 1 1 1 1 1 1 1 1 1 1 1 1 1 1 1 1 1 1 1 1 1 1 1 1 1 1 1 1 1 1 1 1 1 1 1 1 1 1 1 1 1 1 1 1 1 1 1 1 1 1 1</float_array>
          <technique_common>
            <accessor source="#mainShape-mesh-colors-Col-array" count="1542" stride="4">
              <param name="R" type="float"/>
              <param name="G" type="float"/>
              <param name="B" type="float"/>
              <param name="A" type="float"/>
            </accessor>
          </technique_common>
        </source>
        <vertices id="mainShape-mesh-vertices">
          <input semantic="POSITION" source="#mainShape-mesh-positions"/>
        </vertices>
        <triangles material="metal_samusd_001-material" count="514">
          <input semantic="VERTEX" source="#mainShape-mesh-vertices" offset="0"/>
          <input semantic="NORMAL" source="#mainShape-mesh-normals" offset="1"/>
          <input semantic="TEXCOORD" source="#mainShape-mesh-map-0" offset="2" set="0"/>
          <input semantic="COLOR" source="#mainShape-mesh-colors-Col" offset="3" set="0"/>
          <p>1 0 0 0 247 1 1 1 113 2 2 2 113 2 3 3 0 3 4 4 1 0 5 5 1 0 6 6 2 4 7 7 7 5 8 8 6 6 9 9 1 0 10 10 7 5 11 11 3 7 12 12 1 0 13 13 6 6 14 14 3 7 15 15 247 1 16 16 1 0 17 17 1 0 18 18 0 3 19 19 2 4 20 20 120 8 21 21 247 1 22 22 3 7 23 23 3 7 24 24 5 9 25 25 120 8 26 26 6 6 27 27 5 9 28 28 3 7 29 29 129 10 30 30 6 6 31 31 7 5 32 32 132 11 33 33 6 6 34 34 129 10 35 35 6 6 36 36 132 11 37 37 5 9 38 38 7 5 39 39 131 12 40 40 129 10 41 41 8 13 42 42 131 12 43 43 7 5 44 44 7 5 45 45 2 4 46 46 8 13 47 47 2 4 48 48 15 14 49 49 9 15 50 50 0 3 51 51 15 14 52 52 2 4 53 53 2 4 54 54 9 15 55 55 8 13 56 56 8 13 57 57 136 16 58 58 131 12 59 59 10 17 60 60 136 16 61 61 8 13 62 62 8 13 63 63 9 15 64 64 10 17 65 65 131 12 66 66 138 18 67 67 130 19 68 68 136 16 69 69 138 18 70 70 131 12 71 71 130 19 72 72 129 10 73 73 131 12 74 74 129 10 75 75 252 20 76 76 132 11 77 77 135 21 78 78 252 20 79 79 129 10 80 80 135 21 81 81 129 10 82 82 130 19 83 83 254 22 84 84 132 11 85 85 252 20 86 86 5 9 87 87 132 11 88 88 254 22 89 89 228 23 90 90 230 24 91 91 5 9 92 92 121 25 93 93 5 9 94 94 229 26 95 95 229 26 96 96 5 9 97 97 230 24 98 98 5 9 99 99 254 22 100 100 228 23 101 101 119 27 102 102 5 9 103 103 124 28 104 104 121 25 105 105 123 29 106 106 5 9 107 107 123 29 108 108 124 28 109 109 5 9 110 110 5 9 111 111 119 27 112 112 120 8 113 113 136 16 114 114 147 30 115 115 138 18 116 116 137 31 117 117 147 30 118 118 136 16 119 119 136 16 120 120 10 17 121 121 137 31 122 122 137 31 123 123 10 17 124 124 12 32 125 125 10 17 126 126 11 33 127 127 12 32 128 128 9 15 129 129 11 33 130 130 10 17 131 131 22 34 132 132 9 15 133 133 15 14 134 134 11 33 135 135 9 15 136 136 22 34 137 137 11 33 138 138 21 35 139 139 12 32 140 140 20 36 141 141 11 33 142 142 22 34 143 143 21 35 144 144 11 33 145 145 20 36 146 146 145 37 147 147 12 32 148 148 23 38 149 149 137 31 150 150 12 32 151 151 145 37 152 152 12 32 153 153 21 35 154 154 23 38 155 155 137 31 156 156 146 39 157 157 147 30 158 158 145 37 159 159 146 39 160 160 137 31 161 161 145 37 162 162 213 40 163 163 146 39 164 164 211 41 165 165 213 40 166 166 145 37 167 167 145 37 168 168 210 42 169 169 211 41 170 170 23 38 171 171 210 42 172 172 145 37 173 173 23 38 174 174 100 43 175 175 210 42 176 176 21 35 177 177 97 44 178 178 23 38 179 179 97 44 180 180 100 43 181 181 23 38 182 182 21 35 183 183 99 45 184 184 98 46 185 185 20 36 186 186 99 45 187 187 21 35 188 188 98 46 189 189 97 44 190 190 21 35 191 191 97 44 192 192 110 47 193 193 101 48 194 194 98 46 195 195 110 47 196 196 97 44 197 197 101 48 198 198 100 43 199 199 97 44 200 200 210 42 201 201 100 43 202 202 215 49 203 203 210 42 204 204 212 50 205 205 211 41 206 206 215 49 207 207 212 50 208 208 210 42 209 209 211 41 210 210 214 51 211 211 213 40 212 212 212 50 213 213 214 51 214 214 211 41 215 215 98 46 216 216 108 52 217 217 110 47 218 218 99 45 219 219 108 52 220 220 98 46 221 221 4 53 222 222 125 54 223 223 16 55 224 224 114 56 225 225 125 54 226 226 4 53 227 227 4 53 228 228 15 14 229 229 0 3 230 230 14 57 231 231 15 14 232 232 4 53 233 233 4 53 234 234 17 58 235 235 14 57 236 236 16 55 237 237 17 58 238 238 4 53 239 239 4 53 240 240 0 3 241 241 114 56 242 242 38 59 243 243 125 54 244 244 54 60 245 245 16 55 246 246 125 54 247 247 38 59 248 248 16 55 249 249 37 61 250 250 17 58 251 251 38 59 252 252 37 61 253 253 16 55 254 254 36 62 255 255 18 63 256 256 17 58 257 257 17 58 258 258 37 61 259 259 36 62 260 260 17 58 261 261 18 63 262 262 14 57 263 263 14 57 264 264 18 63 265 265 13 64 266 266 14 57 267 267 22 34 268 268 15 14 269 269 13 64 270 270 22 34 271 271 14 57 272 272 18 63 273 273 47 65 274 274 13 64 275 275 40 66 276 276 18 63 277 277 36 62 278 278 18 63 279 279 46 67 280 280 47 65 281 281 40 66 282 282 46 67 283 283 18 63 284 284 13 64 285 285 47 65 286 286 19 68 287 287 13 64 288 288 20 36 289 289 22 34 290 290 19 68 291 291 20 36 292 292 13 64 293 293 47 65 294 294 95 69 295 295 103 70 296 296 46 67 297 297 95 69 298 298 47 65 299 299 19 68 300 300 47 65 301 301 103 70 302 302 99 45 303 303 19 68 304 304 109 71 305 305 20 36 306 306 19 68 307 307 99 45 308 308 103 70 309 309 109 71 310 310 19 68 311 311 104 72 312 312 109 71 313 313 103 70 314 314 94 73 315 315 103 70 316 316 95 69 317 317 104 72 318 318 103 70 319 319 94 73 320 320 105 74 321 321 109 71 322 322 104 72 323 323 107 75 324 324 109 71 325 325 105 74 326 326 109 71 327 327 108 52 328 328 99 45 329 329 107 75 330 330 108 52 331 331 109 71 332 332 104 72 333 333 93 76 334 334 105 74 335 335 94 73 336 336 93 76 337 337 104 72 338 338 81 77 339 339 107 75 340 340 105 74 341 341 83 78 342 342 105 74 343 343 93 76 344 344 81 77 345 345 105 74 346 346 83 78 347 347 107 75 348 348 110 47 349 349 108 52 350 350 106 79 351 351 110 47 352 352 107 75 353 353 106 79 354 354 107 75 355 355 81 77 356 356 76 80 357 357 106 79 358 358 81 77 359 359 80 81 360 360 81 77 361 361 83 78 362 362 76 80 363 363 81 77 364 364 80 81 365 365 101 48 366 366 106 79 367 367 84 82 368 368 110 47 369 369 106 79 370 370 101 48 371 371 84 82 372 372 106 79 373 373 76 80 374 374 76 80 375 375 75 83 376 376 84 82 377 377 77 84 378 378 76 80 379 379 80 81 380 380 75 83 381 381 76 80 382 382 77 84 383 383 84 82 384 384 100 43 385 385 101 48 386 386 85 85 387 387 100 43 388 388 84 82 389 389 84 82 390 390 75 83 391 391 85 85 392 392 75 83 393 393 201 86 394 394 85 85 395 395 196 87 396 396 201 86 397 397 75 83 398 398 77 84 399 399 196 87 400 400 75 83 401 401 201 86 402 402 100 43 403 403 85 85 404 404 215 49 405 405 100 43 406 406 201 86 407 407 201 86 408 408 223 88 409 409 215 49 410 410 201 86 411 411 196 87 412 412 223 88 413 413 223 88 414 414 196 87 415 415 198 89 416 416 196 87 417 417 195 90 418 418 198 89 419 419 195 90 420 420 196 87 421 421 77 84 422 422 215 49 423 423 223 88 424 424 212 50 425 425 223 88 426 426 222 91 427 427 212 50 428 428 198 89 429 429 222 91 430 430 223 88 431 431 220 92 432 432 222 91 433 433 198 89 434 434 198 89 435 435 199 93 436 436 220 92 437 437 198 89 438 438 195 90 439 439 199 93 440 440 212 50 441 441 222 91 442 442 214 51 443 443 222 91 444 444 220 92 445 445 224 94 446 446 222 91 447 447 224 94 448 448 214 51 449 449 224 94 450 450 220 92 451 451 219 95 452 452 220 92 453 453 199 93 454 454 221 96 455 455 220 92 456 456 221 96 457 457 219 95 458 458 144 97 459 459 213 40 460 460 224 94 461 461 224 94 462 462 217 98 463 463 144 97 464 464 219 95 465 465 217 98 466 466 224 94 467 467 214 51 468 468 224 94 469 469 213 40 470 470 219 95 471 471 221 96 472 472 218 99 473 473 218 99 474 474 217 98 475 475 219 95 476 476 208 100 477 477 217 98 478 478 218 99 479 479 208 100 480 480 171 101 481 481 217 98 482 482 171 101 483 483 144 97 484 484 217 98 485 485 146 39 486 486 213 40 487 487 144 97 488 488 140 102 489 489 144 97 490 490 171 101 491 491 144 97 492 492 140 102 493 493 146 39 494 494 170 103 495 495 171 101 496 496 208 100 497 497 143 104 498 498 140 102 499 499 171 101 500 500 170 103 501 501 143 104 502 502 171 101 503 503 146 39 504 504 140 102 505 505 147 30 506 506 140 102 507 507 143 104 508 508 139 105 509 509 139 105 510 510 147 30 511 511 140 102 512 512 160 106 513 513 143 104 514 514 164 107 515 515 141 108 516 516 143 104 517 517 160 106 518 518 164 107 519 519 143 104 520 520 170 103 521 521 139 105 522 522 143 104 523 523 141 108 524 524 139 105 525 525 133 109 526 526 138 18 527 527 139 105 528 528 141 108 529 529 133 109 530 530 138 18 531 531 147 30 532 532 139 105 533 533 141 108 534 534 161 110 535 535 142 111 536 536 141 108 537 537 160 106 538 538 161 110 539 539 133 109 540 540 141 108 541 541 142 111 542 542 178 112 543 543 133 109 544 544 142 111 545 545 134 113 546 546 133 109 547 547 178 112 548 548 138 18 549 549 133 109 550 550 130 19 551 551 133 109 552 552 134 113 553 553 130 19 554 554 142 111 555 555 162 114 556 556 178 112 557 557 142 111 558 558 161 110 559 559 162 114 560 560 178 112 561 561 162 114 562 562 231 115 563 563 130 19 564 564 134 113 565 565 135 21 566 566 114 56 567 567 0 3 568 568 113 2 569 569 26 116 570 570 49 117 571 571 24 118 572 572 49 117 573 573 34 119 574 574 24 118 575 575 34 119 576 576 28 120 577 577 24 118 578 578 24 118 579 579 29 121 580 580 25 122 581 581 28 120 582 582 29 121 583 583 24 118 584 584 24 118 585 585 25 122 586 586 26 116 587 587 26 116 588 588 56 123 589 589 52 124 590 590 26 116 591 591 55 125 592 592 56 123 593 593 27 126 594 594 55 125 595 595 26 116 596 596 52 124 597 597 49 117 598 598 26 116 599 599 26 116 600 600 25 122 601 601 27 126 602 602 48 127 603 603 34 119 604 604 49 117 605 605 51 128 606 606 49 117 607 607 52 124 608 608 50 129 609 609 49 117 610 610 51 128 611 611 48 127 612 612 49 117 613 613 50 129 614 614 34 119 615 615 39 130 616 616 35 131 617 617 48 127 618 618 39 130 619 619 34 119 620 620 34 119 621 621 33 132 622 622 28 120 623 623 35 131 624 624 33 132 625 625 34 119 626 626 28 120 627 627 32 133 628 628 29 121 629 629 33 132 630 630 32 133 631 631 28 120 632 632 31 134 633 633 29 121 634 634 32 133 635 635 30 135 636 636 29 121 637 637 31 134 638 638 25 122 639 639 29 121 640 640 30 135 641 641 117 136 642 642 27 126 643 643 25 122 644 644 116 137 645 645 25 122 646 646 30 135 647 647 117 136 648 648 25 122 649 649 116 137 650 650 237 138 651 651 55 125 652 652 27 126 653 653 237 138 654 654 27 126 655 655 117 136 656 656 55 125 657 657 194 139 658 658 151 140 659 659 74 141 660 660 194 139 661 661 55 125 662 662 149 142 663 663 55 125 664 664 151 140 665 665 56 123 666 666 55 125 667 667 149 142 668 668 74 141 669 669 55 125 670 670 237 138 671 671 56 123 672 672 175 143 673 673 57 144 674 674 149 142 675 675 175 143 676 676 56 123 677 677 52 124 678 678 56 123 679 679 57 144 680 680 52 124 681 681 59 145 682 682 51 128 683 683 52 124 684 684 58 146 685 685 59 145 686 686 57 144 687 687 58 146 688 688 52 124 689 689 51 128 690 690 59 145 691 691 60 147 692 692 51 128 693 693 60 147 694 694 53 148 695 695 53 148 696 696 50 129 697 697 51 128 698 698 50 129 699 699 41 149 700 700 48 127 701 701 41 149 702 702 50 129 703 703 53 148 704 704 48 127 705 705 41 149 706 706 39 130 707 707 44 150 708 708 39 130 709 709 41 149 710 710 40 66 711 711 39 130 712 712 44 150 713 713 36 62 714 714 39 130 715 715 40 66 716 716 35 131 717 717 39 130 718 718 36 62 719 719 35 131 720 720 37 61 721 721 33 132 722 722 36 62 723 723 37 61 724 724 35 131 725 725 38 59 726 726 33 132 727 727 37 61 728 728 32 133 729 729 33 132 730 730 38 59 731 731 54 60 732 732 32 133 733 733 38 59 734 734 31 134 735 735 32 133 736 736 54 60 737 737 54 60 738 738 118 151 739 739 31 134 740 740 31 134 741 741 118 151 742 742 30 135 743 743 30 135 744 744 118 151 745 745 116 137 746 746 44 150 747 747 41 149 748 748 68 152 749 749 68 152 750 750 41 149 751 751 53 148 752 752 53 148 753 753 64 153 754 754 68 152 755 755 61 154 756 756 64 153 757 757 53 148 758 758 53 148 759 759 60 147 760 760 61 154 761 761 60 147 762 762 59 145 763 763 61 154 764 764 59 145 765 765 58 146 766 766 62 155 767 767 61 154 768 768 59 145 769 769 62 155 770 770 180 156 771 771 58 146 772 772 179 157 773 773 65 158 774 774 58 146 775 775 180 156 776 776 58 146 777 777 175 143 778 778 179 157 779 779 57 144 780 780 175 143 781 781 58 146 782 782 62 155 783 783 58 146 784 784 65 158 785 785 175 143 786 786 176 159 787 787 179 157 788 788 149 142 789 789 174 160 790 790 175 143 791 791 175 143 792 792 174 160 793 793 176 159 794 794 148 161 795 795 174 160 796 796 149 142 797 797 150 162 798 798 149 142 799 799 151 140 800 800 148 161 801 801 149 142 802 802 150 162 803 803 241 163 804 804 151 140 805 805 194 139 806 806 150 162 807 807 151 140 808 808 241 163 809 809 226 164 810 810 150 162 811 811 241 163 812 812 154 165 813 813 150 162 814 814 226 164 815 815 150 162 816 816 154 165 817 817 152 166 818 818 150 162 819 819 152 166 820 820 148 161 821 821 148 161 822 822 158 167 823 823 174 160 824 824 158 167 825 825 148 161 826 826 153 168 827 827 148 161 828 828 152 166 829 829 153 168 830 830 174 160 831 831 158 167 832 832 172 169 833 833 176 159 834 834 174 160 835 835 173 170 836 836 172 169 837 837 173 170 838 838 174 160 839 839 179 157 840 840 176 159 841 841 182 171 842 842 176 159 843 843 177 172 844 844 182 171 845 845 173 170 846 846 177 172 847 847 176 159 848 848 181 173 849 849 179 157 850 850 182 171 851 851 180 156 852 852 179 157 853 853 181 173 854 854 180 156 855 855 183 174 856 856 65 158 857 857 180 156 858 858 181 173 859 859 183 174 860 860 65 158 861 861 183 174 862 862 186 175 863 863 65 158 864 864 63 176 865 865 62 155 866 866 186 175 867 867 63 176 868 868 65 158 869 869 62 155 870 870 63 176 871 871 61 154 872 872 61 154 873 873 63 176 874 874 64 153 875 875 183 174 876 876 181 173 877 877 184 177 878 878 181 173 879 879 177 172 880 880 184 177 881 881 182 171 882 882 177 172 883 883 181 173 884 884 165 178 885 885 189 179 886 886 177 172 887 887 184 177 888 888 177 172 889 889 189 179 890 890 165 178 891 891 177 172 892 892 173 170 893 893 172 169 894 894 165 178 895 895 173 170 896 896 163 180 897 897 165 178 898 898 172 169 899 899 158 167 900 900 163 180 901 901 172 169 902 902 159 181 903 903 163 180 904 904 158 167 905 905 157 182 906 906 158 167 907 907 153 168 908 908 159 181 909 909 158 167 910 910 157 182 911 911 153 168 912 912 156 183 913 913 157 182 914 914 152 166 915 915 156 183 916 916 153 168 917 917 155 184 918 918 152 166 919 919 154 165 920 920 156 183 921 921 152 166 922 922 155 184 923 923 227 185 924 924 154 165 925 925 226 164 926 926 155 184 927 927 154 165 928 928 227 185 929 929 231 115 930 930 155 184 931 931 227 185 932 932 231 115 933 933 156 183 934 934 155 184 935 935 162 114 936 936 156 183 937 937 231 115 938 938 162 114 939 939 157 182 940 940 156 183 941 941 161 110 942 942 157 182 943 943 162 114 944 944 161 110 945 945 159 181 946 946 157 182 947 947 159 181 948 948 160 106 949 949 163 180 950 950 160 106 951 951 159 181 952 952 161 110 953 953 163 180 954 954 167 186 955 955 165 178 956 956 164 107 957 957 167 186 958 958 163 180 959 959 163 180 960 960 160 106 961 961 164 107 962 962 167 186 963 963 189 179 964 964 165 178 965 965 102 187 966 966 42 188 967 967 72 189 968 968 43 190 969 969 42 188 970 970 102 187 971 971 42 188 972 972 68 152 973 973 69 191 974 974 44 150 975 975 68 152 976 976 42 188 977 977 69 191 978 978 72 189 979 979 42 188 980 980 42 188 981 981 43 190 982 982 44 150 983 983 45 192 984 984 102 187 985 985 96 193 986 986 43 190 987 987 102 187 988 988 45 192 989 989 96 193 990 990 102 187 991 991 73 194 992 992 73 194 993 993 102 187 994 994 72 189 995 995 72 189 996 996 70 195 997 997 73 194 998 998 70 195 999 999 72 189 1000 1000 69 191 1001 1001 69 191 1002 1002 67 196 1003 1003 70 195 1004 1004 64 153 1005 1005 69 191 1006 1006 68 152 1007 1007 67 196 1008 1008 69 191 1009 1009 64 153 1010 1010 71 197 1011 1011 73 194 1012 1012 70 195 1013 1013 70 195 1014 1014 67 196 1015 1015 71 197 1016 1016 67 196 1017 1017 66 198 1018 1018 71 197 1019 1019 67 196 1020 1020 63 176 1021 1021 66 198 1022 1022 64 153 1023 1023 63 176 1024 1024 67 196 1025 1025 111 199 1026 1026 73 194 1027 1027 71 197 1028 1028 71 197 1029 1029 66 198 1030 1030 111 199 1031 1031 112 200 1032 1032 66 198 1033 1033 185 201 1034 1034 111 199 1035 1035 66 198 1036 1036 112 200 1037 1037 66 198 1038 1038 186 175 1039 1039 185 201 1040 1040 63 176 1041 1041 186 175 1042 1042 66 198 1043 1043 73 194 1044 1044 111 199 1045 1045 112 200 1046 1046 73 194 1047 1047 209 202 1048 1048 207 203 1049 1049 225 204 1050 1050 191 205 1051 1051 73 194 1052 1052 73 194 1053 1053 112 200 1054 1054 225 204 1055 1055 209 202 1056 1056 73 194 1057 1057 216 206 1058 1058 73 194 1059 1059 193 207 1060 1060 216 206 1061 1061 202 208 1062 1062 86 209 1063 1063 73 194 1064 1064 202 208 1065 1065 73 194 1066 1066 203 210 1067 1067 73 194 1068 1068 204 211 1069 1069 203 210 1070 1070 204 211 1071 1071 73 194 1072 1072 207 203 1073 1073 193 207 1074 1074 73 194 1075 1075 192 212 1076 1076 191 205 1077 1077 192 212 1078 1078 73 194 1079 1079 73 194 1080 1080 92 213 1081 1081 96 193 1082 1082 87 214 1083 1083 73 194 1084 1084 86 209 1085 1085 87 214 1086 1086 88 215 1087 1087 73 194 1088 1088 73 194 1089 1089 88 215 1090 1090 90 216 1091 1091 90 216 1092 1092 92 213 1093 1093 73 194 1094 1094 96 193 1095 1095 91 217 1096 1096 45 192 1097 1097 92 213 1098 1098 91 217 1099 1099 96 193 1100 1100 89 218 1101 1101 92 213 1102 1102 90 216 1103 1103 91 217 1104 1104 92 213 1105 1105 89 218 1106 1106 82 219 1107 1107 90 216 1108 1108 88 215 1109 1109 89 218 1110 1110 90 216 1111 1111 82 219 1112 1112 79 220 1113 1113 88 215 1114 1114 87 214 1115 1115 82 219 1116 1116 88 215 1117 1117 79 220 1118 1118 87 214 1119 1119 78 221 1120 1120 79 220 1121 1121 86 209 1122 1122 78 221 1123 1123 87 214 1124 1124 202 208 1125 1125 78 221 1126 1126 86 209 1127 1127 202 208 1128 1128 203 210 1129 1129 197 222 1130 1130 197 222 1131 1131 78 221 1132 1132 202 208 1133 1133 203 210 1134 1134 204 211 1135 1135 200 223 1136 1136 197 222 1137 1137 203 210 1138 1138 200 223 1139 1139 207 203 1140 1140 205 224 1141 1141 204 211 1142 1142 200 223 1143 1143 204 211 1144 1144 205 224 1145 1145 207 203 1146 1146 209 202 1147 1147 206 225 1148 1148 206 225 1149 1149 205 224 1150 1150 207 203 1151 1151 216 206 1152 1152 169 226 1153 1153 209 202 1154 1154 206 225 1155 1155 209 202 1156 1156 169 226 1157 1157 166 227 1158 1158 169 226 1159 1159 216 206 1160 1160 168 228 1161 1161 216 206 1162 1162 193 207 1163 1163 166 227 1164 1164 216 206 1165 1165 168 228 1166 1166 190 229 1167 1167 193 207 1168 1168 192 212 1169 1169 168 228 1170 1170 193 207 1171 1171 190 229 1172 1172 192 212 1173 1173 188 230 1174 1174 190 229 1175 1175 191 205 1176 1176 188 230 1177 1177 192 212 1178 1178 191 205 1179 1179 187 231 1180 1180 188 230 1181 1181 225 204 1182 1182 187 231 1183 1183 191 205 1184 1184 225 204 1185 1185 112 200 1186 1186 187 231 1187 1187 187 231 1188 1188 112 200 1189 1189 185 201 1190 1190 183 174 1191 1191 188 230 1192 1192 187 231 1193 1193 187 231 1194 1194 186 175 1195 1195 183 174 1196 1196 185 201 1197 1197 186 175 1198 1198 187 231 1199 1199 184 177 1200 1200 190 229 1201 1201 188 230 1202 1202 184 177 1203 1203 188 230 1204 1204 183 174 1205 1205 189 179 1206 1206 168 228 1207 1207 190 229 1208 1208 189 179 1209 1209 190 229 1210 1210 184 177 1211 1211 167 186 1212 1212 168 228 1213 1213 189 179 1214 1214 167 186 1215 1215 166 227 1216 1216 168 228 1217 1217 166 227 1218 1218 170 103 1219 1219 169 226 1220 1220 164 107 1221 1221 170 103 1222 1222 166 227 1223 1223 164 107 1224 1224 166 227 1225 1225 167 186 1226 1226 170 103 1227 1227 208 100 1228 1228 169 226 1229 1229 218 99 1230 1230 169 226 1231 1231 208 100 1232 1232 206 225 1233 1233 169 226 1234 1234 218 99 1235 1235 206 225 1236 1236 221 96 1237 1237 205 224 1238 1238 218 99 1239 1239 221 96 1240 1240 206 225 1241 1241 199 93 1242 1242 205 224 1243 1243 221 96 1244 1244 200 223 1245 1245 205 224 1246 1246 199 93 1247 1247 200 223 1248 1248 195 90 1249 1249 197 222 1250 1250 199 93 1251 1251 195 90 1252 1252 200 223 1253 1253 77 84 1254 1254 197 222 1255 1255 195 90 1256 1256 78 221 1257 1257 197 222 1258 1258 77 84 1259 1259 78 221 1260 1260 77 84 1261 1261 79 220 1262 1262 79 220 1263 1263 80 81 1264 1264 82 219 1265 1265 79 220 1266 1266 77 84 1267 1267 80 81 1268 1268 82 219 1269 1269 83 78 1270 1270 89 218 1271 1271 82 219 1272 1272 80 81 1273 1273 83 78 1274 1274 89 218 1275 1275 83 78 1276 1276 93 76 1277 1277 89 218 1278 1278 93 76 1279 1279 91 217 1280 1280 91 217 1281 1281 93 76 1282 1282 94 73 1283 1283 91 217 1284 1284 94 73 1285 1285 45 192 1286 1286 45 192 1287 1287 94 73 1288 1288 95 69 1289 1289 46 67 1290 1290 45 192 1291 1291 95 69 1292 1292 45 192 1293 1293 46 67 1294 1294 43 190 1295 1295 43 190 1296 1296 46 67 1297 1297 40 66 1298 1298 44 150 1299 1299 43 190 1300 1300 40 66 1301 1301 113 232 1302 1302 249 232 1303 1303 114 232 1304 1304 114 233 1305 1305 249 233 1306 1306 125 233 1307 1307 125 54 1308 1308 249 234 1309 1309 54 60 1310 1310 54 60 1311 1311 249 234 1312 1312 118 151 1313 1313 249 234 1314 1314 248 235 1315 1315 118 151 1316 1316 118 151 1317 1317 248 235 1318 1318 116 137 1319 1319 248 235 1320 1320 115 236 1321 1321 116 137 1322 1322 116 137 1323 1323 115 236 1324 1324 117 136 1325 1325 235 237 1326 1326 115 236 1327 1327 119 27 1328 1328 124 28 1329 1329 235 237 1330 1330 119 27 1331 1331 119 27 1332 1332 115 236 1333 1333 120 8 1334 1334 123 29 1335 1335 235 237 1336 1336 124 28 1337 1337 123 29 1338 1338 122 238 1339 1339 235 237 1340 1340 121 25 1341 1341 122 238 1342 1342 123 29 1343 1343 122 238 1344 1344 229 26 1345 1345 245 239 1346 1346 121 25 1347 1347 229 26 1348 1348 122 238 1349 1349 229 26 1350 1350 230 24 1351 1351 245 239 1352 1352 228 23 1353 1353 244 240 1354 1354 245 239 1355 1355 230 24 1356 1356 228 23 1357 1357 245 239 1358 1358 228 23 1359 1359 254 22 1360 1360 244 240 1361 1361 254 22 1362 1362 253 241 1363 1363 244 240 1364 1364 253 241 1365 1365 250 242 1366 1366 244 240 1367 1367 253 241 1368 1368 135 21 1369 1369 250 242 1370 1370 250 242 1371 1371 135 21 1372 1372 251 243 1373 1373 115 236 1374 1374 255 244 1375 1375 120 8 1376 1376 248 235 1377 1377 255 244 1378 1378 115 236 1379 1379 255 244 1380 1380 248 235 1381 1381 113 2 1382 1382 113 2 1383 1383 248 235 1384 1384 249 234 1385 1385 238 245 1386 1386 127 246 1387 1387 126 247 1388 1388 240 248 1389 1389 126 247 1390 1390 128 249 1391 1391 238 245 1392 1392 126 247 1393 1393 240 248 1394 1394 126 247 1395 1395 258 250 1396 1396 128 249 1397 1397 126 247 1398 1398 127 246 1399 1399 258 250 1400 1400 234 251 1401 1401 127 246 1402 1402 238 245 1403 1403 74 141 1404 1404 238 245 1405 1405 240 248 1406 1406 237 138 1407 1407 238 245 1408 1408 74 141 1409 1409 237 138 1410 1410 234 251 1411 1411 238 245 1412 1412 234 251 1413 1413 115 236 1414 1414 127 246 1415 1415 117 136 1416 1416 234 251 1417 1417 237 138 1418 1418 117 136 1419 1419 115 236 1420 1420 234 251 1421 1421 243 252 1422 1422 74 141 1423 1423 240 248 1424 1424 194 139 1425 1425 74 141 1426 1426 243 252 1427 1427 233 253 1428 1428 240 248 1429 1429 128 249 1430 1430 243 252 1431 1431 240 248 1432 1432 233 253 1433 1433 256 254 1434 1434 128 249 1435 1435 257 255 1436 1436 233 253 1437 1437 128 249 1438 1438 256 254 1439 1439 128 249 1440 1440 258 250 1441 1441 257 255 1442 1442 232 256 1443 1443 243 252 1444 1444 233 253 1445 1445 232 256 1446 1446 233 253 1447 1447 256 254 1448 1448 242 257 1449 1449 243 252 1450 1450 232 256 1451 1451 242 257 1452 1452 194 139 1453 1453 243 252 1454 1454 241 163 1455 1455 194 139 1456 1456 242 257 1457 1457 244 240 1458 1458 242 257 1459 1459 232 256 1460 1460 241 163 1461 1461 242 257 1462 1462 244 240 1463 1463 135 258 1464 1464 134 258 1465 1465 251 258 1466 1466 134 259 1467 1467 178 259 1468 1468 251 259 1469 1469 178 112 1470 1470 231 115 1471 1471 251 243 1472 1472 231 115 1473 1473 227 185 1474 1474 251 243 1475 1475 227 185 1476 1476 250 242 1477 1477 251 243 1478 1478 226 164 1479 1479 250 242 1480 1480 227 185 1481 1481 226 164 1482 1482 244 240 1483 1483 250 242 1484 1484 241 163 1485 1485 244 240 1486 1486 226 164 1487 1487 115 236 1488 1488 235 237 1489 1489 127 246 1490 1490 235 237 1491 1491 122 238 1492 1492 236 260 1493 1493 127 246 1494 1494 235 237 1495 1495 236 260 1496 1496 127 246 1497 1497 236 260 1498 1498 258 250 1499 1499 236 260 1500 1500 239 261 1501 1501 258 250 1502 1502 236 260 1503 1503 122 238 1504 1504 239 261 1505 1505 122 238 1506 1506 246 262 1507 1507 239 261 1508 1508 245 239 1509 1509 246 262 1510 1510 122 238 1511 1511 258 250 1512 1512 239 261 1513 1513 257 255 1514 1514 239 261 1515 1515 256 254 1516 1516 257 255 1517 1517 246 262 1518 1518 256 254 1519 1519 239 261 1520 1520 246 262 1521 1521 232 256 1522 1522 256 254 1523 1523 245 239 1524 1524 232 256 1525 1525 246 262 1526 1526 244 240 1527 1527 232 256 1528 1528 245 239 1529 1529 253 241 1530 1530 252 20 1531 1531 135 21 1532 1532 255 244 1533 1533 113 2 1534 1534 247 1 1535 1535 252 20 1536 1536 253 241 1537 1537 254 22 1538 1538 255 244 1539 1539 247 1 1540 1540 120 8 1541 1541</p>
        </triangles>
      </mesh>
    </geometry>
    <geometry id="A_weponShape-mesh" name="A_weponShape">
      <mesh>
        <source id="A_weponShape-mesh-positions">
          <float_array id="A_weponShape-mesh-positions-array" count="4113">-3.5863 0.204092 0.790987 -4.47535 0.132605 0.711172 -3.60395 0.158241 0.811178 -4.47967 0.07671546 0.703726 -4.45073 0.237366 0.676175 -4.52094 0.408167 0.605997 -4.30065 0.557049 0.605821 -4.22905 0.463778 0.522853 -4.37032 0.516207 0.436626 -4.54123 0.685091 0.485978 -4.44768 0.633341 0.546823 -4.45701 0.546143 0.349119 -4.60626 0.723246 0.409207 -4.67134 0.760378 0.293336 -4.50722 0.562141 0.250228 -4.84049 0.739754 0.197094 -4.86126 0.692608 0.308322 -4.54235 0.575279 0.08900928 -4.75151 0.802336 0.08900946 -4.76924 0.574354 0.476911 -4.63952 0.513496 0.533557 -3.60395 0.158241 0.811178 -4.47967 0.07671546 0.703726 -3.63169 0.161963 0.462533 -4.63302 0.08096116 0.0556876 -4.75151 0.802336 0.08900946 -4.54235 0.575279 0.08900928 -4.63302 0.08096116 0.0556876 -4.22905 0.463778 0.522853 -4.63302 0.08096116 0.0556876 -4.45701 0.546143 0.349119 -4.37032 0.516207 0.436626 -4.50722 0.562141 0.250228 -4.54235 0.575279 0.08900928 -3.5863 0.204092 0.790987 -4.87151 0.773085 0.08900946 -4.87151 0.773085 0.08900946 -4.84049 0.739754 0.197094 -4.87151 0.773085 0.08900946 -4.63302 0.08096116 0.0556876 -4.86126 0.692608 0.308322 -4.76924 0.574354 0.476911 -4.63952 0.513496 0.533557 -4.52094 0.408167 0.605997 -4.45073 0.237366 0.676175 -4.47535 0.132605 0.711172 -4.45073 0.237366 0.676175 -4.63302 0.08096116 0.0556876 -4.47967 0.07671546 0.703726 -6.36671 -0.04693979 0.569349 -5.65346 0.01291078 0.601875 -6.32995 0.03104203 0.598034 -5.64299 0.06993097 0.623082 -5.65346 0.01291078 0.601875 -6.36671 -0.04693979 0.569349 -5.71464 -0.05245769 0.004761934 -6.34237 -0.1764979 -0.01150071 -6.2126 0.154238 0.519586 -6.14282 0.217119 0.480825 -5.95924 0.284042 0.45372 -6.34237 -0.1764979 -0.01150071 -6.19563 0.156933 0.0414679 -5.71464 -0.05245769 0.004761934 -6.05658 0.318085 0.06461876 -6.36671 -0.04693979 0.569349 -6.32995 0.03104203 0.598034 -6.34237 -0.1764979 -0.01150071 -6.2126 0.154238 0.519586 -6.19563 0.156933 0.0414679 -6.14282 0.217119 0.480825 -6.05658 0.318085 0.06461876 -5.95924 0.284042 0.45372 -5.64299 0.06993097 0.623082 -5.65346 0.01291078 0.601875 -5.71464 -0.05245769 0.004761934 -5.95924 0.284042 0.45372 -5.64299 0.06993097 0.623082 -6.05658 0.318085 0.06461876 -5.71464 -0.05245769 0.004761934 -4.84049 0.739754 0.197094 -5.25625 0.679298 0.0890094 -4.86126 0.692608 0.308322 -5.25625 0.679298 0.0890094 -4.87151 0.773085 0.08900946 -4.80481 0.579527 0.07969075 -4.87151 0.773085 0.08900946 -4.87151 0.773085 0.08900946 -4.84049 0.739754 0.197094 -4.80481 0.579527 0.07969075 -4.79562 0.597281 0.166513 -4.86126 0.692608 0.308322 -4.86126 0.692608 0.308322 -5.25625 0.679298 0.0890094 -4.79562 0.597281 0.166513 -4.80481 0.579527 0.07969075 -5.25625 0.679298 0.0890094 -5.78131 0.549335 0.1359609 -5.80658 0.502935 0.20509 -5.7828 0.514071 0.0890094 -5.12157 0.09497827 0.658048 -5.64299 0.06993097 0.623082 -5.12109 0.04504382 0.641566 -5.65346 0.01291078 0.601875 -4.76924 0.574354 0.476911 -5.21139 0.522724 0.386989 -4.63952 0.513496 0.533557 -4.45073 0.237366 0.676175 -4.52094 0.408167 0.605998 -4.47535 0.132605 0.711172 -4.47967 0.07671546 0.703726 -5.72417 0.400648 0.39552 -4.86126 0.692608 0.308322 -5.25625 0.679298 0.0890094 -5.19523 0.01542276 0.02460753 -5.7828 0.514071 0.0890094 -5.71464 -0.05245769 0.004761934 -5.12109 0.04504382 0.641566 -5.65346 0.01291078 0.601875 -5.19523 0.01542276 0.02460753 -5.71464 -0.05245769 0.004761934 -4.47967 0.07671546 0.703726 -4.63302 0.08096116 0.05568778 -5.95924 0.284042 0.45372 -5.79927 0.453959 0.282493 -6.05658 0.318085 0.06461876 -4.47535 0.132605 0.711172 -4.47967 0.07671546 0.703726 -4.63302 0.08096116 0.05568778 -4.45073 0.237366 0.676175 -4.52094 0.408167 0.605998 -4.63952 0.513496 0.533557 -4.76924 0.574354 0.476911 -4.86126 0.692608 0.308322 -5.78131 0.549335 0.1359609 -5.7828 0.514071 0.0890094 -6.05658 0.318085 0.06461876 -5.80658 0.502935 0.20509 -5.79927 0.453959 0.282493 -5.95924 0.284042 0.45372 -5.72417 0.400648 0.39552 -5.95924 0.284042 0.45372 -6.05658 0.318085 0.06461876 -5.71464 -0.05245769 0.004761934 -5.65346 0.01291078 0.601875 -5.64299 0.06993097 0.623082 -5.71464 -0.05245769 0.004761934 -5.64299 0.06993097 0.623082 -4.79562 0.597281 0.166513 -4.86126 0.692608 0.308322 -4.63302 0.08096116 0.05568778 -4.80481 0.579527 0.07969075 -4.79562 0.597281 0.166513 -4.63302 0.08096116 0.05568778 -4.80481 0.579527 0.07969075 -4.63302 0.08096116 0.05568778 -5.25625 0.679298 0.0890094 -4.86126 0.692608 0.308322 -4.79562 0.597281 0.166513 -4.80481 0.579527 0.07969075 -7.03335 0.331545 0.1759999 -6.34143 0.442142 0.157517 -6.93228 0.270267 0.0890094 -6.34928 0.397455 0.0890094 -7.0415 0.238501 0.363996 -6.36018 0.304441 0.386316 -7.04449 0.197786 0.419939 -7.17152 0.112396 0.215861 -7.16712 0.0173034 0.396138 -5.7828 0.514071 0.0890094 -5.78131 0.549335 0.1359609 -5.80658 0.502935 0.20509 -7.16105 0.0857563 0.0890094 -5.95924 0.284042 0.45372 -6.14282 0.217119 0.480825 -6.32995 0.03104203 0.598034 -7.07073 -0.004091203 0.63781 -6.36671 -0.04693979 0.569349 -7.02266 -0.134281 0.531052 -7.18844 -0.227991 0.450371 -7.16534 -0.06785768 0.506841 -6.34928 0.397455 0.0890094 -6.34237 -0.1764979 -0.01150071 -6.93228 0.270267 0.0890094 -6.95009 -0.296604 -0.04067075 -5.7828 0.514071 0.0890094 -6.05658 0.318085 0.06461876 -7.16105 0.0857563 0.0890094 -7.1436 -0.334944 -0.04066616 -6.36671 -0.04693979 0.569349 -7.02266 -0.134281 0.531052 -6.34237 -0.1764979 -0.01150071 -6.95009 -0.296604 -0.04067075 -7.18844 -0.227991 0.450371 -7.1436 -0.334944 -0.04066616 -5.72417 0.400648 0.39552 -6.2126 0.154238 0.519586 -5.79927 0.453959 0.282493 -6.19563 0.156933 0.0414679 -6.32995 0.03104203 0.598034 -6.36671 -0.04693979 0.569349 -6.34237 -0.1764979 -0.01150071 -6.19563 0.156933 0.0414679 -6.2126 0.154238 0.519586 -6.14282 0.217119 0.480825 -5.95924 0.284042 0.45372 -6.05658 0.318085 0.06461876 -5.72417 0.400648 0.39552 -5.79927 0.453959 0.282493 -5.7828 0.514071 0.0890094 -5.80658 0.502935 0.20509 -5.79927 0.453959 0.282493 -5.7828 0.514071 0.0890094 -5.78131 0.549335 0.1359609 -5.80658 0.502935 0.20509 -5.7828 0.514071 0.0890094 -7.16534 -0.06785768 0.506841 -7.16712 0.0173034 0.396138 -7.18844 -0.227991 0.450371 -7.1436 -0.334944 -0.04066616 -7.18844 -0.227991 0.450371 -7.16105 0.0857563 0.0890094 -7.17152 0.112396 0.215861 -7.16105 0.0857563 0.0890094 -7.34239 -0.01860421 0.0890094 -7.24673 0.03448092 0.187256 -7.16105 0.0857563 0.0890094 -7.17152 0.112396 0.215861 -7.30007 -0.226263 0.404043 -7.18844 -0.227991 0.450371 -7.25997 -0.156544 0.41206 -7.22195 -0.112103 0.442064 -7.22399 -0.04681962 0.36948 -7.33166 -0.128445 0.245476 -7.16712 0.0173034 0.396138 -7.16534 -0.06785768 0.506841 -7.51755 -0.298357 0.0890094 -7.41854 -0.278862 0.253343 -7.42177 -0.307129 0.266074 -7.59032 -0.408785 0.0890094 -7.16105 0.0857563 0.0890094 -7.1436 -0.334944 -0.04066616 -7.34239 -0.01860421 0.0890094 -7.2873 -0.363369 -0.04066348 -7.47212 -0.410707 -0.04067569 -7.59032 -0.408785 0.0890094 -7.51755 -0.298357 0.0890094 -7.42177 -0.307129 0.266074 -7.2873 -0.363369 -0.04066348 -7.30007 -0.226263 0.404043 -7.59032 -0.408785 0.0890094 -7.47212 -0.410707 -0.04067569 -7.18844 -0.227991 0.450371 -7.1436 -0.334944 -0.04066616 -7.16534 -0.06785768 0.506841 -7.18844 -0.227991 0.450371 -7.1436 -0.334944 -0.04066616 -7.16712 0.0173034 0.396138 -7.16534 -0.06785768 0.506841 -7.1436 -0.334944 -0.04066616 -7.16105 0.0857563 0.0890094 -7.17152 0.112396 0.215861 -4.47967 0.07671546 0.703726 -4.48136 0.04108422 0.793021 -3.60395 0.158241 0.811178 -3.60988 0.143919 0.869955 -3.02587 0.283247 0.931191 -3.0245 0.284901 0.894082 -2.82927 -0.01368898 1.1495 -3.26187 -0.159431 1.08052 -4.36821 -0.131069 0.875609 -4.10886 -0.342617 0.993273 -4.47967 0.07671546 0.703726 -3.60395 0.158241 0.811178 -4.37786 -0.07583808 0.172543 -3.4328 0.02885055 0.201765 -3.0245 0.284901 0.894082 -2.92701 0.1351619 0.223662 -2.82927 -0.01368898 1.1495 -2.82927 -0.01368898 1.1495 -3.26187 -0.159431 1.08052 -2.92701 0.1351619 0.223662 -3.4328 0.02885055 0.201765 -4.10886 -0.342617 0.993273 -4.19278 -0.186066 0.536378 -3.02587 0.283247 0.931191 -4.37786 -0.07583808 0.172543 -4.20016 -0.216843 0.931774 -4.10886 -0.342617 0.993273 -4.20016 -0.216843 0.931774 -4.19278 -0.186066 0.536378 -4.36821 -0.131069 0.875609 -4.37786 -0.07583808 0.172543 -4.19278 -0.186066 0.536378 -4.36821 -0.131069 0.875609 -4.48136 0.04108422 0.793021 -4.47967 0.07671546 0.703726 -6.73018 -0.525021 0.532131 -7.22693 -0.513874 0.693579 -6.77154 -0.559065 0.439117 -7.27489 -0.483679 0.58495 -6.48715 -0.57242 0.448006 -6.48049 -0.450176 0.724739 -6.3475 -0.498667 0.583062 -6.54122 -0.610384 0.383729 -5.72139 -0.450266 0.714537 -5.6706 -0.404631 0.792811 -6.72391 -0.714622 0.192771 -6.69739 -0.682402 0.299859 -6.84306 -0.608707 0.220339 -6.74727 -0.600174 0.361136 -7.04389 -0.543989 0.283223 -7.18135 -0.543472 0.789453 -7.09314 -0.191179 0.725891 -6.41651 -0.106663 0.664569 -6.36671 -0.04693979 0.569349 -7.02266 -0.134281 0.531052 -7.21452 -0.291861 0.621541 -7.27489 -0.483679 0.58495 -7.22693 -0.513874 0.693579 -7.18844 -0.227991 0.450371 -6.3475 -0.498667 0.583062 -6.48715 -0.57242 0.448006 -6.3571 -0.272804 0.106368 -6.72664 -0.316223 0.03291279 -6.54122 -0.610384 0.383729 -6.69739 -0.682402 0.299859 -6.72391 -0.714622 0.192771 -7.02266 -0.134281 0.531052 -6.36671 -0.04693979 0.569349 -6.72664 -0.316223 0.03291279 -6.3571 -0.272804 0.106368 -7.18844 -0.227991 0.450371 -5.84467 -0.371216 0.773422 -6.1589 -0.166904 0.696411 -6.01398 -0.22929 0.722638 -5.93565 -0.298752 0.747242 -5.72139 -0.450266 0.714537 -5.96492 -0.33733 0.366021 -6.1589 -0.166904 0.696411 -6.01398 -0.22929 0.722638 -6.3571 -0.272804 0.106368 -5.96492 -0.33733 0.366021 -5.93565 -0.298752 0.747242 -5.84467 -0.371216 0.773422 -5.6706 -0.404631 0.792811 -5.72139 -0.450266 0.714537 -6.36671 -0.04693979 0.569349 -6.41651 -0.106663 0.664569 -6.72391 -0.714622 0.192771 -6.84306 -0.608707 0.220339 -6.72664 -0.316223 0.03291279 -7.04389 -0.543989 0.283223 -7.21452 -0.291861 0.621541 -7.18844 -0.227991 0.450371 -7.27489 -0.483679 0.58495 -6.72664 -0.316223 0.03291279 -7.04389 -0.543989 0.283223 -7.18844 -0.227991 0.450371 -7.27489 -0.483679 0.58495 -7.18844 -0.227991 0.450371 -7.04389 -0.543989 0.283223 -7.59032 -0.408785 0.0890094 -7.20389 -0.519398 0.0890094 -7.43655 -0.436733 0.324451 -7.1834 -0.519464 0.192982 -7.42177 -0.307129 0.266074 -7.59032 -0.408785 0.0890094 -7.43655 -0.436733 0.324451 -7.04389 -0.543989 0.283223 -7.34762 -0.456718 0.453804 -7.04054 -0.565699 0.0890094 -6.87975 -0.612843 0.0890094 -6.73443 -0.728178 0.0890094 -6.84306 -0.608707 0.220339 -6.72391 -0.714622 0.192771 -7.26161 -0.32173 0.548407 -7.18844 -0.227991 0.450371 -7.28983 -0.320189 0.490531 -7.30786 -0.289652 0.434275 -7.27489 -0.483679 0.58495 -7.34762 -0.456718 0.453804 -7.30007 -0.226263 0.404042 -7.21452 -0.291861 0.621541 -7.20389 -0.519398 0.0890094 -7.49217 -0.408785 -0.01888602 -7.31283 -0.413263 -0.01294022 -7.04054 -0.565699 0.0890094 -7.17635 -0.339983 0.003640115 -6.87975 -0.612843 0.0890094 -6.72664 -0.316223 0.03291279 -6.73443 -0.728178 0.0890094 -7.59032 -0.408785 0.0890094 -7.42177 -0.307129 0.266074 -7.49217 -0.408785 -0.01888602 -6.72391 -0.714622 0.192771 -6.73443 -0.728178 0.0890094 -6.72664 -0.316223 0.03291279 -7.30007 -0.226263 0.404042 -7.17635 -0.339983 0.003640115 -7.31283 -0.413263 -0.01294022 -7.18844 -0.227991 0.450371 -7.59032 -0.408785 0.0890094 -7.27489 -0.483679 0.58495 -6.72664 -0.316223 0.03291279 -7.21452 -0.291861 0.621541 -7.27489 -0.483679 0.58495 -7.04389 -0.543989 0.283223 -7.18844 -0.227991 0.450371 -7.21452 -0.291861 0.621541 -7.04389 -0.543989 0.283223 -7.18844 -0.227991 0.450371 -7.04389 -0.543989 0.283223 -6.72664 -0.316223 0.03291279 -7.04389 -0.543989 0.283223 -6.84306 -0.608707 0.220339 -6.72664 -0.316223 0.03291279 -6.72391 -0.714622 0.192771 -5.65346 0.01291078 0.601875 -6.36671 -0.04693979 0.569349 -5.65364 -0.04753679 0.689566 -6.41651 -0.106663 0.664569 -5.12109 0.04504382 0.641566 -5.11779 -0.004411697 0.729623 -5.84467 -0.371216 0.773422 -5.6706 -0.404631 0.792811 -5.09437 -0.379271 0.857363 -5.40356 -0.442156 0.7587 -5.08438 -0.420811 0.818053 -5.72139 -0.450266 0.714537 -4.66936 0.06734848 0.685343 -4.62746 0.03063952 0.778468 -5.72139 -0.450266 0.714537 -5.96492 -0.33733 0.366021 -5.68742 -0.2186779 0.127449 -5.65346 0.01291078 0.601875 -5.68742 -0.2186779 0.127449 -6.36671 -0.04693979 0.569349 -6.3571 -0.272804 0.106368 -5.12109 0.04504382 0.641566 -5.20301 -0.165558 0.148334 -5.08438 -0.420811 0.818053 -5.40356 -0.442156 0.7587 -5.20301 -0.165558 0.148334 -4.66936 0.06734848 0.685343 -4.37786 -0.07583808 0.172543 -6.1589 -0.166904 0.696411 -6.01398 -0.22929 0.722638 -5.93565 -0.298752 0.747242 -6.3571 -0.272804 0.106368 -6.36671 -0.04693979 0.569349 -6.3571 -0.272804 0.106368 -6.41651 -0.106663 0.664569 -5.6706 -0.404631 0.792811 -5.84467 -0.371216 0.773422 -5.72139 -0.450266 0.714537 -5.72139 -0.450266 0.714537 -5.84467 -0.371216 0.773422 -5.96492 -0.33733 0.366021 -5.93565 -0.298752 0.747242 -6.01398 -0.22929 0.722638 -6.41651 -0.106663 0.664569 -6.3571 -0.272804 0.106368 -6.1589 -0.166904 0.696411 -4.37786 -0.07583808 0.172543 -4.43973 -0.02225869 0.823409 -4.36821 -0.131069 0.875609 -4.62746 0.03063952 0.778468 -4.47587 -0.02588647 0.818742 -4.66936 0.06734848 0.685343 -4.43973 -0.02225869 0.823409 -4.37786 -0.07583808 0.172543 -4.45788 -0.2450349 0.902907 -4.36821 -0.131069 0.875609 -4.47587 -0.02588647 0.818742 -4.43973 -0.02225869 0.823409 -4.49783 -0.361006 0.940028 -4.49372 -0.384129 0.924594 -4.49372 -0.384129 0.924594 -4.37786 -0.07583808 0.172543 -4.49783 -0.361006 0.940028 -4.49372 -0.384129 0.924594 -4.37786 -0.07583808 0.172543 -4.45788 -0.2450349 0.902907 -4.49783 -0.361006 0.940028 -4.37786 -0.07583808 0.172543 -4.36821 -0.131069 0.875609 -4.44325 -0.380995 0.933699 -4.44848 -0.359493 0.946866 -4.49372 -0.384129 0.924594 -4.49783 -0.361006 0.940028 -4.10886 -0.342617 0.993273 -4.45788 -0.2450349 0.902907 -4.44325 -0.380995 0.933699 -4.49372 -0.384129 0.924594 -4.37786 -0.07583808 0.172543 -4.10886 -0.342617 0.993273 -4.19278 -0.186066 0.536378 -4.36821 -0.131069 0.875609 -4.20016 -0.216843 0.931774 -4.20016 -0.216843 0.931774 -4.19278 -0.186066 0.536378 -4.36821 -0.131069 0.875609 -4.37786 -0.07583808 0.172543 -4.10886 -0.342617 0.993273 -4.37786 -0.07583808 0.172543 -4.49372 -0.384129 0.924594 -4.49783 -0.361006 0.940028 -4.37786 -0.07583808 0.172543 -4.49783 -0.361006 0.940028 -4.45788 -0.2450349 0.902907 -4.36821 -0.131069 0.875609 -4.47967 0.07671546 0.703726 -4.48136 0.04108422 0.793021 -4.37786 -0.07583808 0.172543 -4.43973 -0.02225869 0.823409 -4.47587 -0.02588647 0.818742 -4.43973 -0.02225869 0.823409 -4.48136 0.04108422 0.793021 -4.62746 0.03063952 0.778468 -4.66936 0.06734848 0.685343 -4.47967 0.07671546 0.703726 -4.37786 -0.07583808 0.172543 -4.66936 0.06734848 0.685343 -4.47967 0.07671546 0.703726 -4.43973 -0.02225869 0.823409 -4.47587 -0.02588647 0.818742 -4.37786 -0.07583808 0.172543 -4.62746 0.03063952 0.778468 -4.66936 0.06734848 0.685343 -6.34928 0.397455 0.08900946 -6.34143 0.442142 0.02050149 -6.93228 0.270267 0.08900946 -7.03335 0.331545 0.002019107 -7.0415 0.238501 -0.185977 -6.36018 0.304441 -0.208297 -7.04449 0.197786 -0.2419199 -7.17152 0.112396 -0.03784245 -7.16712 0.0173034 -0.218119 -5.7828 0.514071 0.08900946 -5.78131 0.549335 0.04205775 -5.81205 0.430443 -0.145372 -7.16105 0.0857563 0.08900946 -7.34239 -0.01860421 0.08900946 -7.24673 0.03448092 -0.009237527 -5.87693 0.377541 -0.21529 -6.32995 0.03104203 -0.420015 -6.36671 -0.04693979 -0.39133 -7.07073 -0.004091203 -0.459791 -7.02266 -0.134281 -0.353033 -7.18844 -0.227991 -0.272352 -7.16534 -0.06785768 -0.328822 -7.30007 -0.226263 -0.226024 -7.25997 -0.156544 -0.234041 -7.22195 -0.112103 -0.264045 -7.22399 -0.04681962 -0.191461 -7.33166 -0.128445 -0.06745737 -7.51755 -0.298357 0.08900946 -7.41854 -0.278862 -0.0753237 -7.42177 -0.307129 -0.08805525 -7.59032 -0.408785 0.08900946 -6.95009 -0.296604 0.21869 -6.34237 -0.1764979 0.18952 -6.93228 0.270267 0.08900946 -6.34928 0.397455 0.08900946 -6.02349 0.325615 0.113274 -5.7828 0.514071 0.08900946 -7.1436 -0.334944 0.218685 -7.16105 0.0857563 0.08900946 -7.2873 -0.363369 0.218682 -7.34239 -0.01860421 0.08900946 -7.47212 -0.410707 0.218695 -7.51755 -0.298357 0.08900946 -7.59032 -0.408785 0.08900946 -6.36671 -0.04693979 -0.39133 -6.34237 -0.1764979 0.18952 -7.02266 -0.134281 -0.353033 -6.95009 -0.296604 0.21869 -7.18844 -0.227991 -0.272352 -7.1436 -0.334944 0.218685 -7.42177 -0.307129 -0.08805525 -7.30007 -0.226263 -0.226024 -7.2873 -0.363369 0.218682 -7.47212 -0.410707 0.218695 -7.59032 -0.408785 0.08900946 -6.1148 0.06744378 0.154117 -6.36671 -0.04693979 -0.39133 -6.32995 0.03104203 -0.420015 -6.34237 -0.1764979 0.18952 -6.1148 0.06744378 0.154117 -6.34237 -0.1764979 0.18952 -6.32995 0.03104203 -0.420015 -5.87693 0.377541 -0.21529 -6.02349 0.325615 0.113274 -5.81205 0.430443 -0.145372 -5.7828 0.514071 0.08900946 -5.78131 0.549335 0.04205775 -5.72417 0.400648 -0.217501 -5.43864 0.572847 -0.03771597 -5.21139 0.522724 -0.20897 -5.12157 0.09497827 -0.480029 -5.12109 0.04504382 -0.463547 -5.64299 0.06993097 -0.445064 -5.65346 0.01291078 -0.423856 -4.61262 0.257635 -0.473375 -4.59412 0.52844 -0.364647 -4.52094 0.408167 -0.427979 -6.36671 -0.04693979 -0.39133 -6.32995 0.03104203 -0.420015 -5.65346 0.01291078 -0.423856 -5.71464 -0.05245769 0.1732569 -6.36671 -0.04693979 -0.39133 -6.34237 -0.1764979 0.18952 -5.12109 0.04504382 -0.463547 -5.19523 0.01542276 0.153411 -5.87693 0.377541 -0.21529 -4.76924 0.574354 -0.298892 -5.50317 0.388357 0.109136 -5.71464 -0.05245769 0.1732569 -5.35762 0.262838 0.1252779 -5.19523 0.01542276 0.153411 -6.1148 0.06744378 0.154117 -6.34237 -0.1764979 0.18952 -6.02349 0.325615 0.113274 -6.32995 0.03104203 -0.420015 -6.36671 -0.04693979 -0.39133 -6.34237 -0.1764979 0.18952 -6.1148 0.06744378 0.154117 -6.02349 0.325615 0.113274 -5.87693 0.377541 -0.21529 -5.43864 0.572847 -0.03771597 -5.50317 0.388357 0.109136 -5.21139 0.522724 -0.20897 -5.35762 0.262838 0.1252779 -4.76924 0.574354 -0.298892 -5.12157 0.09497827 -0.480029 -4.61262 0.257635 -0.473375 -5.19523 0.01542276 0.153411 -4.59412 0.52844 -0.364647 -4.52094 0.408167 -0.427979 -4.59412 0.52844 -0.364647 -5.19523 0.01542276 0.153411 -4.61262 0.257635 -0.473375 -5.75876 0.314293 0.118718 -5.43864 0.572847 -0.03771597 -5.72417 0.400648 -0.217501 -5.50317 0.388357 0.109136 -5.50317 0.388357 0.109136 -5.72417 0.400648 -0.217501 -5.75876 0.314293 0.118718 -5.87693 0.377541 -0.21529 -6.02349 0.325615 0.113274 -5.78131 0.549335 0.04205775 -5.72417 0.400648 -0.217501 -5.81205 0.430443 -0.145372 -5.87693 0.377541 -0.21529 -5.43864 0.572847 -0.03771597 -5.7828 0.514071 0.08900958 -5.75876 0.314293 0.118718 -5.50317 0.388357 0.1091369 -6.02349 0.325615 0.113275 -5.81205 0.430443 -0.145372 -5.87693 0.377541 -0.21529 -6.02349 0.325615 0.113275 -5.7828 0.514071 0.08900958 -5.78131 0.549335 0.04205775 -5.43864 0.572847 -0.03771597 -5.78131 0.549335 0.04205775 -5.50317 0.388357 0.1091369 -5.7828 0.514071 0.08900958 -5.43864 0.572847 -0.03771597 -5.50317 0.388357 0.1091369 -5.72417 0.400648 -0.217501 -5.87693 0.377541 -0.21529 -5.72417 0.400648 -0.217501 -5.75876 0.314293 0.118718 -5.50317 0.388357 0.1091369 -6.02349 0.325615 0.113275 -4.45701 0.546143 -0.1711 -4.63302 0.08096116 0.122331 -4.37032 0.516207 -0.258608 -4.50722 0.562141 -0.07220947 -4.75151 0.802336 0.08900946 -4.86126 0.692608 -0.130303 -5.25625 0.679298 0.08900958 -5.21139 0.522724 -0.20897 -5.7828 0.514071 0.08900958 -5.78131 0.549335 0.04205775 -4.37032 0.516207 -0.258608 -4.44768 0.633341 -0.368804 -4.54123 0.685091 -0.307959 -4.60626 0.723246 -0.2311879 -4.45701 0.546143 -0.1711 -4.67134 0.760378 -0.115317 -4.50722 0.562141 -0.07220947 -4.54235 0.575279 0.08900946 -4.76924 0.574354 -0.298892 -5.19523 0.01542276 0.153411 -5.25625 0.679298 0.08900958 -4.75151 0.802336 0.08900946 -5.50317 0.388357 0.1091369 -5.35762 0.262838 0.1252779 -4.54235 0.575279 0.08900946 -5.43864 0.572847 -0.03771597 -4.59412 0.52844 -0.364647 -5.7828 0.514071 0.08900958 -4.59412 0.52844 -0.364647 -5.19523 0.01542276 0.153411 -4.76924 0.574354 -0.298892 -5.21139 0.522724 -0.20897 -5.43864 0.572847 -0.03771597 -5.35762 0.262838 0.1252779 -5.50317 0.388357 0.1091369 -5.78131 0.549335 0.04205775 -5.7828 0.514071 0.08900958 -4.44768 0.633341 -0.368804 -4.37032 0.516207 -0.258608 -4.59412 0.52844 -0.364647 -5.19523 0.01542276 0.153411 -4.63302 0.08096116 0.122331 -4.37032 0.516207 -0.258608 -4.63302 0.08096116 0.122331 -4.22905 0.463778 -0.344834 -4.47535 0.132605 -0.533153 -4.61262 0.257635 -0.473375 -4.52094 0.408167 -0.427979 -4.47967 0.07671546 -0.525707 -5.12157 0.09497827 -0.480029 -5.12109 0.04504382 -0.463547 -3.5863 0.204092 -0.612968 -3.60395 0.158241 -0.633159 -4.30065 0.557049 -0.427802 -4.22905 0.463778 -0.344834 -4.59412 0.52844 -0.364647 -4.44768 0.633341 -0.368804 -4.37032 0.516207 -0.258608 -4.47967 0.07671546 -0.525707 -4.63302 0.08096116 0.122331 -5.12109 0.04504382 -0.463547 -5.19523 0.01542276 0.153411 -3.60395 0.158241 -0.633159 -3.63169 0.161963 -0.284515 -3.5863 0.204092 -0.612968 -5.12109 0.04504382 -0.463547 -5.19523 0.01542276 0.153411 -5.12157 0.09497827 -0.480029 -4.61262 0.257635 -0.473375 -4.61262 0.257635 -0.473375 -5.19523 0.01542276 0.153411 -4.52094 0.408167 -0.427979 -4.52094 0.408167 -0.427979 -5.19523 0.01542276 0.153411 -4.59412 0.52844 -0.364647 -4.63302 0.08096116 0.122331 -4.37032 0.516207 -0.258608 -4.44768 0.633341 -0.368804 -4.59412 0.52844 -0.364647 -5.19523 0.01542276 0.153411 -5.65346 0.01291078 -0.423856 -5.65364 -0.04753679 -0.511547 -6.36671 -0.04693979 -0.39133 -6.41651 -0.106663 -0.48655 -5.12109 0.04504382 -0.463547 -5.11779 -0.004411697 -0.551604 -5.6706 -0.404631 -0.614792 -5.09437 -0.379271 -0.679344 -5.4038 -0.443611 -0.579454 -5.08438 -0.420811 -0.640034 -4.76881 -0.1986269 -0.66101 -4.61962 -0.126341 -0.656509 -4.47967 0.07671546 -0.525707 -4.48136 0.04108422 -0.615002 -6.36671 -0.04693979 -0.39133 -5.6746 -0.13126 -0.128511 -5.65346 0.01291078 -0.423856 -5.12109 0.04504382 -0.463547 -5.20301 -0.165558 0.02968519 -5.49775 -0.19788 0.04239249 -5.08438 -0.420811 -0.640034 -5.20301 -0.165558 0.02968519 -5.4038 -0.443611 -0.579454 -4.37786 -0.07583808 0.005476236 -5.49775 -0.19788 0.04239249 -4.37786 -0.07583808 0.005476236 -4.47967 0.07671546 -0.525707 -6.22429 -0.248123 -0.532069 -6.05718 -0.345068 -0.566621 -4.961 -0.234594 -0.64762 -5.6706 -0.404631 -0.614792 -6.05718 -0.345068 -0.566621 -5.6746 -0.13126 -0.128511 -6.22429 -0.248123 -0.532069 -6.41651 -0.106663 -0.48655 -6.36671 -0.04693979 -0.39133 -4.48136 0.04108422 -0.615002 -4.47967 0.07671546 -0.525707 -4.37786 -0.07583808 0.005476236 -4.61962 -0.126341 -0.656509 -4.48136 0.04108422 -0.615002 -4.76881 -0.1986269 -0.66101 -4.961 -0.234594 -0.64762 -4.76881 -0.1986269 -0.66101 -5.08438 -0.420811 -0.640034 -5.09437 -0.379271 -0.679344 -4.961 -0.234594 -0.64762 -5.08438 -0.420811 -0.640034 -4.44373 -0.381639 -0.755478 -5.08438 -0.420811 -0.640034 -4.44848 -0.359493 -0.768847 -5.09437 -0.379271 -0.679344 -4.10928 -0.342377 -0.81516 -3.60988 0.143919 -0.691936 -4.48136 0.04108422 -0.615002 -3.60395 0.158241 -0.633159 -4.47967 0.07671546 -0.525707 -3.02587 0.283247 -0.753172 -3.0245 0.284901 -0.716063 -2.82927 -0.01368898 -0.971483 -3.26156 -0.1604 -0.90227 -4.10928 -0.342377 -0.81516 -4.37786 -0.07583808 0.005476236 -4.44373 -0.381639 -0.755478 -4.47967 0.07671546 -0.525707 -4.37786 -0.07583808 0.005476236 -3.60395 0.158241 -0.633159 -3.4328 0.02885055 -0.02374589 -3.0245 0.284901 -0.716063 -2.92701 0.1351619 -0.04564309 -2.82927 -0.01368898 -0.971483 -2.82927 -0.01368898 -0.971483 -2.92701 0.1351619 -0.04564309 -3.26156 -0.1604 -0.90227 -3.4328 0.02885055 -0.02374589 -3.02587 0.283247 -0.753172 -4.76881 -0.1986269 -0.66101 -4.61962 -0.126341 -0.65651 -4.961 -0.234594 -0.64762 -5.08438 -0.420811 -0.640034 -4.47967 0.07671546 -0.525707 -4.48136 0.04108422 -0.615002 -4.37786 -0.07583808 0.005476236 -4.37786 -0.07583808 0.005476236 -4.48136 0.04108422 -0.615002 -4.61962 -0.126341 -0.65651 -4.76881 -0.1986269 -0.66101 -5.09437 -0.379271 -0.679344 -5.08438 -0.420811 -0.640034 -4.961 -0.234594 -0.64762 -7.59032 -0.408785 0.08900958 -7.43655 -0.436733 -0.146432 -7.20389 -0.519398 0.08900958 -7.1834 -0.519464 -0.01496255 -7.42177 -0.307129 -0.08805507 -7.43655 -0.436733 -0.146432 -7.59032 -0.408785 0.08900958 -7.04389 -0.543989 -0.105204 -7.34762 -0.456718 -0.275785 -7.04054 -0.565699 0.08900958 -7.28983 -0.320189 -0.312512 -7.30786 -0.289652 -0.256256 -7.18844 -0.227991 -0.272352 -7.34762 -0.456718 -0.275785 -7.30007 -0.226263 -0.226024 -7.20389 -0.519398 0.08900958 -7.31283 -0.413263 0.190959 -7.49217 -0.408785 0.196905 -7.04054 -0.565699 0.08900958 -7.17635 -0.339983 0.174379 -7.59032 -0.408785 0.08900958 -7.49217 -0.408785 0.196905 -7.42177 -0.307129 -0.08805507 -7.31283 -0.413263 0.190959 -7.17635 -0.339983 0.174379 -7.30007 -0.226263 -0.226024 -7.18844 -0.227991 -0.272352 -7.59032 -0.408785 0.08900958 -7.28983 -0.320189 -0.312512 -7.18844 -0.227991 -0.272352 -7.17635 -0.339983 0.174379 -7.34762 -0.456718 -0.275785 -7.04389 -0.543989 -0.105204 -7.34762 -0.456718 -0.275785 -7.17635 -0.339983 0.174379 -7.04389 -0.543989 -0.105204 -7.17635 -0.339983 0.174379 -7.04054 -0.565699 0.08900958 -6.73018 -0.525021 -0.354112 -6.77154 -0.559065 -0.261098 -7.22693 -0.513874 -0.51556 -7.27489 -0.483679 -0.406931 -6.48049 -0.450176 -0.54672 -6.48772 -0.573864 -0.268151 -6.34761 -0.499836 -0.402681 -6.54185 -0.611744 -0.204171 -5.72164 -0.451485 -0.534723 -5.6706 -0.404631 -0.614792 -6.74727 -0.600174 -0.183117 -6.69821 -0.683525 -0.119754 -6.84306 -0.608707 -0.04231995 -6.72449 -0.715263 -0.01182043 -7.04389 -0.543989 -0.105204 -6.87975 -0.612843 0.08900958 -6.73443 -0.728178 0.08900928 -7.04054 -0.565699 0.08900958 -7.18135 -0.543472 -0.611434 -7.09314 -0.191179 -0.547872 -6.41651 -0.106663 -0.48655 -7.02266 -0.134281 -0.353033 -6.36671 -0.04693979 -0.39133 -6.22429 -0.248123 -0.532069 -5.4038 -0.443611 -0.579455 -7.28983 -0.320189 -0.312512 -7.26161 -0.32173 -0.370388 -7.34762 -0.456718 -0.275785 -7.27489 -0.483679 -0.406931 -7.21452 -0.291861 -0.443523 -7.22693 -0.513874 -0.51556 -7.34762 -0.456718 -0.275785 -7.18844 -0.227991 -0.272352 -6.87975 -0.612843 0.08900958 -6.72664 -0.316223 0.145106 -7.04054 -0.565699 0.08900958 -7.17635 -0.339983 0.174379 -6.73443 -0.728178 0.08900928 -6.34761 -0.499836 -0.402681 -6.3571 -0.272804 0.07165116 -6.48772 -0.573864 -0.268151 -6.72664 -0.316223 0.145106 -6.48772 -0.573864 -0.268151 -6.72664 -0.316223 0.145106 -6.54185 -0.611744 -0.204171 -5.72164 -0.451485 -0.534723 -5.68742 -0.2186779 0.05056977 -6.69821 -0.683525 -0.119754 -6.72449 -0.715263 -0.01182043 -6.54185 -0.611744 -0.204171 -7.02266 -0.134281 -0.353033 -6.72664 -0.316223 0.145106 -6.36671 -0.04693979 -0.39133 -6.3571 -0.272804 0.07165116 -7.18844 -0.227991 -0.272352 -7.17635 -0.339983 0.174379 -6.05718 -0.345068 -0.566621 -5.6746 -0.13126 -0.128511 -5.68742 -0.2186779 0.05056977 -5.49775 -0.19788 0.04239255 -5.4038 -0.443611 -0.579455 -5.49775 -0.19788 0.04239255 -5.6746 -0.13126 -0.128511 -5.49775 -0.19788 0.04239255 -5.4038 -0.443611 -0.579455 -5.6706 -0.404631 -0.614792 -6.05718 -0.345068 -0.566621 -6.22429 -0.248123 -0.532069 -6.36671 -0.04693979 -0.39133 -6.41651 -0.106663 -0.48655 -7.28983 -0.320189 -0.312512 -7.34762 -0.456718 -0.275785 -7.04389 -0.543989 -0.105204 -7.18844 -0.227991 -0.272352 -7.18844 -0.227991 -0.272352 -7.04389 -0.543989 -0.105204 -7.04054 -0.565699 0.08900958 -7.17635 -0.339983 0.174379 -6.6349 -0.758192 0.289157 -6.62225 -0.815336 0.1983619 -6.55246 -0.815247 0.332301 -6.50707 -0.920879 0.2390699 -6.39347 -1.0366 0.260368 -6.42624 -0.902681 0.40418 -6.30423 -0.908787 0.513828 -6.51358 -0.952654 0.0890094 -6.41726 -1.06521 0.0890094 -6.62452 -0.837036 0.0890094 -5.95998 -1.01455 0.27756 -5.97177 -0.940411 0.44914 -6.72391 -0.714622 0.192771 -6.69739 -0.682402 0.299859 -6.73443 -0.728178 0.0890094 -6.62452 -0.837036 0.0890094 -6.73443 -0.728178 0.0890094 -6.62281 -0.815878 -0.0173673 -6.72449 -0.715263 -0.01182043 -6.50776 -0.921528 -0.05819422 -6.51358 -0.952654 0.0890094 -6.63595 -0.758993 -0.109037 -6.55358 -0.816095 -0.152057 -6.41726 -1.06521 0.0890094 -6.39347 -1.0366 -0.08235055 -6.42649 -0.90291 -0.223194 -6.36243 -0.992233 -0.17059 -6.49154 -0.807785 -0.223067 -6.69821 -0.683525 -0.119754 -6.3211 -1.03307 -0.0847361 -6.49928 -0.680355 -0.2044669 -6.54185 -0.611744 -0.204171 -5.95894 -1.04627 0.0890094 -5.95894 -1.04627 0.0890094 -6.69739 -0.682402 0.299859 -6.6978 -0.682964 0.08910089 -6.72391 -0.714622 0.192771 -6.7242 -0.714943 0.08910089 -6.7242 -0.714943 0.08910089 -6.73443 -0.728178 0.0890094 -6.73443 -0.728178 0.08910095 -6.73443 -0.728178 0.0890094 -6.72449 -0.715263 -0.01182043 -6.69821 -0.683525 -0.119754 -5.85936 -1.01704 0.283696 -5.62334 -0.951221 0.457294 -6.64716 -0.659929 -0.05688762 -6.54185 -0.611744 -0.204171 -5.62334 -0.951221 0.457294 -5.87274 -0.884556 0.324306 -5.97177 -0.940411 0.44914 -5.85936 -1.01704 0.283696 -5.95894 -1.04627 0.0890094 -6.30423 -0.908787 0.513828 -6.05767 -0.854383 0.224716 -6.3211 -1.03307 -0.0847361 -6.42624 -0.902681 0.40418 -6.30024 -0.77453 0.121587 -6.36243 -0.992233 -0.17059 -6.42649 -0.90291 -0.223194 -6.55246 -0.815247 0.332301 -6.6349 -0.758192 0.289157 -6.49154 -0.807785 -0.223067 -6.69739 -0.682402 0.299859 -6.6978 -0.682964 0.08910089 -6.49928 -0.680355 -0.2044669 -6.64716 -0.659929 -0.05688762 -6.54185 -0.611744 -0.204171 -6.42802 -0.650944 0.451798 -6.48715 -0.57242 0.448006 -6.49792 -0.680037 0.38388 -6.54122 -0.610384 0.383729 -6.6349 -0.758192 0.289157 -6.69739 -0.682402 0.299859 -6.49028 -0.807407 0.403093 -6.55246 -0.815247 0.332301 -6.43587 -0.757179 0.47649 -6.15284 -0.834652 0.60855 -6.25079 -0.645401 0.546527 -6.30423 -0.908787 0.513828 -6.42624 -0.902681 0.40418 -5.97177 -0.940411 0.44914 -5.98625 -0.795689 0.672733 -6.02992 -0.590328 0.609045 -5.69528 -0.755205 0.753336 -5.62334 -0.951221 0.457294 -6.28547 -0.563007 0.53188 -6.3475 -0.498667 0.583062 -5.72139 -0.450266 0.714537 -5.81243 -0.492611 0.661831 -5.01247 -0.71413 0.901066 -4.44325 -0.380995 0.933699 -5.05681 -0.446245 0.816186 -5.08438 -0.420811 0.818053 -5.40356 -0.442156 0.7587 -5.40275 -0.491385 0.748481 -5.37566 -0.727943 0.826978 -5.72107 -0.539988 0.680187 -5.32689 -0.870556 0.630339 -6.3475 -0.498667 0.583062 -6.34755 -0.499252 0.08910089 -6.48715 -0.57242 0.448006 -6.48744 -0.573143 0.08910089 -6.54122 -0.610384 0.383729 -6.54153 -0.611065 0.08910089 -6.69739 -0.682402 0.299859 -6.6978 -0.682964 0.08910089 -5.72139 -0.450266 0.714537 -5.72152 -0.450874 0.08910089 -5.08438 -0.420811 0.818053 -5.08455 -0.421436 0.08910089 -5.40356 -0.442156 0.7587 -5.40368 -0.442883 0.08910089 -4.44325 -0.380995 0.933699 -4.44348 -0.381317 0.08910089 -4.44348 -0.381317 0.08910089 -4.44325 -0.380995 0.933699 -5.01247 -0.71413 0.901066 -5.32689 -0.870556 0.630339 -5.08455 -0.421436 0.08910089 -5.62334 -0.951221 0.457294 -5.40368 -0.442883 0.08910089 -5.72152 -0.450874 0.08910089 -5.97177 -0.940411 0.44914 -6.30423 -0.908787 0.513828 -6.42624 -0.902681 0.40418 -6.34755 -0.499252 0.08910089 -6.69739 -0.682402 0.299859 -6.6978 -0.682964 0.08910089 -6.6349 -0.758192 0.289157 -6.55246 -0.815247 0.332301 -6.48744 -0.573143 0.08910089 -6.54153 -0.611065 0.08910089 -5.62334 -0.951221 0.457294 -5.85936 -1.01704 0.283696 -5.59772 -1.02354 0.29965 -3.97614 -0.709127 1.0866 -4.10886 -0.342617 0.993273 -4.43892 -0.710411 1.0068 -4.44325 -0.380995 0.933699 -5.59777 -1.02447 -0.118744 -5.30803 -0.927502 -0.373362 -5.28329 -1.03059 -0.16185 -5.57946 -1.06071 0.0890094 -5.26761 -1.07959 0.0890094 -5.95894 -1.04627 0.0890094 -5.74838 -1.04004 0.005734682 -5.95894 -1.04627 0.0890094 -5.57946 -1.06071 0.0890094 -5.26761 -1.07959 0.0890094 -5.2832 -1.02957 0.342704 -4.94701 -1.04879 -0.213958 -4.94786 -1.11258 0.08900928 -4.98003 -0.927711 -0.439002 -4.99098 -0.85564 -0.534851 -4.49236 -0.952778 -0.51134 -4.51207 -1.08795 -0.259404 -4.51266 -1.1644 0.0890094 -4.13068 -1.12955 -0.274161 -4.15082 -1.20455 0.0890094 -3.80328 -0.76897 0.530846 -4.08065 -0.980566 0.734648 -3.94562 -0.978621 0.324723 -4.13067 -1.12957 0.452188 -4.49215 -0.951334 0.691581 -4.51192 -1.08681 0.440168 -3.51906 -0.50477 0.679846 -4.15082 -1.20455 0.0890094 -3.97794 -1.05768 0.08910095 -3.94565 -0.978556 -0.146673 -3.97794 -1.05768 0.08910095 -3.26187 -0.159431 1.08052 -3.11454 -0.265171 0.804758 -2.82927 -0.01368898 1.1495 -2.76818 -0.142473 0.858643 -4.51266 -1.1644 0.0890094 -4.97984 -0.926302 0.619319 -4.94688 -1.04769 0.394757 -5.30789 -0.926109 0.55374 -4.94786 -1.11258 0.08900928 -5.01247 -0.71413 0.901066 -4.10886 -0.342617 0.993273 -4.10906 -0.342505 0.1564159 -4.44325 -0.380995 0.933699 -4.44348 -0.381317 0.08910089 -2.82927 -0.01368898 1.1495 -2.82926 -0.01352488 0.795645 -3.26187 -0.159431 1.08052 -3.26179 -0.159681 0.568423 -3.80328 -0.76897 0.530846 -3.94562 -0.978621 0.324723 -3.8033 -0.768913 0.08910089 -3.94563 -0.978588 0.08910089 -3.51906 -0.50477 0.679846 -3.51907 -0.504738 0.295781 -3.97794 -1.05768 0.08910095 -3.94565 -0.978556 -0.146673 -2.76818 -0.142473 0.858643 -3.11454 -0.265171 0.804758 -3.11454 -0.265146 0.609564 -2.76818 -0.142473 0.858643 -5.32689 -0.870556 0.630339 -2.82926 -0.01352488 0.795645 -2.76818 -0.142473 0.858643 -3.11454 -0.265146 0.609564 -2.82926 -0.01352488 0.795645 -3.11454 -0.265146 0.609564 -3.26179 -0.159681 0.568423 -3.51907 -0.504738 0.295781 -4.10906 -0.342505 0.1564159 -3.8033 -0.768913 0.08910089 -4.44348 -0.381317 0.08910089 -4.44325 -0.380995 0.933699 -4.44348 -0.381317 0.08910089 -5.01247 -0.71413 0.901066 -3.94565 -0.978556 -0.146673 -4.13068 -1.12955 -0.274161 -4.49236 -0.952778 -0.51134 -4.99098 -0.85564 -0.534851 -5.0791 -0.598667 0.294964 -5.30803 -0.927502 -0.373362 -5.74838 -1.04004 0.005734682 -5.95894 -1.04627 0.0890094 -5.80298 -0.890846 0.1424829 -5.61116 -0.848221 0.183001 -5.59777 -1.02447 -0.118744 -5.80298 -0.890846 0.1424829 -5.95894 -1.04627 0.0890094 -5.85936 -1.01704 0.283696 -5.62334 -0.951221 0.457294 -5.61116 -0.848221 0.183001 -5.32689 -0.870556 0.630339 -5.0791 -0.598667 0.294964 -5.98681 -0.796701 -0.493941 -5.9718 -0.941736 -0.268671 -6.15382 -0.835436 -0.430125 -6.30494 -0.910065 -0.334009 -5.69526 -0.755188 -0.575259 -5.63215 -0.927942 -0.330586 -5.30803 -0.927502 -0.373362 -5.37566 -0.727947 -0.648963 -5.95999 -1.01545 -0.0966404 -5.59777 -1.02447 -0.118744 -5.0574 -0.44622 -0.638048 -4.44373 -0.381639 -0.755478 -5.01248 -0.714128 -0.723046 -4.43942 -0.711399 -0.828333 -5.08438 -0.420811 -0.640034 -3.97615 -0.709106 -0.908547 -4.08065 -0.980574 -0.556632 -4.49236 -0.952778 -0.51134 -4.10928 -0.342377 -0.81516 -3.5191 -0.504671 -0.501727 -3.80333 -0.768854 -0.352733 -3.11454 -0.265171 -0.626739 -3.26156 -0.1604 -0.90227 -2.82927 -0.01368898 -0.971483 -2.76818 -0.142473 -0.680624 -3.94565 -0.978556 -0.146673 -4.13068 -1.12955 -0.274161 -4.10928 -0.342377 -0.81516 -4.44373 -0.381639 -0.755478 -4.10907 -0.342497 0.08910089 -4.44348 -0.381317 0.08910089 -2.82927 -0.01368898 -0.971483 -3.26156 -0.1604 -0.90227 -2.82923 -0.01319885 0.08910095 -3.26171 -0.159916 0.08910089 -3.5191 -0.504671 -0.501727 -3.51908 -0.504721 0.08910089 -3.80333 -0.768854 -0.352733 -3.8033 -0.768913 0.08910089 -3.11454 -0.265171 -0.626739 -3.11455 -0.265079 0.08910089 -2.76818 -0.142473 -0.680624 -2.76814 -0.14257 0.08910089 -2.76818 -0.142473 -0.680624 -2.76814 -0.14257 0.08910089 -5.74838 -1.04004 0.005734682 -5.95894 -1.04627 0.0890094 -4.99098 -0.85564 -0.534851 -5.38393 -0.657377 -0.625508 -6.36243 -0.992233 -0.17059 -6.42649 -0.90291 -0.223194 -6.3211 -1.03307 -0.08473616 -3.94565 -0.978556 -0.146673 -3.51907 -0.504738 0.295781 -3.11454 -0.265146 0.609564 -2.76818 -0.142473 0.858643 -5.08438 -0.420811 -0.640034 -4.71983 -0.398392 -0.34846 -2.76818 -0.142473 0.858643 -2.82926 -0.01352488 0.795645 -3.26179 -0.159681 0.568423 -4.10906 -0.342505 0.1564159 -3.26179 -0.159681 0.568423 -3.11454 -0.265146 0.609564 -2.82926 -0.01352488 0.795645 -2.76818 -0.142473 0.858643 -3.11454 -0.265146 0.609564 -3.51907 -0.504738 0.295781 -4.10906 -0.342505 0.1564159 -3.8033 -0.768913 0.08910089 -4.44348 -0.381317 0.08910089 -3.94565 -0.978556 -0.146673 -4.71983 -0.398392 -0.34846 -4.13068 -1.12955 -0.274161 -5.08438 -0.420811 -0.640034 -5.0574 -0.44622 -0.638048 -4.71983 -0.398392 -0.34846 -6.31605 -0.848295 -0.139276 -6.30494 -0.910065 -0.334009 -6.42649 -0.90291 -0.223194 -6.42649 -0.90291 -0.223194 -6.36243 -0.992233 -0.17059 -6.31605 -0.848295 -0.139276 -6.3211 -1.03307 -0.08473616 -5.34156 -0.687763 -0.282496 -5.64205 -0.741215 -0.1718609 -5.30803 -0.927502 -0.373362 -5.59777 -1.02447 -0.118744 -5.01977 -0.546255 -0.36951 -4.99098 -0.85564 -0.534851 -5.30803 -0.927502 -0.373362 -5.0574 -0.44622 -0.638048 -5.38393 -0.657377 -0.625508 -5.01977 -0.546255 -0.36951 -5.34156 -0.687763 -0.282496 -5.69526 -0.755188 -0.575259 -5.64205 -0.741215 -0.1718609 -5.88318 -0.776833 -0.1287299 -5.98681 -0.796701 -0.493941 -6.05696 -0.810926 -0.133778 -6.15382 -0.835436 -0.430125 -5.74838 -1.04004 0.005734682 -5.88318 -0.776833 -0.1287299 -5.95894 -1.04627 0.0890094 -6.05696 -0.810926 -0.133778 -4.49236 -0.952778 -0.51134 -4.71983 -0.398392 -0.34846 -5.72164 -0.451485 -0.534723 -5.81316 -0.493362 -0.483352 -6.34761 -0.499836 -0.402681 -6.28629 -0.563942 -0.353386 -6.02992 -0.590324 -0.431035 -6.25184 -0.645159 -0.368051 -5.98681 -0.796701 -0.493941 -6.15382 -0.835436 -0.430125 -5.69526 -0.755188 -0.575259 -5.72186 -0.540087 -0.501987 -5.38393 -0.657377 -0.625508 -5.40337 -0.491325 -0.570317 -5.0574 -0.44622 -0.638048 -5.08438 -0.420811 -0.640034 -5.4038 -0.443611 -0.579454 -6.43726 -0.757231 -0.297162 -6.30494 -0.910065 -0.334009 -6.42649 -0.90291 -0.223194 -6.49154 -0.807785 -0.223067 -6.42946 -0.651234 -0.272621 -6.48772 -0.573864 -0.268151 -6.49928 -0.680355 -0.2044669 -6.54185 -0.611744 -0.204171 -5.08455 -0.421436 0.08910089 -4.71983 -0.398392 -0.34846 -5.08438 -0.420811 -0.640034 -5.72164 -0.451485 -0.534723 -6.34761 -0.499836 -0.402681 -5.72152 -0.450874 0.08910089 -6.34755 -0.499252 0.08910089 -5.4038 -0.443611 -0.579454 -5.40368 -0.442883 0.08910089 -6.48772 -0.573864 -0.268151 -6.48744 -0.573143 0.08910089 -6.54185 -0.611744 -0.204171 -6.54153 -0.611065 0.08910089 -6.64716 -0.659929 -0.0568878 -6.6978 -0.682964 0.08910089 -4.44348 -0.381317 0.08910089 -5.08455 -0.421436 0.08910089 -5.07097 -0.603008 -0.274473 -4.44348 -0.381317 0.08910089 -5.0574 -0.44622 -0.638048 -5.08438 -0.420811 -0.640034 -4.71983 -0.398392 -0.34846 -5.0574 -0.44622 -0.638048 -4.71983 -0.398392 -0.34846 -6.15382 -0.835436 -0.430125 -5.98681 -0.796701 -0.493941 -6.16708 -0.757061 -0.14553 -6.30494 -0.910065 -0.334009 -6.36978 -0.826479 -0.05149257 -6.34755 -0.499252 0.08910089 -6.48744 -0.573143 0.08910089 -5.39813 -0.706903 -0.240038 -5.40368 -0.442883 0.08910089 -5.69031 -0.706913 -0.224215 -5.72152 -0.450874 0.08910089 -5.38393 -0.657377 -0.625508 -5.69526 -0.755188 -0.575259 -6.42649 -0.90291 -0.223194 -6.49154 -0.807785 -0.223067 -6.54153 -0.611065 0.08910089 -6.6978 -0.682964 0.08910089 -6.64716 -0.659929 -0.0568878 -6.54185 -0.611744 -0.204171 -6.49928 -0.680355 -0.2044669 -6.6978 -0.682964 0.08910089</float_array>
          <technique_common>
            <accessor source="#A_weponShape-mesh-positions-array" count="1371" stride="3">
              <param name="X" type="float"/>
              <param name="Y" type="float"/>
              <param name="Z" type="float"/>
            </accessor>
          </technique_common>
        </source>
        <source id="A_weponShape-mesh-normals">
          <float_array id="A_weponShape-mesh-normals-array" count="3855">-0.1134387 0.08700937 0.9897278 -0.07556486 0.4637657 0.8827296 -0.1110899 0.3382748 0.9344674 0.500658 0.7573196 -0.4192953 0.2831915 0.830225 0.4801346 -0.1865009 0.3013435 0.9350987 -0.1156082 0.4210789 0.8996262 -0.1095811 -0.1229369 0.986346 0.2383255 0.8530154 0.4642906 -0.2533971 0.3639056 0.8963051 0.5681284 0.7321119 -0.3758223 0.2130824 0.8836727 0.4167957 -0.3062949 0.5809103 0.7541397 0.2239495 0.9355949 0.2729632 0.6568951 0.6931214 -0.2967686 -0.3123933 0.8250529 0.4708485 0.2571823 0.9552093 0.1463989 0.7308526 0.6590094 -0.1776545 -0.2711019 0.9077931 0.3200241 0.1476809 0.9750788 0.165565 0.7427452 0.6574746 -0.1267156 -0.2222704 0.9119098 0.3449876 0.9185831 -0.38761 -0.07722526 0.5579501 -0.8281661 -0.05322527 0.09259581 -0.9953594 -0.02618563 0.7970738 -0.175181 -0.5779144 0.4301711 0.8859984 -0.1730887 0.3888194 0.6091403 -0.6912074 0.6550106 0.3311066 -0.6792126 0.09201556 -0.9953556 -0.02829134 0.6309592 0.2591712 -0.7312461 0.9614598 -0.1613267 -0.2226406 0.925125 -0.09302216 -0.3680907 0.7945296 0.07913553 -0.6020467 0.03726363 0.05221796 -0.9979403 -0.01080381 0.04434454 -0.9989579 0.009277701 0.0476399 -0.9988216 0.06079447 0.05600291 -0.996578 -0.9434009 -0.3252707 -0.0647611 -0.9553712 -0.2933195 -0.03506648 -0.8616823 -0.4206477 0.2838296 -0.9299147 -0.3283847 0.1655962 -0.7576034 -0.532007 0.3781608 -0.9132938 -0.2402794 0.3288773 -0.8377283 -0.3771898 0.3948912 -0.636694 -0.5759911 0.512694 -0.9720979 0.04443591 0.2303285 -0.9611949 0.1692582 0.2178444 -0.9544711 0.2087237 0.2131186 -0.9360859 0.2876438 0.2024951 -0.01440513 -0.3391922 0.9406068 -0.01458805 -0.3457492 0.9382137 -0.03164827 -0.07403928 0.996753 -0.0376904 -0.02551347 0.9989638 -0.0627163 0.5763493 0.8147934 -0.07623714 0.5468444 0.833756 -0.06698888 0.5663386 0.8214458 0.07861608 -0.9918265 0.100498 0.1338855 -0.9773005 0.1641906 0.1253716 -0.9800226 0.154395 0.1835108 -0.9577785 0.2213239 -0.005928874 0.159434 -0.9871908 -0.007507681 0.1558312 -0.9877552 -0.007690846 0.1554344 -0.9878163 -0.009888231 0.150552 -0.9885528 -0.8747414 0.4638919 -0.1401137 -0.8150736 0.5533112 -0.1717615 -0.8825613 0.4634377 -0.07944208 -0.7734569 0.6257423 -0.1010502 -0.845247 0.5341084 -0.01690733 -0.5802572 0.8131475 0.04574793 -0.6643126 0.7461958 0.04336786 -0.3169454 0.9346679 0.161064 0.9851476 -0.1494357 -0.08457714 0.5866736 0.8062299 -0.0762068 0.6613794 0.7317565 -0.1646505 0.6678579 0.7239222 -0.1729234 0.6999526 0.6807867 -0.2158607 -0.2222913 0.911897 0.3450082 -0.2222913 0.9118956 0.3450115 -0.01081514 0.04436707 -0.9989568 0.9299054 0.3284119 -0.1655945 0.9553627 0.2933474 0.03506612 0.9299101 0.3284136 -0.1655648 0.9326575 0.2349649 0.2737545 0.9499006 0.3090953 -0.04635816 -0.230571 -0.8536164 0.4670932 -0.2245582 -0.8933194 0.3892994 -0.2200723 -0.914013 0.3408055 -0.2063713 -0.9541237 0.2169309 -0.2436966 0.7733286 0.5852991 -0.2322214 0.8613771 0.4517774 -0.2046303 0.7014198 0.6827421 -0.1723126 0.8369339 0.519471 -0.156045 0.8346411 0.5282276 -0.2444553 0.7790381 -0.5773572 -0.2378679 0.9709125 0.02734529 -0.2007246 0.5535873 0.8082394 -0.1370929 0.6812528 0.7190968 -0.08154714 0.1825045 0.9798175 -0.107306 0.09039819 0.990108 -0.1592488 0.4455182 0.8809957 -0.08902376 0.1363891 0.9866473 -0.0974155 0.3399167 0.9353967 -0.1233894 0.3883882 0.9131975 -0.07413071 -0.1351078 0.988054 -0.06183224 -0.3143498 0.9472914 -0.06930923 0.5538944 0.8296971 -0.04947102 -0.3401629 0.9390644 -0.01486277 0.09518891 -0.9953483 0.02142459 0.08243286 -0.9963664 0.01062053 0.1013835 -0.9947908 -0.01168876 0.1279054 -0.9917175 0.04757958 0.0643652 -0.9967916 0.008545279 0.1480783 -0.9889388 -0.01580882 0.1452096 -0.9892747 0.0825833 -0.9965543 0.007721185 0.07001036 -0.9973278 0.02087491 0.1030639 -0.9931919 0.05429393 0.0510888 -0.9985207 -0.01861655 0.08755826 -0.9940262 0.06515753 0.1254012 -0.9875233 0.09524875 0.9615347 -0.04693835 -0.2706434 0.9611949 -0.1692582 -0.2178444 0.8682999 0.3393422 -0.3618043 0.9720979 -0.04443591 -0.2303285 0.8377283 0.3771898 -0.3948912 0.8894822 0.412839 -0.1959218 0.7576034 0.532007 -0.3781608 0.636694 0.5759911 -0.512694 -0.6748663 0.6562497 0.3374789 -0.6198806 0.7752857 -0.1211622 -0.5895015 0.7679145 0.25059 -0.4651946 0.7148261 -0.5221281 -0.7051105 0.4244275 0.5680498 -0.5537797 0.7458401 0.3702037 -0.401286 0.8982957 0.1789817 -0.6250725 -0.748738 0.2206264 -0.6678221 -0.7227568 0.1778661 -0.6754221 -0.7175996 0.1698703 -0.7198259 -0.6836606 0.1202456 -0.9851476 0.1494357 0.08457714 0.9326578 0.2349509 0.2737655 0.9299151 0.3283907 -0.1655824 0.2245582 0.8933194 -0.3892994 0.2200723 0.914013 -0.3408055 0.2063713 0.9541237 -0.2169309 0.230571 0.8536164 -0.4670932 -0.4841311 0.8578426 -0.1724047 -0.7528473 0.5295079 -0.3909507 -0.845436 0.5274896 0.08362191 -0.2339286 0.6523756 -0.7208909 -0.4909915 0.7527235 0.4385597 -0.1050481 0.7472394 0.6561998 -0.1779545 0.9839227 -0.01510673 -0.1385875 0.8475171 0.5123556 -0.1420968 0.8382065 0.5265152 -0.1911097 0.9736466 -0.1244564 -0.1736876 0.7938785 -0.5827432 -0.1773741 0.8334632 -0.5233331 -0.1298266 0.8027644 0.5819919 -0.1025139 0.6019295 0.7919418 -0.02197343 0.3433043 0.9389672 -0.4651453 0.6952916 0.5479138 -0.8038218 0.4927062 0.3333336 -0.4128695 0.07404059 0.9077758 0.06421166 -0.4032152 0.9128497 -0.6772524 -0.06055015 0.7332551 -0.182717 -0.572322 0.7994136 -0.2864856 -0.2816025 0.9157653 -0.03540211 0.1719736 -0.9844652 -0.03631818 0.1719468 -0.9844366 -0.03540247 0.1719769 -0.9844647 -0.02124142 0.1921498 -0.9811358 -0.03540235 0.1719725 -0.9844654 -0.07074236 0.2077409 -0.9756225 -0.05261462 0.2519033 -0.9663212 -0.1564428 0.2387233 -0.9584033 -0.05783444 0.2918581 -0.9547116 0.1160351 -0.9683833 0.220839 0.2372873 -0.9316007 0.2753449 0.1424342 -0.9569063 0.2530671 0.3266189 -0.9013302 0.2844716 0.1999606 -0.9427632 0.2668583 0.1893414 -0.95568 0.2254457 0.7113128 -0.7025538 0.02127188 0.8406199 -0.5330477 0.09601324 0.7937712 -0.6082151 -0.001281797 0.8984449 -0.4209162 0.1250053 0.8747414 -0.4638919 0.1401137 0.5328316 -0.8446443 0.05163812 0.4434463 -0.8914096 -0.09351134 0.6687484 -0.6983832 -0.2550229 0.5537797 -0.7458401 -0.3702037 0.5823007 -0.7890945 -0.1955911 0.7055203 -0.3327448 -0.6257172 0.8519826 0.4750554 0.2201096 0.949272 -0.2651622 0.1690315 -0.9892435 0.1078237 0.09885108 -0.9973042 0.07101798 0.01846402 -0.9942725 0.09653097 0.04586976 -0.9995003 -0.02026462 -0.02426266 -0.9883381 -0.1433188 -0.05145555 -0.9960318 -0.01423031 -0.08785402 -0.7157139 0.6177462 0.3257962 -0.7675324 0.4811993 0.4234871 -0.7772064 0.48361 0.402581 -0.7014785 0.687806 0.1866845 -0.5932397 0.798728 -0.100501 -0.8051209 0.3444066 0.4828711 -0.7992733 0.3876883 0.4591953 -0.7530902 0.4962716 0.4319372 -0.7030496 0.3512195 0.6183577 -0.7037151 0.253219 0.6638263 -0.7790188 0.4890002 0.3924392 -0.7681334 0.5209903 0.37221 -0.7329911 0.6741186 0.09104019 -0.7732357 0.1976121 0.6025415 -0.537447 -0.03402912 0.8426107 -0.808051 0.2595945 0.5288329 -0.1636459 0.2843813 -0.9446415 -0.09534204 0.3256707 -0.9406638 -0.2151288 0.3294838 -0.9193258 -0.07748866 0.3401077 -0.9371886 -0.4617608 0.4166834 -0.7830402 -0.6706899 0.4280318 -0.6057755 -0.6618369 0.4361483 -0.6097103 0.272111 -0.9182679 0.2876454 0.2545571 -0.9287169 0.2696029 0.2236762 -0.9325792 0.283311 0.0363487 -0.9698184 0.2411041 0.2412238 -0.9418838 0.2338076 0.1414858 -0.9490167 0.2816897 -0.0993399 -0.9741111 0.2030746 0.9739502 -0.1861584 0.1294851 0.9984706 0.0498991 0.02380508 0.9979175 0.05591118 0.03216725 0.9883381 0.1433188 0.05145555 0.9990432 0.03616511 0.02459836 0.9988549 0.04431349 0.01803666 -0.1306229 0.9216852 0.3652864 -0.1392584 0.7534848 0.642548 -0.1857416 0.957671 0.2199234 -0.1242413 0.3616151 0.9240123 -0.1983753 0.752636 0.6278426 -0.2356406 0.9707929 0.04510772 -0.1420673 0.3776153 0.9149992 -0.2140623 0.4165884 0.8835336 -0.2738831 0.7660427 0.581521 -0.2837953 0.4388923 0.8525455 -0.05407899 0.9569423 -0.2851966 -0.1255866 0.9597685 -0.2511427 -0.07196438 0.9615091 -0.2651818 0.5649377 0.820504 -0.08728438 -0.1462172 0.9596747 -0.2400941 0.8131241 0.5794078 0.05581969 0.8352445 0.5498612 0.00439471 0.05133253 0.9762347 -0.210549 0.3400461 -0.9222019 -0.1841534 0.2546484 -0.9380546 -0.2349638 0.2478746 -0.9418444 -0.2269082 0.1605002 -0.9351071 -0.3159344 0.1778361 -0.9503107 -0.2555078 0.2323718 -0.9062315 -0.3531965 0.1138983 -0.9332519 -0.3406878 -0.7930623 -0.6059819 -0.06195318 -0.6707623 -0.7383635 -0.06998169 -0.5857284 -0.8071466 -0.07373487 -0.4324223 -0.8982933 -0.07797574 -0.8728132 -0.4850386 -0.0541712 -0.9633208 -0.2424783 -0.1149674 -0.6516189 -0.7559646 -0.06253415 -0.7164707 -0.6961753 -0.04483282 -0.4120234 -0.9087989 -0.06573712 0.03332638 -0.9534342 0.2997545 -0.4500111 -0.5929037 0.6677988 -0.1371213 -0.9737052 -0.181923 0.03689748 -0.5039302 0.862956 -0.04995918 -0.841707 0.5376182 -0.1119132 -0.9445328 0.3087608 0.009094774 -0.8952553 0.4454608 -0.792692 0.4630903 0.3964681 -0.3613756 0.6455687 0.6727917 -0.8653653 0.1977629 0.4604702 -0.09219902 0.1341632 0.9866609 -0.102209 0.2237978 0.9692616 -0.09918868 0.2187035 0.970737 -0.08618474 0.1955331 0.9769029 -0.07394725 0.5439993 0.8358209 -0.04556441 -0.7533847 0.6559996 0.0532872 -0.9255684 0.3748114 -0.6057208 0.7888379 0.104102 -0.296249 0.9377607 0.1812224 -0.8769668 0.1919652 0.4405434 -0.1433787 0.8704354 0.4709403 -0.04440528 -0.850232 0.524532 -0.1736859 -0.9804355 -0.09262633 -0.1492096 -0.9747 0.1664226 -0.3155997 -0.8207545 0.4761921 -0.3942214 -0.8521983 0.3440167 -0.4153411 -0.7113201 0.5670235 -0.5707683 -0.7365481 0.3629332 0.145851 -0.8996129 -0.4116117 0.3627198 -0.8426331 -0.398 0.2576122 -0.8203853 -0.5104939 0.1538766 -0.9033919 -0.4002562 0.6697308 -0.6657781 -0.3289382 0.6429136 -0.5895969 -0.4889147 0.73179 -0.2798308 -0.6214324 0.490471 -0.6139203 -0.6184982 0.2097907 -0.7733021 -0.5983241 0.8013111 -0.3093117 -0.512081 0.9729118 -0.08031749 -0.216776 -0.2552921 0.8493766 -0.4619368 -0.1878476 0.8813428 -0.4335299 -0.09350985 0.9019247 -0.4216489 -0.06851655 0.9093016 -0.4104584 -0.01834201 0.8984547 -0.438683 0.4509546 0.8446243 -0.2885304 0.4738077 0.8789171 0.05487316 0.4626121 0.8639413 -0.1989861 0.119204 0.8118598 0.5715541 0.5310341 0.8220041 -0.2056993 0.4009256 0.8916376 -0.2103356 0.6574416 0.7429559 -0.125647 0.8257118 0.04542827 -0.56226 0.1855594 0.9822639 0.02693045 0.3575038 0.9334959 -0.02786415 -0.4807938 -0.3293594 -0.8126253 -0.4342225 -0.3571013 -0.8270003 -0.4284213 -0.3604257 -0.8285823 -0.3862874 -0.3837237 -0.8387719 -0.9517032 0.3054475 -0.03103214 -0.6575899 0.09454548 -0.74742 -0.7976416 -0.04680687 -0.6013127 -0.2745792 -0.9593336 0.06546318 -0.2765946 -0.959307 0.05679601 -0.281141 -0.9579608 0.05719256 -0.264694 -0.9597103 0.09430468 -0.2593485 -0.9630808 0.07220739 -0.2815718 -0.9594074 0.01596158 -0.2537665 -0.9635803 0.08435481 -0.455623 -0.8779188 0.1471947 -0.4297981 -0.890695 0.1481083 -0.2934087 -0.9553942 -0.03366231 -0.6234455 -0.7615447 0.1771027 -0.6341494 -0.7558277 0.1630312 -0.6811988 0.4352104 0.5886937 -0.7863486 0.3278029 0.5236423 -0.7838549 0.3063211 0.5401287 -0.5868199 0.4061778 0.7004728 -0.7710402 0.3325386 0.5430608 -0.5372624 0.684274 0.4930704 -0.8218581 0.2317646 0.5204175 -0.7542816 0.4897413 0.4372789 -0.8036609 0.4582451 0.3796583 -0.815608 0.4742453 0.3314743 -0.8475525 0.1819868 0.4985334 -0.2669544 -0.9326111 -0.2428412 0.1336423 -0.3932972 -0.9096466 -0.001068115 -0.5435369 -0.8393846 0.129065 -0.6148367 -0.778022 -0.009460926 -0.293869 -0.9557989 -0.2213548 -0.9124898 -0.3440415 -0.01101738 -0.2183033 -0.9758189 -0.07626783 -0.1471338 -0.9861719 -0.1049255 -0.1322098 -0.9856527 -0.2846549 0.9229997 -0.258927 -0.2143049 0.9145038 -0.3431563 -0.1056265 0.9445658 -0.3108674 -0.2038042 0.8859595 -0.416581 -0.1655672 0.928977 -0.3310428 -0.01385545 0.9607295 -0.2771406 0.05499607 0.9688714 -0.2413786 -0.03531026 0.9691557 -0.2439064 0.9948017 -0.03197693 -0.09668135 0.712219 -0.3411813 0.6134651 0.923772 0.2907363 0.2492342 0.6575899 -0.09454548 0.74742 0.3862874 0.3837237 0.8387719 0.4342225 0.3571013 0.8270003 0.4284213 0.3604257 0.8285823 0.4807938 0.3293594 0.8126253 -0.09308326 0.8198654 0.5649392 -0.09396791 0.5920682 0.8003907 -0.09778416 0.8633941 0.4949638 -0.08407896 0.8601996 0.5029785 -0.05307221 0.2796745 0.958627 -0.08053994 0.7734462 0.6287245 -0.1135007 -0.2270625 0.9672436 -0.08807802 -0.2501648 0.9641888 -0.1098383 0.636476 0.7634356 -0.1037024 0.9039934 0.4147792 -0.1275399 0.5288683 0.8390661 -0.08243256 -0.6935812 0.7156466 -0.1418544 -0.09076488 0.9857176 -0.1425865 0.3393145 0.9298036 -0.1423416 0.3446534 0.9278755 -0.0383318 -0.7930354 0.6079683 -0.05169874 -0.8477804 0.5278218 -0.1540926 0.343191 0.9265395 -0.112281 -0.5653725 0.8171579 0.07751816 -0.928967 -0.361955 0.09601396 -0.925012 -0.3676059 0.1090151 -0.9223251 -0.3707185 0.08639985 -0.9284554 -0.3612558 0.1163691 -0.9200575 -0.3741024 0.1224143 -0.9214496 -0.368708 0.1161571 -0.9232446 -0.3662337 0.1224122 -0.9247903 -0.3602477 -0.05343943 0.9054497 -0.4210762 -0.05459839 0.9212761 -0.3850578 -0.0672934 0.8980694 -0.4346757 -0.0155037 0.9204885 -0.3904622 -0.05737674 0.8976103 -0.4370399 -0.06189292 0.9366651 -0.3447145 -0.09332644 0.943946 -0.3166324 -0.05865842 0.8967234 -0.438687 -0.8906221 0.4011441 -0.2141866 -0.2150332 -0.7765268 0.5922558 -0.5108616 -0.8559733 0.07956367 -0.5673266 -0.8174642 0.09946292 -0.4167749 -0.8847006 0.2088147 -0.6574416 -0.7429559 0.125647 -0.5504716 -0.8169941 0.171761 -0.3128256 -0.9064007 0.2838625 -0.2848662 -0.917407 0.2778773 -0.3106223 -0.9195679 0.2406423 0.8279536 0.5598474 0.03261601 0.2829182 0.9289212 0.2388783 -0.160544 0.6844173 0.7111952 0.3837497 0.9225932 -0.03946965 0.9828495 0.05781042 0.1751135 0.9019792 -0.4317781 -0.001190185 0.8613529 -0.5074788 -0.02316433 0.7774702 -0.6260658 -0.05984765 0.9479988 -0.3168134 0.03045749 -0.102209 -0.5374443 0.8370825 -0.1437144 0.2935326 0.9450846 -0.1348627 -0.1131333 0.9843846 -0.1025751 -0.5567927 0.8242938 -0.1416372 0.3447391 0.9279515 -0.1380907 0.3388438 0.9306535 -0.1412436 0.339711 0.9298639 -0.151987 0.3434664 0.9267853 -0.1301034 -0.170114 0.976798 0.1557396 -0.922108 -0.3542062 0.1436223 -0.9238399 -0.3548136 0.1488124 -0.922204 -0.3569241 0.1677048 -0.9227581 -0.3469766 0.6707623 0.7383635 0.06998169 0.7930623 0.6059819 0.06195318 0.4615961 0.884464 0.0682094 0.4266886 0.9013227 0.0745278 0.4120109 0.9088044 0.06573861 -0.9828495 -0.05781042 -0.1751134 -0.8613529 0.5074788 0.02316433 -0.9019792 0.4317781 0.001190185 -0.7774702 0.6260658 0.05984765 -0.9479988 0.3168134 -0.03045749 0.9633208 0.2424783 0.1149674 0.8728132 0.4850386 0.0541712 0.900478 0.4293484 0.06927925 0.82798 0.5598098 0.03259426 -0.09891223 0.8544116 0.5100955 -0.1393508 0.3450506 0.9281819 -0.126411 0.6442628 0.7542849 -0.154091 0.3432179 0.9265298 -0.09564548 0.9206871 0.3784009 -0.08365333 0.9136556 0.3977882 -0.02030712 0.9599092 -0.2795749 0.08795571 -0.9920503 0.09000051 -0.1317507 -0.989672 0.05649071 -0.3702239 -0.9289321 -0.00439471 -0.4361258 -0.8996277 -0.02154684 -0.5497754 -0.8314384 -0.08035737 -0.1773741 0.8334632 0.5233331 -0.1736834 0.7938898 0.5827291 -0.1786893 0.983783 0.01553422 -0.2339286 0.6523756 0.7208909 -0.1903765 0.9781901 0.0830723 -0.1337941 0.8068543 -0.5754002 -0.1053842 0.7470289 -0.6563856 -0.141763 0.8470991 -0.5121782 -0.4841311 0.8578426 0.1724047 -0.6867841 0.6833659 0.2476671 -0.8013271 0.5918474 -0.0871306 -0.4909915 0.7527235 -0.4385597 -0.0263071 0.3578321 -0.9334154 -0.4651453 0.6952916 -0.5479138 -0.7871251 0.5064384 -0.3520715 -0.7014785 0.687806 -0.1866845 -0.7157139 0.6177462 -0.3257962 -0.7790069 0.4890118 -0.3924486 -0.7772064 0.48361 -0.402581 -0.4128695 0.07404059 -0.9077758 -0.7367331 0.05255401 -0.6741383 -0.7732357 0.1976121 -0.6025415 0.06421166 -0.4032152 -0.9128497 -0.182717 -0.572322 -0.7994136 -0.464416 -0.1141431 -0.8782307 -0.7037151 0.253219 -0.6638263 -0.7030496 0.3512195 -0.6183577 -0.7992733 0.3876883 -0.4591953 -0.7675324 0.4811993 -0.4234871 -0.8051136 0.344447 -0.4828545 -0.7530902 0.4962716 -0.4319372 -0.1589135 0.254225 0.9540001 -0.05261462 0.2519033 0.9663212 -0.07074236 0.2077409 0.9756225 -0.07837325 0.3104717 0.9473463 -0.02185159 0.1894621 0.9816449 -0.2151288 0.3294838 0.9193258 -0.07748866 0.3401077 0.9371886 -0.4617608 0.4166834 0.7830402 -0.6706899 0.4280318 0.6057755 -0.6618493 0.4361564 0.6096912 -0.03570681 0.1711791 0.9845927 -0.03292965 0.1708438 0.9847478 -0.03617918 0.1686261 0.9850159 -0.03540146 0.1719683 0.9844663 0.1160351 -0.9683833 -0.220839 0.1424342 -0.9569063 -0.2530671 0.2372873 -0.9316007 -0.2753449 0.1999606 -0.9427632 -0.2668583 0.1637367 -0.9519923 -0.2586521 0.1662048 -0.9530991 -0.252939 0.0363487 -0.9698184 -0.2411041 0.2236762 -0.9325792 -0.283311 0.272111 -0.9182679 -0.2876454 0.2545571 -0.9287169 -0.2696029 0.2412238 -0.9418838 -0.2338076 0.8747357 -0.4638997 -0.1401236 0.8964163 -0.2603018 0.3587213 0.6682283 -0.715137 -0.2050617 0.6809145 -0.7314237 0.03708082 0.7605702 -0.6425218 -0.09326678 0.6976181 -0.6824498 -0.2181544 0.83797 -0.5386362 0.08762103 0.830083 -0.4652298 0.3074471 0.6258835 -0.7685292 0.1327881 0.9874932 -0.1395042 -0.0734564 -0.1195135 0.5979337 -0.7925856 -0.06784433 0.1157291 -0.9909611 -0.07684701 0.5584992 -0.8259379 -0.1695021 0.5918842 -0.7879989 -0.1923667 0.8431722 -0.5020517 -0.02890187 -0.1193614 -0.9924301 -0.02917641 -0.3434641 -0.9387125 -0.1161255 0.2292296 -0.9664206 -0.04858589 -0.3153507 -0.9477307 -0.2092404 0.4764675 -0.8539304 -0.1622102 0.4189082 -0.8934226 -0.1202138 0.3769385 -0.9184041 -0.1682842 0.3771595 -0.9107311 -0.01440513 -0.3391922 -0.9406068 0.0835911 -0.9932055 -0.08096647 0.1763717 -0.983 -0.05102843 0.1254342 -0.9838501 -0.1276926 0.240397 -0.914467 -0.3255141 0.1338855 -0.9773005 -0.1641906 0.3817895 -0.9180954 -0.1064799 0.1115808 -0.3105164 -0.9439966 0.1835108 -0.9577785 -0.2213239 0.004059016 0.1420354 0.9898533 -0.009735584 0.1459123 0.9892497 0.001220703 0.1435914 0.9896364 0.01568686 0.133003 0.9909915 -0.006622612 0.1514048 0.9884498 -0.002075314 0.1508573 0.9885534 -0.003357052 0.1466739 0.9891793 0.02130204 0.1267443 0.9917067 -0.5668302 0.8144294 -0.1241304 -0.8106443 0.5191273 0.2708556 -0.7752285 0.623546 0.1010504 -0.7940448 0.5938398 0.1297975 -0.7165959 0.6645908 0.2116826 -0.8747414 0.4638919 0.1401137 0.6117276 0.3505134 0.7091755 0.5029625 0.5279274 0.6843402 0.1968796 0.71473 0.671118 0.3785942 0.5356169 0.7548384 0.355088 0.4469196 0.8210819 0.4100135 0.3641951 0.8362123 0.4095873 0.3645589 0.8362627 0.7034258 -0.5602998 0.4373287 0.6533706 -0.001087784 0.7570375 -0.6531326 0.5981147 0.4644101 -0.2644199 0.940302 0.2142765 -0.1836949 0.9564712 0.2267575 -0.1266539 0.9710843 0.2023715 -0.07577902 0.9744761 0.2113145 0.03851521 0.9842144 0.1727388 -0.169044 0.8387199 -0.5176613 -0.1780484 0.8364368 -0.5183362 -0.153573 0.8424542 -0.5164167 -0.1354767 0.8465537 -0.5147747 -0.01412093 0.1454126 0.9892703 -0.005358338 0.1464565 0.9892026 -0.9874939 0.1394993 0.0734564 -0.6258835 0.7685292 -0.1327881 -0.5989162 0.7819727 -0.1726797 -0.83797 0.5386362 -0.08762103 -0.5504736 0.8269159 -0.1148434 0.1457296 0.584414 0.7982627 0.2415604 0.6981906 0.6739277 0.1646188 0.6080886 0.7766138 0.2992414 0.7583732 0.5790725 0.6531325 -0.5981158 -0.4644089 -0.03851521 -0.9842144 -0.1727388 0.07577902 -0.9744761 -0.2113145 0.1266539 -0.9710843 -0.2023715 0.1836949 -0.9564712 -0.2267575 0.2644199 -0.940302 -0.2142765 0.925125 -0.09302216 0.3680907 0.2921274 0.04660242 0.9552434 0.7945296 0.07913553 0.6020467 0.7274132 0.1474969 0.6701602 0.5452888 -0.04358154 0.8371146 0.009277701 0.0476399 0.9988216 -0.006469964 0.07925713 0.9968333 0.02578854 0.09885114 0.9947681 -0.02942001 0.09381455 0.9951549 0.7427452 0.6574746 0.1267156 0.2543494 0.9562364 -0.1446318 0.1465511 0.9742203 -0.1715155 -0.267284 0.830448 -0.4887897 -0.2258413 0.8744637 -0.4293122 0.7308526 0.6590094 0.1776545 0.2239495 0.9355949 -0.2729632 -0.2857822 0.6447494 -0.7089619 -0.242291 0.823924 -0.5122935 -0.1704475 0.861485 -0.4783213 -0.2530373 0.8680668 0.4271208 -0.2444559 0.77904 0.5773545 0.2150068 0.8836795 -0.4157917 -0.2588946 0.4047764 -0.8770004 0.6568951 0.6931214 0.2967686 0.3802419 0.9060006 -0.185955 0.6066899 0.7153075 0.346789 -0.409574 -0.3645575 -0.8362697 -0.4019147 -0.5240243 -0.7509082 -0.3256702 -0.4322432 -0.8408952 -0.4074651 -0.5353416 -0.7398525 -0.5787094 -0.4928582 -0.6497586 -0.3273744 -0.5561124 -0.7639144 -0.2415604 -0.6981906 -0.6739277 -0.2706449 -0.5531617 -0.7878854 -0.2992414 -0.7583732 -0.5790725 0.3446874 -0.5123311 -0.7865796 0.228986 -0.6902845 -0.6863475 0.258714 -0.7318277 -0.6304724 0.09067279 -0.7175693 -0.6905598 0.03723305 -0.6707757 -0.7407252 0.576696 0.3125499 0.7548076 0.3358047 0.5651883 0.7535234 0.3888194 0.6091403 0.6912074 0.7970738 -0.175181 0.5779144 0.430171 0.8859983 0.1730891 0.9185842 -0.3876072 0.07722556 0.07632803 -0.9968123 0.02322494 0.08582007 -0.9963006 0.004486322 0.5579501 -0.8281661 0.05322527 0.07986897 -0.9967906 -0.005432426 0.1138675 -0.9929151 -0.03396797 -0.08114886 -0.218696 -0.972413 -0.09671562 0.3409005 -0.9351112 -0.101871 0.1139258 -0.9882526 -0.1611739 0.307851 -0.9376838 -0.07553452 0.4637667 -0.8827316 -0.1156082 0.4210789 -0.8996262 -0.09002995 -0.1296737 -0.987461 -0.07626813 -0.3131909 -0.9466227 0.2831915 0.830225 -0.4801346 0.500658 0.7573196 0.4192953 0.07327675 0.7162874 -0.6939473 -0.2572454 0.3230446 -0.9107508 0.5341526 0.7448899 0.3997752 -0.9913492 -0.04961109 -0.1215137 -0.3043472 0.9488697 0.08377975 -0.7034258 0.5602998 -0.4373287 -0.6533706 0.001087784 -0.7570375 -0.08966481 0.731571 0.6758432 -0.3722103 0.6980623 0.6116933 -0.04870802 0.7373955 0.6737028 -0.2838867 0.6885673 0.6672956 -0.0383625 0.6711456 0.7403324 -0.09308326 0.8198654 -0.5649392 -0.09778416 0.8633941 -0.4949638 -0.09741777 0.589634 -0.801774 -0.08407896 0.8601996 -0.5029785 -0.1015385 0.9197372 -0.3791749 -0.1104502 0.6367598 -0.7631106 -0.06033545 0.2602331 -0.9636589 -0.05148655 0.2455301 -0.9680207 -0.09750813 0.1905605 -0.9768208 -0.07626765 0.6731026 -0.7356061 -0.1120644 -0.1337936 -0.9846527 -0.1200638 0.3114213 -0.9426567 -0.1225965 0.3106268 -0.9425927 -0.1183221 0.3240506 -0.9386113 -0.1173144 0.7734391 -0.6229202 -0.0856077 -0.6956046 -0.7133061 -0.03729474 -0.7834954 -0.6202775 -0.05557548 0.8988217 0.4347769 -0.07126235 0.8983634 0.4334338 -0.05343943 0.9054497 0.4210762 -0.07980769 0.8980274 0.4326401 -0.06866806 0.9151169 0.3972983 -0.0480374 0.9309316 0.3620205 -0.05069237 0.9447531 0.3238395 -0.02029514 0.9599153 0.2795544 0.5200833 -0.8408131 -0.1501561 0.4074609 -0.9087375 0.09039765 0.2486069 -0.9374794 0.2435713 0.1171941 -0.9195163 0.3751739 -0.007538139 -0.9317386 0.3630515 0.576211 -0.8035823 -0.149119 0.7769625 -0.5822793 -0.239333 -0.1370291 -0.9340259 0.329877 -0.1090773 -0.881897 0.4586499 -0.2672853 -0.796271 0.5426887 -0.7140402 -0.1314008 0.6876631 -0.3248794 -0.6932489 0.6433191 -0.6582265 -0.2628572 0.7054389 -0.3221008 -0.7170206 0.6181686 -0.3312203 -0.694577 0.6386361 0.9633172 0.2424801 -0.1149924 -0.07065063 0.006175518 -0.9974821 0.6338667 -0.4457193 -0.6320977 -0.1034595 -0.5302073 -0.8415321 -0.1361771 -0.1089539 -0.984675 -0.1417306 0.3483448 -0.9265897 -0.07883071 -0.6912567 -0.7182966 -0.1379762 0.3375701 -0.9311332 -0.1335841 0.3543931 -0.9255057 -0.1156699 -0.3782923 -0.9184309 -0.1391673 0.3450496 -0.9282097 -0.1448734 0.6355265 -0.7583653 -0.1980984 0.7523836 -0.6282325 -0.2140596 0.4155761 -0.8840109 -0.1857416 0.957671 -0.2199234 -0.1306229 0.9216852 -0.3652864 -0.2743078 0.7655471 -0.5819733 -0.2356406 0.9707929 -0.04510772 -0.2851398 0.4380099 -0.8525507 0.1706644 -0.9326725 0.3177983 0.1877217 -0.9434615 0.2732052 0.1256163 -0.9286941 0.3489241 0.2713143 -0.9365686 0.2218735 0.1472557 -0.9221111 0.3578086 0.2485206 -0.9414668 0.2277673 0.3421872 -0.9213907 0.1842476 0.1215862 -0.924592 0.3610352 -0.05407899 0.9569423 0.2851966 -0.07196438 0.9615091 0.2651818 -0.1255866 0.9597685 0.2511427 -0.1462172 0.9596747 0.2400941 0.5649377 0.820504 0.08728438 0.05133253 0.9762347 0.210549 0.8131241 0.5794078 -0.05581969 0.8352445 0.5498612 -0.00439471 -0.9633172 -0.2424801 0.1149924 -0.6002635 0.7128511 0.3626668 -0.7115239 0.4353559 0.5515424 -0.5993115 0.7715331 0.2134534 -0.2724133 0.9620225 -0.01742637 -0.7182086 0.3793232 0.5833442 -0.576211 0.8035823 0.149119 -0.7769625 0.5822793 0.239333 -0.2745792 -0.9593336 -0.06546318 -0.281141 -0.9579608 -0.05719256 -0.2765946 -0.959307 -0.05679601 -0.2701882 -0.9608727 -0.06100827 -0.2593485 -0.9630808 -0.07220739 -0.2511737 -0.9643179 -0.08368384 -0.2326164 -0.96776 -0.0965929 -0.7863486 0.3278029 -0.5236423 -0.6811988 0.4352104 -0.5886937 -0.7838549 0.3063211 -0.5401287 -0.5867999 0.406185 -0.7004853 -0.7710402 0.3325386 -0.5430608 -0.3967551 0.5833826 -0.7086962 -0.800247 0.2539512 -0.5432438 -0.7285309 0.4764704 -0.4921573 -0.2669543 -0.9326112 0.2428413 -0.001068115 -0.5435369 0.8393846 0.1691381 -0.4445141 0.8796588 0.129065 -0.6148367 0.778022 -0.1167675 -0.4120435 0.9036512 -0.2213548 -0.9124898 0.3440415 -0.2846549 0.9229997 0.258927 -0.1056275 0.9445748 0.3108398 -0.2143049 0.9145038 0.3431563 -0.2038042 0.8859595 0.416581 -0.2734185 0.8754032 0.3986374 -0.01385545 0.9607295 0.2771406 0.1139572 0.9643945 0.2386571 0.8059421 -0.553368 -0.210336 0.8008936 -0.5609795 -0.2094555 0.8752273 -0.4300449 -0.2214467 0.7007495 -0.6872906 -0.1912633 0.4461787 0.8103171 -0.3798828 0.8629615 0.5035705 0.04140472 -0.4500111 -0.5929037 -0.6677988 0.03253346 -0.9532678 -0.3003702 -0.1371213 -0.9737052 0.181923 0.03503608 -0.5045747 -0.862657 -0.05111962 -0.8412616 -0.538206 0.008575737 -0.8943822 -0.4472216 -0.1130443 -0.9443964 -0.3087661 -0.8001208 0.4667295 -0.3767896 -0.8653653 0.1977629 -0.4604702 -0.3613756 0.6455687 -0.6727917 -0.09274762 0.1885167 -0.9776806 -0.0927779 0.1885161 -0.9776778 -0.05069249 -0.8193512 -0.5710463 -0.07715111 0.576375 -0.8135353 0.05377507 -0.9247978 -0.3766396 -0.6209937 0.7691619 -0.1508537 -0.296249 0.9377607 -0.1812224 -0.8036609 0.4582451 -0.3796583 -0.8619445 0.186806 -0.4713335 -0.7734783 0.4992939 -0.390432 -0.8500355 0.2001484 -0.487217 -0.1433787 0.8704354 -0.4709403 -0.04770165 -0.8485589 -0.5269464 -0.05353033 -0.8465973 -0.5295353 -0.2013642 -0.9710531 -0.1284849 -0.2188804 -0.9731818 0.07077294 -0.3151735 -0.8213065 -0.4755222 -0.4278433 -0.8696339 -0.2463479 -0.4178991 -0.7138437 -0.5619497 -0.277329 -0.955102 -0.104254 -0.4297981 -0.890695 -0.1481083 -0.6249753 -0.7607559 -0.1750895 -0.6117541 -0.7514703 -0.2470821 -0.2934087 -0.9553942 0.03366231 0.8076314 -0.09451818 0.5820635 0.3460298 -0.2646954 0.900111 -0.07626783 -0.1471338 0.9861719 0.02713149 -0.2516916 0.9674272 0.9852513 -0.05798643 0.1609888 0.5752355 -0.448672 0.6839573 0.8023859 -0.3069642 0.5118106 0.07806724 -0.3112313 0.9471223 0.3468781 -0.8533701 0.3891468 0.1185672 -0.9191786 0.3755698 0.2133899 -0.8382698 0.5017656 0.1131656 -0.9234837 0.3665674 0.6695277 -0.6646915 0.3315388 0.1054134 -0.9248239 0.3654981 0.07583928 -0.9233775 0.3763276 0.2101563 -0.7704687 0.6018409 0.8004906 -0.1764329 0.5727882 -0.1626695 0.9255685 0.3418502 -0.1020547 0.9364985 0.3354927 -0.04965412 0.9187091 0.3918011 -0.3896985 0.8907611 0.2338374 -0.06357133 0.903885 0.4230256 -0.03650116 0.8980331 0.438411 -0.06491458 0.8980619 0.4350531 -0.0684551 0.8984622 0.4336814 0.3672109 0.8344039 -0.4110065 0.3231055 0.7030375 -0.633515 0.344681 0.6895757 -0.6369305 0.2147634 0.7906299 -0.5733944 0.134191 0.8642918 -0.4847602 0.2810833 0.8596388 -0.4266301 0.5359784 0.8097053 -0.2389654 0.3620219 0.6926698 -0.6238179 -0.5154765 0.2043594 0.8321787 -0.449366 0.2891398 0.8452623 -0.4407858 0.2994219 0.8462001 -0.3661755 0.3831139 0.8480207 -0.8825292 -0.4645662 -0.0729413 -0.8686891 -0.4855247 -0.09820967 -0.8819035 -0.4655652 -0.07413029 -0.9022846 -0.4299165 -0.03247183 -0.6950769 -0.6732556 0.2521809 -0.6695001 -0.6608632 0.3391601 -0.69441 -0.6233301 0.3595196 -0.692305 -0.6785712 0.2454686 -0.6723659 -0.6412975 0.3696777 -0.6974706 -0.6988745 0.1584591 -0.7050954 -0.6926128 0.1520794 -0.7192466 -0.6708431 0.1807043 -0.7001112 -0.6532642 0.2882542 -0.590487 -0.6578125 0.4675554 -0.3587884 -0.8731354 0.3300085 -0.4044979 -0.8912749 0.2049651 0.02493381 -0.986032 0.1646794 -0.008423328 -0.9576082 0.2879509 -0.1389846 -0.8695234 0.4739331 -0.03970527 -0.942856 0.3308266 -0.02395743 -0.9177075 0.3965339 -0.03775262 -0.9162877 0.3987376 -0.6927562 -0.6798161 -0.2407052 -0.7291688 -0.6641931 -0.1648046 -0.7054262 -0.6929132 -0.1491484 -0.697544 -0.6995278 -0.15522 -0.6956241 -0.6746574 -0.2468698 -0.6021233 -0.5325995 -0.5947987 -0.6906803 -0.4175639 -0.5904247 -0.6949841 -0.6541189 -0.2985392 -0.3959243 -0.897811 -0.1928197 -0.6469126 -0.6228026 -0.4400239 -0.5017955 -0.7278507 -0.4673699 -0.3662337 -0.8593978 -0.3568031 -0.5432683 -0.1654433 -0.8230968 -0.7192754 -0.2305111 -0.6553683 -0.4010449 -0.3023783 -0.864714 -0.5340692 -0.533703 -0.6556914 0.03805708 -0.9675106 -0.2499499 0.04074329 -0.9862936 -0.1598908 -0.7717717 0.6358999 -1.83116e-4 -0.7411431 0.6713472 -6.10371e-5 -0.7727771 0.6346776 -9.15576e-5 -0.4179233 0.9084811 -0.001586914 -0.4783833 0.8781501 -0.001403868 -0.7718263 0.6358335 -9.15571e-5 -0.7779275 0.6283543 2.13632e-4 -0.7911992 0.6115586 3.19546e-4 0.791168 -0.611599 0 -0.6144138 -0.788984 0 -0.7911844 0.6115778 1.52597e-4 0.3743792 0.8914664 -0.2552017 0.7370919 0.2649954 -0.6216695 0.4234234 0.8844158 -0.1962689 0.1327908 0.8611714 0.4906635 0.4750338 0.6023606 -0.6414864 0.2815386 0.9278721 -0.2445189 -0.01614463 0.9806426 0.1951397 0.7595402 0.3866828 -0.5230442 0.497426 0.8658796 -0.05310267 0.1159114 0.9255209 0.3605216 0.8706943 0.2871591 -0.3992882 0.8408846 0.3510577 -0.4119123 0.4850975 0.8711917 0.07553416 0.1541544 0.9401254 0.3039751 0.2150992 0.9709985 0.1043756 0.8155254 0.3182508 -0.4833579 0.3699562 0.8441667 0.3879626 0.4436878 0.2440692 0.8623058 0.7833805 0.4313659 -0.4474803 0.4187557 0.4421334 0.7931972 0.2897815 0.8135855 0.5040885 -0.5597018 -0.1103289 0.821317 -0.155771 -0.6229618 0.766586 -0.5567906 -0.3729435 0.7422246 -0.2251085 -0.3980294 0.8893249 -0.3763933 0.04965472 0.9251285 -0.6066023 -0.04306274 0.7938383 -0.6308574 -0.1442936 0.7623636 -0.1978541 -0.3903673 0.899148 -0.2086265 -0.3931738 0.8954828 -0.2881304 0.1427986 0.9468841 -0.2628006 -0.3951929 0.8802037 -0.405568 -0.3321696 0.8515738 -0.6249159 -0.3936091 0.6742048 -0.7145184 -0.2197086 0.6642226 -0.6380073 -0.1350176 0.7581009 -0.4099001 -0.2618831 0.8737272 -0.4974935 -0.3367183 0.7994505 -0.3003385 -0.3716922 0.8784314 -0.01721268 -0.8350594 0.5498904 -0.2233994 -0.3587819 0.9062938 -0.260208 -0.009033679 0.9655104 -0.1948004 0.03204452 0.9803193 -0.1484752 -0.2033179 0.9677897 -0.2021619 -0.3337015 0.9207464 -0.05881112 -0.8395013 0.5401656 -0.0777626 -0.8243204 0.5607576 -0.1847316 -0.3211211 0.9288464 -0.1891294 0.01242142 0.9818737 -0.1571115 -0.2383528 0.9583861 -0.2045981 0.0734893 0.9760835 -0.2060333 0.2202246 0.9534419 -0.2079572 0.9781375 -0.001037597 -0.05105781 0.9986953 -9.766e-4 -0.2777548 0.9606513 -0.00125128 -0.04819005 0.9988377 -9.7662e-4 -0.4949254 0.8689348 -0.001098632 -0.02513372 0.9996837 -9.66528e-4 -0.02535837 0.9996779 -0.00108087 -0.04809725 0.9988422 -9.76594e-4 -0.06466948 0.9979064 -9.15566e-4 -0.04611361 0.9989358 -0.00100708 -0.06409007 0.9979439 -6.7142e-4 -0.06245911 0.9980472 -8.41322e-4 -0.06191807 0.9980813 -3.63553e-4 -0.5216002 0.8531891 -0.001312315 -0.525382 0.8508655 -0.001342773 -0.4979516 0.8672036 -0.001464903 -0.4180219 0.9084355 -0.001617491 -0.41796 0.9084641 -0.001586973 0.3499028 -0.899737 -0.2608477 0.4126766 -0.8449159 -0.3403163 0.1047109 -0.7464358 -0.6571675 0.4820816 -0.8758711 -0.02114981 0.5050983 -0.8630619 1.83117e-4 0.1653853 -0.6806158 -0.7137295 0.03045785 -0.5949354 -0.8031963 0.01113945 -0.6086725 -0.7933434 -0.1313841 -0.5428714 -0.8294751 0.1664214 -0.73295 -0.6596123 0.1317201 -0.651978 -0.7467091 0.1830269 -0.7835947 -0.5937008 0.02148562 -0.6826586 -0.7304216 0.4074669 -0.6993561 -0.5872578 -0.1848192 -0.7485685 -0.6367787 0.3910459 -0.7483983 -0.5357081 0.3778385 -0.8212149 -0.427603 -0.7713286 -0.6364291 0.003197789 -0.1104797 -0.8128497 0.5719002 -0.06482315 -0.9011156 0.4287059 -0.09876024 -0.8570718 0.5056427 -0.08221763 -0.9471816 0.3099794 -0.04983741 -0.9561281 0.2886787 -0.0393697 -0.9736225 0.2247431 -0.1139591 -0.8416311 0.5278925 -0.1392903 -0.6769499 0.7227289 -0.1082825 -0.9355996 0.336048 -0.1036746 -0.9737542 0.2026187 -0.08108985 -0.978816 0.1879991 -0.0431841 -0.9837735 0.1741402 -0.03747785 -0.9852284 0.1670939 -0.1098372 -0.970834 0.2131128 -0.1145386 -0.929585 0.3503607 -0.1158815 -0.8291766 0.5468433 -0.1701726 -0.334974 0.9267329 -0.1883033 0.2103992 0.9593092 0.3122113 -0.8292065 0.4636171 0.2970435 -0.9064205 0.3002785 0.2692366 -0.9435185 0.1930922 0.6813387 -0.7091721 0.1812528 0.6529341 -0.7125997 0.2566689 0.1935244 -0.4650261 0.8638859 -0.1628178 0.1957172 0.9670498 0.3186845 -0.7753475 0.5452306 0.5429692 -0.7791888 0.3131282 0.2761076 -0.8412935 0.4647471 0.2307565 -0.8670537 0.4415534 0.2398532 -0.8680372 0.4347206 0.6385607 -0.7517578 0.1646224 -0.04385542 -0.983986 -0.1727667 -0.03744661 -0.9849963 -0.1684641 -0.04782354 -0.9740198 -0.2213556 -0.08521002 -0.9469853 -0.3097715 -0.09793645 -0.8853654 -0.4544631 -0.03747731 -0.9850003 -0.1684343 -0.08111888 -0.9791643 -0.1861644 -0.1082826 -0.9362116 -0.3343394 -0.1036745 -0.9740895 -0.2010011 -0.1234793 -0.7998688 -0.5873355 -0.1159715 -0.8414955 -0.5276705 -0.1098697 -0.9711567 -0.2116212 -0.1145388 -0.9302272 -0.3486521 -0.1160034 -0.8656156 -0.4870861 0.1930323 -0.9495971 -0.2469899 0.2698199 -0.9434387 -0.1926674 0.6622345 -0.7377693 -0.130927 0.6386428 -0.7516551 -0.1647726 -0.167155 0.9859307 3.05194e-5 -0.2501327 0.9682115 -3.05189e-4 -0.1525043 0.9883028 -6.10384e-5 -0.2701551 0.9628168 -2.74672e-4 -0.1143229 0.9934437 3.05187e-5 0.1605919 0.987021 6.10384e-5 -0.02694791 0.9996368 4.57779e-4 0.9036981 0.4281704 2.24068e-4 -0.1152102 0.9933411 -3.35712e-4 0.6287249 -0.7776278 -9.15574e-5 0.7309091 -0.6824748 -9.15582e-5 0.7851085 -0.6193583 -1.22077e-4 0.5807762 -0.8140634 -6.1038e-5 0.8426597 -0.5384465 -9.1557e-5 0.4568073 -0.8895657 -9.15568e-5 0.4119212 -0.9112195 -9.15584e-5 0.333907 -0.942606 -9.15566e-5 0.9257389 -0.3781634 -9.15576e-5 0.8813516 -0.4724611 -9.15563e-5 0.8605369 -0.5093883 -1.22075e-4 0.6040418 -0.1001453 -0.7906355 0.3987337 0.2083548 -0.8930843 0.4216874 0.2485809 -0.872002 0.4159488 0.3091003 -0.8552449 0.3293309 0.3986396 -0.8559368 0.2196134 0.313886 -0.923713 0.3137985 0.4558044 -0.8329303 0.1066941 0.6944579 -0.711579 0.2555664 0.5317636 -0.8074116 -0.3729515 0.8738417 -0.3119424 -0.1894617 0.8615809 -0.4709381 0.4045704 0.6457684 -0.6475385 0.4274582 0.5331478 -0.7300911 -0.3995617 0.8536924 -0.3340057 -0.2935003 0.8577949 -0.4219544 -0.5238711 0.6913024 -0.4976547 -0.0840913 0.858802 -0.5053591 -0.2729371 0.7010362 -0.6588275 -0.5161976 0.4683439 -0.7170733 -0.3153216 0.5759228 -0.7542449 -0.5050983 0.8630619 -1.83117e-4 -0.3925358 0.9143197 0.09967511 -0.452021 0.8766967 0.1645599 -0.3541429 0.9107491 0.2124125 -0.371635 0.8745341 0.3115728 -0.6426115 0.627474 0.4396896 -0.4087086 0.8486075 0.3358907 -0.5335662 0.7680143 0.3542052 -0.6138418 0.6944137 0.3754833 -0.7243157 0.6319947 0.2755897 -0.03686726 -0.8359229 -0.5476073 -0.05291944 -0.870882 -0.4886351 -0.01818954 -0.8825608 -0.4698466 -0.06729423 -0.7814987 -0.6202672 0.01544255 -0.827031 -0.5619441 -0.08139574 -0.8370611 -0.5410209 -0.04327571 -0.9331445 -0.3568875 -0.1868708 -0.3176162 -0.9296233 -0.15391 -0.863367 -0.48053 -0.1005598 -0.8515995 -0.5144571 0.01977664 -0.9274572 -0.3734061 -0.002594053 -0.9598508 -0.2804995 -0.0348528 -0.985736 -0.1646504 0.002197325 -0.986497 -0.1637651 -0.5164794 -0.6782416 -0.5227212 -0.2183624 0.2797359 -0.9349148 -0.1860122 -0.3188911 -0.929359 -0.1115162 -0.8044486 -0.5834611 -0.1908684 0.03250318 -0.9810773 -0.1159742 -0.8026331 -0.5850899 -0.170206 -0.3365972 -0.9261383 -0.1910189 0.2111616 -0.9586046 -0.1576902 -0.2422576 -0.9573115 -0.1631266 0.1953552 -0.9670709 0.1935847 -0.4647803 -0.8640049 0.3125728 -0.8291938 -0.4633963 0.4251334 -0.8295137 -0.3621721 0.6967321 -0.6807703 -0.2260892 0.6531164 -0.7124767 -0.2565466 0.3198378 -0.775973 -0.5436633 0.5428475 -0.7797386 -0.3119687 0.2317631 -0.8671739 -0.4407895 0.2771762 -0.8417832 -0.4632219 0.2398532 -0.8680372 -0.4347206 -0.2663104 0.9638873 -3.96749e-4 -0.167793 0.9858223 -3.05189e-5 -0.163216 0.9865905 3.05191e-5 -0.2704901 0.9627227 -4.57785e-4 -0.09180146 0.9957774 -1.22076e-4 -0.1721886 0.985064 3.05191e-5 -0.2818441 0.9594602 -1.22077e-4 0.3906165 0.9205536 -9.15579e-5 -0.1022077 0.994763 -3.05189e-4 -0.06106907 0.9981335 -3.35712e-4 0.6039382 0.7970312 1.83113e-4 0.9042534 0.4269965 2.35519e-4 0.9042539 0.4269952 6.74871e-6 0.9037035 0.4281591 -2.31996e-4 -0.0288403 0.999584 -4.57783e-4 0.9037419 0.4280778 -6.92087e-6 0.580652 -0.8141519 0 0.4235103 -0.9058914 0 0.5986612 -0.8010023 -9.15571e-5 0.4117347 -0.9113038 0 0.7308645 -0.6825227 -9.15564e-5 0.3335432 -0.9427349 0 0.3901517 -0.9207507 0 0.5696813 -0.8218658 -9.15592e-5 0.7263544 -0.6873205 -1.22076e-4 0.8273775 -0.5616462 -1.22077e-4 0.3337618 -0.9426575 1.22078e-4 0.33388 -0.9426158 -1.22077e-4 -0.3293309 -0.3986396 0.8559368 -0.4159488 -0.3091003 0.8552449 -0.2196134 -0.313886 0.923713 -0.4579982 -0.3152305 0.8311843 -0.4361476 -0.1603165 0.8854795 -0.5716555 0.04214704 0.8194106 -0.3137985 -0.4558044 0.8329303 -0.4893454 -0.5949115 0.6376689 -0.4409748 -0.4721046 0.7633208 -0.3160876 -0.4577274 0.831008 -0.4788763 -0.3021093 0.8242618 -0.4596889 -0.4443069 0.7689458 0.1603764 -0.3834692 0.9095223 0.1270211 -0.4355403 0.8911623 0.4112143 -0.3047637 0.8590821 0.4838497 -0.250165 0.8386341 0.3752698 -0.2821605 0.8829259 0.4211325 0.2322806 0.8767516 0.3486244 0.4518414 0.821158 0.600253 0.2370737 0.7638668 0.04025459 0.5703092 0.8204432 0.4968512 -0.04648059 0.8665903 -0.03183102 0.6020129 0.7978518 -0.21034 0.5614357 0.8003419 -0.4726532 0.3761205 0.7969519 -0.3814828 0.2115551 0.8998418 -0.7726613 0.1130441 0.6246725 -0.6128236 0.02563601 0.7898038 -0.6040413 0.1001343 0.7906373 -0.5218999 -0.5001686 0.690979 -0.2706161 0.943601 -0.1907467 -0.2758618 0.9586953 -0.06930875 -0.4712187 0.8326289 -0.291002 -0.1788405 0.9837753 -0.01422178 -0.2247456 0.9250465 -0.3062328 -0.1808546 0.9834696 -0.00891149 -0.1672458 0.9858959 -0.006164848 -0.1615062 0.9867996 -0.0119329 -0.1916589 0.9811839 0.02334696 -0.2887076 0.9539252 0.08169871 -0.3575071 0.9169931 0.1769528 -0.438806 0.843522 0.3097095 -0.4728031 0.8020135 0.3650093 -0.431847 0.8237445 0.3673599 -0.2095731 -0.3797464 -0.9010393 -0.2595 -0.004669308 -0.9657319 -0.1984348 -0.3807862 -0.9031199 -0.1966341 0.03924745 -0.9796912 -0.1520768 -0.1872043 -0.9704779 -0.161018 -0.6149569 -0.7719464 -0.2878893 0.1440209 -0.9467723 -0.3262239 0.2238917 -0.9183956 -0.2676531 0.2808374 -0.921679 -0.232587 0.283371 -0.9303785 -0.230238 -0.3914718 -0.8909211 -0.5623703 -0.1075788 -0.8198575 -0.5581979 -0.3680627 -0.7436026 -0.3777971 0.04864758 -0.9246096 -0.4312391 0.09851658 -0.896843 -0.6084272 -0.0475791 -0.7921822 -0.5104322 -0.1472852 -0.8472107 -0.7023382 -0.1261968 -0.700568 -0.593051 -0.3648582 -0.7177528 -0.7067391 -0.2245011 -0.6709092 -0.6181075 -0.3917458 -0.6815267 -0.1835711 -0.06466948 -0.9808769 -0.1570505 -0.2372848 -0.9586611 -0.06245911 0.9980474 5.00389e-4 -0.0652185 0.9978711 3.05187e-5 -0.04977625 0.9987604 -2.7467e-4 -0.04605269 0.9989385 -0.001037597 -0.06747704 0.9977205 8.24007e-4 -0.06205183 0.9980726 8.41028e-4 -0.04815959 0.9988391 -0.001007139 -0.05114912 0.9986906 -0.00100708 -0.02491843 0.999689 -0.001084029 -0.2091163 0.9778903 -0.001037597 -0.2779037 0.9606082 -0.00125122 -0.496303 0.8681488 -0.001098632 -0.5215422 0.8532246 -0.001312315 -0.5410471 0.8409913 -0.001281797 -0.4981288 0.8671019 -0.001434385 -0.41796 0.9084641 -0.001617491 0.3331469 -0.9410883 0.05801683 0.05789381 -0.892273 0.4477692 0.09808754 -0.8098177 0.5784238 0.2702769 -0.9557353 0.1162776 0.3557919 -0.9172521 -0.1790556 0.4663977 -0.8184697 -0.3355305 0.1998421 -0.9317624 0.3031203 0.4378876 -0.8535575 -0.2823014 0.09528028 -0.9114499 0.4002261 0.07660424 -0.745198 0.6624287 0.1733788 -0.983416 0.05322521 0.193367 -0.9631727 0.186836 0.3201826 -0.7827398 0.5336682 0.2131165 -0.5076894 0.8347651 0.02984791 -0.7848049 0.6190239 0.4518711 -0.8412079 0.2969543 0.4057869 -0.8761531 0.2601785 0.2341442 -0.386344 0.8921406 -0.5158326 -0.7751833 -0.3647024 -0.4870254 -0.8208139 -0.2984473 -0.7624432 -0.6081356 -0.2210237 -0.7943298 -0.2938107 0.5317099 0.2253553 -0.4001094 0.8883284 0.1944682 -0.4226601 0.8851783 -0.191173 -0.8717231 0.451167 -0.6710872 -0.4137186 -0.6152065 0.5218999 0.5001686 -0.690979</float_array>
          <technique_common>
            <accessor source="#A_weponShape-mesh-normals-array" count="1285" stride="3">
              <param name="X" type="float"/>
              <param name="Y" type="float"/>
              <param name="Z" type="float"/>
            </accessor>
          </technique_common>
        </source>
        <source id="A_weponShape-mesh-map-0">
          <float_array id="A_weponShape-mesh-map-0-array" count="7140">0.5083008 0.4970703 0.46875 0.5019531 0.5063477 0.4916992 0.46875 0.5019531 0.4914551 0.4741211 0.4970703 0.4765625 0.4970703 0.4765625 0.5083008 0.4819336 0.46875 0.5019531 0.5063477 0.4916992 0.46875 0.5019531 0.5083008 0.4819336 0.46875 0.5019531 0.5083008 0.4970703 0.4694824 0.5039063 0.4694824 0.5039063 0.5083008 0.4970703 0.5092774 0.4995117 0.5029297 0.4711914 0.5126953 0.4746094 0.5083008 0.4819336 0.4970703 0.4765625 0.5029297 0.4711914 0.5083008 0.4819336 0.4970703 0.4765625 0.4963379 0.4672852 0.5029297 0.4711914 0.4914551 0.4741211 0.4963379 0.4672852 0.4970703 0.4765625 0.5068359 0.4667969 0.5126953 0.4746094 0.5029297 0.4711914 0.4963379 0.4672852 0.5068359 0.4667969 0.5029297 0.4711914 0.5068359 0.4667969 0.5175781 0.4697266 0.5126953 0.4746094 0.5175781 0.4697266 0.5068359 0.4667969 0.5092774 0.4628906 0.5068359 0.4667969 0.4995117 0.4609375 0.5092774 0.4628906 0.4963379 0.4672852 0.4995117 0.4609375 0.5068359 0.4667969 0.5175781 0.4697266 0.5092774 0.4628906 0.5209961 0.4589844 0.5209961 0.4589844 0.5092774 0.4628906 0.512207 0.4570313 0.5004883 0.4550781 0.5092774 0.4628906 0.4995117 0.4609375 0.512207 0.4570313 0.5092774 0.4628906 0.5004883 0.4550781 0.512207 0.4570313 0.5200195 0.453125 0.5209961 0.4589844 0.512207 0.4570313 0.515625 0.4472656 0.5200195 0.453125 0.512207 0.4570313 0.5024414 0.4458008 0.515625 0.4472656 0.5004883 0.4550781 0.5024414 0.4458008 0.512207 0.4570313 0.515625 0.4472656 0.5209961 0.4472656 0.5200195 0.453125 0.8759766 0.6506348 0.8764649 0.6499024 0.8779297 0.6501465 0.8779297 0.6501465 0.8813477 0.6645508 0.8759766 0.6506348 0.8710938 0.6604004 0.8764649 0.6499024 0.8759766 0.6506348 0.8710938 0.6604004 0.8759766 0.6506348 0.8759766 0.6669922 0.8759766 0.6506348 0.8813477 0.6645508 0.8759766 0.6669922 0.8710938 0.6628418 0.8710938 0.6604004 0.8759766 0.6669922 0.8725586 0.6655274 0.8720703 0.6650391 0.8759766 0.6669922 0.8720703 0.6650391 0.871582 0.6640625 0.8759766 0.6669922 0.871582 0.6640625 0.8710938 0.6628418 0.8759766 0.6669922 0.8759766 0.6669922 0.8735352 0.6708984 0.8725586 0.6689453 0.8725586 0.6689453 0.8725586 0.6655274 0.8759766 0.6669922 0.8764649 0.6708984 0.8750001 0.6704102 0.8759766 0.6669922 0.8750001 0.6704102 0.8735352 0.6708984 0.8759766 0.6669922 0.8789063 0.6694336 0.8764649 0.6708984 0.8759766 0.6669922 0.8813477 0.6640625 0.8808594 0.6652832 0.8759766 0.6669922 0.8808594 0.6652832 0.8803711 0.6672363 0.8759766 0.6669922 0.8803711 0.6672363 0.8789063 0.6694336 0.8759766 0.6669922 0.8813477 0.6645508 0.8813477 0.6645508 0.8759766 0.6669922 0.8813477 0.6645508 0.8813477 0.6640625 0.8759766 0.6669922 0.5942383 0.4907227 0.5615234 0.4931641 0.590332 0.4868164 0.590332 0.4868164 0.5615234 0.4931641 0.5600586 0.4902344 0.5600586 0.4902344 0.5834961 0.4804688 0.590332 0.4868164 0.5600586 0.4902344 0.5712891 0.4746094 0.5795899 0.4770508 0.5600586 0.4902344 0.5795899 0.4770508 0.5834961 0.4804688 0.8754883 0.6848145 0.8754883 0.6965332 0.8808594 0.685791 0.8808594 0.685791 0.8754883 0.6965332 0.8813477 0.6960449 0.8813477 0.6960449 0.8808594 0.6936035 0.8808594 0.685791 0.8808594 0.685791 0.8808594 0.6936035 0.8803711 0.6914063 0.8754883 0.6965332 0.8754883 0.6958008 0.8813477 0.6960449 0.8754883 0.6958008 0.8759766 0.6938477 0.8813477 0.6960449 0.8808594 0.6936035 0.8813477 0.6960449 0.8759766 0.6938477 0.8759766 0.6938477 0.8764649 0.6928711 0.8808594 0.6936035 0.8803711 0.6914063 0.8808594 0.6936035 0.8764649 0.6928711 0.8764649 0.6928711 0.8769531 0.6896973 0.8803711 0.6914063 0.8750001 0.6845703 0.8754883 0.6848145 0.8808594 0.685791 0.8769531 0.6896973 0.8750001 0.6845703 0.8803711 0.6914063 0.8803711 0.6914063 0.8750001 0.6845703 0.8808594 0.685791 0.5200195 0.453125 0.5209961 0.4472656 0.5380859 0.4487305 0.5200195 0.453125 0.5380859 0.4487305 0.5209961 0.4589844 0.8808594 0.6796875 0.8808594 0.6733399 0.8808594 0.6721192 0.8808594 0.6733399 0.8798828 0.6728516 0.8808594 0.6721192 0.8798828 0.6728516 0.8789063 0.6730957 0.8798828 0.6721192 0.8808594 0.6721192 0.8798828 0.6728516 0.8798828 0.6721192 0.8789063 0.6730957 0.8808594 0.6796875 0.8798828 0.6721192 0.8798828 0.6721192 0.8808594 0.6796875 0.8808594 0.6721192 0.5209961 0.4589844 0.5380859 0.4487305 0.5371094 0.4663086 0.5380859 0.4487305 0.5625 0.4624024 0.5371094 0.4663086 0.5620117 0.4575195 0.5625 0.4624024 0.5380859 0.4487305 0.5610352 0.4501953 0.5605469 0.453125 0.5380859 0.4487305 0.5380859 0.4487305 0.5605469 0.453125 0.5620117 0.4575195 0.5175781 0.4697266 0.5209961 0.4589844 0.5371094 0.4663086 0.5371094 0.4663086 0.5625 0.4624024 0.5595703 0.4692383 0.5371094 0.4663086 0.5600586 0.4902344 0.5371094 0.4926758 0.5595703 0.4692383 0.5600586 0.4902344 0.5371094 0.4663086 0.5371094 0.4926758 0.5175781 0.4697266 0.5371094 0.4663086 0.5175781 0.4697266 0.5371094 0.4926758 0.5126953 0.4746094 0.5371094 0.4926758 0.5083008 0.4970703 0.5063477 0.4916992 0.5126953 0.4746094 0.5371094 0.4926758 0.5083008 0.4819336 0.5092774 0.4995117 0.5371094 0.4926758 0.5380859 0.4956055 0.5083008 0.4970703 0.5371094 0.4926758 0.5092774 0.4995117 0.5371094 0.4926758 0.5063477 0.4916992 0.5083008 0.4819336 0.5371094 0.4926758 0.5600586 0.4902344 0.5380859 0.4956055 0.5595703 0.4692383 0.5712891 0.4746094 0.5600586 0.4902344 0.5380859 0.4956055 0.5600586 0.4902344 0.5615234 0.4931641 0.8725586 0.6791992 0.8745117 0.6716309 0.8798828 0.6782227 0.8725586 0.6791992 0.8798828 0.6782227 0.8764649 0.6877442 0.8798828 0.6782227 0.8745117 0.6716309 0.8789063 0.6687012 0.8764649 0.6877442 0.8798828 0.6782227 0.8803711 0.6867676 0.8803711 0.6867676 0.8789063 0.6923828 0.8764649 0.6877442 0.8789063 0.6687012 0.887207 0.6767578 0.8798828 0.6782227 0.8828125 0.6662598 0.887207 0.6767578 0.8789063 0.6687012 0.887207 0.6767578 0.8862305 0.685791 0.8798828 0.6782227 0.8798828 0.6782227 0.8862305 0.685791 0.8803711 0.6867676 0.8803711 0.6657715 0.8823242 0.6662598 0.8789063 0.6687012 0.8823242 0.6662598 0.8828125 0.6662598 0.8789063 0.6687012 0.8769531 0.6669922 0.8803711 0.6657715 0.8789063 0.6687012 0.8725586 0.6726074 0.8740234 0.6711426 0.8789063 0.6687012 0.8740234 0.6711426 0.8750001 0.6689453 0.8789063 0.6687012 0.8750001 0.6689453 0.8769531 0.6669922 0.8789063 0.6687012 0.8774414 0.6882324 0.8764649 0.6877442 0.8789063 0.6923828 0.8764649 0.6877442 0.8764649 0.6877442 0.8789063 0.6923828 0.878418 0.6879883 0.8774414 0.6882324 0.8789063 0.6923828 0.878418 0.6879883 0.8789063 0.6923828 0.878418 0.6867676 0.8789063 0.6923828 0.8808594 0.6906738 0.878418 0.6867676 0.8862305 0.6855469 0.8808594 0.6906738 0.8803711 0.6867676 0.8808594 0.6906738 0.8789063 0.6923828 0.8803711 0.6867676 0.8862305 0.685791 0.8862305 0.6855469 0.8803711 0.6867676 0.8740234 0.6713867 0.8725586 0.6726074 0.8789063 0.6687012 0.8745117 0.6716309 0.8740234 0.6713867 0.8789063 0.6687012 0.8725586 0.6791992 0.8740234 0.6713867 0.8745117 0.6716309 0.8725586 0.6791992 0.8725586 0.6726074 0.8740234 0.6713867 0.6162109 0.4584961 0.6313477 0.4550781 0.6308594 0.4604492 0.6137695 0.4541016 0.6313477 0.4550781 0.6162109 0.4584961 0.6308594 0.4604492 0.6210938 0.465332 0.6162109 0.4584961 0.6162109 0.4584961 0.5874024 0.4702149 0.5839844 0.4560547 0.6210938 0.465332 0.5874024 0.4702149 0.6162109 0.4584961 0.6162109 0.4584961 0.5839844 0.4560547 0.6137695 0.4541016 0.5625 0.4624024 0.5839844 0.4560547 0.5874024 0.4702149 0.5620117 0.4575195 0.5839844 0.4560547 0.5625 0.4624024 0.5605469 0.453125 0.5839844 0.4560547 0.5620117 0.4575195 0.5610352 0.4501953 0.5839844 0.4560547 0.5605469 0.453125 0.5849609 0.4521484 0.5839844 0.4560547 0.5610352 0.4501953 0.6137695 0.4541016 0.5839844 0.4560547 0.5849609 0.4521484 0.5625 0.4624024 0.5874024 0.4702149 0.5595703 0.4692383 0.5834961 0.4804688 0.5874024 0.4702149 0.590332 0.4868164 0.5795899 0.4770508 0.5874024 0.4702149 0.5834961 0.4804688 0.5595703 0.4692383 0.5874024 0.4702149 0.5712891 0.4746094 0.5874024 0.4702149 0.6220703 0.4677734 0.590332 0.4868164 0.5712891 0.4746094 0.5874024 0.4702149 0.5795899 0.4770508 0.6220703 0.4677734 0.5874024 0.4702149 0.6210938 0.465332 0.6210938 0.465332 0.6308594 0.4604492 0.6220703 0.4677734 0.6220703 0.4677734 0.6308594 0.4604492 0.6328125 0.46875 0.6220703 0.4677734 0.6328125 0.46875 0.6264649 0.4775391 0.590332 0.4868164 0.6220703 0.4677734 0.6264649 0.4775391 0.590332 0.4868164 0.6264649 0.4775391 0.5942383 0.4907227 0.6264649 0.4775391 0.6328125 0.46875 0.6342774 0.4750977 0.6342774 0.4750977 0.6298828 0.4824219 0.6264649 0.4775391 0.5942383 0.4907227 0.6264649 0.4775391 0.6298828 0.4824219 0.6411133 0.4775391 0.6298828 0.4824219 0.6342774 0.4750977 0.8808594 0.6977539 0.8808594 0.6928711 0.8813477 0.6950684 0.8808594 0.6977539 0.8813477 0.6950684 0.8818359 0.6975098 0.8808594 0.6977539 0.8808594 0.6882324 0.8808594 0.6928711 0.8808594 0.6977539 0.8818359 0.6975098 0.8808594 0.7072754 0.8808594 0.7072754 0.8823242 0.7075195 0.8808594 0.7111817 0.8808594 0.7072754 0.8818359 0.6975098 0.8823242 0.7075195 0.8808594 0.7111817 0.8823242 0.7075195 0.8823242 0.7106934 0.8759766 0.6979981 0.8764649 0.7087402 0.8818359 0.6975098 0.8764649 0.7087402 0.8774414 0.7114258 0.8823242 0.7075195 0.8818359 0.6975098 0.8764649 0.7087402 0.8823242 0.7075195 0.8823242 0.7075195 0.8774414 0.7114258 0.8823242 0.7106934 0.8764649 0.6953125 0.8759766 0.6972656 0.8813477 0.6950684 0.8759766 0.6972656 0.8818359 0.6975098 0.8813477 0.6950684 0.8759766 0.6972656 0.8759766 0.6979981 0.8818359 0.6975098 0.8769531 0.6943359 0.8764649 0.6953125 0.8813477 0.6950684 0.8774414 0.6911621 0.8813477 0.6950684 0.8808594 0.6928711 0.8774414 0.6911621 0.8769531 0.6943359 0.8813477 0.6950684 0.8779297 0.6872559 0.8774414 0.6911621 0.8808594 0.6928711 0.8808594 0.6928711 0.8808594 0.6882324 0.8789063 0.6884766 0.8789063 0.6884766 0.8779297 0.6872559 0.8808594 0.6928711 0.8798828 0.6887207 0.8789063 0.6884766 0.8808594 0.6882324 0.8803711 0.6882324 0.8798828 0.6887207 0.8808594 0.6882324 0.8769531 0.7111817 0.8779297 0.7111817 0.8774414 0.7114258 0.8779297 0.7111817 0.8808594 0.7111817 0.8774414 0.7114258 0.8793945 0.7111817 0.8808594 0.7111817 0.8779297 0.7111817 0.8823242 0.7106934 0.8774414 0.7114258 0.8808594 0.7111817 0.6416016 0.4560547 0.65625 0.4570313 0.644043 0.4643555 0.6416016 0.4560547 0.644043 0.4643555 0.6362305 0.4599609 0.6416016 0.4560547 0.6362305 0.4599609 0.6313477 0.4550781 0.65625 0.4570313 0.6523438 0.4667969 0.6518555 0.4658203 0.6616211 0.4575195 0.6523438 0.4667969 0.65625 0.4570313 0.644043 0.4643555 0.65625 0.4570313 0.6518555 0.4658203 0.644043 0.4643555 0.6450195 0.4731445 0.6411133 0.4726563 0.6518555 0.4658203 0.6450195 0.4731445 0.644043 0.4643555 0.6362305 0.4599609 0.644043 0.4643555 0.637207 0.46875 0.6411133 0.4726563 0.637207 0.46875 0.644043 0.4643555 0.6328125 0.46875 0.6362305 0.4599609 0.637207 0.46875 0.6308594 0.4604492 0.6362305 0.4599609 0.6328125 0.46875 0.6313477 0.4550781 0.6362305 0.4599609 0.6308594 0.4604492 0.637207 0.46875 0.6381836 0.4731445 0.6328125 0.46875 0.6381836 0.4731445 0.637207 0.46875 0.6411133 0.4726563 0.6411133 0.4726563 0.6411133 0.4775391 0.6381836 0.4731445 0.6450195 0.4731445 0.6411133 0.4775391 0.6411133 0.4726563 0.6450195 0.4731445 0.6518555 0.4658203 0.6523438 0.4667969 0.6342774 0.4750977 0.6381836 0.4731445 0.6411133 0.4775391 0.6328125 0.46875 0.6381836 0.4731445 0.6342774 0.4750977 0.8813477 0.7106934 0.8828125 0.7104492 0.8813477 0.7136231 0.8813477 0.7136231 0.8828125 0.7104492 0.8828125 0.7128906 0.8828125 0.7158203 0.8813477 0.7136231 0.8828125 0.7128906 0.8828125 0.7158203 0.8813477 0.7165527 0.8813477 0.7136231 0.8828125 0.7158203 0.8813477 0.7177734 0.8813477 0.7165527 0.8798828 0.7150879 0.8813477 0.7177734 0.8828125 0.7128906 0.8798828 0.7150879 0.8828125 0.7128906 0.878418 0.7128906 0.8828125 0.7128906 0.8813477 0.7177734 0.8828125 0.7158203 0.8828125 0.7104492 0.878418 0.7128906 0.8828125 0.7128906 0.8779297 0.7111817 0.878418 0.7128906 0.8828125 0.7104492 0.8774414 0.7106934 0.8779297 0.7111817 0.8828125 0.7104492 0.878418 0.7106934 0.8813477 0.7106934 0.8803711 0.7109375 0.878418 0.7106934 0.8828125 0.7104492 0.8813477 0.7106934 0.878418 0.7106934 0.8774414 0.7106934 0.8828125 0.7104492 0.5092774 0.4995117 0.5102539 0.5041504 0.4694824 0.5039063 0.5102539 0.5041504 0.5068359 0.5136719 0.4694824 0.5068359 0.4694824 0.5039063 0.5102539 0.5041504 0.4694824 0.5068359 0.4694824 0.5068359 0.442627 0.5041504 0.4694824 0.5039063 0.4694824 0.5068359 0.5068359 0.5136719 0.5 0.5195313 0.4694824 0.5068359 0.5 0.5195313 0.4970703 0.5266113 0.4970703 0.5266113 0.4553223 0.5275879 0.4694824 0.5068359 0.4553223 0.5275879 0.4423828 0.5061035 0.4694824 0.5068359 0.4423828 0.5061035 0.442627 0.5041504 0.4694824 0.5068359 0.4335938 0.5236817 0.4423828 0.5061035 0.4553223 0.5275879 0.8730469 0.6665039 0.8720703 0.6520996 0.8779297 0.6650391 0.8720703 0.6520996 0.8710938 0.6425781 0.8779297 0.6494141 0.8779297 0.6650391 0.8720703 0.6520996 0.8779297 0.6494141 0.8706055 0.6425781 0.8686524 0.6394043 0.8710938 0.6425781 0.8710938 0.6425781 0.8686524 0.6394043 0.8774414 0.6408692 0.8779297 0.6494141 0.8710938 0.6425781 0.8774414 0.6408692 0.8686524 0.6394043 0.8691406 0.6464844 0.8774414 0.6408692 0.8691406 0.6464844 0.8745117 0.6618652 0.8779297 0.6494141 0.8701172 0.6604004 0.8745117 0.6618652 0.8691406 0.6464844 0.8774414 0.6408692 0.8691406 0.6464844 0.8779297 0.6494141 0.8779297 0.6494141 0.8745117 0.6618652 0.8779297 0.6650391 0.8701172 0.6604004 0.8706055 0.6618652 0.8745117 0.6618652 0.8706055 0.6618652 0.8710938 0.6647949 0.8745117 0.6618652 0.8720703 0.6667481 0.8730469 0.6665039 0.8779297 0.6650391 0.8710938 0.6647949 0.8720703 0.6667481 0.8779297 0.6650391 0.8779297 0.6650391 0.8745117 0.6618652 0.8710938 0.6647949 0.625 0.5148926 0.6450195 0.4975586 0.6464844 0.5 0.6098633 0.5090332 0.6450195 0.4975586 0.625 0.5148926 0.6196289 0.5246582 0.625 0.5148926 0.6289063 0.519043 0.6157227 0.5222168 0.625 0.5148926 0.6196289 0.5246582 0.625 0.5148926 0.6157227 0.5222168 0.6098633 0.5090332 0.625 0.5148926 0.6464844 0.5 0.6289063 0.519043 0.6425781 0.4848633 0.6450195 0.4975586 0.6342774 0.4887695 0.6484375 0.4926758 0.6450195 0.4975586 0.6425781 0.4848633 0.6450195 0.4975586 0.6098633 0.5090332 0.6342774 0.4887695 0.6098633 0.5090332 0.5776367 0.512207 0.5805664 0.5080567 0.6098633 0.5090332 0.5805664 0.5080567 0.5825195 0.5039063 0.6098633 0.5090332 0.5825195 0.5039063 0.5878906 0.5 0.6098633 0.5090332 0.5878906 0.5 0.5986328 0.4951172 0.5703125 0.5151367 0.5776367 0.512207 0.6098633 0.5090332 0.6342774 0.4887695 0.6098633 0.5090332 0.5986328 0.4951172 0.6064453 0.5168457 0.5703125 0.5151367 0.6098633 0.5090332 0.6098633 0.5090332 0.6157227 0.5222168 0.6064453 0.5168457 0.6342774 0.4887695 0.6411133 0.4775391 0.6425781 0.4848633 0.6411133 0.4775391 0.6342774 0.4887695 0.6298828 0.4824219 0.5986328 0.4951172 0.6298828 0.4824219 0.6342774 0.4887695 0.6425781 0.4848633 0.6513672 0.4868164 0.6484375 0.4926758 0.5942383 0.4907227 0.6298828 0.4824219 0.5986328 0.4951172 0.5742188 0.5185547 0.5703125 0.5151367 0.6064453 0.5168457 0.6494141 0.5026856 0.6450195 0.5192871 0.6289063 0.519043 0.6289063 0.519043 0.6298828 0.5229492 0.6196289 0.5246582 0.637207 0.5263672 0.6289063 0.519043 0.6450195 0.5192871 0.6298828 0.5229492 0.6289063 0.519043 0.637207 0.5263672 0.6289063 0.519043 0.6464844 0.5 0.6494141 0.5026856 0.628418 0.5280762 0.6196289 0.5246582 0.6298828 0.5229492 0.637207 0.5263672 0.628418 0.5280762 0.6298828 0.5229492 0.6323242 0.5322266 0.628418 0.5280762 0.637207 0.5263672 0.8754883 0.6911621 0.8735352 0.6975098 0.8779297 0.6975098 0.8720703 0.6870117 0.8735352 0.6975098 0.8754883 0.6911621 0.8735352 0.6975098 0.8750001 0.699707 0.8779297 0.6975098 0.8750001 0.699707 0.8754883 0.7006836 0.8789063 0.7036133 0.8779297 0.6975098 0.8750001 0.699707 0.8789063 0.7036133 0.8754883 0.7006836 0.8759766 0.703125 0.8789063 0.7036133 0.8759766 0.703125 0.8774414 0.7036133 0.8789063 0.7036133 0.8745117 0.7114258 0.8740234 0.7087402 0.8789063 0.7036133 0.8740234 0.7087402 0.8735352 0.6977539 0.8789063 0.7036133 0.8789063 0.7036133 0.8735352 0.6977539 0.8779297 0.6975098 0.8779297 0.6975098 0.8735352 0.6977539 0.8725586 0.6943359 0.8735352 0.6977539 0.8725586 0.6984863 0.8725586 0.6943359 0.8725586 0.6943359 0.8720703 0.6918945 0.8779297 0.6975098 0.8779297 0.6975098 0.8720703 0.6918945 0.8754883 0.6911621 0.8720703 0.6918945 0.8720703 0.6906738 0.8754883 0.6911621 0.871582 0.6862793 0.8720703 0.6870117 0.8754883 0.6911621 0.871582 0.689209 0.871582 0.6862793 0.8754883 0.6911621 0.8720703 0.6906738 0.871582 0.689209 0.8754883 0.6911621 0.8774414 0.7036133 0.8769531 0.7055664 0.8789063 0.7036133 0.8769531 0.7055664 0.8764649 0.7089844 0.8789063 0.7036133 0.8730469 0.7116699 0.8745117 0.7114258 0.8735352 0.7128906 0.8789063 0.7036133 0.8764649 0.7089844 0.8745117 0.7114258 0.8735352 0.7128906 0.8745117 0.7114258 0.8764649 0.7089844 0.6728516 0.5136719 0.65625 0.5231934 0.6611328 0.5080567 0.65625 0.5231934 0.6489258 0.5268555 0.6533203 0.5197754 0.6611328 0.5080567 0.65625 0.5231934 0.6533203 0.5197754 0.6533203 0.5197754 0.6547852 0.5053711 0.6611328 0.5080567 0.6533203 0.5197754 0.6489258 0.5268555 0.6450195 0.5192871 0.6450195 0.5192871 0.6547852 0.5053711 0.6533203 0.5197754 0.6489258 0.5268555 0.637207 0.5263672 0.6450195 0.5192871 0.6420899 0.5302734 0.637207 0.5263672 0.6489258 0.5268555 0.6547852 0.5053711 0.6450195 0.5192871 0.6494141 0.5026856 0.6420899 0.5302734 0.6357422 0.5356445 0.637207 0.5263672 0.637207 0.5263672 0.6357422 0.5356445 0.6323242 0.5322266 0.6469727 0.4755859 0.6523438 0.4667969 0.6567383 0.4716797 0.6450195 0.4731445 0.6523438 0.4667969 0.6469727 0.4755859 0.6523438 0.4667969 0.6616211 0.4575195 0.6567383 0.4716797 0.6469727 0.4755859 0.6411133 0.4775391 0.6450195 0.4731445 0.6538086 0.4794922 0.6469727 0.4755859 0.6567383 0.4716797 0.6469727 0.4790039 0.6469727 0.4755859 0.6538086 0.4794922 0.6469727 0.4790039 0.6411133 0.4775391 0.6469727 0.4755859 0.6411133 0.4775391 0.6455078 0.4819336 0.6425781 0.4848633 0.6455078 0.4819336 0.6411133 0.4775391 0.6469727 0.4790039 0.6538086 0.4794922 0.6455078 0.4819336 0.6469727 0.4790039 0.6513672 0.4868164 0.6455078 0.4819336 0.6538086 0.4794922 0.6455078 0.4819336 0.6513672 0.4868164 0.6425781 0.4848633 0.8808594 0.7116699 0.8808594 0.7180176 0.8818359 0.7163086 0.8818359 0.7111817 0.8808594 0.7116699 0.8818359 0.7133789 0.8808594 0.7089844 0.8808594 0.7116699 0.8818359 0.7111817 0.8808594 0.7116699 0.8818359 0.7163086 0.8818359 0.7133789 0.8813477 0.7036133 0.8808594 0.7089844 0.8818359 0.7111817 0.8808594 0.7062988 0.8808594 0.7089844 0.8813477 0.7036133 0.8808594 0.7038574 0.8808594 0.7062988 0.8813477 0.7036133 0.8808594 0.7180176 0.8793945 0.715332 0.8818359 0.7163086 0.8818359 0.7163086 0.8793945 0.715332 0.8818359 0.7133789 0.8793945 0.715332 0.8818359 0.7111817 0.8818359 0.7133789 0.8779297 0.7131348 0.8818359 0.7111817 0.8793945 0.715332 0.8779297 0.7131348 0.8774414 0.7114258 0.8818359 0.7111817 0.8774414 0.7114258 0.8813477 0.7036133 0.8818359 0.7111817 0.8798828 0.7036133 0.8808594 0.7038574 0.8813477 0.7036133 0.8759766 0.7116699 0.8759766 0.7128906 0.8789063 0.7089844 0.8774414 0.7114258 0.8759766 0.7116699 0.8789063 0.7089844 0.8774414 0.7114258 0.8789063 0.7089844 0.8813477 0.7036133 0.8789063 0.7089844 0.8798828 0.7055664 0.8813477 0.7036133 0.8798828 0.7055664 0.8798828 0.7036133 0.8813477 0.7036133 0.5615234 0.4931641 0.5629883 0.4985352 0.5380859 0.4956055 0.5615234 0.4931641 0.5942383 0.4907227 0.5629883 0.4985352 0.5629883 0.4985352 0.5805664 0.5080567 0.5776367 0.512207 0.5629883 0.4985352 0.5825195 0.5039063 0.5805664 0.5080567 0.5629883 0.4985352 0.5878906 0.5 0.5825195 0.5039063 0.5629883 0.4985352 0.5986328 0.4951172 0.5878906 0.5 0.543457 0.5192871 0.5629883 0.4985352 0.5703125 0.5151367 0.5390625 0.5002442 0.5629883 0.4985352 0.543457 0.5192871 0.5629883 0.4985352 0.5776367 0.512207 0.5703125 0.5151367 0.5380859 0.4956055 0.5629883 0.4985352 0.5390625 0.5002442 0.5629883 0.4985352 0.5942383 0.4907227 0.5986328 0.4951172 0.5380859 0.4956055 0.5390625 0.5002442 0.5180664 0.4985352 0.5390625 0.5002442 0.543457 0.5192871 0.5166016 0.5031738 0.5180664 0.4985352 0.5390625 0.5002442 0.5166016 0.5031738 0.5439453 0.5222168 0.515625 0.5239258 0.543457 0.5192871 0.543457 0.5192871 0.5107422 0.5075684 0.5166016 0.5031738 0.5126953 0.5185547 0.5107422 0.5075684 0.543457 0.5192871 0.515625 0.5239258 0.5126953 0.5185547 0.543457 0.5192871 0.5439453 0.5222168 0.543457 0.5192871 0.5595703 0.520752 0.543457 0.5192871 0.5703125 0.5151367 0.5595703 0.520752 0.5742188 0.5185547 0.5595703 0.520752 0.5703125 0.5151367 0.5126953 0.5185547 0.5068359 0.5136719 0.5107422 0.5075684 0.5107422 0.5075684 0.5068359 0.5136719 0.5087891 0.5075684 0.5161133 0.5251465 0.515625 0.5239258 0.5439453 0.5222168 0.8735352 0.6870117 0.8793945 0.6865234 0.8730469 0.6818848 0.8735352 0.6870117 0.8769531 0.6911621 0.8793945 0.6865234 0.8793945 0.6865234 0.8769531 0.6911621 0.8793945 0.6975098 0.8730469 0.6818848 0.8793945 0.6865234 0.8789063 0.6784668 0.8725586 0.6765137 0.8730469 0.6818848 0.8789063 0.6784668 0.8789063 0.6650391 0.8725586 0.6765137 0.8789063 0.6784668 0.871582 0.6667481 0.8725586 0.6765137 0.8789063 0.6650391 0.8745117 0.6860352 0.8789063 0.6784668 0.8793945 0.6865234 0.8740234 0.6772461 0.8789063 0.6784668 0.8745117 0.6860352 0.8745117 0.6860352 0.8793945 0.6865234 0.8750001 0.6977539 0.8789063 0.6784668 0.8740234 0.6696777 0.8789063 0.6650391 0.8740234 0.6772461 0.8740234 0.6696777 0.8789063 0.6784668 0.8750001 0.6977539 0.8793945 0.6865234 0.8793945 0.6975098 0.8750001 0.6977539 0.8793945 0.6975098 0.8740234 0.6984863 0.8725586 0.6862793 0.8730469 0.689209 0.8735352 0.6870117 0.8735352 0.6870117 0.8730469 0.689209 0.8769531 0.6911621 0.8769531 0.6911621 0.8730469 0.689209 0.8730469 0.6906738 0.8735352 0.6918945 0.8735352 0.6943359 0.8769531 0.6911621 0.8735352 0.6943359 0.8740234 0.6984863 0.8769531 0.6911621 0.8740234 0.6984863 0.8793945 0.6975098 0.8769531 0.6911621 0.8730469 0.6906738 0.8735352 0.6918945 0.8769531 0.6911621 0.8789063 0.6650391 0.8725586 0.6660156 0.8720703 0.6647949 0.8730469 0.6689453 0.8725586 0.6665039 0.8740234 0.6696777 0.8740234 0.6696777 0.8725586 0.6665039 0.8725586 0.6660156 0.8740234 0.6696777 0.8725586 0.6660156 0.8789063 0.6650391 0.871582 0.6669922 0.871582 0.6667481 0.8789063 0.6650391 0.871582 0.6662598 0.8789063 0.6650391 0.8720703 0.6647949 0.871582 0.6662598 0.871582 0.6669922 0.8789063 0.6650391 0.5136719 0.5253906 0.4970703 0.5266113 0.5131836 0.5241699 0.5136719 0.5253906 0.5131836 0.5241699 0.5161133 0.5251465 0.5131836 0.5241699 0.4970703 0.5266113 0.5 0.5195313 0.5131836 0.5241699 0.5 0.5195313 0.5068359 0.5136719 0.5131836 0.5241699 0.5068359 0.5136719 0.5126953 0.5185547 0.5126953 0.5185547 0.515625 0.5239258 0.5131836 0.5241699 0.5161133 0.5251465 0.5131836 0.5241699 0.515625 0.5239258 0.8730469 0.6618652 0.8691406 0.6660156 0.8764649 0.6650391 0.8686524 0.6604004 0.8691406 0.6660156 0.8730469 0.6618652 0.8691406 0.6660156 0.8696289 0.6667481 0.8764649 0.6650391 0.8691406 0.6618652 0.8686524 0.6604004 0.8730469 0.6618652 0.8691406 0.6618652 0.8730469 0.6618652 0.8696289 0.6647949 0.8696289 0.6647949 0.8730469 0.6618652 0.8764649 0.6650391 0.8764649 0.6650391 0.8696289 0.6667481 0.8691406 0.6669922 0.8764649 0.6650391 0.8696289 0.6662598 0.8696289 0.6647949 0.8764649 0.6650391 0.8691406 0.6669922 0.8696289 0.6662598 0.8740234 0.6665039 0.8730469 0.6667481 0.8789063 0.6650391 0.8730469 0.6667481 0.8725586 0.6660156 0.8789063 0.6650391 0.5166016 0.5031738 0.5107422 0.5075684 0.5102539 0.5041504 0.5107422 0.5075684 0.5087891 0.5075684 0.5102539 0.5041504 0.5092774 0.4995117 0.5166016 0.5031738 0.5102539 0.5041504 0.5180664 0.4985352 0.5166016 0.5031738 0.5092774 0.4995117 0.8789063 0.6650391 0.8740234 0.6696777 0.8740234 0.6665039 0.8725586 0.6660156 0.8725586 0.6665039 0.8789063 0.6650391 0.8725586 0.6665039 0.8730469 0.6689453 0.8789063 0.6650391 0.8730469 0.6689453 0.8740234 0.6696777 0.8789063 0.6650391 0.5849609 0.4521484 0.5610352 0.4501953 0.5844727 0.4477539 0.5849609 0.4521484 0.5844727 0.4477539 0.6137695 0.4541016 0.5844727 0.4477539 0.5610352 0.4501953 0.5610352 0.4472656 0.5844727 0.4477539 0.5688477 0.4321289 0.5898438 0.434082 0.5649414 0.4360352 0.5688477 0.4321289 0.5844727 0.4477539 0.5610352 0.4472656 0.5649414 0.4360352 0.5844727 0.4477539 0.5898438 0.434082 0.6166992 0.449707 0.5844727 0.4477539 0.6137695 0.4541016 0.5844727 0.4477539 0.6166992 0.449707 0.6137695 0.4541016 0.6166992 0.449707 0.6313477 0.4550781 0.6313477 0.4550781 0.6166992 0.449707 0.6318359 0.4501953 0.6318359 0.4501953 0.6166992 0.449707 0.6225586 0.4438477 0.6225586 0.4438477 0.6166992 0.449707 0.5898438 0.434082 0.5898438 0.434082 0.5952149 0.4179688 0.6240234 0.4414063 0.5688477 0.4321289 0.5952149 0.4179688 0.5898438 0.434082 0.6240234 0.4414063 0.6225586 0.4438477 0.5898438 0.434082 0.6225586 0.4438477 0.6240234 0.4414063 0.6318359 0.4501953 0.6318359 0.4501953 0.6347656 0.4423828 0.6367188 0.4516602 0.6367188 0.4516602 0.6313477 0.4550781 0.6318359 0.4501953 0.6318359 0.4501953 0.6240234 0.4414063 0.6347656 0.4423828 0.6416016 0.4560547 0.6313477 0.4550781 0.6367188 0.4516602 0.6367188 0.4516602 0.6347656 0.4423828 0.6386719 0.4428711 0.6455078 0.4482422 0.6367188 0.4516602 0.6386719 0.4428711 0.6416016 0.4560547 0.6367188 0.4516602 0.6455078 0.4482422 0.6347656 0.4423828 0.6289063 0.4326172 0.6367188 0.4365234 0.6240234 0.4414063 0.6289063 0.4326172 0.6347656 0.4423828 0.6347656 0.4423828 0.640625 0.4384766 0.6386719 0.4428711 0.6367188 0.4365234 0.640625 0.4384766 0.6347656 0.4423828 0.6240234 0.4414063 0.5952149 0.4179688 0.6289063 0.4326172 0.5952149 0.4179688 0.5991211 0.4150391 0.6289063 0.4326172 0.6337891 0.4282227 0.6367188 0.4365234 0.6289063 0.4326172 0.6289063 0.4326172 0.5991211 0.4150391 0.6337891 0.4282227 0.6367188 0.4365234 0.644043 0.4345703 0.640625 0.4384766 0.644043 0.4345703 0.6367188 0.4365234 0.6337891 0.4282227 0.640625 0.4384766 0.6435547 0.4394531 0.6386719 0.4428711 0.6435547 0.4394531 0.640625 0.4384766 0.644043 0.4345703 0.6386719 0.4428711 0.6435547 0.4394531 0.6455078 0.4482422 0.6474609 0.4394531 0.6455078 0.4482422 0.6435547 0.4394531 0.652832 0.4477539 0.6455078 0.4482422 0.6474609 0.4394531 0.65625 0.4570313 0.6455078 0.4482422 0.652832 0.4477539 0.6416016 0.4560547 0.6455078 0.4482422 0.65625 0.4570313 0.6474609 0.4394531 0.6435547 0.4394531 0.644043 0.4345703 0.6474609 0.4394531 0.6538086 0.4467774 0.652832 0.4477539 0.652832 0.4477539 0.6538086 0.4467774 0.65625 0.4570313 0.65625 0.4570313 0.6538086 0.4467774 0.6616211 0.4575195 0.8901367 0.7109375 0.8891602 0.7075195 0.8901367 0.7070313 0.8891602 0.7106934 0.8891602 0.7075195 0.8901367 0.7109375 0.8891602 0.7075195 0.8891602 0.6972656 0.8901367 0.7070313 0.8901367 0.7138672 0.8891602 0.7106934 0.8901367 0.7109375 0.8891602 0.7128906 0.8891602 0.7106934 0.8901367 0.7138672 0.8891602 0.7160645 0.8891602 0.7128906 0.8901367 0.7138672 0.8891602 0.7160645 0.8901367 0.7138672 0.8901367 0.7167969 0.8891602 0.7160645 0.8901367 0.7167969 0.8901367 0.7180176 0.8901367 0.6975098 0.8891602 0.6972656 0.8896484 0.6936035 0.8901367 0.7070313 0.8891602 0.6972656 0.8901367 0.6975098 0.8901367 0.6975098 0.8896484 0.6936035 0.8901367 0.6921387 0.8901367 0.6975098 0.8901367 0.6921387 0.8901367 0.6882324 0.8950195 0.6977539 0.8891602 0.6972656 0.8945313 0.7087402 0.8945313 0.7087402 0.8891602 0.6972656 0.8891602 0.7075195 0.8945313 0.7087402 0.8891602 0.7075195 0.8935547 0.7114258 0.8935547 0.7114258 0.8891602 0.7075195 0.8891602 0.7106934 0.8935547 0.7114258 0.8891602 0.7106934 0.8930664 0.7131348 0.8930664 0.7131348 0.8891602 0.7106934 0.8891602 0.7128906 0.8920899 0.715332 0.8930664 0.7131348 0.8891602 0.7128906 0.8920899 0.715332 0.8891602 0.7128906 0.8901367 0.7180176 0.8891602 0.7128906 0.8891602 0.7160645 0.8901367 0.7180176 0.8950195 0.6977539 0.8950195 0.6972656 0.8891602 0.6972656 0.8901367 0.6921387 0.8896484 0.6936035 0.8930664 0.6896973 0.8950195 0.6972656 0.8930664 0.6896973 0.8896484 0.6936035 0.8896484 0.6936035 0.8891602 0.6972656 0.8950195 0.6972656 0.8901367 0.6882324 0.8901367 0.6921387 0.8925781 0.6887207 0.8901367 0.6921387 0.8930664 0.6896973 0.8925781 0.6887207 0.8901367 0.6882324 0.8925781 0.6887207 0.890625 0.6879883 0.5625 0.4311524 0.5654297 0.4106445 0.5688477 0.4321289 0.5395508 0.4311524 0.5654297 0.4106445 0.5625 0.4311524 0.5625 0.4311524 0.5473633 0.4418945 0.5395508 0.4311524 0.5688477 0.4321289 0.5654297 0.4106445 0.5952149 0.4179688 0.5673828 0.4077149 0.5952149 0.4179688 0.5654297 0.4106445 0.543457 0.4047852 0.5654297 0.4106445 0.5395508 0.4311524 0.5654297 0.4106445 0.5444336 0.4023438 0.5673828 0.4077149 0.543457 0.4047852 0.5444336 0.4023438 0.5654297 0.4106445 0.5209961 0.4248047 0.543457 0.4047852 0.5395508 0.4311524 0.543457 0.4047852 0.5141602 0.4189453 0.519043 0.4052734 0.5141602 0.4189453 0.543457 0.4047852 0.5209961 0.4248047 0.519043 0.4052734 0.5141602 0.4189453 0.5131836 0.4116211 0.5991211 0.4150391 0.5952149 0.4179688 0.5673828 0.4077149 0.8945313 0.6860352 0.8891602 0.6784668 0.8891602 0.6870117 0.8950195 0.6772461 0.8891602 0.6784668 0.8945313 0.6860352 0.8945313 0.6860352 0.8891602 0.6870117 0.8945313 0.6977539 0.8891602 0.6784668 0.8950195 0.6772461 0.8950195 0.6687012 0.8950195 0.6772461 0.8950195 0.6687012 0.8950195 0.6772461 0.8945313 0.6977539 0.8891602 0.6870117 0.8886719 0.6972656 0.8896484 0.6835938 0.8896484 0.6877442 0.8891602 0.6870117 0.8896484 0.6835938 0.8891602 0.6870117 0.8891602 0.6811524 0.8896484 0.6877442 0.8896484 0.6921387 0.8891602 0.6870117 0.8891602 0.6870117 0.8896484 0.6921387 0.8891602 0.6936035 0.8891602 0.6870117 0.8891602 0.6936035 0.8886719 0.6972656 0.8891602 0.6811524 0.8891602 0.6870117 0.8891602 0.6784668 0.8925781 0.6896973 0.8945313 0.6972656 0.8896484 0.6921387 0.8891602 0.6936035 0.8896484 0.6921387 0.8945313 0.6972656 0.8945313 0.6972656 0.8886719 0.6972656 0.8891602 0.6936035 0.8945313 0.6972656 0.8945313 0.6977539 0.8886719 0.6972656 0.8911133 0.6823731 0.8896484 0.6835938 0.8925781 0.6787109 0.8925781 0.6787109 0.8896484 0.6835938 0.8891602 0.6811524 0.8925781 0.6787109 0.8891602 0.6811524 0.8935547 0.6713867 0.8891602 0.6811524 0.8891602 0.6784668 0.8935547 0.6713867 0.8935547 0.6713867 0.8891602 0.6784668 0.894043 0.668457 0.8945313 0.6672363 0.8891602 0.6784668 0.8950195 0.6687012 0.8945313 0.6672363 0.894043 0.668457 0.8891602 0.6784668 0.8911133 0.6823731 0.8925781 0.6872559 0.8896484 0.6835938 0.8896484 0.6835938 0.8925781 0.6872559 0.8896484 0.6877442 0.8896484 0.6877442 0.8925781 0.6872559 0.8925781 0.6896973 0.8925781 0.6896973 0.8896484 0.6921387 0.8896484 0.6877442 0.5610352 0.4472656 0.5473633 0.4418945 0.5625 0.4311524 0.5610352 0.4472656 0.5625 0.4311524 0.5649414 0.4360352 0.5649414 0.4360352 0.5625 0.4311524 0.5688477 0.4321289 0.8886719 0.6882324 0.8886719 0.6921387 0.8881836 0.6877442 0.8886719 0.6882324 0.8881836 0.6877442 0.8886719 0.6835938 0.8911133 0.6887207 0.8886719 0.6882324 0.8891602 0.6879883 0.8911133 0.6887207 0.8886719 0.6921387 0.8886719 0.6882324 0.8911133 0.6887207 0.8916016 0.6896973 0.8886719 0.6921387 0.8901367 0.6823731 0.8891602 0.6879883 0.8886719 0.6835938 0.8886719 0.6835938 0.8891602 0.6879883 0.8886719 0.6882324 0.8901367 0.6823731 0.8886719 0.6835938 0.8916016 0.6872559 0.8886719 0.6921387 0.8916016 0.6896973 0.8881836 0.6877442 0.8916016 0.6896973 0.8916016 0.6872559 0.8881836 0.6877442 0.8881836 0.6877442 0.8916016 0.6872559 0.8886719 0.6835938 0.8935547 0.6669922 0.8930664 0.6691895 0.8920899 0.6662598 0.8920899 0.6662598 0.8930664 0.6691895 0.8896484 0.6647949 0.8964844 0.6677246 0.8930664 0.6691895 0.8935547 0.6669922 0.9003906 0.6711426 0.8930664 0.6691895 0.8964844 0.6677246 0.8989258 0.6794434 0.8930664 0.6691895 0.9003906 0.6711426 0.8925781 0.6784668 0.8930664 0.6691895 0.8989258 0.6794434 0.8989258 0.6794434 0.8925781 0.6811524 0.8925781 0.6784668 0.8930664 0.6882324 0.8930664 0.6835938 0.8989258 0.6794434 0.8989258 0.6794434 0.8930664 0.6835938 0.8925781 0.6811524 0.5024414 0.4458008 0.5136719 0.4365234 0.515625 0.4472656 0.5136719 0.4365234 0.5224609 0.4360352 0.515625 0.4472656 0.515625 0.4472656 0.5224609 0.4360352 0.5380859 0.4487305 0.5019531 0.4370117 0.5136719 0.4365234 0.5024414 0.4458008 0.5136719 0.4365234 0.5117188 0.4306641 0.5224609 0.4360352 0.5136719 0.4365234 0.5019531 0.4370117 0.5117188 0.4306641 0.5209961 0.4248047 0.5395508 0.4311524 0.5224609 0.4360352 0.5224609 0.4360352 0.5117188 0.4306641 0.5209961 0.4248047 0.5380859 0.4487305 0.5224609 0.4360352 0.5395508 0.4311524 0.5380859 0.4487305 0.5473633 0.4418945 0.5610352 0.4472656 0.5380859 0.4487305 0.5395508 0.4311524 0.5473633 0.4418945 0.5610352 0.4501953 0.5380859 0.4487305 0.5610352 0.4472656 0.5097656 0.4262695 0.5141602 0.4189453 0.5209961 0.4248047 0.5209961 0.4248047 0.5117188 0.4306641 0.5097656 0.4262695 0.5117188 0.4306641 0.5019531 0.4370117 0.5014649 0.4306641 0.5117188 0.4306641 0.5014649 0.4306641 0.5097656 0.4262695 0.5063477 0.4213867 0.5141602 0.4189453 0.5097656 0.4262695 0.5097656 0.4262695 0.5014649 0.4306641 0.4995117 0.4243164 0.4995117 0.4243164 0.5063477 0.4213867 0.5097656 0.4262695 0.887207 0.668457 0.8925781 0.6784668 0.8862305 0.6713867 0.8896484 0.6823731 0.8925781 0.6784668 0.8925781 0.6811524 0.8867188 0.6787109 0.8925781 0.6784668 0.8896484 0.6823731 0.8862305 0.6713867 0.8925781 0.6784668 0.8867188 0.6787109 0.8920899 0.6879883 0.8896484 0.6823731 0.8930664 0.6835938 0.8896484 0.6823731 0.8925781 0.6811524 0.8930664 0.6835938 0.8920899 0.6879883 0.8930664 0.6835938 0.8930664 0.6882324 0.8867188 0.6660156 0.8896484 0.6647949 0.887207 0.668457 0.8925781 0.6784668 0.8896484 0.6647949 0.8930664 0.6691895 0.887207 0.668457 0.8896484 0.6647949 0.8925781 0.6784668 0.8964844 0.6647949 0.8916016 0.6691895 0.8964844 0.6623535 0.8964844 0.6623535 0.8916016 0.6691895 0.890625 0.6525879 0.8964844 0.6623535 0.890625 0.6525879 0.8901367 0.6518555 0.8901367 0.6518555 0.890625 0.6525879 0.8886719 0.6520996 0.8847656 0.6665039 0.890625 0.6525879 0.8916016 0.6691895 0.8886719 0.6520996 0.890625 0.6525879 0.8847656 0.6665039 0.8916016 0.6772461 0.8916016 0.6691895 0.8920899 0.6784668 0.8847656 0.6665039 0.8916016 0.6691895 0.8916016 0.6772461 0.543457 0.4047852 0.519043 0.4052734 0.5151367 0.3964844 0.5151367 0.3964844 0.5131836 0.4116211 0.4760742 0.387207 0.5151367 0.3964844 0.4770508 0.3847656 0.5166016 0.394043 0.4760742 0.387207 0.4770508 0.3847656 0.5151367 0.3964844 0.5151367 0.3964844 0.5166016 0.394043 0.543457 0.4047852 0.5151367 0.3964844 0.519043 0.4052734 0.5131836 0.4116211 0.543457 0.4047852 0.5166016 0.394043 0.5444336 0.4023438 0.4760742 0.387207 0.5009766 0.4150391 0.4953613 0.4169922 0.5009766 0.4150391 0.4760742 0.387207 0.5131836 0.4116211 0.5009766 0.4150391 0.5131836 0.4116211 0.5063477 0.4213867 0.5141602 0.4189453 0.5063477 0.4213867 0.5131836 0.4116211 0.5009766 0.4150391 0.4995117 0.4243164 0.4953613 0.4169922 0.5063477 0.4213867 0.4995117 0.4243164 0.5009766 0.4150391 0.8916016 0.6772461 0.8920899 0.6784668 0.8925781 0.6772461 0.8925781 0.6772461 0.8920899 0.6784668 0.8974609 0.6687012 0.8974609 0.6687012 0.8920899 0.6784668 0.8974609 0.6672363 0.8974609 0.6672363 0.8920899 0.6784668 0.8969727 0.668457 0.8916016 0.6691895 0.8969727 0.668457 0.8920899 0.6784668 0.8979492 0.6660156 0.8969727 0.668457 0.8916016 0.6691895 0.8916016 0.6691895 0.8964844 0.6647949 0.8979492 0.6660156 0.5673828 0.4077149 0.5444336 0.4023438 0.5693359 0.402832 0.5673828 0.4077149 0.5693359 0.402832 0.5991211 0.4150391 0.5444336 0.4023438 0.5166016 0.394043 0.5458984 0.3974609 0.5693359 0.402832 0.5444336 0.4023438 0.5458984 0.3974609 0.5693359 0.402832 0.5947266 0.3959961 0.5996094 0.4023438 0.5693359 0.402832 0.5791016 0.387207 0.5947266 0.3959961 0.5693359 0.402832 0.5996094 0.4023438 0.6044922 0.4111328 0.5532227 0.3793945 0.5693359 0.402832 0.5458984 0.3974609 0.5791016 0.387207 0.5693359 0.402832 0.5532227 0.3793945 0.5991211 0.4150391 0.5693359 0.402832 0.6044922 0.4111328 0.5439453 0.3842774 0.5458984 0.3974609 0.5351563 0.3828125 0.5532227 0.3793945 0.5458984 0.3974609 0.5439453 0.3842774 0.5268555 0.3837891 0.5458984 0.3974609 0.5175781 0.3896484 0.5458984 0.3974609 0.5166016 0.394043 0.5175781 0.3896484 0.5351563 0.3828125 0.5458984 0.3974609 0.5268555 0.3837891 0.5541992 0.3764649 0.5688477 0.3798828 0.5532227 0.3793945 0.5532227 0.3793945 0.5688477 0.3798828 0.5791016 0.387207 0.8950195 0.6977539 0.8925781 0.6862793 0.8955078 0.6860352 0.8925781 0.6862793 0.8911133 0.6833496 0.8911133 0.6784668 0.8955078 0.6860352 0.8925781 0.6862793 0.8911133 0.6784668 0.8959961 0.6772461 0.8955078 0.6860352 0.8911133 0.6784668 0.8911133 0.6784668 0.8916016 0.6650391 0.8959961 0.6772461 0.8959961 0.6772461 0.8916016 0.6650391 0.8964844 0.6665039 0.8979492 0.6713867 0.8916016 0.6650391 0.8974609 0.6765137 0.8974609 0.6765137 0.8916016 0.6650391 0.8911133 0.6784668 0.8974609 0.6765137 0.8911133 0.6784668 0.8969727 0.6818848 0.8979492 0.6713867 0.8979492 0.6689453 0.8916016 0.6650391 0.8979492 0.6689453 0.8974609 0.6667481 0.8916016 0.6650391 0.8974609 0.6862793 0.8969727 0.6818848 0.8911133 0.6833496 0.8969727 0.6818848 0.8911133 0.6784668 0.8911133 0.6833496 0.8969727 0.692627 0.8974609 0.6862793 0.8911133 0.6833496 0.8911133 0.6833496 0.8925781 0.6862793 0.8969727 0.692627 0.8964844 0.6953125 0.8969727 0.692627 0.8925781 0.6862793 0.8950195 0.6977539 0.8959961 0.6984863 0.8925781 0.6862793 0.8959961 0.6984863 0.8964844 0.6953125 0.8925781 0.6862793 0.8974609 0.6667481 0.8964844 0.6665039 0.8916016 0.6650391 0.8979492 0.6745606 0.8979492 0.6713867 0.8974609 0.6765137 0.8979492 0.6767578 0.8979492 0.6745606 0.8974609 0.6765137 0.5239258 0.3691406 0.5234375 0.3706055 0.5073242 0.3662109 0.5239258 0.3691406 0.5541992 0.3764649 0.5234375 0.3706055 0.5234375 0.3706055 0.5439453 0.3842774 0.5351563 0.3828125 0.5532227 0.3793945 0.5439453 0.3842774 0.5234375 0.3706055 0.5234375 0.3706055 0.5268555 0.3837891 0.5175781 0.3896484 0.5234375 0.3706055 0.5351563 0.3828125 0.5268555 0.3837891 0.5234375 0.3706055 0.5175781 0.3896484 0.5073242 0.3662109 0.5234375 0.3706055 0.5541992 0.3764649 0.5532227 0.3793945 0.5073242 0.3662109 0.4775391 0.3823242 0.4658203 0.3598633 0.5073242 0.3662109 0.5175781 0.3896484 0.4775391 0.3823242 0.4770508 0.3847656 0.5175781 0.3896484 0.5166016 0.394043 0.4775391 0.3823242 0.5175781 0.3896484 0.4770508 0.3847656 0.4504395 0.3798828 0.4658203 0.3598633 0.4775391 0.3823242 0.4504395 0.3813477 0.4775391 0.3823242 0.4770508 0.3847656 0.4504395 0.3798828 0.4775391 0.3823242 0.4504395 0.3813477 0.4436035 0.3608399 0.4658203 0.3598633 0.4504395 0.3798828 0.8984375 0.6604004 0.8911133 0.6494141 0.890625 0.6650391 0.8994141 0.6464844 0.8911133 0.6494141 0.8984375 0.6604004 0.8984375 0.6604004 0.890625 0.6650391 0.8979492 0.6660156 0.8994141 0.6464844 0.8911133 0.6408692 0.8911133 0.6494141 0.8999024 0.6394043 0.8911133 0.6408692 0.8994141 0.6464844 0.8979492 0.6660156 0.890625 0.6650391 0.8969727 0.6765137 0.8955078 0.6665039 0.890625 0.6650391 0.8969727 0.6520996 0.8969727 0.6520996 0.890625 0.6650391 0.8911133 0.6494141 0.8969727 0.6520996 0.8911133 0.6494141 0.8974609 0.6425781 0.8974609 0.6425781 0.8911133 0.6494141 0.8911133 0.6408692 0.8979492 0.6425781 0.8974609 0.6425781 0.8999024 0.6394043 0.8974609 0.6425781 0.8911133 0.6408692 0.8999024 0.6394043 0.8955078 0.6665039 0.8964844 0.6667481 0.890625 0.6650391 0.8969727 0.6745606 0.8974609 0.6767578 0.890625 0.6650391 0.8969727 0.6713867 0.8969727 0.6745606 0.890625 0.6650391 0.8974609 0.6767578 0.8969727 0.6765137 0.890625 0.6650391 0.890625 0.6650391 0.8969727 0.6689453 0.8969727 0.6713867 0.890625 0.6650391 0.8964844 0.6667481 0.8969727 0.6689453 0.6801758 0.4038086 0.6674805 0.4072266 0.6655274 0.3916016 0.6611328 0.4091797 0.6616211 0.3945313 0.6674805 0.4072266 0.6655274 0.3916016 0.6674805 0.4072266 0.6616211 0.3945313 0.6616211 0.3945313 0.6586914 0.3867188 0.6655274 0.3916016 0.6533203 0.3935547 0.6586914 0.3867188 0.6616211 0.3945313 0.6533203 0.3935547 0.6616211 0.3945313 0.6611328 0.4091797 0.6538086 0.4467774 0.6494141 0.4370117 0.6586914 0.4423828 0.6474609 0.4394531 0.6494141 0.4370117 0.6538086 0.4467774 0.6538086 0.4467774 0.6586914 0.4423828 0.6616211 0.4575195 0.6494141 0.4370117 0.6474609 0.4394531 0.644043 0.4345703 0.6494141 0.4370117 0.6567383 0.4345703 0.6586914 0.4423828 0.6499024 0.434082 0.6567383 0.4345703 0.6494141 0.4370117 0.6499024 0.434082 0.6494141 0.4370117 0.644043 0.4345703 0.8901367 0.7116699 0.8891602 0.7163086 0.8901367 0.7180176 0.8901367 0.7116699 0.8891602 0.7111817 0.8891602 0.7133789 0.8901367 0.7089844 0.8891602 0.7111817 0.8901367 0.7116699 0.8901367 0.7116699 0.8891602 0.7133789 0.8891602 0.7163086 0.8901367 0.7180176 0.8891602 0.7163086 0.8920899 0.715332 0.8891602 0.7163086 0.8891602 0.7133789 0.8920899 0.715332 0.8920899 0.715332 0.8891602 0.7111817 0.8930664 0.7131348 0.8891602 0.7133789 0.8891602 0.7111817 0.8920899 0.715332 0.8930664 0.7131348 0.8891602 0.7111817 0.8935547 0.7114258 0.894043 0.7131348 0.8891602 0.7111817 0.8935547 0.7138672 0.894043 0.7131348 0.8935547 0.7114258 0.8891602 0.7111817 0.8920899 0.7089844 0.8935547 0.7138672 0.8891602 0.7111817 0.8920899 0.7089844 0.8891602 0.7111817 0.8901367 0.7089844 0.6503906 0.4155274 0.6328125 0.3945313 0.6518555 0.4130859 0.6166992 0.3984375 0.6328125 0.3945313 0.6503906 0.4155274 0.6289063 0.3847656 0.6328125 0.3945313 0.625 0.3862305 0.637207 0.3911133 0.6328125 0.3945313 0.6289063 0.3847656 0.6328125 0.3945313 0.6166992 0.3984375 0.625 0.3862305 0.6328125 0.3945313 0.637207 0.3911133 0.6518555 0.4130859 0.6464844 0.4272461 0.6503906 0.4155274 0.6533203 0.4204102 0.6386719 0.4223633 0.6503906 0.4155274 0.6464844 0.4272461 0.6503906 0.4155274 0.6386719 0.4223633 0.6166992 0.3984375 0.6166992 0.3984375 0.5996094 0.4023438 0.5947266 0.3959961 0.6166992 0.3984375 0.5947266 0.3959961 0.5791016 0.387207 0.6044922 0.4111328 0.5996094 0.4023438 0.6166992 0.3984375 0.6166992 0.3984375 0.6386719 0.4223633 0.6044922 0.4111328 0.5791016 0.387207 0.6147461 0.3901367 0.6166992 0.3984375 0.625 0.3862305 0.6166992 0.3984375 0.6147461 0.3901367 0.6386719 0.4223633 0.6464844 0.4272461 0.644043 0.4345703 0.644043 0.4345703 0.6337891 0.4282227 0.6386719 0.4223633 0.6386719 0.4223633 0.6337891 0.4282227 0.6044922 0.4111328 0.644043 0.4345703 0.6464844 0.4272461 0.6494141 0.4311524 0.6552734 0.4267578 0.6464844 0.4272461 0.6533203 0.4204102 0.6494141 0.4311524 0.6464844 0.4272461 0.6552734 0.4267578 0.6499024 0.434082 0.644043 0.4345703 0.6494141 0.4311524 0.6567383 0.4345703 0.6494141 0.4311524 0.6552734 0.4267578 0.6499024 0.434082 0.6494141 0.4311524 0.6567383 0.4345703 0.6044922 0.4111328 0.6337891 0.4282227 0.5991211 0.4150391 0.5834961 0.3842774 0.6147461 0.3901367 0.5791016 0.387207 0.5834961 0.3842774 0.5791016 0.387207 0.5688477 0.3798828 0.6533203 0.3935547 0.6552734 0.4106445 0.637207 0.3911133 0.637207 0.3911133 0.6289063 0.3847656 0.6386719 0.3876953 0.6464844 0.3852539 0.637207 0.3911133 0.6386719 0.3876953 0.6533203 0.3935547 0.637207 0.3911133 0.6464844 0.3852539 0.6518555 0.4130859 0.637207 0.3911133 0.6552734 0.4106445 0.6381836 0.3823242 0.6386719 0.3876953 0.6289063 0.3847656 0.6386719 0.3876953 0.6381836 0.3823242 0.6464844 0.3852539 0.6464844 0.3852539 0.6586914 0.3867188 0.6533203 0.3935547 0.6523438 0.3823242 0.6586914 0.3867188 0.6464844 0.3852539 0.6469727 0.3759766 0.6464844 0.3852539 0.6425781 0.3789063 0.6523438 0.3823242 0.6464844 0.3852539 0.6469727 0.3759766 0.6464844 0.3852539 0.6381836 0.3823242 0.6425781 0.3789063 0.6611328 0.4091797 0.6552734 0.4106445 0.6533203 0.3935547 0.8886719 0.7038574 0.8876953 0.7036133 0.8886719 0.7062988 0.8886719 0.7062988 0.8876953 0.7036133 0.8886719 0.7089844 0.8916016 0.7036133 0.8876953 0.7036133 0.8886719 0.7038574 0.8920899 0.7006836 0.8876953 0.7036133 0.8925781 0.7033692 0.8925781 0.7033692 0.8876953 0.7036133 0.8916016 0.7036133 0.8886719 0.7089844 0.8876953 0.7036133 0.8876953 0.7111817 0.8955078 0.6975098 0.8901367 0.6865234 0.8886719 0.6975098 0.8964844 0.6870117 0.8901367 0.6865234 0.8955078 0.6975098 0.8955078 0.6975098 0.8886719 0.6975098 0.894043 0.699707 0.8964844 0.6870117 0.8901367 0.6833496 0.8901367 0.6865234 0.8969727 0.6818848 0.8901367 0.6833496 0.8964844 0.6870117 0.894043 0.699707 0.8886719 0.6975098 0.8876953 0.7036133 0.894043 0.699707 0.8876953 0.7036133 0.8920899 0.7006836 0.8945313 0.7087402 0.8876953 0.7111817 0.8876953 0.7036133 0.8935547 0.7114258 0.8876953 0.7111817 0.8945313 0.7087402 0.8945313 0.7087402 0.8876953 0.7036133 0.8950195 0.6977539 0.8950195 0.6977539 0.8886719 0.6975098 0.8925781 0.6862793 0.8950195 0.6977539 0.8876953 0.7036133 0.8886719 0.6975098 0.8925781 0.6862793 0.8886719 0.6975098 0.8901367 0.6865234 0.8901367 0.6833496 0.8925781 0.6862793 0.8901367 0.6865234 0.8925781 0.6862793 0.8964844 0.6953125 0.8950195 0.6977539 0.8969727 0.692627 0.8964844 0.6953125 0.8925781 0.6862793 0.8974609 0.6862793 0.8969727 0.692627 0.8925781 0.6862793 0.8969727 0.6818848 0.8974609 0.6862793 0.8925781 0.6862793 0.8925781 0.6862793 0.8901367 0.6833496 0.8969727 0.6818848 0.8959961 0.6984863 0.8950195 0.6977539 0.8964844 0.6953125 0.8935547 0.7114258 0.894043 0.7131348 0.8925781 0.7089844 0.894043 0.7131348 0.8935547 0.7138672 0.8925781 0.7089844 0.8886719 0.7089844 0.8876953 0.7111817 0.8935547 0.7114258 0.8935547 0.7114258 0.8925781 0.7089844 0.8886719 0.7089844 0.6323242 0.5322266 0.6254883 0.5319824 0.628418 0.5280762 0.6274414 0.5368652 0.6254883 0.5319824 0.6323242 0.5322266 0.6254883 0.5319824 0.6274414 0.5368652 0.6210938 0.5344238 0.6323242 0.5322266 0.6357422 0.5356445 0.6274414 0.5368652 0.6274414 0.5368652 0.6357422 0.5356445 0.6308594 0.5407715 0.6259766 0.5466309 0.6274414 0.5368652 0.6308594 0.5407715 0.621582 0.5412598 0.6274414 0.5368652 0.6259766 0.5466309 0.6210938 0.5344238 0.6274414 0.5368652 0.621582 0.5412598 0.621582 0.5412598 0.6137695 0.5375977 0.6210938 0.5344238 0.621582 0.5412598 0.6259766 0.5466309 0.6157227 0.5463867 0.621582 0.5412598 0.6157227 0.5463867 0.6137695 0.5375977 0.6157227 0.5463867 0.6259766 0.5466309 0.6210938 0.552002 0.6157227 0.5463867 0.6005859 0.5620117 0.5961914 0.5541992 0.6210938 0.552002 0.6005859 0.5620117 0.6157227 0.5463867 0.6157227 0.5463867 0.5961914 0.5541992 0.605957 0.5371094 0.6137695 0.5375977 0.6157227 0.5463867 0.605957 0.5371094 0.5961914 0.5541992 0.6005859 0.5620117 0.5917969 0.5556641 0.5961914 0.5541992 0.5917969 0.5556641 0.5927734 0.5456543 0.605957 0.5371094 0.5961914 0.5541992 0.5927734 0.5456543 0.5927734 0.5456543 0.5917969 0.5556641 0.5776367 0.5510254 0.6386719 0.3735352 0.6386719 0.3637695 0.6425781 0.3701172 0.6425781 0.3701172 0.6469727 0.3759766 0.6386719 0.3735352 0.6425781 0.3789063 0.6362305 0.3779297 0.6386719 0.3735352 0.6386719 0.3735352 0.6318359 0.375 0.6333008 0.3681641 0.6362305 0.3779297 0.6318359 0.375 0.6386719 0.3735352 0.6333008 0.3681641 0.6386719 0.3637695 0.6386719 0.3735352 0.6386719 0.3735352 0.6469727 0.3759766 0.6425781 0.3789063 0.6386719 0.3637695 0.6333008 0.3681641 0.6347656 0.3574219 0.6318359 0.375 0.625 0.3710938 0.6333008 0.3681641 0.6333008 0.3681641 0.6245117 0.3652344 0.628418 0.3623047 0.625 0.3710938 0.6245117 0.3652344 0.6333008 0.3681641 0.6347656 0.3574219 0.6333008 0.3681641 0.628418 0.3623047 0.6279297 0.3813477 0.6318359 0.375 0.6362305 0.3779297 0.6274414 0.3754883 0.6318359 0.375 0.6279297 0.3813477 0.6274414 0.3754883 0.625 0.3710938 0.6318359 0.375 0.6289063 0.3847656 0.6362305 0.3779297 0.6381836 0.3823242 0.6279297 0.3813477 0.6362305 0.3779297 0.6289063 0.3847656 0.6381836 0.3823242 0.6362305 0.3779297 0.6425781 0.3789063 0.6254883 0.3603516 0.6347656 0.3574219 0.628418 0.3623047 0.628418 0.3623047 0.6245117 0.3652344 0.6254883 0.3603516 0.6157227 0.3447266 0.6347656 0.3574219 0.6254883 0.3603516 0.8833008 0.7026367 0.8852539 0.7026367 0.8842774 0.7028809 0.8867188 0.7016602 0.887207 0.7026367 0.8852539 0.7026367 0.8852539 0.7026367 0.8862305 0.7028809 0.8852539 0.7028809 0.887207 0.7026367 0.8862305 0.7028809 0.8852539 0.7026367 0.8842774 0.7028809 0.8852539 0.7026367 0.8852539 0.7028809 0.8842774 0.7028809 0.8852539 0.7028809 0.8852539 0.703125 0.8852539 0.703125 0.8852539 0.7028809 0.8852539 0.703125 0.8852539 0.703125 0.8852539 0.7028809 0.8852539 0.703125 0.8862305 0.7028809 0.8852539 0.703125 0.8852539 0.7028809 0.8881836 0.6999512 0.887207 0.7026367 0.8867188 0.7016602 0.8818359 0.6848145 0.8833008 0.6887207 0.8828125 0.6889649 0.8818359 0.6848145 0.8828125 0.6889649 0.8818359 0.6904297 0.8828125 0.6889649 0.8833008 0.6887207 0.8852539 0.6904297 0.8837891 0.6918945 0.8828125 0.6889649 0.8852539 0.6904297 0.8813477 0.6960449 0.8828125 0.6889649 0.8837891 0.6918945 0.8818359 0.6904297 0.8828125 0.6889649 0.8813477 0.6960449 0.8837891 0.6918945 0.8852539 0.6904297 0.887207 0.6962891 0.8847656 0.6960449 0.8837891 0.6918945 0.887207 0.6962891 0.8823242 0.6979981 0.8837891 0.6918945 0.8847656 0.6960449 0.8813477 0.6960449 0.8837891 0.6918945 0.8823242 0.6979981 0.887207 0.6962891 0.8876953 0.6970215 0.8847656 0.6960449 0.8881836 0.6992188 0.8881836 0.6999512 0.8847656 0.6960449 0.8881836 0.6999512 0.8867188 0.7016602 0.8847656 0.6960449 0.8867188 0.7016602 0.8852539 0.7026367 0.8847656 0.6960449 0.8881836 0.6992188 0.8881836 0.6992188 0.8847656 0.6960449 0.8852539 0.7026367 0.8833008 0.7026367 0.8847656 0.6960449 0.8833008 0.7026367 0.8833008 0.701416 0.8847656 0.6960449 0.8881836 0.6979981 0.8881836 0.6992188 0.8847656 0.6960449 0.8833008 0.701416 0.8828125 0.7001953 0.8847656 0.6960449 0.8828125 0.7001953 0.8823242 0.6979981 0.8847656 0.6960449 0.8876953 0.6970215 0.8881836 0.6979981 0.8847656 0.6960449 0.612793 0.5256348 0.6064453 0.5168457 0.6157227 0.5222168 0.6044922 0.5212402 0.6064453 0.5168457 0.612793 0.5256348 0.612793 0.5256348 0.6030274 0.5249024 0.6044922 0.5212402 0.6123047 0.5302734 0.6030274 0.5249024 0.612793 0.5256348 0.6176758 0.5275879 0.6123047 0.5302734 0.612793 0.5256348 0.612793 0.5256348 0.6157227 0.5222168 0.6176758 0.5275879 0.5795899 0.5202637 0.6064453 0.5168457 0.6044922 0.5212402 0.5742188 0.5185547 0.6064453 0.5168457 0.5795899 0.5202637 0.6044922 0.5212402 0.5913086 0.5234375 0.5795899 0.5202637 0.6030274 0.5249024 0.5913086 0.5234375 0.6044922 0.5212402 0.6030274 0.5249024 0.5976563 0.5341797 0.5913086 0.5234375 0.605957 0.5371094 0.6030274 0.5249024 0.6123047 0.5302734 0.5976563 0.5341797 0.6030274 0.5249024 0.605957 0.5371094 0.6137695 0.5375977 0.6123047 0.5302734 0.6162109 0.5332031 0.605957 0.5371094 0.6123047 0.5302734 0.6137695 0.5375977 0.6162109 0.5332031 0.6123047 0.5302734 0.6176758 0.5275879 0.6210938 0.5344238 0.6176758 0.5275879 0.6254883 0.5319824 0.6162109 0.5332031 0.6176758 0.5275879 0.6210938 0.5344238 0.6176758 0.5275879 0.6196289 0.5246582 0.6254883 0.5319824 0.6176758 0.5275879 0.6157227 0.5222168 0.6196289 0.5246582 0.6210938 0.5344238 0.6137695 0.5375977 0.6162109 0.5332031 0.6254883 0.5319824 0.6196289 0.5246582 0.628418 0.5280762 0.605957 0.5371094 0.5927734 0.5456543 0.5976563 0.5341797 0.5913086 0.5234375 0.5976563 0.5341797 0.5893555 0.5336914 0.5976563 0.5341797 0.5927734 0.5456543 0.5893555 0.5336914 0.5913086 0.5234375 0.5756836 0.5229492 0.5795899 0.5202637 0.5913086 0.5234375 0.5893555 0.5336914 0.5756836 0.5229492 0.5742188 0.5185547 0.5795899 0.5202637 0.5756836 0.5229492 0.5742188 0.5185547 0.5600586 0.5231934 0.5595703 0.520752 0.5756836 0.5229492 0.5600586 0.5231934 0.5742188 0.5185547 0.5756836 0.5229492 0.5893555 0.5336914 0.5751953 0.5339356 0.5756836 0.5229492 0.5751953 0.5339356 0.5600586 0.5231934 0.5776367 0.5510254 0.5893555 0.5336914 0.5927734 0.5456543 0.5751953 0.5339356 0.5893555 0.5336914 0.5776367 0.5510254 0.5751953 0.5339356 0.5615234 0.546875 0.5600586 0.5351563 0.5776367 0.5510254 0.5615234 0.546875 0.5751953 0.5339356 0.5600586 0.5231934 0.5751953 0.5339356 0.5600586 0.5351563 0.5600586 0.5231934 0.5600586 0.5351563 0.543457 0.5234375 0.5439453 0.5222168 0.5600586 0.5231934 0.543457 0.5234375 0.5595703 0.520752 0.5600586 0.5231934 0.5439453 0.5222168 0.5600586 0.5351563 0.5615234 0.546875 0.5429688 0.5373535 0.543457 0.5234375 0.5600586 0.5351563 0.5429688 0.5373535 0.5136719 0.5253906 0.5439453 0.5222168 0.543457 0.5234375 0.5429688 0.5373535 0.5136719 0.5253906 0.543457 0.5234375 0.8813477 0.6962891 0.8862305 0.685791 0.8862305 0.6962891 0.8803711 0.685791 0.8862305 0.685791 0.8813477 0.6962891 0.8813477 0.6962891 0.8862305 0.6962891 0.8828125 0.6984863 0.8803711 0.685791 0.8862305 0.6806641 0.8862305 0.685791 0.8798828 0.6806641 0.8862305 0.6806641 0.8803711 0.685791 0.8798828 0.6806641 0.8862305 0.675293 0.8862305 0.6806641 0.8793945 0.675293 0.8862305 0.675293 0.8798828 0.6806641 0.8793945 0.675293 0.8862305 0.6647949 0.8862305 0.675293 0.8779297 0.6647949 0.8862305 0.6647949 0.8793945 0.675293 0.8828125 0.6984863 0.8862305 0.6984863 0.8833008 0.6994629 0.8828125 0.6984863 0.8862305 0.6962891 0.8862305 0.6984863 0.8833008 0.6994629 0.8862305 0.6984863 0.8862305 0.6994629 0.8833008 0.6994629 0.8862305 0.6994629 0.8842774 0.7021484 0.8842774 0.7021484 0.8862305 0.6994629 0.8862305 0.7021484 0.8862305 0.6647949 0.8813477 0.6794434 0.8862305 0.675293 0.878418 0.6743164 0.8813477 0.6794434 0.8862305 0.6647949 0.8862305 0.6647949 0.8779297 0.6647949 0.878418 0.6743164 0.8813477 0.6794434 0.8828125 0.6843262 0.8862305 0.675293 0.8862305 0.675293 0.8828125 0.6843262 0.8862305 0.6806641 0.8862305 0.685791 0.8828125 0.6843262 0.8828125 0.6899414 0.8862305 0.6806641 0.8828125 0.6843262 0.8862305 0.685791 0.8862305 0.685791 0.8833008 0.6975098 0.8862305 0.6962891 0.8823242 0.6955567 0.8833008 0.6975098 0.8862305 0.685791 0.8862305 0.685791 0.8828125 0.6899414 0.8823242 0.6955567 0.8833008 0.6975098 0.8837891 0.699707 0.8862305 0.6962891 0.8862305 0.6962891 0.8837891 0.699707 0.8862305 0.6984863 0.8837891 0.699707 0.8842774 0.7009277 0.8862305 0.6994629 0.8862305 0.6994629 0.8862305 0.6984863 0.8837891 0.699707 0.8862305 0.6994629 0.8842774 0.7009277 0.8862305 0.7021484 0.8842774 0.7021484 0.8862305 0.7021484 0.8842774 0.7009277 0.5615234 0.546875 0.5776367 0.5510254 0.5620117 0.5515137 0.5649414 0.5625 0.5776367 0.5510254 0.5795899 0.5593262 0.5620117 0.5515137 0.5776367 0.5510254 0.5649414 0.5625 0.5776367 0.5510254 0.5917969 0.5556641 0.5795899 0.5593262 0.546875 0.5537109 0.5615234 0.546875 0.5620117 0.5515137 0.5429688 0.5373535 0.5615234 0.546875 0.546875 0.5537109 0.5493164 0.565918 0.5620117 0.5515137 0.5649414 0.5625 0.546875 0.5537109 0.5620117 0.5515137 0.5493164 0.565918 0.5649414 0.5625 0.5546875 0.5793457 0.5493164 0.565918 0.5693359 0.5739746 0.5546875 0.5793457 0.5649414 0.5625 0.5830078 0.5686035 0.5649414 0.5625 0.5795899 0.5593262 0.5693359 0.5739746 0.5649414 0.5625 0.5830078 0.5686035 0.5917969 0.5556641 0.5830078 0.5686035 0.5795899 0.5593262 0.6005859 0.5620117 0.5830078 0.5686035 0.5917969 0.5556641 0.5341797 0.5864258 0.5493164 0.565918 0.5546875 0.5793457 0.5288086 0.5708008 0.5493164 0.565918 0.5341797 0.5864258 0.5288086 0.5708008 0.546875 0.5537109 0.5493164 0.565918 0.5239258 0.5581055 0.5429688 0.5373535 0.546875 0.5537109 0.5239258 0.5581055 0.546875 0.5537109 0.5288086 0.5708008 0.5161133 0.5410156 0.5136719 0.5253906 0.5429688 0.5373535 0.5161133 0.5410156 0.5429688 0.5373535 0.5239258 0.5581055 0.5043945 0.5622559 0.5161133 0.5410156 0.5239258 0.5581055 0.5112305 0.5751953 0.5239258 0.5581055 0.5288086 0.5708008 0.5043945 0.5622559 0.5239258 0.5581055 0.5112305 0.5751953 0.5288086 0.5708008 0.5161133 0.5913086 0.5112305 0.5751953 0.5341797 0.5864258 0.5161133 0.5913086 0.5288086 0.5708008 0.5112305 0.5751953 0.5161133 0.5913086 0.5004883 0.5810547 0.5004883 0.5810547 0.5043945 0.5622559 0.5112305 0.5751953 0.4875488 0.5688477 0.4941406 0.5439453 0.5043945 0.5622559 0.4941406 0.5439453 0.5161133 0.5410156 0.5043945 0.5622559 0.4875488 0.5688477 0.5043945 0.5622559 0.5004883 0.5810547 0.5161133 0.5410156 0.4970703 0.5266113 0.5136719 0.5253906 0.4941406 0.5439453 0.4970703 0.5266113 0.5161133 0.5410156 0.4941406 0.5439453 0.4553223 0.5275879 0.4970703 0.5266113 0.4694824 0.5546875 0.4553223 0.5275879 0.4941406 0.5439453 0.4694824 0.5546875 0.4941406 0.5439453 0.4875488 0.5688477 0.4487305 0.5422363 0.4553223 0.5275879 0.4694824 0.5546875 0.4553223 0.5275879 0.4487305 0.5422363 0.4335938 0.5236817 0.4335938 0.5236817 0.4487305 0.5422363 0.4309082 0.5385742 0.5004883 0.5810547 0.5161133 0.5913086 0.5058594 0.5917969 0.5991211 0.3359375 0.6040039 0.3432617 0.5947266 0.3447266 0.5947266 0.3447266 0.5800781 0.3393555 0.5991211 0.3359375 0.5947266 0.3447266 0.5761719 0.3496094 0.5800781 0.3393555 0.5991211 0.3359375 0.6157227 0.3447266 0.6040039 0.3432617 0.5991211 0.3359375 0.5800781 0.3393555 0.5859375 0.3286133 0.5800781 0.3393555 0.5761719 0.3496094 0.5649414 0.3339844 0.5800781 0.3393555 0.5722656 0.3212891 0.5859375 0.3286133 0.5649414 0.3339844 0.5722656 0.3212891 0.5800781 0.3393555 0.5761719 0.3496094 0.559082 0.3510742 0.5610352 0.3457031 0.5649414 0.3339844 0.5761719 0.3496094 0.5610352 0.3457031 0.5649414 0.3339844 0.5527344 0.3115234 0.5722656 0.3212891 0.5454102 0.3266602 0.5527344 0.3115234 0.5649414 0.3339844 0.5610352 0.3457031 0.5454102 0.3266602 0.5649414 0.3339844 0.5390625 0.3383789 0.5454102 0.3266602 0.5610352 0.3457031 0.559082 0.3510742 0.5390625 0.3383789 0.5610352 0.3457031 0.5390625 0.3383789 0.5283203 0.3198242 0.5454102 0.3266602 0.5454102 0.3266602 0.5351563 0.3046875 0.5527344 0.3115234 0.5283203 0.3198242 0.5351563 0.3046875 0.5454102 0.3266602 0.5283203 0.3198242 0.5180664 0.3125 0.5351563 0.3046875 0.5351563 0.3046875 0.5180664 0.3125 0.5249024 0.3027344 0.8764649 0.6574707 0.8808594 0.6433106 0.8847656 0.6574707 0.8754883 0.6433106 0.8808594 0.6433106 0.8764649 0.6574707 0.8764649 0.6574707 0.8847656 0.6574707 0.8769531 0.6628418 0.8754883 0.6433106 0.878418 0.6362305 0.8808594 0.6433106 0.8750001 0.6362305 0.878418 0.6362305 0.8754883 0.6433106 0.8750001 0.6362305 0.8779297 0.6352539 0.878418 0.6362305 0.8769531 0.6628418 0.8847656 0.6574707 0.8852539 0.6628418 0.8833008 0.6477051 0.8808594 0.6523438 0.8852539 0.6523438 0.8793945 0.6477051 0.8808594 0.6523438 0.8833008 0.6477051 0.8808594 0.6523438 0.8828125 0.6547852 0.8852539 0.6523438 0.8803711 0.6408692 0.8793945 0.6477051 0.8833008 0.6477051 0.878418 0.6408692 0.8793945 0.6477051 0.8803711 0.6408692 0.8779297 0.6352539 0.878418 0.6408692 0.8803711 0.6408692 0.8828125 0.6547852 0.8852539 0.6552734 0.8852539 0.6547852 0.8852539 0.6523438 0.8828125 0.6547852 0.8852539 0.6547852 0.8876953 0.6547852 0.8852539 0.6523438 0.8852539 0.6547852 0.8852539 0.6552734 0.8876953 0.6547852 0.8852539 0.6547852 0.878418 0.6362305 0.8779297 0.6352539 0.8803711 0.6408692 0.878418 0.6362305 0.8803711 0.6408692 0.8808594 0.6433106 0.8808594 0.6433106 0.8803711 0.6408692 0.8833008 0.6477051 0.8808594 0.6433106 0.8833008 0.6477051 0.8847656 0.6574707 0.8847656 0.6574707 0.8833008 0.6477051 0.8852539 0.6523438 0.8847656 0.6574707 0.8852539 0.6523438 0.8852539 0.6628418 0.8852539 0.6628418 0.8852539 0.6523438 0.8876953 0.6547852 0.8833008 0.6733399 0.8852539 0.6628418 0.8911133 0.671875 0.8911133 0.6638184 0.8911133 0.671875 0.8852539 0.6628418 0.8852539 0.6628418 0.8886719 0.6577149 0.8911133 0.6638184 0.8852539 0.6628418 0.8876953 0.6547852 0.8886719 0.6577149 0.8896484 0.6772461 0.8842774 0.6821289 0.8833008 0.6733399 0.8911133 0.671875 0.8896484 0.6772461 0.8833008 0.6733399 0.8896484 0.6772461 0.887207 0.6818848 0.8842774 0.6821289 0.8847656 0.6853027 0.8842774 0.6821289 0.887207 0.6818848 0.8847656 0.6853027 0.887207 0.6818848 0.8862305 0.6845703 0.8862305 0.6845703 0.8852539 0.6879883 0.8847656 0.6853027 0.8769531 0.6628418 0.8852539 0.6628418 0.8774414 0.6723633 0.8774414 0.6723633 0.8852539 0.6628418 0.8833008 0.6733399 0.8833008 0.6733399 0.8842774 0.6821289 0.8774414 0.6723633 0.8842774 0.6821289 0.8798828 0.6774902 0.8774414 0.6723633 0.8842774 0.6821289 0.8818359 0.6823731 0.8798828 0.6774902 0.8847656 0.6853027 0.8818359 0.6823731 0.8842774 0.6821289 0.8833008 0.6862793 0.8818359 0.6823731 0.8847656 0.6853027 0.8847656 0.6853027 0.8852539 0.6879883 0.8833008 0.6862793 0.6000977 0.3710938 0.590332 0.3549805 0.6054688 0.3598633 0.5864258 0.3691406 0.590332 0.3549805 0.6000977 0.3710938 0.6000977 0.3710938 0.6054688 0.3598633 0.6088867 0.3720703 0.590332 0.3549805 0.5761719 0.3496094 0.5947266 0.3447266 0.5947266 0.3447266 0.6054688 0.3598633 0.590332 0.3549805 0.5712891 0.3657227 0.590332 0.3549805 0.5864258 0.3691406 0.5761719 0.3496094 0.590332 0.3549805 0.5712891 0.3657227 0.6245117 0.3652344 0.6171875 0.3701172 0.6054688 0.3598633 0.6254883 0.3603516 0.6245117 0.3652344 0.6054688 0.3598633 0.6098633 0.3520508 0.6254883 0.3603516 0.6054688 0.3598633 0.6098633 0.3520508 0.6054688 0.3598633 0.5947266 0.3447266 0.6088867 0.3720703 0.6054688 0.3598633 0.6171875 0.3701172 0.5947266 0.3447266 0.6040039 0.3432617 0.6098633 0.3520508 0.6098633 0.3520508 0.6157227 0.3447266 0.6254883 0.3603516 0.6098633 0.3520508 0.6040039 0.3432617 0.6157227 0.3447266 0.6171875 0.3701172 0.6245117 0.3652344 0.625 0.3710938 0.5712891 0.3657227 0.5864258 0.3691406 0.5708008 0.3691406 0.5708008 0.3691406 0.5546875 0.3613281 0.5712891 0.3657227 0.559082 0.3510742 0.5712891 0.3657227 0.5546875 0.3613281 0.5761719 0.3496094 0.5712891 0.3657227 0.559082 0.3510742 0.5532227 0.375 0.5546875 0.3613281 0.5708008 0.3691406 0.5546875 0.3613281 0.5390625 0.3383789 0.559082 0.3510742 0.5288086 0.3540039 0.5390625 0.3383789 0.5546875 0.3613281 0.5546875 0.3613281 0.5239258 0.3691406 0.5288086 0.3540039 0.5532227 0.375 0.5239258 0.3691406 0.5546875 0.3613281 0.5239258 0.3691406 0.5532227 0.375 0.5541992 0.3764649 0.5073242 0.3662109 0.5288086 0.3540039 0.5239258 0.3691406 0.5068359 0.3486328 0.5288086 0.3540039 0.5073242 0.3662109 0.5288086 0.3540039 0.5195313 0.3320313 0.5390625 0.3383789 0.5068359 0.3486328 0.5195313 0.3320313 0.5288086 0.3540039 0.5390625 0.3383789 0.5195313 0.3320313 0.5283203 0.3198242 0.5195313 0.3320313 0.5180664 0.3125 0.5283203 0.3198242 0.503418 0.3232422 0.5180664 0.3125 0.5195313 0.3320313 0.5068359 0.3486328 0.503418 0.3232422 0.5195313 0.3320313 0.5073242 0.3662109 0.4658203 0.3598633 0.5068359 0.3486328 0.4658203 0.3598633 0.4838867 0.3349609 0.5068359 0.3486328 0.4838867 0.3349609 0.503418 0.3232422 0.5068359 0.3486328 0.4658203 0.3598633 0.4436035 0.3608399 0.4611817 0.3447266 0.4611817 0.3447266 0.4838867 0.3349609 0.4658203 0.3598633 0.4611817 0.3447266 0.4436035 0.3608399 0.4428711 0.3461914 0.8862305 0.6464844 0.8950195 0.6604004 0.8862305 0.6604004 0.8959961 0.6464844 0.8950195 0.6604004 0.8862305 0.6464844 0.8950195 0.6604004 0.8945313 0.6660156 0.8862305 0.6604004 0.8857422 0.6604004 0.8818359 0.6464844 0.8862305 0.6464844 0.8862305 0.6604004 0.8857422 0.6604004 0.8862305 0.6464844 0.8818359 0.6464844 0.8862305 0.6394043 0.8862305 0.6464844 0.8862305 0.6394043 0.8959961 0.6464844 0.8862305 0.6464844 0.8862305 0.6660156 0.8857422 0.6604004 0.8862305 0.6604004 0.8862305 0.6604004 0.8945313 0.6660156 0.8862305 0.6660156 0.8945313 0.6660156 0.890625 0.6706543 0.8862305 0.6660156 0.8945313 0.6660156 0.8935547 0.6765137 0.890625 0.6706543 0.8793945 0.6394043 0.8862305 0.6394043 0.8818359 0.6464844 0.8793945 0.6394043 0.8862305 0.6384277 0.8862305 0.6394043 0.894043 0.6384277 0.8862305 0.6394043 0.8862305 0.6384277 0.8964844 0.6394043 0.8862305 0.6394043 0.894043 0.6384277 0.8964844 0.6394043 0.8959961 0.6464844 0.8862305 0.6394043 0.8789063 0.6384277 0.8862305 0.6384277 0.8793945 0.6394043 0.8920899 0.6506348 0.8862305 0.644043 0.8862305 0.6506348 0.8935547 0.644043 0.8862305 0.644043 0.8920899 0.6506348 0.8920899 0.6506348 0.8862305 0.6506348 0.890625 0.6555176 0.8862305 0.6384277 0.8813477 0.644043 0.8862305 0.644043 0.8862305 0.644043 0.8842774 0.6506348 0.8862305 0.6506348 0.8813477 0.644043 0.8842774 0.6506348 0.8862305 0.644043 0.8935547 0.644043 0.8862305 0.6384277 0.8862305 0.644043 0.8842774 0.6506348 0.8862305 0.6555176 0.8862305 0.6506348 0.890625 0.6555176 0.8862305 0.6506348 0.8862305 0.6555176 0.8886719 0.6577149 0.890625 0.6555176 0.8862305 0.6555176 0.8789063 0.6384277 0.8813477 0.644043 0.8862305 0.6384277 0.894043 0.6384277 0.8862305 0.6384277 0.8935547 0.644043 0.8842774 0.6506348 0.8818359 0.6464844 0.8857422 0.6604004 0.8813477 0.644043 0.8818359 0.6464844 0.8842774 0.6506348 0.8818359 0.6464844 0.8813477 0.644043 0.8793945 0.6394043 0.8862305 0.6555176 0.8842774 0.6506348 0.8857422 0.6604004 0.8857422 0.6604004 0.8862305 0.6660156 0.8862305 0.6555176 0.8886719 0.6577149 0.8862305 0.6555176 0.8862305 0.6660156 0.8862305 0.6660156 0.890625 0.6706543 0.8886719 0.6577149 0.8901367 0.6608887 0.8886719 0.6577149 0.890625 0.6706543 0.8901367 0.6608887 0.890625 0.6706543 0.8920899 0.6667481 0.890625 0.6755371 0.8920899 0.6667481 0.890625 0.6706543 0.890625 0.6755371 0.8925781 0.6750488 0.8920899 0.6667481 0.890625 0.6755371 0.8901367 0.6809082 0.8925781 0.6750488 0.8925781 0.6750488 0.8901367 0.6809082 0.890625 0.6801758 0.8901367 0.6809082 0.8886719 0.685791 0.890625 0.6801758 0.8886719 0.685791 0.887207 0.6875 0.8881836 0.6850586 0.8886719 0.6896973 0.887207 0.6875 0.8886719 0.685791 0.890625 0.6801758 0.8886719 0.685791 0.8881836 0.6850586 0.887207 0.6875 0.8886719 0.6896973 0.8862305 0.6911621 0.8862305 0.6911621 0.8886719 0.6896973 0.8886719 0.692627 0.8862305 0.6911621 0.8886719 0.692627 0.8881836 0.6970215 0.8881836 0.6970215 0.8886719 0.692627 0.8886719 0.6970215 0.8886719 0.6977539 0.8881836 0.6970215 0.8886719 0.6970215 0.8891602 0.6987305 0.8886719 0.6977539 0.8886719 0.6970215 0.8793945 0.6394043 0.8813477 0.644043 0.8789063 0.6384277 0.8935547 0.6765137 0.8935547 0.6762695 0.890625 0.6706543 0.8886719 0.6970215 0.8916016 0.6943359 0.890625 0.6967774 0.8886719 0.692627 0.8916016 0.6943359 0.8886719 0.6970215 0.8886719 0.6970215 0.890625 0.6967774 0.8891602 0.6987305 0.8886719 0.692627 0.8920899 0.6914063 0.8916016 0.6943359 0.8886719 0.6896973 0.8920899 0.6914063 0.8886719 0.692627 0.8920899 0.6914063 0.8886719 0.685791 0.8925781 0.6867676 0.8886719 0.6896973 0.8886719 0.685791 0.8920899 0.6914063 0.8901367 0.6809082 0.8925781 0.6867676 0.8886719 0.685791 0.8930664 0.6816406 0.8925781 0.6867676 0.8901367 0.6809082 0.890625 0.6755371 0.8930664 0.6816406 0.8901367 0.6809082 0.8935547 0.6762695 0.8930664 0.6816406 0.890625 0.6755371 0.8935547 0.6762695 0.890625 0.6755371 0.890625 0.6706543 0.5834961 0.3842774 0.5854492 0.3798828 0.5888672 0.3833008 0.5834961 0.3842774 0.5698242 0.3779297 0.5854492 0.3798828 0.5688477 0.3798828 0.5698242 0.3779297 0.5834961 0.3842774 0.5834961 0.3842774 0.5888672 0.3833008 0.6147461 0.3901367 0.5854492 0.3798828 0.6005859 0.3813477 0.5888672 0.3833008 0.5854492 0.3798828 0.6000977 0.3710938 0.6005859 0.3813477 0.5864258 0.3691406 0.6000977 0.3710938 0.5854492 0.3798828 0.5708008 0.3691406 0.5854492 0.3798828 0.5698242 0.3779297 0.5864258 0.3691406 0.5854492 0.3798828 0.5708008 0.3691406 0.5888672 0.3833008 0.6005859 0.3813477 0.6137695 0.3857422 0.6147461 0.3901367 0.5888672 0.3833008 0.6137695 0.3857422 0.6147461 0.3901367 0.6225586 0.3823242 0.625 0.3862305 0.6137695 0.3857422 0.6225586 0.3823242 0.6147461 0.3901367 0.6137695 0.3857422 0.6123047 0.3818359 0.6225586 0.3823242 0.6137695 0.3857422 0.6005859 0.3813477 0.6123047 0.3818359 0.6005859 0.3813477 0.6088867 0.3720703 0.6123047 0.3818359 0.6000977 0.3710938 0.6088867 0.3720703 0.6005859 0.3813477 0.6225586 0.3823242 0.6123047 0.3818359 0.6225586 0.3779297 0.6171875 0.3701172 0.6123047 0.3818359 0.6088867 0.3720703 0.6225586 0.3779297 0.6123047 0.3818359 0.6171875 0.3701172 0.6225586 0.3823242 0.6225586 0.3779297 0.6279297 0.3813477 0.6225586 0.3823242 0.6279297 0.3813477 0.625 0.3862305 0.625 0.3862305 0.6279297 0.3813477 0.6289063 0.3847656 0.6279297 0.3813477 0.6225586 0.3779297 0.6274414 0.3754883 0.6225586 0.3779297 0.625 0.3710938 0.6274414 0.3754883 0.6171875 0.3701172 0.625 0.3710938 0.6225586 0.3779297 0.5698242 0.3779297 0.5532227 0.375 0.5708008 0.3691406 0.5541992 0.3764649 0.5698242 0.3779297 0.5688477 0.3798828 0.5532227 0.375 0.5698242 0.3779297 0.5541992 0.3764649 0.887207 0.6660156 0.8911133 0.6706543 0.887207 0.6765137 0.887207 0.6765137 0.8935547 0.6818848 0.887207 0.6818848 0.894043 0.6765137 0.8935547 0.6818848 0.887207 0.6765137 0.887207 0.6765137 0.8911133 0.6706543 0.894043 0.6765137 0.887207 0.6818848 0.8930664 0.6870117 0.887207 0.6870117 0.8935547 0.6818848 0.8930664 0.6870117 0.887207 0.6818848 0.8930664 0.6870117 0.8916016 0.6975098 0.887207 0.6870117 0.887207 0.6870117 0.8916016 0.6975098 0.887207 0.6975098 0.8916016 0.6975098 0.890625 0.699707 0.887207 0.6975098 0.887207 0.6975098 0.890625 0.699707 0.887207 0.699707 0.890625 0.699707 0.8896484 0.7006836 0.887207 0.699707 0.887207 0.699707 0.8896484 0.7006836 0.887207 0.7006836 0.8896484 0.7006836 0.8886719 0.7023926 0.887207 0.7006836 0.887207 0.7006836 0.8886719 0.7023926 0.887207 0.7033692 0.890625 0.6762695 0.887207 0.6765137 0.887207 0.6818848 0.887207 0.6765137 0.890625 0.6762695 0.887207 0.6660156 0.890625 0.6762695 0.894043 0.6816406 0.894043 0.6762695 0.890625 0.6762695 0.8901367 0.6818848 0.894043 0.6816406 0.890625 0.6762695 0.887207 0.6818848 0.8901367 0.6818848 0.890625 0.6762695 0.8911133 0.6706543 0.887207 0.6660156 0.894043 0.6762695 0.8911133 0.6706543 0.890625 0.6762695 0.8901367 0.6865234 0.887207 0.6818848 0.887207 0.6870117 0.8901367 0.6818848 0.887207 0.6818848 0.8901367 0.6865234 0.8935547 0.6867676 0.8901367 0.6818848 0.8901367 0.6865234 0.894043 0.6816406 0.8901367 0.6818848 0.8935547 0.6867676 0.8901367 0.6865234 0.8925781 0.6914063 0.8935547 0.6867676 0.8891602 0.6945801 0.8925781 0.6914063 0.8901367 0.6865234 0.887207 0.6870117 0.8891602 0.6945801 0.8901367 0.6865234 0.887207 0.6975098 0.8891602 0.6945801 0.887207 0.6870117 0.8891602 0.6945801 0.887207 0.6975098 0.8881836 0.6977539 0.8911133 0.6967774 0.8891602 0.6945801 0.8881836 0.6977539 0.8920899 0.6943359 0.8891602 0.6945801 0.8911133 0.6967774 0.8920899 0.6943359 0.8925781 0.6914063 0.8891602 0.6945801 0.8881836 0.6977539 0.887207 0.6975098 0.887207 0.699707 0.8886719 0.7023926 0.8881836 0.6977539 0.887207 0.7033692 0.8886719 0.7023926 0.8896484 0.6999512 0.8881836 0.6977539 0.8896484 0.6999512 0.8901367 0.6999512 0.8881836 0.6977539 0.8881836 0.6977539 0.887207 0.7006836 0.887207 0.7033692 0.8881836 0.6977539 0.887207 0.699707 0.887207 0.7006836 0.8901367 0.6987305 0.8881836 0.6977539 0.8901367 0.6999512 0.8911133 0.6967774 0.8881836 0.6977539 0.8901367 0.6987305 0.8886719 0.7023926 0.8896484 0.7006836 0.8896484 0.6999512 0.894043 0.6762695 0.894043 0.6765137 0.8911133 0.6706543</float_array>
          <technique_common>
            <accessor source="#A_weponShape-mesh-map-0-array" count="3570" stride="2">
              <param name="S" type="float"/>
              <param name="T" type="float"/>
            </accessor>
          </technique_common>
        </source>
        <source id="A_weponShape-mesh-colors-Col" name="Col">
          <float_array id="A_weponShape-mesh-colors-Col-array" count="14280">1 1 1 1 1 1 1 1 1 1 1 1 1 1 1 1 1 1 1 1 1 1 1 1 1 1 1 1 1 1 1 1 1 1 1 1 1 1 1 1 1 1 1 1 1 1 1 1 1 1 1 1 1 1 1 1 1 1 1 1 1 1 1 1 1 1 1 1 1 1 1 1 1 1 1 1 1 1 1 1 1 1 1 1 1 1 1 1 1 1 1 1 1 1 1 1 1 1 1 1 1 1 1 1 1 1 1 1 1 1 1 1 1 1 1 1 1 1 1 1 1 1 1 1 1 1 1 1 1 1 1 1 1 1 1 1 1 1 1 1 1 1 1 1 1 1 1 1 1 1 1 1 1 1 1 1 1 1 1 1 1 1 1 1 1 1 1 1 1 1 1 1 1 1 1 1 1 1 1 1 1 1 1 1 1 1 1 1 1 1 1 1 1 1 1 1 1 1 1 1 1 1 1 1 1 1 1 1 1 1 1 1 1 1 1 1 1 1 1 1 1 1 1 1 1 1 1 1 1 1 1 1 1 1 1 1 1 1 1 1 1 1 1 1 1 1 1 1 1 1 1 1 1 1 1 1 1 1 1 1 1 1 1 1 1 1 1 1 1 1 1 1 1 1 1 1 1 1 1 1 1 1 1 1 1 1 1 1 1 1 1 1 1 1 1 1 1 1 1 1 1 1 1 1 1 1 1 1 1 1 1 1 1 1 1 1 1 1 1 1 1 1 1 1 1 1 1 1 1 1 1 1 1 1 1 1 1 1 1 1 1 1 1 1 1 1 1 1 1 1 1 1 1 1 1 1 1 1 1 1 1 1 1 1 1 1 1 1 1 1 1 1 1 1 1 1 1 1 1 1 1 1 1 1 1 1 1 1 1 1 1 1 1 1 1 1 1 1 1 1 1 1 1 1 1 1 1 1 1 1 1 1 1 1 1 1 1 1 1 1 1 1 1 1 1 1 1 1 1 1 1 1 1 1 1 1 1 1 1 1 1 1 1 1 1 1 1 1 1 1 1 1 1 1 1 1 1 1 1 1 1 1 1 1 1 1 1 1 1 1 1 1 1 1 1 1 1 1 1 1 1 1 1 1 1 1 1 1 1 1 1 1 1 1 1 1 1 1 1 1 1 1 1 1 1 1 1 1 1 1 1 1 1 1 1 1 1 1 1 1 1 1 1 1 1 1 1 1 1 1 1 1 1 1 1 1 1 1 1 1 1 1 1 1 1 1 1 1 1 1 1 1 1 1 1 1 1 1 1 1 1 1 1 1 1 1 1 1 1 1 1 1 1 1 1 1 1 1 1 1 1 1 1 1 1 1 1 1 1 1 1 1 1 1 1 1 1 1 1 1 1 1 1 1 1 1 1 1 1 1 1 1 1 1 1 1 1 1 1 1 1 1 1 1 1 1 1 1 1 1 1 1 1 1 1 1 1 1 1 1 1 1 1 1 1 1 1 1 1 1 1 1 1 1 1 1 1 1 1 1 1 1 1 1 1 1 1 1 1 1 1 1 1 1 1 1 1 1 1 1 1 1 1 1 1 1 1 1 1 1 1 1 1 1 1 1 1 1 1 1 1 1 1 1 1 1 1 1 1 1 1 1 1 1 1 1 1 1 1 1 1 1 1 1 1 1 1 1 1 1 1 1 1 1 1 1 1 1 1 1 1 1 1 1 1 1 1 1 1 1 1 1 1 1 1 1 1 1 1 1 1 1 1 1 1 1 1 1 1 1 1 1 1 1 1 1 1 1 1 1 1 1 1 1 1 1 1 1 1 1 1 1 1 1 1 1 1 1 1 1 1 1 1 1 1 1 1 1 1 1 1 1 1 1 1 1 1 1 1 1 1 1 1 1 1 1 1 1 1 1 1 1 1 1 1 1 1 1 1 1 1 1 1 1 1 1 1 1 1 1 1 1 1 1 1 1 1 1 1 1 1 1 1 1 1 1 1 1 1 1 1 1 1 1 1 1 1 1 1 1 1 1 1 1 1 1 1 1 1 1 1 1 1 1 1 1 1 1 1 1 1 1 1 1 1 1 1 1 1 1 1 1 1 1 1 1 1 1 1 1 1 1 1 1 1 1 1 1 1 1 1 1 1 1 1 1 1 1 1 1 1 1 1 1 1 1 1 1 1 1 1 1 1 1 1 1 1 1 1 1 1 1 1 1 1 1 1 1 1 1 1 1 1 1 1 1 1 1 1 1 1 1 1 1 1 1 1 1 1 1 1 1 1 1 1 1 1 1 1 1 1 1 1 1 1 1 1 1 1 1 1 1 1 1 1 1 1 1 1 1 1 1 1 1 1 1 1 1 1 1 1 1 1 1 1 1 1 1 1 1 1 1 1 1 1 1 1 1 1 1 1 1 1 1 1 1 1 1 1 1 1 1 1 1 1 1 1 1 1 1 1 1 1 1 1 1 1 1 1 1 1 1 1 1 1 1 1 1 1 1 1 1 1 1 1 1 1 1 1 1 1 1 1 1 1 1 1 1 1 1 1 1 1 1 1 1 1 1 1 1 1 1 1 1 1 1 1 1 1 1 1 1 1 1 1 1 1 1 1 1 1 1 1 1 1 1 1 1 1 1 1 1 1 1 1 1 1 1 1 1 1 1 1 1 1 1 1 1 1 1 1 1 1 1 1 1 1 1 1 1 1 1 1 1 1 1 1 1 1 1 1 1 1 1 1 1 1 1 1 1 1 1 1 1 1 1 1 1 1 1 1 1 1 1 1 1 1 1 1 1 1 1 1 1 1 1 1 1 1 1 1 1 1 1 1 1 1 1 1 1 1 1 1 1 1 1 1 1 1 1 1 1 1 1 1 1 1 1 1 1 1 1 1 1 1 1 1 1 1 1 1 1 1 1 1 1 1 1 1 1 1 1 1 1 1 1 1 1 1 1 1 1 1 1 1 1 1 1 1 1 1 1 1 1 1 1 1 1 1 1 1 1 1 1 1 1 1 1 1 1 1 1 1 1 1 1 1 1 1 1 1 1 1 1 1 1 1 1 1 1 1 1 1 1 1 1 1 1 1 1 1 1 1 1 1 1 1 1 1 1 1 1 1 1 1 1 1 1 1 1 1 1 1 1 1 1 1 1 1 1 1 1 1 1 1 1 1 1 1 1 1 1 1 1 1 1 1 1 1 1 1 1 1 1 1 1 1 1 1 1 1 1 1 1 1 1 1 1 1 1 1 1 1 1 1 1 1 1 1 1 1 1 1 1 1 1 1 1 1 1 1 1 1 1 1 1 1 1 1 1 1 1 1 1 1 1 1 1 1 1 1 1 1 1 1 1 1 1 1 1 1 1 1 1 1 1 1 1 1 1 1 1 1 1 1 1 1 1 1 1 1 1 1 1 1 1 1 1 1 1 1 1 1 1 1 1 1 1 1 1 1 1 1 1 1 1 1 1 1 1 1 1 1 1 1 1 1 1 1 1 1 1 1 1 1 1 1 1 1 1 1 1 1 1 1 1 1 1 1 1 1 1 1 1 1 1 1 1 1 1 1 1 1 1 1 1 1 1 1 1 1 1 1 1 1 1 1 1 1 1 1 1 1 1 1 1 1 1 1 1 1 1 1 1 1 1 1 1 1 1 1 1 1 1 1 1 1 1 1 1 1 1 1 1 1 1 1 1 1 1 1 1 1 1 1 1 1 1 1 1 1 1 1 1 1 1 1 1 1 1 1 1 1 1 1 1 1 1 1 1 1 1 1 1 1 1 1 1 1 1 1 1 1 1 1 1 1 1 1 1 1 1 1 1 1 1 1 1 1 1 1 1 1 1 1 1 1 1 1 1 1 1 1 1 1 1 1 1 1 1 1 1 1 1 1 1 1 1 1 1 1 1 1 1 1 1 1 1 1 1 1 1 1 1 1 1 1 1 1 1 1 1 1 1 1 1 1 1 1 1 1 1 1 1 1 1 1 1 1 1 1 1 1 1 1 1 1 1 1 1 1 1 1 1 1 1 1 1 1 1 1 1 1 1 1 1 1 1 1 1 1 1 1 1 1 1 1 1 1 1 1 1 1 1 1 1 1 1 1 1 1 1 1 1 1 1 1 1 1 1 1 1 1 1 1 1 1 1 1 1 1 1 1 1 1 1 1 1 1 1 1 1 1 1 1 1 1 1 1 1 1 1 1 1 1 1 1 1 1 1 1 1 1 1 1 1 1 1 1 1 1 1 1 1 1 1 1 1 1 1 1 1 1 1 1 1 1 1 1 1 1 1 1 1 1 1 1 1 1 1 1 1 1 1 1 1 1 1 1 1 1 1 1 1 1 1 1 1 1 1 1 1 1 1 1 1 1 1 1 1 1 1 1 1 1 1 1 1 1 1 1 1 1 1 1 1 1 1 1 1 1 1 1 1 1 1 1 1 1 1 1 1 1 1 1 1 1 1 1 1 1 1 1 1 1 1 1 1 1 1 1 1 1 1 1 1 1 1 1 1 1 1 1 1 1 1 1 1 1 1 1 1 1 1 1 1 1 1 1 1 1 1 1 1 1 1 1 1 1 1 1 1 1 1 1 1 1 1 1 1 1 1 1 1 1 1 1 1 1 1 1 1 1 1 1 1 1 1 1 1 1 1 1 1 1 1 1 1 1 1 1 1 1 1 1 1 1 1 1 1 1 1 1 1 1 1 1 1 1 1 1 1 1 1 1 1 1 1 1 1 1 1 1 1 1 1 1 1 1 1 1 1 1 1 1 1 1 1 1 1 1 1 1 1 1 1 1 1 1 1 1 1 1 1 1 1 1 1 1 1 1 1 1 1 1 1 1 1 1 1 1 1 1 1 1 1 1 1 1 1 1 1 1 1 1 1 1 1 1 1 1 1 1 1 1 1 1 1 1 1 1 1 1 1 1 1 1 1 1 1 1 1 1 1 1 1 1 1 1 1 1 1 1 1 1 1 1 1 1 1 1 1 1 1 1 1 1 1 1 1 1 1 1 1 1 1 1 1 1 1 1 1 1 1 1 1 1 1 1 1 1 1 1 1 1 1 1 1 1 1 1 1 1 1 1 1 1 1 1 1 1 1 1 1 1 1 1 1 1 1 1 1 1 1 1 1 1 1 1 1 1 1 1 1 1 1 1 1 1 1 1 1 1 1 1 1 1 1 1 1 1 1 1 1 1 1 1 1 1 1 1 1 1 1 1 1 1 1 1 1 1 1 1 1 1 1 1 1 1 1 1 1 1 1 1 1 1 1 1 1 1 1 1 1 1 1 1 1 1 1 1 1 1 1 1 1 1 1 1 1 1 1 1 1 1 1 1 1 1 1 1 1 1 1 1 1 1 1 1 1 1 1 1 1 1 1 1 1 1 1 1 1 1 1 1 1 1 1 1 1 1 1 1 1 1 1 1 1 1 1 1 1 1 1 1 1 1 1 1 1 1 1 1 1 1 1 1 1 1 1 1 1 1 1 1 1 1 1 1 1 1 1 1 1 1 1 1 1 1 1 1 1 1 1 1 1 1 1 1 1 1 1 1 1 1 1 1 1 1 1 1 1 1 1 1 1 1 1 1 1 1 1 1 1 1 1 1 1 1 1 1 1 1 1 1 1 1 1 1 1 1 1 1 1 1 1 1 1 1 1 1 1 1 1 1 1 1 1 1 1 1 1 1 1 1 1 1 1 1 1 1 1 1 1 1 1 1 1 1 1 1 1 1 1 1 1 1 1 1 1 1 1 1 1 1 1 1 1 1 1 1 1 1 1 1 1 1 1 1 1 1 1 1 1 1 1 1 1 1 1 1 1 1 1 1 1 1 1 1 1 1 1 1 1 1 1 1 1 1 1 1 1 1 1 1 1 1 1 1 1 1 1 1 1 1 1 1 1 1 1 1 1 1 1 1 1 1 1 1 1 1 1 1 1 1 1 1 1 1 1 1 1 1 1 1 1 1 1 1 1 1 1 1 1 1 1 1 1 1 1 1 1 1 1 1 1 1 1 1 1 1 1 1 1 1 1 1 1 1 1 1 1 1 1 1 1 1 1 1 1 1 1 1 1 1 1 1 1 1 1 1 1 1 1 1 1 1 1 1 1 1 1 1 1 1 1 1 1 1 1 1 1 1 1 1 1 1 1 1 1 1 1 1 1 1 1 1 1 1 1 1 1 1 1 1 1 1 1 1 1 1 1 1 1 1 1 1 1 1 1 1 1 1 1 1 1 1 1 1 1 1 1 1 1 1 1 1 1 1 1 1 1 1 1 1 1 1 1 1 1 1 1 1 1 1 1 1 1 1 1 1 1 1 1 1 1 1 1 1 1 1 1 1 1 1 1 1 1 1 1 1 1 1 1 1 1 1 1 1 1 1 1 1 1 1 1 1 1 1 1 1 1 1 1 1 1 1 1 1 1 1 1 1 1 1 1 1 1 1 1 1 1 1 1 1 1 1 1 1 1 1 1 1 1 1 1 1 1 1 1 1 1 1 1 1 1 1 1 1 1 1 1 1 1 1 1 1 1 1 1 1 1 1 1 1 1 1 1 1 1 1 1 1 1 1 1 1 1 1 1 1 1 1 1 1 1 1 1 1 1 1 1 1 1 1 1 1 1 1 1 1 1 1 1 1 1 1 1 1 1 1 1 1 1 1 1 1 1 1 1 1 1 1 1 1 1 1 1 1 1 1 1 1 1 1 1 1 1 1 1 1 1 1 1 1 1 1 1 1 1 1 1 1 1 1 1 1 1 1 1 1 1 1 1 1 1 1 1 1 1 1 1 1 1 1 1 1 1 1 1 1 1 1 1 1 1 1 1 1 1 1 1 1 1 1 1 1 1 1 1 1 1 1 1 1 1 1 1 1 1 1 1 1 1 1 1 1 1 1 1 1 1 1 1 1 1 1 1 1 1 1 1 1 1 1 1 1 1 1 1 1 1 1 1 1 1 1 1 1 1 1 1 1 1 1 1 1 1 1 1 1 1 1 1 1 1 1 1 1 1 1 1 1 1 1 1 1 1 1 1 1 1 1 1 1 1 1 1 1 1 1 1 1 1 1 1 1 1 1 1 1 1 1 1 1 1 1 1 1 1 1 1 1 1 1 1 1 1 1 1 1 1 1 1 1 1 1 1 1 1 1 1 1 1 1 1 1 1 1 1 1 1 1 1 1 1 1 1 1 1 1 1 1 1 1 1 1 1 1 1 1 1 1 1 1 1 1 1 1 1 1 1 1 1 1 1 1 1 1 1 1 1 1 1 1 1 1 1 1 1 1 1 1 1 1 1 1 1 1 1 1 1 1 1 1 1 1 1 1 1 1 1 1 1 1 1 1 1 1 1 1 1 1 1 1 1 1 1 1 1 1 1 1 1 1 1 1 1 1 1 1 1 1 1 1 1 1 1 1 1 1 1 1 1 1 1 1 1 1 1 1 1 1 1 1 1 1 1 1 1 1 1 1 1 1 1 1 1 1 1 1 1 1 1 1 1 1 1 1 1 1 1 1 1 1 1 1 1 1 1 1 1 1 1 1 1 1 1 1 1 1 1 1 1 1 1 1 1 1 1 1 1 1 1 1 1 1 1 1 1 1 1 1 1 1 1 1 1 1 1 1 1 1 1 1 1 1 1 1 1 1 1 1 1 1 1 1 1 1 1 1 1 1 1 1 1 1 1 1 1 1 1 1 1 1 1 1 1 1 1 1 1 1 1 1 1 1 1 1 1 1 1 1 1 1 1 1 1 1 1 1 1 1 1 1 1 1 1 1 1 1 1 1 1 1 1 1 1 1 1 1 1 1 1 1 1 1 1 1 1 1 1 1 1 1 1 1 1 1 1 1 1 1 1 1 1 1 1 1 1 1 1 1 1 1 1 1 1 1 1 1 1 1 1 1 1 1 1 1 1 1 1 1 1 1 1 1 1 1 1 1 1 1 1 1 1 1 1 1 1 1 1 1 1 1 1 1 1 1 1 1 1 1 1 1 1 1 1 1 1 1 1 1 1 1 1 1 1 1 1 1 1 1 1 1 1 1 1 1 1 1 1 1 1 1 1 1 1 1 1 1 1 1 1 1 1 1 1 1 1 1 1 1 1 1 1 1 1 1 1 1 1 1 1 1 1 1 1 1 1 1 1 1 1 1 1 1 1 1 1 1 1 1 1 1 1 1 1 1 1 1 1 1 1 1 1 1 1 1 1 1 1 1 1 1 1 1 1 1 1 1 1 1 1 1 1 1 1 1 1 1 1 1 1 1 1 1 1 1 1 1 1 1 1 1 1 1 1 1 1 1 1 1 1 1 1 1 1 1 1 1 1 1 1 1 1 1 1 1 1 1 1 1 1 1 1 1 1 1 1 1 1 1 1 1 1 1 1 1 1 1 1 1 1 1 1 1 1 1 1 1 1 1 1 1 1 1 1 1 1 1 1 1 1 1 1 1 1 1 1 1 1 1 1 1 1 1 1 1 1 1 1 1 1 1 1 1 1 1 1 1 1 1 1 1 1 1 1 1 1 1 1 1 1 1 1 1 1 1 1 1 1 1 1 1 1 1 1 1 1 1 1 1 1 1 1 1 1 1 1 1 1 1 1 1 1 1 1 1 1 1 1 1 1 1 1 1 1 1 1 1 1 1 1 1 1 1 1 1 1 1 1 1 1 1 1 1 1 1 1 1 1 1 1 1 1 1 1 1 1 1 1 1 1 1 1 1 1 1 1 1 1 1 1 1 1 1 1 1 1 1 1 1 1 1 1 1 1 1 1 1 1 1 1 1 1 1 1 1 1 1 1 1 1 1 1 1 1 1 1 1 1 1 1 1 1 1 1 1 1 1 1 1 1 1 1 1 1 1 1 1 1 1 1 1 1 1 1 1 1 1 1 1 1 1 1 1 1 1 1 1 1 1 1 1 1 1 1 1 1 1 1 1 1 1 1 1 1 1 1 1 1 1 1 1 1 1 1 1 1 1 1 1 1 1 1 1 1 1 1 1 1 1 1 1 1 1 1 1 1 1 1 1 1 1 1 1 1 1 1 1 1 1 1 1 1 1 1 1 1 1 1 1 1 1 1 1 1 1 1 1 1 1 1 1 1 1 1 1 1 1 1 1 1 1 1 1 1 1 1 1 1 1 1 1 1 1 1 1 1 1 1 1 1 1 1 1 1 1 1 1 1 1 1 1 1 1 1 1 1 1 1 1 1 1 1 1 1 1 1 1 1 1 1 1 1 1 1 1 1 1 1 1 1 1 1 1 1 1 1 1 1 1 1 1 1 1 1 1 1 1 1 1 1 1 1 1 1 1 1 1 1 1 1 1 1 1 1 1 1 1 1 1 1 1 1 1 1 1 1 1 1 1 1 1 1 1 1 1 1 1 1 1 1 1 1 1 1 1 1 1 1 1 1 1 1 1 1 1 1 1 1 1 1 1 1 1 1 1 1 1 1 1 1 1 1 1 1 1 1 1 1 1 1 1 1 1 1 1 1 1 1 1 1 1 1 1 1 1 1 1 1 1 1 1 1 1 1 1 1 1 1 1 1 1 1 1 1 1 1 1 1 1 1 1 1 1 1 1 1 1 1 1 1 1 1 1 1 1 1 1 1 1 1 1 1 1 1 1 1 1 1 1 1 1 1 1 1 1 1 1 1 1 1 1 1 1 1 1 1 1 1 1 1 1 1 1 1 1 1 1 1 1 1 1 1 1 1 1 1 1 1 1 1 1 1 1 1 1 1 1 1 1 1 1 1 1 1 1 1 1 1 1 1 1 1 1 1 1 1 1 1 1 1 1 1 1 1 1 1 1 1 1 1 1 1 1 1 1 1 1 1 1 1 1 1 1 1 1 1 1 1 1 1 1 1 1 1 1 1 1 1 1 1 1 1 1 1 1 1 1 1 1 1 1 1 1 1 1 1 1 1 1 1 1 1 1 1 1 1 1 1 1 1 1 1 1 1 1 1 1 1 1 1 1 1 1 1 1 1 1 1 1 1 1 1 1 1 1 1 1 1 1 1 1 1 1 1 1 1 1 1 1 1 1 1 1 1 1 1 1 1 1 1 1 1 1 1 1 1 1 1 1 1 1 1 1 1 1 1 1 1 1 1 1 1 1 1 1 1 1 1 1 1 1 1 1 1 1 1 1 1 1 1 1 1 1 1 1 1 1 1 1 1 1 1 1 1 1 1 1 1 1 1 1 1 1 1 1 1 1 1 1 1 1 1 1 1 1 1 1 1 1 1 1 1 1 1 1 1 1 1 1 1 1 1 1 1 1 1 1 1 1 1 1 1 1 1 1 1 1 1 1 1 1 1 1 1 1 1 1 1 1 1 1 1 1 1 1 1 1 1 1 1 1 1 1 1 1 1 1 1 1 1 1 1 1 1 1 1 1 1 1 1 1 1 1 1 1 1 1 1 1 1 1 1 1 1 1 1 1 1 1 1 1 1 1 1 1 1 1 1 1 1 1 1 1 1 1 1 1 1 1 1 1 1 1 1 1 1 1 1 1 1 1 1 1 1 1 1 1 1 1 1 1 1 1 1 1 1 1 1 1 1 1 1 1 1 1 1 1 1 1 1 1 1 1 1 1 1 1 1 1 1 1 1 1 1 1 1 1 1 1 1 1 1 1 1 1 1 1 1 1 1 1 1 1 1 1 1 1 1 1 1 1 1 1 1 1 1 1 1 1 1 1 1 1 1 1 1 1 1 1 1 1 1 1 1 1 1 1 1 1 1 1 1 1 1 1 1 1 1 1 1 1 1 1 1 1 1 1 1 1 1 1 1 1 1 1 1 1 1 1 1 1 1 1 1 1 1 1 1 1 1 1 1 1 1 1 1 1 1 1 1 1 1 1 1 1 1 1 1 1 1 1 1 1 1 1 1 1 1 1 1 1 1 1 1 1 1 1 1 1 1 1 1 1 1 1 1 1 1 1 1 1 1 1 1 1 1 1 1 1 1 1 1 1 1 1 1 1 1 1 1 1 1 1 1 1 1 1 1 1 1 1 1 1 1 1 1 1 1 1 1 1 1 1 1 1 1 1 1 1 1 1 1 1 1 1 1 1 1 1 1 1 1 1 1 1 1 1 1 1 1 1 1 1 1 1 1 1 1 1 1 1 1 1 1 1 1 1 1 1 1 1 1 1 1 1 1 1 1 1 1 1 1 1 1 1 1 1 1 1 1 1 1 1 1 1 1 1 1 1 1 1 1 1 1 1 1 1 1 1 1 1 1 1 1 1 1 1 1 1 1 1 1 1 1 1 1 1 1 1 1 1 1 1 1 1 1 1 1 1 1 1 1 1 1 1 1 1 1 1 1 1 1 1 1 1 1 1 1 1 1 1 1 1 1 1 1 1 1 1 1 1 1 1 1 1 1 1 1 1 1 1 1 1 1 1 1 1 1 1 1 1 1 1 1 1 1 1 1 1 1 1 1 1 1 1 1 1 1 1 1 1 1 1 1 1 1 1 1 1 1 1 1 1 1 1 1 1 1 1 1 1 1 1 1 1 1 1 1 1 1 1 1 1 1 1 1 1 1 1 1 1 1 1 1 1 1 1 1 1 1 1 1 1 1 1 1 1 1 1 1 1 1 1 1 1 1 1 1 1 1 1 1 1 1 1 1 1 1 1 1 1 1 1 1 1 1 1 1 1 1 1 1 1 1 1 1 1 1 1 1 1 1 1 1 1 1 1 1 1 1 1 1 1 1 1 1 1 1 1 1 1 1 1 1 1 1 1 1 1 1 1 1 1 1 1 1 1 1 1 1 1 1 1 1 1 1 1 1 1 1 1 1 1 1 1 1 1 1 1 1 1 1 1 1 1 1 1 1 1 1 1 1 1 1 1 1 1 1 1 1 1 1 1 1 1 1 1 1 1 1 1 1 1 1 1 1 1 1 1 1 1 1 1 1 1 1 1 1 1 1 1 1 1 1 1 1 1 1 1 1 1 1 1 1 1 1 1 1 1 1 1 1 1 1 1 1 1 1 1 1 1 1 1 1 1 1 1 1 1 1 1 1 1 1 1 1 1 1 1 1 1 1 1 1 1 1 1 1 1 1 1 1 1 1 1 1 1 1 1 1 1 1 1 1 1 1 1 1 1 1 1 1 1 1 1 1 1 1 1 1 1 1 1 1 1 1 1 1 1 1 1 1 1 1 1 1 1 1 1 1 1 1 1 1 1 1 1 1 1 1 1 1 1 1 1 1 1 1 1 1 1 1 1 1 1 1 1 1 1 1 1 1 1 1 1 1 1 1 1 1 1 1 1 1 1 1 1 1 1 1 1 1 1 1 1 1 1 1 1 1 1 1 1 1 1 1 1 1 1 1 1 1 1 1 1 1 1 1 1 1 1 1 1 1 1 1 1 1 1 1 1 1 1 1 1 1 1 1 1 1 1 1 1 1 1 1 1 1 1 1 1 1 1 1 1 1 1 1 1 1 1 1 1 1 1 1 1 1 1 1 1 1 1 1 1 1 1 1 1 1 1 1 1 1 1 1 1 1 1 1 1 1 1 1 1 1 1 1 1 1 1 1 1 1 1 1 1 1 1 1 1 1 1 1 1 1 1 1 1 1 1 1 1 1 1 1 1 1 1 1 1 1 1 1 1 1 1 1 1 1 1 1 1 1 1 1 1 1 1 1 1 1 1 1 1 1 1 1 1 1 1 1 1 1 1 1 1 1 1 1 1 1 1 1 1 1 1 1 1 1 1 1 1 1 1 1 1 1 1 1 1 1 1 1 1 1 1 1 1 1 1 1 1 1 1 1 1 1 1 1 1 1 1 1 1 1 1 1 1 1 1 1 1 1 1 1 1 1 1 1 1 1 1 1 1 1 1 1 1 1 1 1 1 1 1 1 1 1 1 1 1 1 1 1 1 1 1 1 1 1 1 1 1 1 1 1 1 1 1 1 1 1 1 1 1 1 1 1 1 1 1 1 1 1 1 1 1 1 1 1 1 1 1 1 1 1 1 1 1 1 1 1 1 1 1 1 1 1 1 1 1 1 1 1 1 1 1 1 1 1 1 1 1 1 1 1 1 1 1 1 1 1 1 1 1 1 1 1 1 1 1 1 1 1 1 1 1 1 1 1 1 1 1 1 1 1 1 1 1 1 1 1 1 1 1 1 1 1 1 1 1 1 1 1 1 1 1 1 1 1 1 1 1 1 1 1 1 1 1 1 1 1 1 1 1 1 1 1 1 1 1 1 1 1 1 1 1 1 1 1 1 1 1 1 1 1 1 1 1 1 1 1 1 1 1 1 1 1 1 1 1 1 1 1 1 1 1 1 1 1 1 1 1 1 1 1 1 1 1 1 1 1 1 1 1 1 1 1 1 1 1 1 1 1 1 1 1 1 1 1 1 1 1 1 1 1 1 1 1 1 1 1 1 1 1 1 1 1 1 1 1 1 1 1 1 1 1 1 1 1 1 1 1 1 1 1 1 1 1 1 1 1 1 1 1 1 1 1 1 1 1 1 1 1 1 1 1 1 1 1 1 1 1 1 1 1 1 1 1 1 1 1 1 1 1 1 1 1 1 1 1 1 1 1 1 1 1 1 1 1 1 1 1 1 1 1 1 1 1 1 1 1 1 1 1 1 1 1 1 1 1 1 1 1 1 1 1 1 1 1 1 1 1 1 1 1 1 1 1 1 1 1 1 1 1 1 1 1 1 1 1 1 1 1 1 1 1 1 1 1 1 1 1 1 1 1 1 1 1 1 1 1 1 1 1 1 1 1 1 1 1 1 1 1 1 1 1 1 1 1 1 1 1 1 1 1 1 1 1 1 1 1 1 1 1 1 1 1 1 1 1 1 1 1 1 1 1 1 1 1 1 1 1 1 1 1 1 1 1 1 1 1 1 1 1 1 1 1 1 1 1 1 1 1 1 1 1 1 1 1 1 1 1 1 1 1 1 1 1 1 1 1 1 1 1 1 1 1 1 1 1 1 1 1 1 1 1 1 1 1 1 1 1 1 1 1 1 1 1 1 1 1 1 1 1 1 1 1 1 1 1 1 1 1 1 1 1 1 1 1 1 1 1 1 1 1 1 1 1 1 1 1 1 1 1 1 1 1 1 1 1 1 1 1 1 1 1 1 1 1 1 1 1 1 1 1 1 1 1 1 1 1 1 1 1 1 1 1 1 1 1 1 1 1 1 1 1 1 1 1 1 1 1 1 1 1 1 1 1 1 1 1 1 1 1 1 1 1 1 1 1 1 1 1 1 1 1 1 1 1 1 1 1 1 1 1 1 1 1 1 1 1 1 1 1 1 1 1 1 1 1 1 1 1 1 1 1 1 1 1 1 1 1 1 1 1 1 1 1 1 1 1 1 1 1 1 1 1 1 1 1 1 1 1 1 1 1 1 1 1 1 1 1 1 1 1 1 1 1 1 1 1 1 1 1 1 1 1 1 1 1 1 1 1 1 1 1 1 1 1 1 1 1 1 1 1 1 1 1 1 1 1 1 1 1 1 1 1 1 1 1 1 1 1 1 1 1 1 1 1 1 1 1 1 1 1 1 1 1 1 1 1 1 1 1 1 1 1 1 1 1 1 1 1 1 1 1 1 1 1 1 1 1 1 1 1 1 1 1 1 1 1 1 1 1 1 1 1 1 1 1 1 1 1 1 1 1 1 1 1 1 1 1 1 1 1 1 1 1 1 1 1 1 1 1 1 1 1 1 1 1 1 1 1 1 1 1 1 1 1 1 1 1 1 1 1 1 1 1 1 1 1 1 1 1 1 1 1 1 1 1 1 1 1 1 1 1 1 1 1 1 1 1 1 1 1 1 1 1 1 1 1 1 1 1 1 1 1 1 1 1 1 1 1 1 1 1 1 1 1 1 1 1 1 1 1 1 1 1 1 1 1 1 1 1 1 1 1 1 1 1 1 1 1 1 1 1 1 1 1 1 1 1 1 1 1 1 1 1 1 1 1 1 1 1 1 1 1 1 1 1 1 1 1 1 1 1 1 1 1 1 1 1 1 1 1 1 1 1 1 1 1 1 1 1 1 1 1 1 1 1 1 1 1 1 1 1 1 1 1 1 1 1 1 1 1 1 1 1 1 1 1 1 1 1 1 1 1 1 1 1 1 1 1 1 1 1 1 1 1 1 1 1 1 1 1 1 1 1 1 1 1 1 1 1 1 1 1 1 1 1 1 1 1 1 1 1 1 1 1 1 1 1 1 1 1 1 1 1 1 1 1 1 1 1 1 1 1 1 1 1 1 1 1 1 1 1 1 1 1 1 1 1 1 1 1 1 1 1 1 1 1 1 1 1 1 1 1 1 1 1 1 1 1 1 1 1 1 1 1 1 1 1 1 1 1 1 1 1 1 1 1 1 1 1 1 1 1 1 1 1 1 1 1 1 1 1 1 1 1 1 1 1 1 1 1 1 1 1 1 1 1 1 1 1 1 1 1 1 1 1 1 1 1 1 1 1 1 1 1 1 1 1 1 1 1 1 1 1 1 1 1 1 1 1 1 1 1 1 1 1 1 1 1 1 1 1 1 1 1 1 1 1 1 1 1 1 1 1 1 1 1 1 1 1 1 1 1 1 1 1 1 1 1 1 1 1 1 1 1 1 1 1 1 1 1 1 1 1 1 1 1 1 1 1 1 1 1 1 1 1 1 1 1 1 1 1 1 1 1 1 1 1 1 1 1 1 1 1 1 1 1 1 1 1 1 1 1 1 1 1 1 1 1 1 1 1 1 1 1 1 1 1 1 1 1 1 1 1 1 1 1 1 1 1 1 1 1 1 1 1 1 1 1 1 1 1 1 1 1 1 1 1 1 1 1 1 1 1 1 1 1 1 1 1 1 1 1 1 1 1 1 1 1 1 1 1 1 1 1 1 1 1 1 1 1 1 1 1 1 1 1 1 1 1 1 1 1 1 1 1 1 1 1 1 1 1 1 1 1 1 1 1 1 1 1 1 1 1 1 1 1 1 1 1 1 1 1 1 1 1 1 1 1 1 1 1 1 1 1 1 1 1 1 1 1 1 1 1 1 1 1 1 1 1 1 1 1 1 1 1 1 1 1 1 1 1 1 1 1 1 1 1 1 1 1 1 1 1 1 1 1 1 1 1 1 1 1 1 1 1 1 1 1 1 1 1 1 1 1 1 1 1 1 1 1 1 1 1 1 1 1 1 1 1 1 1 1 1 1 1 1 1 1 1 1 1 1 1 1 1 1 1 1 1 1 1 1 1 1 1 1 1 1 1 1 1 1 1 1 1 1 1 1 1 1 1 1 1 1 1 1 1 1 1 1 1 1 1 1 1 1 1 1 1 1 1 1 1 1 1 1 1 1 1 1 1 1 1 1 1 1 1 1 1 1 1 1 1 1 1 1 1 1 1 1 1 1 1 1 1 1 1 1 1 1 1 1 1 1 1 1 1 1 1 1 1 1 1 1 1 1 1 1 1 1 1 1 1 1 1 1 1 1 1 1 1 1 1 1 1 1 1 1 1 1 1 1 1 1 1 1 1 1 1 1 1 1 1 1 1 1 1 1 1 1 1 1 1 1 1 1 1 1 1 1 1 1 1 1 1 1 1 1 1 1 1 1 1 1 1 1 1 1 1 1 1 1 1 1 1 1 1 1 1 1 1 1 1 1 1 1 1 1 1 1 1 1 1 1 1 1 1 1 1 1 1 1 1 1 1 1 1 1 1 1 1 1 1 1 1 1 1 1 1 1 1 1 1 1 1 1 1 1 1 1 1 1 1 1 1 1 1 1 1 1 1 1 1 1 1 1 1 1 1 1 1 1 1 1 1 1 1 1 1 1 1 1 1 1 1 1 1 1 1 1 1 1 1 1 1 1 1 1 1 1 1 1 1 1 1 1 1 1 1 1 1 1 1 1 1 1 1 1 1 1 1 1 1 1 1 1 1 1 1 1 1 1 1 1 1 1 1 1 1 1 1 1 1 1 1 1 1 1 1 1 1 1 1 1 1 1 1 1 1 1 1 1 1 1 1 1 1 1 1 1 1 1 1 1 1 1 1 1 1 1 1 1 1 1 1 1 1 1 1 1 1 1 1 1 1 1 1 1 1 1 1 1 1 1 1 1 1 1 1 1 1 1 1 1 1 1 1 1 1 1 1 1 1 1 1 1 1 1 1 1 1 1 1 1 1 1 1 1 1 1 1 1 1 1 1 1 1 1 1 1 1 1 1 1 1 1 1 1 1 1 1 1 1 1 1 1 1 1 1 1 1 1 1 1 1 1 1 1 1 1 1 1 1 1 1 1 1 1 1 1 1 1 1 1 1 1 1 1 1 1 1 1 1 1 1 1 1 1 1 1 1 1 1 1 1 1 1 1 1 1 1 1 1 1 1 1 1 1 1 1 1 1 1 1 1 1 1 1 1 1 1 1 1 1 1 1 1 1 1 1 1 1 1 1 1 1 1 1 1 1 1 1 1 1 1 1 1 1 1 1 1 1 1 1 1 1 1 1 1 1 1 1 1 1 1 1 1 1 1 1 1 1 1 1 1 1 1 1 1 1 1 1 1 1 1 1 1 1 1 1 1 1 1 1 1 1 1 1 1 1 1 1 1 1 1 1 1 1 1 1 1 1 1 1 1 1 1 1 1 1 1 1 1 1 1 1 1 1 1 1 1 1 1 1 1 1 1 1 1 1 1 1 1 1 1 1 1 1 1 1 1 1 1 1 1 1 1 1 1 1 1 1 1 1 1 1 1 1 1 1 1 1 1 1 1 1 1 1 1 1 1 1 1 1 1 1 1 1 1 1 1 1 1 1 1 1 1 1 1 1 1 1 1 1 1 1 1 1 1 1 1 1 1 1 1 1 1 1 1 1 1 1 1 1 1 1 1 1 1 1 1 1 1 1 1 1 1 1 1 1 1 1 1 1 1 1 1 1 1 1 1 1 1 1 1 1 1 1 1 1 1 1 1 1 1 1 1 1 1 1 1 1 1 1 1 1 1 1 1 1 1 1 1 1 1 1 1 1 1 1 1 1 1 1 1 1 1 1 1 1 1 1 1 1 1 1 1 1 1 1 1 1 1 1 1 1 1 1 1 1 1 1 1 1 1 1 1 1 1 1 1 1 1 1 1 1 1 1 1 1 1 1 1 1 1 1 1 1 1 1 1 1 1 1 1 1 1 1 1 1 1 1 1 1 1 1 1 1 1 1 1 1 1 1 1 1 1 1 1 1 1 1 1 1 1 1 1 1 1 1 1 1 1 1 1 1 1 1 1 1 1 1 1 1 1 1 1 1 1 1 1 1 1 1 1 1 1 1 1 1 1 1 1 1 1 1 1 1 1 1 1 1 1 1 1 1 1 1 1 1 1 1 1 1 1 1 1 1 1 1 1 1 1 1 1 1 1 1 1 1 1 1 1 1 1 1 1 1 1 1 1 1 1 1 1 1 1 1 1 1 1 1 1 1 1 1 1 1 1 1 1 1 1 1 1 1 1 1 1 1 1 1 1 1 1 1 1 1 1 1 1 1 1 1 1 1 1 1 1 1 1 1 1 1 1 1 1 1 1 1 1 1 1 1 1 1 1 1 1 1 1 1 1 1 1 1 1 1 1 1 1 1 1 1 1 1 1 1 1 1 1 1 1 1 1 1 1 1 1 1 1 1 1 1 1 1 1 1 1 1 1 1 1 1 1 1 1 1 1 1 1 1 1 1 1 1 1 1 1 1 1 1 1 1 1 1 1 1 1 1 1 1 1 1 1 1 1 1 1 1 1 1 1 1 1 1 1 1 1 1 1 1 1 1 1 1 1 1 1 1 1 1 1 1 1 1 1 1 1 1 1 1 1 1 1 1 1 1 1 1 1 1 1 1 1 1 1 1 1 1 1 1 1 1 1 1 1 1 1 1 1 1 1 1 1 1 1 1 1 1 1 1 1 1 1 1 1 1 1 1 1 1 1 1 1 1 1 1 1 1 1 1 1 1 1 1 1 1 1 1 1 1 1 1 1 1 1 1 1 1 1 1 1 1 1 1 1 1 1 1 1 1 1 1 1 1 1 1 1 1 1 1 1 1 1 1 1 1 1 1 1 1 1 1 1 1 1 1 1 1 1 1 1 1 1 1 1 1 1 1 1 1 1 1 1 1 1 1 1 1 1 1 1 1 1 1 1 1 1 1 1 1 1 1 1 1 1 1 1 1 1 1 1 1 1 1 1 1 1 1 1 1 1 1 1 1 1 1 1 1 1 1 1 1 1 1 1 1 1 1 1 1 1 1 1 1 1 1 1 1 1 1 1 1 1 1 1 1 1 1 1 1 1 1 1 1 1 1 1 1 1 1 1 1 1 1 1 1 1 1 1 1 1 1 1 1 1 1 1 1 1 1 1 1 1 1 1 1 1 1 1 1 1 1 1 1 1 1 1 1 1 1 1 1 1 1 1 1 1 1 1 1 1 1 1 1 1 1 1 1 1 1 1 1 1 1 1 1 1 1 1 1 1 1 1 1 1 1 1 1 1 1 1 1 1 1 1 1 1 1 1 1 1 1 1 1 1 1 1 1 1 1 1 1 1 1 1 1 1 1 1 1 1 1 1 1 1 1 1 1 1 1 1 1 1 1 1 1 1 1 1 1 1 1 1 1 1 1 1 1 1 1 1 1 1 1 1 1 1 1 1 1 1 1 1 1 1 1 1 1 1 1 1 1 1 1 1 1 1 1 1 1 1 1 1 1 1 1 1 1 1 1 1 1 1 1 1 1 1 1 1 1 1 1 1 1 1 1 1 1 1 1 1 1 1 1 1 1 1 1 1 1 1 1 1 1 1 1 1 1 1 1 1 1 1 1 1 1 1 1 1 1 1 1 1 1 1 1 1 1 1 1 1 1 1 1 1 1 1 1 1 1 1 1 1 1 1 1 1 1 1 1 1 1 1 1 1 1 1 1 1 1 1 1 1 1 1 1 1 1 1 1 1 1 1 1 1 1 1 1 1 1 1 1 1 1 1 1 1 1 1 1 1 1 1 1 1 1 1 1 1 1 1 1 1 1 1 1 1 1 1 1 1 1 1 1 1 1 1 1 1 1 1 1 1 1 1 1 1 1 1 1 1 1 1 1 1 1 1 1 1 1 1 1 1 1 1 1 1 1 1 1 1 1 1 1 1 1 1 1 1 1 1 1 1 1 1 1 1 1 1 1 1 1 1 1 1 1 1 1 1 1 1 1 1 1 1 1 1 1 1 1 1 1 1 1 1 1 1 1 1 1 1 1 1 1 1 1 1 1 1 1 1 1 1 1 1 1 1 1 1 1 1 1 1 1 1 1 1 1 1 1 1 1 1 1 1 1 1 1 1 1 1 1 1 1 1 1 1 1 1 1 1 1 1 1 1 1 1 1 1 1 1 1 1 1 1 1 1 1 1 1 1 1 1 1 1 1 1 1 1 1 1 1 1 1 1 1 1 1 1 1 1 1 1 1 1 1 1 1 1 1 1 1 1 1 1 1 1 1 1 1 1 1 1 1 1 1 1 1 1 1 1 1 1 1 1 1 1 1 1 1 1 1 1 1 1 1 1 1 1 1 1 1 1 1 1 1 1 1 1 1 1 1 1 1 1 1 1 1 1 1 1 1 1 1 1 1 1 1 1 1 1 1 1 1 1 1 1 1 1 1 1 1 1 1 1 1 1 1 1 1 1 1 1 1 1 1 1 1 1 1 1 1 1 1 1 1 1 1 1 1 1 1 1 1 1 1 1 1 1 1 1 1 1 1 1 1 1 1 1 1 1 1 1 1 1 1 1 1 1 1 1 1 1 1 1 1 1 1 1 1 1 1 1 1 1 1 1 1 1 1 1 1 1 1 1 1 1 1 1 1 1 1 1 1 1 1 1 1 1 1 1 1 1 1 1 1 1 1 1 1 1 1 1 1 1 1 1 1 1 1 1 1 1 1 1 1 1 1 1 1 1 1 1 1 1 1 1 1 1 1 1 1 1 1 1 1 1 1 1 1 1 1 1 1 1 1 1 1 1 1 1 1 1 1 1 1 1 1 1 1 1 1 1 1 1 1 1 1 1 1 1 1 1 1 1 1 1 1 1 1 1 1 1 1 1 1 1 1 1 1 1 1 1 1 1 1 1 1 1 1 1 1 1 1 1 1 1 1 1 1 1 1 1 1 1 1 1 1 1 1 1 1 1 1 1 1 1 1 1 1 1 1 1 1 1 1 1 1 1 1 1 1 1 1 1 1 1 1 1 1 1 1 1 1 1 1 1 1 1 1 1 1 1 1 1 1 1 1 1 1 1 1 1 1 1 1 1 1 1 1 1 1 1 1 1 1 1 1 1 1 1 1 1 1 1 1 1 1 1 1 1 1 1 1 1 1 1 1 1 1 1 1 1 1 1 1 1 1 1 1 1 1 1 1 1 1 1 1 1 1 1 1 1 1 1 1 1 1 1 1 1 1 1 1 1 1 1 1 1 1 1 1 1 1 1 1 1 1 1 1 1 1 1 1 1 1 1 1 1 1 1 1 1 1 1 1 1 1 1 1 1 1 1 1 1 1 1 1 1 1 1 1 1 1 1 1 1 1 1 1 1 1 1 1 1 1 1 1 1 1 1 1 1 1 1 1 1 1 1 1 1 1 1 1 1 1 1 1 1 1 1 1 1 1 1 1 1 1 1 1 1 1 1 1 1 1 1 1 1 1 1 1 1 1 1 1 1 1 1 1 1 1 1 1 1 1 1 1 1 1 1 1 1 1 1 1 1 1 1 1 1 1 1 1 1 1 1 1 1 1 1 1 1 1 1 1 1 1 1 1 1 1 1 1 1 1 1 1 1 1 1 1 1 1 1 1 1 1 1 1 1 1 1 1 1 1 1 1 1 1 1 1 1 1 1 1 1 1 1 1 1 1 1 1 1 1 1 1 1 1 1 1 1 1 1 1 1 1 1 1 1 1 1 1 1 1 1 1 1 1 1 1 1 1 1 1 1 1 1 1 1 1 1 1 1 1 1 1 1 1 1 1 1 1 1 1 1 1 1 1 1 1 1 1 1 1 1 1 1 1 1 1 1 1 1 1 1 1 1 1 1 1 1 1 1 1 1 1 1 1 1 1 1 1 1 1 1 1 1 1 1 1 1 1 1 1 1 1 1 1 1 1 1 1 1 1 1 1 1 1 1 1 1 1 1 1 1 1 1 1 1 1 1 1 1 1 1 1 1 1 1 1 1 1 1 1 1 1 1 1 1 1 1 1 1 1 1 1 1 1 1 1 1 1 1 1 1 1 1 1 1 1 1 1 1 1 1 1 1 1 1 1 1 1 1 1 1 1 1 1 1 1 1 1 1 1 1 1 1 1 1 1 1 1 1 1 1 1 1 1 1 1 1 1 1 1 1 1 1 1 1 1 1 1 1 1 1 1 1 1 1 1 1 1 1 1 1 1 1 1 1 1 1 1 1 1 1 1 1 1 1 1 1 1 1 1 1 1 1 1 1 1 1 1 1 1 1 1 1 1 1 1 1 1 1 1 1 1 1 1 1 1 1 1 1 1 1 1 1 1 1 1 1 1 1 1 1 1 1 1 1 1 1 1 1 1 1 1 1 1 1 1 1 1 1 1 1 1 1 1 1 1 1 1 1 1 1 1 1 1 1 1 1 1 1 1 1 1 1 1 1 1 1 1 1 1 1 1 1 1 1 1 1 1 1 1 1 1 1 1 1 1 1 1 1 1 1 1 1 1 1 1 1 1 1 1 1 1 1 1 1 1 1 1 1 1 1 1 1 1 1 1 1 1 1 1 1 1 1 1 1 1 1 1 1 1 1 1 1 1 1 1 1 1 1 1 1 1 1 1 1 1 1 1 1 1 1 1 1 1 1 1 1 1 1 1 1 1 1 1 1 1 1 1 1 1 1 1 1 1 1 1 1 1 1 1 1 1 1 1 1 1 1 1 1 1 1 1 1 1 1 1 1 1 1 1 1 1 1 1 1 1 1 1 1 1 1 1 1 1 1 1 1 1 1 1 1 1 1 1 1 1 1 1 1 1 1 1 1 1 1 1 1 1 1 1 1 1 1 1 1 1 1 1 1 1 1 1 1 1 1 1 1 1 1 1 1 1 1 1 1 1 1 1 1 1 1 1 1 1 1 1 1 1 1 1 1 1 1 1 1 1 1 1 1 1 1 1 1 1 1 1 1 1 1 1 1 1 1 1 1 1 1 1 1 1 1 1 1 1 1 1 1 1 1 1 1 1 1 1 1 1 1 1 1 1 1 1 1 1 1 1 1 1 1 1 1 1 1 1 1 1 1 1 1 1 1 1 1 1 1 1 1 1 1 1 1 1 1 1 1 1 1 1 1 1 1 1 1 1 1 1 1 1 1 1 1 1 1 1 1 1 1 1 1 1 1 1 1 1 1 1 1 1 1 1 1 1 1 1 1 1 1 1 1 1 1 1 1 1 1 1 1 1 1 1 1 1 1 1 1 1 1 1 1 1 1 1 1 1 1 1 1 1 1 1 1 1 1 1 1 1 1 1 1 1 1 1 1 1 1 1 1 1 1 1 1 1 1 1 1 1 1 1 1 1 1 1 1 1 1 1 1 1 1 1 1 1 1 1 1 1 1 1 1 1 1 1 1 1 1 1 1 1 1 1 1 1 1 1 1 1 1 1 1 1 1 1 1 1 1 1 1 1 1 1 1 1 1 1 1 1 1 1 1 1 1 1 1 1 1 1 1 1 1 1 1 1 1 1 1 1 1 1 1 1 1 1 1 1 1 1 1 1 1 1 1 1 1 1 1 1 1 1 1 1 1 1 1 1 1 1 1 1 1 1 1 1 1 1 1 1 1 1 1 1 1 1 1 1 1 1 1 1 1 1 1 1 1 1 1 1 1 1 1 1 1 1 1 1 1 1 1 1 1 1 1 1 1 1 1 1 1 1 1 1 1 1 1 1 1 1 1 1 1 1 1 1 1 1 1 1 1 1 1 1 1 1 1 1 1 1 1 1 1 1 1 1 1 1 1 1 1 1 1 1 1 1 1 1 1 1 1 1 1 1 1 1 1 1 1 1 1 1 1 1 1 1 1 1 1 1 1 1 1 1 1 1 1 1 1 1 1 1 1 1 1 1 1 1 1 1 1 1 1 1 1 1 1 1 1 1 1 1 1 1 1 1 1 1 1 1 1 1 1 1 1 1 1 1 1 1 1 1 1 1 1 1 1 1 1 1 1 1 1 1 1 1 1 1 1 1 1 1 1 1 1 1 1 1 1 1 1 1 1 1 1 1 1 1 1 1 1 1 1 1 1 1 1 1 1 1 1 1 1 1 1 1 1 1 1 1 1 1 1 1 1 1 1 1 1 1 1 1 1 1 1 1 1 1 1 1 1 1 1 1 1 1 1 1 1 1 1 1 1 1 1 1 1 1 1 1 1 1 1 1 1 1 1 1 1 1 1 1 1 1 1 1 1 1 1 1 1 1 1 1 1 1 1 1 1 1 1 1 1 1 1 1 1 1 1 1 1 1 1 1 1 1 1 1 1 1 1 1 1 1 1 1 1 1 1 1 1 1 1 1 1 1 1 1 1 1 1 1 1 1 1 1 1 1 1 1 1 1 1 1 1 1 1 1 1 1 1 1 1 1 1 1 1 1 1 1 1 1 1 1 1 1 1 1 1 1 1 1 1 1 1 1 1 1 1 1 1 1 1 1 1 1 1 1 1 1 1 1 1 1 1 1 1 1 1 1 1 1 1 1 1 1 1 1 1 1 1 1 1 1 1 1 1 1 1 1 1 1 1 1 1 1 1 1 1 1 1 1 1 1 1 1 1 1 1 1 1 1 1 1 1 1 1 1 1 1 1 1 1 1 1 1 1 1 1 1 1 1 1 1 1 1 1 1 1 1 1 1 1 1 1 1 1 1 1 1 1 1 1 1 1 1 1 1 1 1 1 1 1 1 1 1 1 1 1 1 1 1 1 1 1 1 1 1 1 1 1 1 1 1 1 1 1 1 1 1 1 1 1 1 1 1 1 1 1 1 1 1 1 1 1 1 1 1 1 1 1 1 1 1 1 1 1 1 1 1 1 1 1 1 1 1 1 1 1 1 1 1 1 1 1 1 1 1 1 1 1 1 1 1 1 1 1 1 1 1 1 1 1 1 1 1 1 1 1 1 1 1 1 1 1 1 1 1 1 1 1 1 1 1 1 1 1 1 1 1 1 1 1 1 1 1 1 1 1 1 1 1 1 1 1 1 1 1 1 1 1 1 1 1 1 1 1 1 1 1 1 1 1 1 1 1 1 1 1 1 1 1 1 1 1 1 1 1 1 1 1 1 1 1 1 1 1 1 1 1 1 1 1 1 1 1 1 1 1 1 1 1 1 1 1 1 1 1 1 1 1 1 1 1 1 1 1 1 1 1 1 1 1 1 1 1 1 1 1 1 1 1 1 1 1 1 1 1 1 1 1 1 1 1 1 1 1 1 1 1 1 1 1 1 1 1 1 1 1 1 1 1 1 1 1 1 1 1 1 1 1 1 1 1 1 1 1 1 1 1 1 1 1 1 1 1 1 1 1 1 1 1 1 1 1 1 1 1 1 1 1 1 1 1 1 1 1 1 1 1 1 1 1 1 1 1 1 1 1 1 1 1 1 1 1 1 1 1 1 1 1 1 1 1 1 1 1 1 1 1 1 1 1 1 1 1 1 1 1 1 1 1 1 1 1 1 1 1 1 1 1 1 1 1 1 1 1 1 1 1 1 1 1 1 1 1 1 1 1 1 1 1 1 1 1 1 1 1 1 1 1 1 1 1 1 1 1 1 1 1 1 1 1 1 1 1 1 1 1 1 1 1 1 1 1 1 1 1 1 1 1 1 1 1 1 1 1 1 1 1 1 1 1 1 1 1 1 1 1 1 1 1 1 1 1 1 1 1 1 1 1 1 1 1 1 1 1 1 1 1 1 1 1 1 1 1 1 1 1 1 1 1 1 1 1 1 1 1 1 1 1 1 1 1 1 1 1 1 1 1 1 1 1 1 1 1 1 1 1 1 1 1 1 1 1 1 1 1 1 1 1 1 1 1 1 1 1 1 1 1 1 1 1 1 1 1 1 1 1 1 1 1 1 1 1 1 1 1 1 1 1 1 1 1 1 1 1 1 1 1 1 1 1 1 1 1 1 1 1 1 1 1 1 1 1 1 1 1 1 1 1 1 1 1 1 1 1 1 1 1 1 1 1 1 1 1 1 1 1 1 1 1 1 1 1 1 1 1 1 1 1 1 1 1 1 1 1 1 1 1 1 1 1 1 1 1 1 1 1 1 1 1 1 1 1 1 1 1 1 1 1 1 1 1 1 1 1 1 1 1 1 1 1 1 1 1 1 1 1 1 1 1 1 1 1 1 1 1 1 1 1 1 1 1 1 1 1 1 1 1 1 1 1 1 1 1 1 1 1 1 1 1 1 1 1 1 1 1 1 1 1 1 1 1 1 1 1 1 1 1 1 1 1 1 1 1 1 1 1 1 1 1 1 1 1 1 1 1 1 1 1 1 1 1 1 1 1 1 1 1 1 1 1 1 1 1 1 1 1 1 1 1 1 1 1 1 1 1 1 1 1 1 1 1 1 1 1 1 1 1 1 1 1 1 1 1 1 1 1 1 1 1 1 1 1 1 1 1 1 1 1 1 1 1 1 1 1 1 1 1 1 1 1 1 1 1 1 1 1 1 1 1 1 1 1 1 1 1 1 1 1 1 1 1 1 1 1 1 1 1 1 1 1 1 1 1 1 1 1 1 1 1 1 1 1 1 1 1 1 1 1 1 1 1 1 1 1 1 1 1 1 1 1 1 1 1 1 1 1 1 1 1 1 1 1 1 1 1 1 1 1 1 1 1 1 1 1 1 1 1 1 1 1 1 1 1 1 1 1 1 1 1 1 1 1 1 1 1 1 1 1 1 1 1 1 1 1 1 1 1 1 1 1 1 1 1 1 1 1 1 1 1 1 1 1 1 1 1 1 1 1 1 1 1 1 1 1 1 1 1 1 1 1 1 1 1 1 1 1 1 1 1 1 1 1 1 1 1 1 1 1 1 1 1 1 1 1 1 1 1 1 1 1 1 1 1 1 1 1 1 1 1 1 1 1 1 1 1 1 1 1 1 1 1 1 1 1 1 1 1 1 1 1 1 1 1 1 1 1 1 1 1 1 1 1 1 1 1 1 1 1 1 1 1 1 1 1 1 1 1 1 1 1 1 1 1 1 1 1 1 1 1 1 1 1 1 1 1 1 1 1 1 1 1 1 1 1 1 1 1 1 1 1 1 1 1 1 1 1 1 1 1 1 1 1 1 1 1 1 1 1 1 1 1 1 1 1 1 1 1 1 1 1 1 1 1 1 1 1 1 1 1 1 1 1 1 1 1 1 1 1 1 1 1 1 1 1 1 1 1 1 1 1 1 1 1 1 1 1 1 1 1 1 1 1 1 1 1 1 1 1 1 1 1 1 1 1 1 1 1 1 1 1 1 1 1 1 1 1 1 1 1 1 1 1 1 1 1 1 1 1 1 1 1 1 1 1 1 1 1 1 1 1 1 1 1 1 1 1 1 1 1 1 1 1 1 1 1 1 1 1 1 1 1 1 1 1 1 1 1 1 1 1 1 1 1 1 1 1 1 1 1 1 1 1 1 1 1 1 1 1 1 1 1 1 1 1 1 1 1 1 1 1 1 1 1 1 1 1 1 1 1 1 1 1 1 1 1 1 1 1 1 1 1 1 1 1 1 1 1 1 1 1 1 1 1 1 1 1 1 1 1 1 1 1 1 1 1 1 1 1 1 1 1 1 1 1 1 1 1 1 1 1 1 1 1 1 1 1 1 1 1 1 1 1 1 1 1 1 1 1 1 1 1 1 1 1 1 1 1 1 1 1 1 1 1 1 1 1 1 1 1 1 1 1 1 1 1 1 1 1 1 1 1 1 1 1 1 1 1 1 1 1 1 1 1 1 1 1 1 1 1 1 1 1 1 1 1 1 1 1 1 1 1 1 1 1 1 1 1 1 1 1 1 1 1 1 1 1 1 1 1 1 1 1 1 1 1 1 1 1 1 1 1 1 1 1 1 1 1 1 1 1 1 1 1 1 1 1 1 1 1 1 1 1 1 1 1 1 1 1 1 1 1 1 1 1 1 1 1 1 1 1 1 1 1 1 1 1 1 1 1 1 1 1 1 1 1 1 1 1 1 1 1 1 1 1 1 1 1 1 1 1 1 1 1 1 1 1 1 1 1 1 1 1 1 1 1 1 1 1 1 1 1 1 1 1 1 1 1 1 1 1 1 1 1 1 1 1 1 1 1 1 1 1 1 1 1 1 1 1 1 1 1 1 1 1 1 1 1 1 1 1 1 1 1 1 1 1 1 1 1 1 1 1 1 1 1 1 1 1 1 1 1 1 1 1 1 1 1 1 1 1 1 1 1 1 1 1 1 1 1 1 1 1 1 1 1 1 1 1 1 1 1 1 1 1 1 1 1 1 1 1 1 1 1 1 1 1 1 1 1 1 1 1 1 1 1 1 1 1 1 1 1 1 1 1 1 1 1 1 1 1 1 1 1 1 1 1 1 1 1 1 1 1 1 1 1 1 1 1 1 1 1 1 1 1 1 1 1 1 1 1 1 1 1 1 1 1 1 1 1 1 1 1 1 1 1 1 1 1 1 1 1 1 1 1 1 1 1 1 1 1 1 1 1 1 1 1 1 1 1 1 1 1 1 1 1 1 1 1 1 1 1 1 1 1 1 1 1 1 1 1 1 1 1 1 1 1 1 1 1 1 1 1 1 1 1 1 1 1 1 1 1 1 1 1 1 1 1 1 1 1 1 1 1 1 1 1 1 1 1 1 1 1 1 1 1 1 1 1 1 1 1 1 1 1 1 1 1 1 1 1 1 1 1 1 1 1 1 1 1 1 1 1 1 1 1 1 1 1 1 1 1 1 1 1 1 1 1 1 1 1 1 1 1 1 1 1 1 1 1 1 1 1 1 1 1 1 1 1 1 1 1 1 1 1 1 1 1 1 1 1 1 1 1 1 1 1 1 1 1 1 1 1 1 1 1 1 1 1 1 1 1 1 1 1 1 1 1 1 1 1 1 1 1 1 1 1 1 1 1 1 1 1 1 1 1 1 1 1 1 1 1 1 1 1 1 1 1 1 1 1 1 1 1 1 1 1 1 1 1 1 1 1 1 1 1 1 1 1 1 1 1 1 1 1 1 1 1 1 1 1 1 1 1 1 1 1 1 1 1 1 1 1 1 1 1 1 1 1 1 1 1 1 1 1 1 1 1 1 1 1 1 1 1 1 1 1 1 1 1 1 1 1 1 1 1 1 1 1 1 1 1 1 1 1 1 1 1 1 1 1 1 1 1 1 1 1 1 1 1 1 1 1 1 1 1 1 1 1 1 1 1 1 1 1 1 1 1 1 1 1 1 1 1 1 1 1 1 1 1 1 1 1 1 1 1 1 1 1 1 1 1 1 1 1 1 1 1 1 1 1 1 1 1 1 1 1 1 1 1 1 1 1 1 1 1 1 1 1 1 1 1 1 1 1 1 1 1 1 1 1 1 1 1 1 1 1 1 1 1 1 1 1 1 1 1 1 1 1 1 1 1 1 1 1 1 1 1 1 1 1 1 1 1 1 1 1 1 1 1 1 1 1 1 1 1 1 1 1 1 1 1 1 1 1 1 1 1 1 1 1 1 1 1 1 1 1 1 1 1 1 1 1 1 1 1 1 1 1 1 1 1 1 1 1 1 1 1 1 1 1 1 1 1 1 1 1 1 1 1 1 1 1 1 1 1 1 1 1 1 1 1 1 1 1 1 1 1 1 1 1 1 1 1 1 1 1 1 1 1 1 1 1 1 1 1 1 1 1 1 1 1 1 1 1 1 1 1 1 1 1 1 1 1 1 1 1 1 1 1 1 1 1 1 1 1 1 1 1 1 1 1 1 1 1 1 1 1 1 1 1 1 1 1 1 1 1 1 1 1 1 1 1 1 1 1 1 1 1 1 1 1 1 1 1 1 1 1 1 1 1 1 1 1 1 1 1 1 1 1 1 1 1 1 1 1 1 1 1 1 1 1 1 1 1 1 1 1 1 1 1 1 1 1 1 1 1 1 1 1 1 1 1 1 1 1 1 1 1 1 1 1 1 1 1 1 1 1 1 1 1 1 1 1 1 1 1 1 1 1 1 1 1 1 1 1 1 1 1 1 1 1 1 1 1 1 1 1 1 1 1 1 1 1 1 1 1 1 1 1 1 1 1 1 1 1 1 1 1 1 1 1 1 1 1 1 1 1 1 1 1 1 1 1 1 1 1 1 1 1 1 1 1 1 1 1 1 1 1 1 1 1 1 1 1 1 1 1 1 1 1 1 1 1 1 1 1 1 1 1 1 1 1 1 1 1 1 1 1 1 1 1 1 1 1 1 1 1 1 1 1 1 1 1 1 1 1 1 1 1 1 1 1 1 1 1 1 1 1 1 1 1 1 1 1 1 1 1 1 1 1 1 1 1 1 1 1 1 1 1 1 1 1 1 1 1 1 1 1 1 1 1 1 1 1 1 1 1 1 1 1 1 1 1 1 1 1 1 1 1 1 1 1 1 1 1 1 1 1 1 1 1 1 1 1 1 1 1 1 1 1 1 1 1 1 1 1 1 1 1 1 1 1 1 1 1 1 1 1 1 1 1 1 1 1 1 1 1 1 1 1 1 1 1 1 1 1 1 1 1 1 1 1 1 1 1 1 1 1 1 1 1 1 1 1 1 1 1 1 1 1 1 1 1 1 1 1 1 1 1 1 1 1 1 1 1 1 1 1 1 1 1 1 1 1 1 1 1 1 1 1 1 1 1 1 1 1 1 1 1 1 1 1 1 1 1 1 1 1 1 1 1 1 1 1 1 1 1 1 1 1 1 1 1 1 1 1 1 1 1 1 1 1 1 1 1 1 1 1 1 1 1 1 1 1 1 1 1 1 1 1 1 1 1 1 1 1 1 1 1 1 1 1 1 1 1 1 1 1 1 1 1 1 1 1 1 1 1 1 1 1 1 1 1 1 1 1 1 1 1 1 1 1 1 1 1 1 1 1 1 1 1 1 1 1 1 1 1 1 1 1 1 1 1 1 1 1 1 1 1 1 1 1 1 1 1 1 1 1 1 1 1 1 1 1 1 1 1 1 1 1 1 1 1 1 1 1 1 1 1 1 1 1 1 1 1 1 1 1 1 1 1 1 1 1 1 1 1 1 1 1 1 1 1 1 1 1 1 1 1 1 1 1 1 1 1 1 1 1 1 1 1 1 1 1 1 1 1 1 1 1 1 1 1 1 1 1 1 1 1 1 1 1 1 1 1 1 1 1 1 1 1 1 1 1 1 1 1 1 1 1 1 1 1 1 1 1 1 1 1 1 1 1 1 1 1 1 1 1 1 1 1 1 1 1 1 1 1 1 1 1 1 1 1 1 1 1 1 1 1 1 1 1 1 1 1 1 1 1 1 1 1 1 1 1 1 1 1 1 1 1 1 1 1 1 1 1 1 1 1 1 1 1 1 1 1 1 1 1 1 1 1 1 1 1 1 1 1 1 1 1 1 1 1 1 1 1 1 1 1 1 1 1 1 1 1 1 1 1 1 1 1 1 1 1 1 1 1 1 1 1 1 1 1 1 1 1 1 1 1 1 1 1 1 1 1 1 1 1 1 1 1 1 1 1 1 1 1 1 1 1 1 1 1 1 1 1 1 1 1 1 1 1 1 1 1 1 1 1 1 1 1 1 1 1 1 1 1 1 1 1 1 1 1 1 1 1 1 1 1 1 1 1 1 1 1 1 1 1 1 1 1 1 1 1 1 1 1 1 1 1 1 1 1 1 1 1 1 1 1 1 1 1 1 1 1 1 1 1 1 1 1 1 1 1 1 1 1 1 1 1 1 1 1 1 1 1 1 1 1 1 1 1 1 1 1 1 1 1 1 1 1 1 1 1 1 1 1 1 1 1 1 1 1 1 1 1 1 1 1 1 1 1 1 1 1 1 1 1 1 1 1 1 1 1 1 1 1 1 1 1 1 1 1 1 1 1 1 1 1 1 1 1 1 1 1 1 1 1 1 1 1 1 1 1 1 1 1 1 1 1 1 1 1 1 1 1 1 1 1 1 1 1 1 1 1 1 1 1 1 1 1 1 1</float_array>
          <technique_common>
            <accessor source="#A_weponShape-mesh-colors-Col-array" count="3570" stride="4">
              <param name="R" type="float"/>
              <param name="G" type="float"/>
              <param name="B" type="float"/>
              <param name="A" type="float"/>
            </accessor>
          </technique_common>
        </source>
        <vertices id="A_weponShape-mesh-vertices">
          <input semantic="POSITION" source="#A_weponShape-mesh-positions"/>
        </vertices>
        <triangles material="metal_samusd_001-material" count="1190">
          <input semantic="VERTEX" source="#A_weponShape-mesh-vertices" offset="0"/>
          <input semantic="NORMAL" source="#A_weponShape-mesh-normals" offset="1"/>
          <input semantic="TEXCOORD" source="#A_weponShape-mesh-map-0" offset="2" set="0"/>
          <input semantic="COLOR" source="#A_weponShape-mesh-colors-Col" offset="3" set="0"/>
          <p>1 0 0 0 0 1 1 1 4 2 2 2 0 1 3 3 7 3 4 4 6 4 5 5 6 4 6 6 5 5 7 7 0 1 8 8 4 2 9 9 0 1 10 10 5 5 11 11 0 1 12 12 1 0 13 13 2 6 14 14 2 7 15 15 1 7 16 16 3 7 17 17 10 8 18 18 20 9 19 19 5 5 20 20 6 4 21 21 10 8 22 22 5 5 23 23 6 4 24 24 8 10 25 25 10 8 26 26 7 3 27 27 8 10 28 28 6 4 29 29 9 11 30 30 20 9 31 31 10 8 32 32 8 10 33 33 9 11 34 34 10 8 35 35 9 11 36 36 19 12 37 37 20 9 38 38 19 12 39 39 9 11 40 40 12 13 41 41 9 11 42 42 11 14 43 43 12 13 44 44 8 10 45 45 11 14 46 46 9 11 47 47 19 12 48 48 12 13 49 49 16 15 50 50 16 15 51 51 12 13 52 52 13 16 53 53 14 17 54 54 12 13 55 55 11 14 56 56 13 16 57 57 12 13 58 58 14 17 59 59 13 16 60 60 15 18 61 61 16 15 62 62 13 16 63 63 18 19 64 64 15 18 65 65 13 16 66 66 17 20 67 67 18 19 68 68 14 17 69 69 17 20 70 70 13 16 71 71 18 19 72 72 35 21 73 73 15 18 74 74 23 22 75 75 34 22 76 76 21 22 77 77 21 23 78 78 22 24 79 79 23 25 80 80 28 26 81 81 34 26 82 82 23 26 83 83 28 27 84 84 23 25 85 85 29 28 86 86 23 25 87 87 22 24 88 88 24 29 89 89 31 30 90 90 28 27 91 91 29 28 92 92 33 31 93 93 32 32 94 94 29 28 95 95 32 32 96 96 30 33 97 97 29 28 98 98 30 33 99 99 31 30 100 100 29 28 101 101 27 34 102 102 36 35 103 103 25 36 104 104 25 36 105 105 26 37 106 106 27 34 107 107 40 38 108 108 37 39 109 109 39 40 110 110 37 39 111 111 38 41 112 112 39 40 113 113 41 42 114 114 40 38 115 115 39 40 116 116 44 43 117 117 43 44 118 118 39 40 119 119 43 44 120 120 42 45 121 121 39 40 122 122 42 45 123 123 41 42 124 124 39 40 125 125 48 46 126 126 45 47 127 127 47 48 128 128 45 47 129 129 46 49 130 130 47 48 131 131 49 50 132 132 50 51 133 133 51 52 134 134 51 52 135 135 50 51 136 136 52 53 137 137 52 53 138 138 57 54 139 139 51 52 140 140 52 53 141 141 59 55 142 142 58 56 143 143 52 53 144 144 58 56 145 145 57 54 146 146 53 57 147 147 54 58 148 148 55 59 149 149 55 59 150 150 54 58 151 151 56 60 152 152 60 61 153 153 61 61 154 154 62 61 155 155 62 62 156 156 61 63 157 157 63 64 158 158 64 65 159 159 65 66 160 160 66 67 161 161 65 66 162 162 67 68 163 163 66 67 164 164 68 69 165 165 66 67 166 166 67 68 167 167 67 68 168 168 69 70 169 169 68 69 170 170 70 71 171 171 68 69 172 172 69 70 173 173 69 72 174 174 71 72 175 175 70 72 176 176 72 73 177 177 73 73 178 178 74 73 179 179 75 74 180 180 76 75 181 181 77 76 182 182 77 76 183 183 76 75 184 184 78 77 185 185 79 78 186 186 85 78 187 187 80 78 188 188 79 79 189 189 80 79 190 190 81 79 191 191 82 80 192 192 83 80 193 193 84 80 194 194 86 81 195 195 87 82 196 196 88 83 197 197 87 82 198 198 90 84 199 199 89 85 200 200 88 83 201 201 87 82 202 202 89 85 203 203 91 86 204 204 92 87 205 205 93 88 206 206 93 88 207 207 92 87 208 208 94 89 209 209 111 90 210 210 95 91 211 211 104 92 212 212 95 91 213 213 123 93 214 214 104 92 215 215 97 94 216 216 123 93 217 217 95 91 218 218 98 95 219 219 96 95 220 220 95 95 221 221 95 91 222 222 96 96 223 223 97 94 224 224 103 97 225 225 111 90 226 226 104 92 227 227 104 92 228 228 123 93 229 229 110 98 230 230 104 92 231 231 100 99 232 232 99 100 233 233 110 98 234 234 100 99 235 235 104 92 236 236 99 100 237 237 103 97 238 238 104 92 239 239 103 97 240 240 99 100 241 241 105 101 242 242 99 100 243 243 108 102 244 244 106 103 245 245 105 101 246 246 99 100 247 247 107 104 248 248 109 105 249 249 99 100 250 250 101 106 251 251 108 102 252 252 99 100 253 253 109 105 254 254 99 100 255 255 106 103 256 256 107 104 257 257 99 100 258 258 100 99 259 259 101 106 260 260 110 98 261 261 122 107 262 262 100 99 263 263 101 106 264 264 100 99 265 265 102 108 266 266 112 109 267 267 153 110 268 268 113 111 269 269 112 109 270 270 113 111 271 271 114 112 272 272 113 111 273 273 153 110 274 274 154 113 275 275 114 112 276 276 113 111 277 277 115 114 278 278 115 114 279 279 124 115 280 280 114 112 281 281 121 116 282 282 116 117 283 283 118 118 284 284 120 119 285 285 116 117 286 286 121 116 287 287 116 117 288 288 117 120 289 289 118 118 290 290 118 118 291 291 117 120 292 292 119 121 293 293 128 122 294 294 125 123 295 295 127 124 296 296 125 123 297 297 126 125 298 298 127 124 299 299 129 126 300 300 128 122 301 301 127 124 302 302 132 127 303 303 131 127 304 304 127 127 305 305 131 128 306 306 130 129 307 307 127 124 308 308 130 129 309 309 129 126 310 310 127 124 311 311 136 130 312 312 133 131 313 313 135 132 314 314 133 133 315 315 134 133 316 316 135 133 317 317 137 134 318 318 136 130 319 319 135 132 320 320 137 134 321 321 135 132 322 322 139 135 323 323 135 136 324 324 138 136 325 325 139 136 326 326 146 137 327 327 140 138 328 328 142 139 329 329 140 138 330 330 141 140 331 331 142 139 332 332 143 141 333 333 144 141 334 334 145 141 335 335 147 142 336 336 148 142 337 337 149 142 338 338 150 143 339 339 151 143 340 340 152 143 341 341 155 144 342 342 157 145 343 343 158 146 344 344 155 144 345 345 156 147 346 346 157 145 347 347 159 148 348 348 171 149 349 349 166 150 350 350 161 151 351 351 171 149 352 352 159 148 353 353 166 150 354 354 163 152 355 355 159 148 356 356 159 148 357 357 164 153 358 358 160 154 359 359 163 152 360 360 164 153 361 361 159 148 362 362 159 148 363 363 160 154 364 364 161 151 365 365 196 155 366 366 160 154 367 367 164 153 368 368 170 156 369 369 160 154 370 370 196 155 371 371 169 157 372 372 160 154 373 373 170 156 374 374 168 158 375 375 160 154 376 376 169 157 377 377 162 159 378 378 160 154 379 379 168 158 380 380 161 151 381 381 160 154 382 382 162 159 383 383 196 155 384 384 164 153 385 385 194 160 386 386 195 161 387 387 164 153 388 388 174 162 389 389 173 161 390 390 164 153 391 391 195 161 392 392 194 160 393 393 164 153 394 394 172 161 395 395 164 153 396 396 165 163 397 397 174 162 398 398 172 161 399 399 164 153 400 400 173 161 401 401 165 163 402 402 164 153 403 403 163 152 404 404 163 152 405 405 166 150 406 406 165 163 407 407 165 163 408 408 166 150 409 409 167 164 410 410 165 163 411 411 167 164 412 412 175 165 413 413 174 162 414 414 165 163 415 415 175 165 416 416 174 162 417 417 175 165 418 418 176 166 419 419 175 165 420 420 167 164 421 421 179 167 422 422 179 167 423 423 177 168 424 424 175 165 425 425 176 166 426 426 175 165 427 427 177 168 428 428 178 169 429 429 177 168 430 430 179 167 431 431 180 170 432 432 185 170 433 433 197 170 434 434 180 171 435 435 197 172 436 436 181 173 437 437 180 174 438 438 184 174 439 439 185 174 440 440 180 171 441 441 181 173 442 442 182 175 443 443 182 175 444 444 183 176 445 445 186 177 446 446 182 175 447 447 181 173 448 448 183 176 449 449 186 177 450 450 183 176 451 451 187 178 452 452 188 179 453 453 189 180 454 454 190 181 455 455 189 180 456 456 192 182 457 457 191 183 458 458 190 181 459 459 189 180 460 460 191 183 461 461 191 183 462 462 192 182 463 463 193 184 464 464 202 185 465 465 198 186 466 466 201 187 467 467 198 186 468 468 200 188 469 469 201 187 470 470 198 186 471 471 199 189 472 472 200 188 473 473 203 190 474 474 202 185 475 475 201 187 476 476 204 191 477 477 201 187 478 478 205 192 479 479 204 191 480 480 203 190 481 481 201 187 482 482 206 193 483 483 204 191 484 484 205 192 485 485 205 194 486 486 208 194 487 487 207 194 488 488 207 195 489 489 206 195 490 490 205 195 491 491 209 196 492 492 210 196 493 493 211 196 494 494 212 197 495 495 213 197 496 496 214 197 497 497 215 198 498 498 216 199 499 499 217 200 500 500 216 199 501 501 222 201 502 502 217 200 503 503 221 202 504 504 222 201 505 505 216 199 506 506 218 203 507 507 219 203 508 508 220 203 509 509 223 204 510 510 235 205 511 511 232 206 512 512 223 204 513 513 232 206 514 514 224 207 515 515 223 204 516 516 224 207 517 517 225 208 518 518 235 205 519 519 237 209 520 520 236 210 521 521 238 211 522 522 237 209 523 523 235 205 524 524 232 206 525 525 235 205 526 526 236 210 527 527 232 206 528 528 227 212 529 529 229 213 530 530 236 210 531 531 227 212 532 532 232 206 533 533 224 207 534 534 232 206 535 535 231 214 536 536 229 213 537 537 231 214 538 538 232 206 539 539 233 215 540 540 224 207 541 541 231 214 542 542 226 216 543 543 224 207 544 544 233 215 545 545 225 208 546 546 224 207 547 547 226 216 548 548 231 214 549 549 230 217 550 550 233 215 551 551 230 217 552 552 231 214 553 553 229 213 554 554 229 213 555 555 228 218 556 556 230 217 557 557 227 212 558 558 228 218 559 559 229 213 560 560 227 212 561 561 236 210 562 562 237 209 563 563 234 219 564 564 230 217 565 565 228 218 566 566 233 215 567 567 230 217 568 568 234 219 569 569 239 220 570 570 240 221 571 571 241 222 572 572 241 222 573 573 240 221 574 574 242 223 575 575 243 224 576 576 241 222 577 577 242 223 578 578 243 224 579 579 245 225 580 580 241 222 581 581 243 224 582 582 244 226 583 583 245 225 584 584 246 227 585 585 249 228 586 586 247 229 587 587 246 227 588 588 247 229 589 589 248 230 590 590 247 229 591 591 249 228 592 592 250 231 593 593 252 232 594 594 248 230 595 595 247 229 596 596 251 233 597 597 248 230 598 598 252 232 599 599 253 234 600 600 254 234 601 601 255 234 602 602 256 235 603 603 259 236 604 604 260 237 605 605 256 235 606 606 258 238 607 607 259 236 608 608 256 235 609 609 257 239 610 610 258 238 611 611 261 240 612 612 262 241 613 613 263 242 614 614 262 241 615 615 269 243 616 616 264 244 617 617 263 242 618 618 262 241 619 619 264 244 620 620 264 244 621 621 266 245 622 622 263 242 623 623 264 244 624 624 269 243 625 625 286 243 626 626 264 244 627 627 286 243 628 628 270 246 629 629 270 246 630 630 268 247 631 631 264 244 632 632 268 247 633 633 265 248 634 634 264 244 635 635 265 248 636 636 266 245 637 637 264 244 638 638 267 249 639 639 265 248 640 640 268 247 641 641 271 250 642 642 272 251 643 643 273 252 644 644 272 251 645 645 275 253 646 646 274 254 647 647 273 252 648 648 272 251 649 649 274 254 650 650 284 255 651 651 277 256 652 652 275 253 653 653 275 253 654 654 277 256 655 655 276 257 656 656 274 254 657 657 275 253 658 658 276 257 659 659 278 258 660 660 279 259 661 661 280 260 662 662 279 259 663 663 283 261 664 664 281 262 665 665 282 263 666 666 283 261 667 667 279 259 668 668 280 260 669 669 279 259 670 670 281 262 671 671 281 262 672 672 283 261 673 673 285 264 674 674 287 265 675 675 288 266 676 676 289 267 677 677 288 266 678 678 290 268 679 679 289 267 680 680 294 269 681 681 295 270 682 682 291 271 683 683 293 272 684 684 294 269 685 685 291 271 686 686 291 273 687 687 292 273 688 688 293 273 689 689 296 274 690 690 311 275 691 691 297 276 692 692 301 277 693 693 311 275 694 694 296 274 695 695 303 278 696 696 296 274 697 697 298 279 698 698 300 280 699 699 296 274 700 700 303 278 701 701 296 274 702 702 300 280 703 703 301 277 704 704 296 274 705 705 297 276 706 706 298 279 707 707 316 281 708 708 311 275 709 709 312 282 710 710 318 283 711 711 311 275 712 712 316 281 713 713 311 275 714 714 301 277 715 715 312 282 716 716 301 277 717 717 332 284 718 718 335 285 719 719 301 277 720 720 335 285 721 721 334 286 722 722 301 277 723 723 334 286 724 724 333 287 725 725 301 277 726 726 333 287 727 727 313 288 728 728 305 289 729 729 332 284 730 730 301 277 731 731 312 282 732 732 301 277 733 733 313 288 734 734 302 290 735 735 305 289 736 736 301 277 737 737 301 277 738 738 300 280 739 739 302 290 740 740 312 282 741 741 319 291 742 742 316 281 743 743 319 291 744 744 312 282 745 745 315 292 746 746 313 288 747 747 315 292 748 748 312 282 749 749 316 281 750 750 317 293 751 751 318 283 752 752 314 294 753 753 315 292 754 754 313 288 755 755 304 295 756 756 305 289 757 757 302 290 758 758 299 296 759 759 310 297 760 760 298 279 761 761 298 279 762 762 309 298 763 763 303 278 764 764 308 299 765 765 298 279 766 766 310 297 767 767 309 298 768 768 298 279 769 769 308 299 770 770 298 279 771 771 297 276 772 772 299 296 773 773 307 300 774 774 303 278 775 775 309 298 776 776 308 299 777 777 307 300 778 778 309 298 779 779 306 301 780 780 307 300 781 781 308 299 782 782 337 302 783 783 320 303 784 784 322 304 785 785 336 305 786 786 320 303 787 787 337 302 788 788 320 306 789 789 321 306 790 790 322 306 791 791 321 307 792 792 324 308 793 793 323 309 794 794 322 310 795 795 321 310 796 796 323 310 797 797 324 308 798 798 325 311 799 799 323 309 800 800 325 312 801 801 326 312 802 802 323 312 803 803 331 313 804 804 327 314 805 805 329 315 806 806 327 314 807 807 328 316 808 808 329 315 809 809 329 315 810 810 328 316 811 811 330 317 812 812 340 318 813 813 346 319 814 814 338 320 815 815 346 321 816 816 347 321 817 817 338 321 818 818 338 320 819 819 339 322 820 820 340 318 821 821 340 318 822 822 339 322 823 823 341 323 824 824 339 322 825 825 342 324 826 826 341 323 827 827 344 325 828 828 345 325 829 829 341 325 830 830 343 326 831 831 344 326 832 832 341 326 833 833 342 324 834 834 343 327 835 835 341 323 836 836 348 328 837 837 349 329 838 838 350 330 839 839 349 329 840 840 351 331 841 841 350 330 842 842 352 332 843 843 353 332 844 844 354 332 845 845 355 333 846 846 356 333 847 847 357 333 848 848 358 334 849 849 359 334 850 850 360 334 851 851 361 335 852 852 362 336 853 853 363 337 854 854 362 336 855 855 370 338 856 856 364 339 857 857 363 337 858 858 362 336 859 859 364 339 860 860 364 339 861 861 369 340 862 862 363 337 863 863 364 339 864 864 370 338 865 865 368 341 866 866 368 341 867 867 369 340 868 868 364 339 869 869 370 338 870 870 373 342 871 871 368 341 872 872 371 343 873 873 373 342 874 874 370 338 875 875 369 340 876 876 368 341 877 877 402 344 878 878 371 343 879 879 372 345 880 880 373 342 881 881 373 342 882 882 372 345 883 883 374 346 884 884 378 347 885 885 365 348 886 886 367 349 887 887 381 350 888 888 365 348 889 889 378 347 890 890 365 348 891 891 366 351 892 892 367 349 893 893 378 347 894 894 376 352 895 895 381 350 896 896 380 353 897 897 378 347 898 898 367 349 899 899 377 354 900 900 378 347 901 901 380 353 902 902 377 354 903 903 376 352 904 904 378 347 905 905 376 352 906 906 375 355 907 907 382 356 908 908 375 355 909 909 376 352 910 910 377 354 911 911 380 353 912 912 375 355 913 913 377 354 914 914 379 357 915 915 375 355 916 916 380 353 917 917 375 355 918 918 379 357 919 919 382 356 920 920 383 358 921 921 401 358 922 922 384 358 923 923 387 359 924 924 383 360 925 925 385 361 926 926 386 362 927 927 383 360 928 928 387 359 929 929 383 360 930 930 384 363 931 931 385 361 932 932 389 364 933 933 386 362 934 934 387 359 935 935 388 365 936 936 386 362 937 937 389 364 938 938 390 366 939 939 388 365 940 940 389 364 941 941 391 367 942 942 392 368 943 943 393 369 944 944 393 369 945 945 392 368 946 946 399 370 947 947 392 368 948 948 398 371 949 949 399 370 950 950 397 372 951 951 398 371 952 952 392 368 953 953 397 372 954 954 400 373 955 955 398 371 956 956 400 373 957 957 403 374 958 958 398 371 959 959 394 375 960 960 395 375 961 961 396 375 962 962 404 376 963 963 405 376 964 964 406 376 965 965 407 377 966 966 408 377 967 967 409 377 968 968 410 378 969 969 411 378 970 970 412 378 971 971 413 379 972 972 414 380 973 973 415 381 974 974 414 380 975 975 416 382 976 976 415 381 977 977 417 383 978 978 419 384 979 979 421 385 980 980 417 383 981 981 418 386 982 982 419 384 983 983 419 384 984 984 447 387 985 985 423 387 986 986 419 384 987 987 446 387 988 988 447 387 989 989 419 384 990 990 445 387 991 991 446 387 992 992 419 384 993 993 420 388 994 994 445 387 995 995 425 389 996 996 419 384 997 997 424 390 998 998 422 391 999 999 419 384 1000 1000 425 389 1001 1001 419 384 1002 1002 423 387 1003 1003 424 390 1004 1004 421 385 1005 1005 419 384 1006 1006 422 391 1007 1007 419 384 1008 1008 418 386 1009 1009 420 388 1010 1010 421 385 1011 1011 422 391 1012 1012 429 392 1013 1013 422 391 1014 1014 425 389 1015 1015 430 393 1016 1016 429 392 1017 1017 422 391 1018 1018 430 393 1019 1019 427 394 1020 1020 475 395 1021 1021 425 389 1022 1022 425 389 1023 1023 473 396 1024 1024 430 393 1025 1025 471 397 1026 1026 473 396 1027 1027 425 389 1028 1028 475 395 1029 1029 471 397 1030 1030 425 389 1031 1031 427 394 1032 1032 425 389 1033 1033 426 398 1034 1034 425 389 1035 1035 424 390 1036 1036 426 398 1037 1037 428 399 1038 1038 426 398 1039 1039 424 390 1040 1040 471 397 1041 1041 472 400 1042 1042 473 396 1043 1043 473 396 1044 1044 472 400 1045 1045 474 400 1046 1046 476 401 1047 1047 475 395 1048 1048 427 394 1049 1049 431 402 1050 1050 433 403 1051 1051 441 404 1052 1052 431 402 1053 1053 432 405 1054 1054 433 403 1055 1055 433 403 1056 1056 432 405 1057 1057 448 405 1058 1058 441 404 1059 1059 433 403 1060 1060 442 406 1061 1061 440 407 1062 1062 441 404 1063 1063 442 406 1064 1064 478 408 1065 1065 440 407 1066 1066 442 406 1067 1067 477 409 1068 1068 440 407 1069 1069 478 408 1070 1070 434 410 1071 1071 439 411 1072 1072 435 412 1073 1073 438 413 1074 1074 439 411 1075 1075 434 410 1076 1076 434 410 1077 1077 435 412 1078 1078 436 414 1079 1079 439 411 1080 1080 443 415 1081 1081 444 416 1082 1082 438 413 1083 1083 443 415 1084 1084 439 411 1085 1085 436 414 1086 1086 435 412 1087 1087 437 417 1088 1088 449 418 1089 1089 450 418 1090 1090 451 418 1091 1091 452 419 1092 1092 453 419 1093 1093 454 419 1094 1094 455 420 1095 1095 456 421 1096 1096 457 422 1097 1097 457 422 1098 1098 456 421 1099 1099 458 423 1100 1100 459 424 1101 1101 462 425 1102 1102 457 422 1103 1103 462 425 1104 1104 460 426 1105 1105 457 422 1106 1106 460 426 1107 1107 461 427 1108 1108 457 422 1109 1109 458 423 1110 1110 459 424 1111 1111 457 422 1112 1112 463 428 1113 1113 464 428 1114 1114 465 428 1115 1115 466 429 1116 1116 467 429 1117 1117 468 429 1118 1118 468 430 1119 1119 467 430 1120 1120 469 430 1121 1121 468 431 1122 1122 469 431 1123 1123 470 431 1124 1124 479 432 1125 1125 480 432 1126 1126 481 432 1127 1127 482 433 1128 1128 484 434 1129 1129 485 435 1130 1130 482 433 1131 1131 483 436 1132 1132 484 434 1133 1133 486 437 1134 1134 490 438 1135 1135 487 439 1136 1136 486 437 1137 1137 487 439 1138 1138 488 440 1139 1139 487 439 1140 1140 490 438 1141 1141 498 441 1142 1142 487 442 1143 1143 498 442 1144 1144 497 442 1145 1145 487 439 1146 1146 497 443 1147 1147 491 444 1148 1148 491 444 1149 1149 489 445 1150 1150 487 439 1151 1151 488 440 1152 1152 487 439 1153 1153 489 445 1154 1154 496 446 1155 1155 492 447 1156 1156 494 448 1157 1157 495 449 1158 1158 492 447 1159 1159 496 446 1160 1160 492 447 1161 1161 493 409 1162 1162 494 448 1163 1163 499 450 1164 1164 503 451 1165 1165 500 452 1166 1166 499 450 1167 1167 500 452 1168 1168 501 453 1169 1169 501 453 1170 1170 500 452 1171 1171 502 454 1172 1172 504 455 1173 1173 505 455 1174 1174 506 455 1175 1175 507 456 1176 1176 509 457 1177 1177 510 458 1178 1178 507 456 1179 1179 508 459 1180 1180 509 457 1181 1181 511 460 1182 1182 512 461 1183 1183 513 462 1184 1184 512 461 1185 1185 514 463 1186 1186 513 462 1187 1187 518 464 1188 1188 515 465 1189 1189 517 466 1190 1190 515 465 1191 1191 516 467 1192 1192 517 466 1193 1193 520 468 1194 1194 518 464 1195 1195 517 466 1196 1196 519 469 1197 1197 518 464 1198 1198 520 468 1199 1199 521 470 1200 1200 522 470 1201 1201 523 470 1202 1202 524 471 1203 1203 525 472 1204 1204 526 473 1205 1205 525 472 1206 1206 527 474 1207 1207 526 473 1208 1208 527 474 1209 1209 528 475 1210 1210 526 473 1211 1211 529 476 1212 1212 538 477 1213 1213 530 478 1214 1214 529 476 1215 1215 530 478 1216 1216 531 479 1217 1217 530 478 1218 1218 538 477 1219 1219 539 480 1220 1220 530 478 1221 1221 544 481 1222 1222 534 482 1223 1223 540 483 1224 1224 544 481 1225 1225 530 478 1226 1226 539 480 1227 1227 540 483 1228 1228 530 478 1229 1229 534 482 1230 1230 532 484 1231 1231 530 478 1232 1232 531 479 1233 1233 530 478 1234 1234 532 484 1235 1235 531 479 1236 1236 532 484 1237 1237 541 485 1238 1238 541 485 1239 1239 532 484 1240 1240 536 486 1241 1241 536 486 1242 1242 532 484 1243 1243 533 487 1244 1244 533 487 1245 1245 532 484 1246 1246 534 482 1247 1247 534 482 1248 1248 545 488 1249 1249 535 489 1250 1250 544 481 1251 1251 545 488 1252 1252 534 482 1253 1253 535 489 1254 1254 533 487 1255 1255 534 482 1256 1256 533 487 1257 1257 535 489 1258 1258 536 486 1259 1259 536 486 1260 1260 537 490 1261 1261 543 491 1262 1262 543 491 1263 1263 541 485 1264 1264 536 486 1265 1265 536 486 1266 1266 535 489 1267 1267 537 490 1268 1268 542 492 1269 1269 541 485 1270 1270 543 491 1271 1271 543 491 1272 1272 537 490 1273 1273 554 493 1274 1274 555 494 1275 1275 543 491 1276 1276 554 493 1277 1277 542 492 1278 1278 543 491 1279 1279 555 494 1280 1280 537 490 1281 1281 547 495 1282 1282 550 496 1283 1283 535 489 1284 1284 547 495 1285 1285 537 490 1286 1286 537 490 1287 1287 553 497 1288 1288 554 493 1289 1289 550 496 1290 1290 553 497 1291 1291 537 490 1292 1292 535 489 1293 1293 545 488 1294 1294 547 495 1295 1295 545 488 1296 1296 546 498 1297 1297 547 495 1298 1298 548 499 1299 1299 550 496 1300 1300 547 495 1301 1301 547 495 1302 1302 546 498 1303 1303 548 499 1304 1304 550 496 1305 1305 549 500 1306 1306 553 497 1307 1307 549 500 1308 1308 550 496 1309 1309 548 499 1310 1310 553 497 1311 1311 552 501 1312 1312 554 493 1313 1313 552 501 1314 1314 553 497 1315 1315 549 500 1316 1316 554 493 1317 1317 552 501 1318 1318 555 494 1319 1319 551 502 1320 1320 555 494 1321 1321 552 501 1322 1322 557 503 1323 1323 555 494 1324 1324 551 502 1325 1325 556 504 1326 1326 555 494 1327 1327 557 503 1328 1328 542 492 1329 1329 555 494 1330 1330 556 504 1331 1331 551 502 1332 1332 552 501 1333 1333 549 500 1334 1334 551 502 1335 1335 558 505 1336 1336 557 503 1337 1337 557 503 1338 1338 558 505 1339 1339 556 504 1340 1340 556 504 1341 1341 558 505 1342 1342 559 506 1343 1343 567 507 1344 1344 560 508 1345 1345 562 509 1346 1346 566 510 1347 1347 560 508 1348 1348 567 507 1349 1349 560 508 1350 1350 561 511 1351 1351 562 509 1352 1352 569 512 1353 1353 566 510 1354 1354 567 507 1355 1355 568 513 1356 1356 566 510 1357 1357 569 512 1358 1358 570 514 1359 1359 568 513 1360 1360 569 512 1361 1361 570 514 1362 1362 569 512 1363 1363 571 515 1364 1364 570 514 1365 1365 571 515 1366 1366 572 516 1367 1367 563 517 1368 1368 561 511 1369 1369 584 518 1370 1370 562 509 1371 1371 561 511 1372 1372 563 517 1373 1373 563 519 1374 1374 584 519 1375 1375 564 519 1376 1376 563 520 1377 1377 564 520 1378 1378 565 520 1379 1379 573 521 1380 1380 574 522 1381 1381 575 523 1382 1382 575 523 1383 1383 574 522 1384 1384 576 524 1385 1385 575 523 1386 1386 576 524 1387 1387 577 525 1388 1388 577 525 1389 1389 576 524 1390 1390 578 526 1391 1391 577 525 1392 1392 578 526 1393 1393 580 527 1394 1394 580 527 1395 1395 578 526 1396 1396 581 528 1397 1397 579 529 1398 1398 580 527 1399 1399 581 528 1400 1400 579 529 1401 1401 581 528 1402 1402 583 530 1403 1403 581 528 1404 1404 582 531 1405 1405 583 530 1406 1406 585 532 1407 1407 586 532 1408 1408 587 532 1409 1409 592 533 1410 1410 588 533 1411 1411 591 533 1412 1412 590 534 1413 1413 591 535 1414 1414 588 536 1415 1415 588 536 1416 1416 589 537 1417 1417 590 534 1418 1418 594 538 1419 1419 592 539 1420 1420 593 540 1421 1421 592 539 1422 1422 591 535 1423 1423 593 540 1424 1424 594 541 1425 1425 593 541 1426 1426 595 541 1427 1427 596 542 1428 1428 601 543 1429 1429 614 544 1430 1430 598 545 1431 1431 601 543 1432 1432 596 542 1433 1433 596 542 1434 1434 597 546 1435 1435 598 545 1436 1436 614 544 1437 1437 601 543 1438 1438 607 547 1439 1439 602 548 1440 1440 607 547 1441 1441 601 543 1442 1442 599 549 1443 1443 601 543 1444 1444 598 545 1445 1445 601 543 1446 1446 600 550 1447 1447 602 548 1448 1448 599 549 1449 1449 600 550 1450 1450 601 543 1451 1451 615 551 1452 1452 599 549 1453 1453 598 545 1454 1454 599 549 1455 1455 604 552 1456 1456 603 553 1457 1457 604 552 1458 1458 599 549 1459 1459 615 551 1460 1460 603 553 1461 1461 604 552 1462 1462 605 554 1463 1463 606 555 1464 1464 607 547 1465 1465 602 548 1466 1466 608 556 1467 1467 613 557 1468 1468 609 558 1469 1469 612 559 1470 1470 613 557 1471 1471 608 556 1472 1472 608 556 1473 1473 609 558 1474 1474 610 560 1475 1475 613 557 1476 1476 612 559 1477 1477 635 561 1478 1478 634 562 1479 1479 635 562 1480 1480 612 562 1481 1481 610 560 1482 1482 609 558 1483 1483 611 563 1484 1484 616 564 1485 1485 642 565 1486 1486 617 566 1487 1487 616 564 1488 1488 617 566 1489 1489 618 567 1490 1490 642 565 1491 1491 622 568 1492 1492 617 566 1493 1493 617 566 1494 1494 622 568 1495 1495 620 569 1496 1496 617 566 1497 1497 620 569 1498 1498 621 570 1499 1499 618 567 1500 1500 617 566 1501 1501 619 571 1502 1502 628 572 1503 1503 623 572 1504 1504 627 572 1505 1505 626 573 1506 1506 627 574 1507 1507 623 575 1508 1508 623 575 1509 1509 625 576 1510 1510 626 573 1511 1511 623 575 1512 1512 624 577 1513 1513 625 576 1514 1514 629 578 1515 1515 630 579 1516 1516 631 580 1517 1517 631 580 1518 1518 630 579 1519 1519 632 581 1520 1520 631 580 1521 1521 632 581 1522 1522 633 582 1523 1523 632 583 1524 1524 636 583 1525 1525 633 583 1526 1526 633 584 1527 1527 636 584 1528 1528 637 584 1529 1529 638 585 1530 1530 640 585 1531 1531 641 585 1532 1532 638 586 1533 1533 639 586 1534 1534 640 586 1535 1535 643 587 1536 1536 644 587 1537 1537 645 587 1538 1538 646 588 1539 1539 647 589 1540 1540 648 590 1541 1541 648 590 1542 1542 647 589 1543 1543 649 591 1544 1544 649 591 1545 1545 650 592 1546 1546 648 590 1547 1547 651 593 1548 1548 655 594 1549 1549 652 595 1550 1550 651 593 1551 1551 652 595 1552 1552 653 596 1553 1553 653 596 1554 1554 652 595 1555 1555 654 596 1556 1556 656 597 1557 1557 659 597 1558 1558 657 597 1559 1559 656 598 1560 1560 657 598 1561 1561 658 598 1562 1562 660 599 1563 1563 663 599 1564 1564 664 599 1565 1565 660 600 1566 1566 662 601 1567 1567 663 602 1568 1568 660 600 1569 1569 661 603 1570 1570 662 601 1571 1571 665 604 1572 1572 666 605 1573 1573 667 606 1574 1574 667 606 1575 1575 666 605 1576 1576 668 607 1577 1577 669 608 1578 1578 670 608 1579 1579 671 608 1580 1580 676 609 1581 1581 672 610 1582 1582 674 611 1583 1583 672 610 1584 1584 673 612 1585 1585 674 611 1586 1586 674 611 1587 1587 673 612 1588 1588 675 613 1589 1589 680 614 1590 1590 678 615 1591 1591 677 616 1592 1592 677 616 1593 1593 678 615 1594 1594 679 617 1595 1595 701 618 1596 1596 678 615 1597 1597 680 614 1598 1598 698 619 1599 1599 678 615 1600 1600 701 618 1601 1601 697 620 1602 1602 678 615 1603 1603 698 619 1604 1604 696 621 1605 1605 678 615 1606 1606 697 620 1607 1607 697 620 1608 1608 700 622 1609 1609 696 621 1610 1610 704 622 1611 1611 699 622 1612 1612 697 620 1613 1613 697 620 1614 1614 699 622 1615 1615 700 622 1616 1616 694 623 1617 1617 692 624 1618 1618 681 625 1619 1619 692 624 1620 1620 682 626 1621 1621 681 625 1622 1622 681 625 1623 1623 682 626 1624 1624 683 627 1625 1625 693 628 1626 1626 692 624 1627 1627 694 623 1628 1628 692 624 1629 1629 690 629 1630 1630 682 626 1631 1631 692 624 1632 1632 693 628 1633 1633 690 629 1634 1634 695 630 1635 1635 684 631 1636 1636 682 626 1637 1637 682 626 1638 1638 690 629 1639 1639 695 630 1640 1640 683 627 1641 1641 682 626 1642 1642 684 631 1643 1643 683 627 1644 1644 702 632 1645 1645 686 633 1646 1646 683 627 1647 1647 684 631 1648 1648 702 632 1649 1649 685 634 1650 1650 683 634 1651 1651 686 634 1652 1652 689 635 1653 1653 703 636 1654 1654 695 630 1655 1655 695 630 1656 1656 690 629 1657 1657 689 635 1658 1658 690 629 1659 1659 693 628 1660 1660 691 637 1661 1661 690 629 1662 1662 691 637 1663 1663 689 635 1664 1664 688 638 1665 1665 703 636 1666 1666 689 635 1667 1667 689 635 1668 1668 691 637 1669 1669 687 639 1670 1670 687 639 1671 1671 688 638 1672 1672 689 635 1673 1673 705 640 1674 1674 706 641 1675 1675 707 642 1676 1676 709 643 1677 1677 706 641 1678 1678 710 644 1679 1679 708 645 1680 1680 706 641 1681 1681 709 643 1682 1682 707 642 1683 1683 706 641 1684 1684 708 645 1685 1685 712 646 1686 1686 709 643 1687 1687 711 647 1688 1688 709 643 1689 1689 710 644 1690 1690 711 647 1691 1691 712 646 1692 1692 711 647 1693 1693 713 648 1694 1694 714 649 1695 1695 715 650 1696 1696 716 651 1697 1697 717 652 1698 1698 715 650 1699 1699 718 653 1700 1700 716 651 1701 1701 715 650 1702 1702 717 652 1703 1703 719 654 1704 1704 720 655 1705 1705 721 656 1706 1706 721 656 1707 1707 720 655 1708 1708 740 657 1709 1709 721 658 1710 1710 740 658 1711 1711 741 658 1712 1712 741 659 1713 1713 740 659 1714 1714 739 659 1715 1715 735 660 1716 1716 740 657 1717 1717 736 661 1718 1718 739 662 1719 1719 740 657 1720 1720 735 660 1721 1721 737 663 1722 1722 736 661 1723 1723 738 664 1724 1724 735 660 1725 1725 736 661 1726 1726 737 663 1727 1727 726 665 1728 1728 723 666 1729 1729 722 667 1730 1730 722 667 1731 1731 724 668 1732 1732 728 669 1733 1733 722 667 1734 1734 729 670 1735 1735 725 671 1736 1736 728 669 1737 1737 729 670 1738 1738 722 667 1739 1739 722 667 1740 1740 725 671 1741 1741 726 665 1742 1742 722 667 1743 1743 723 666 1744 1744 724 668 1745 1745 726 665 1746 1746 725 671 1747 1747 727 672 1748 1748 728 669 1749 1749 730 673 1750 1750 731 674 1751 1751 730 673 1752 1752 728 669 1753 1753 724 668 1754 1754 730 673 1755 1755 724 668 1756 1756 733 675 1757 1757 732 676 1758 1758 733 675 1759 1759 724 668 1760 1760 730 673 1761 1761 734 677 1762 1762 731 674 1763 1763 733 675 1764 1764 734 677 1765 1765 730 673 1766 1766 742 678 1767 1767 743 678 1768 1768 744 678 1769 1769 744 679 1770 1770 743 679 1771 1771 745 679 1772 1772 746 680 1773 1773 747 680 1774 1774 748 680 1775 1775 749 681 1776 1776 750 681 1777 1777 751 681 1778 1778 752 682 1779 1779 755 683 1780 1780 756 684 1781 1781 754 685 1782 1782 755 683 1783 1783 752 682 1784 1784 752 682 1785 1785 753 686 1786 1786 754 685 1787 1787 757 687 1788 1788 761 688 1789 1789 758 689 1790 1790 757 687 1791 1791 758 689 1792 1792 759 690 1793 1793 761 688 1794 1794 769 691 1795 1795 762 692 1796 1796 758 689 1797 1797 761 688 1798 1798 762 692 1799 1799 758 689 1800 1800 785 693 1801 1801 784 694 1802 1802 758 689 1803 1803 763 695 1804 1804 785 693 1805 1805 758 689 1806 1806 784 694 1807 1807 760 696 1808 1808 764 697 1809 1809 758 689 1810 1810 762 692 1811 1811 763 695 1812 1812 758 689 1813 1813 764 697 1814 1814 759 690 1815 1815 758 689 1816 1816 760 696 1817 1817 786 698 1818 1818 762 692 1819 1819 767 699 1820 1820 764 697 1821 1821 762 692 1822 1822 786 698 1823 1823 768 700 1824 1824 762 692 1825 1825 770 701 1826 1826 762 692 1827 1827 769 691 1828 1828 770 701 1829 1829 767 699 1830 1830 762 692 1831 1831 768 700 1832 1832 766 702 1833 1833 765 703 1834 1834 764 697 1835 1835 764 697 1836 1836 765 703 1837 1837 763 695 1838 1838 771 704 1839 1839 772 705 1840 1840 773 706 1841 1841 772 705 1842 1842 776 707 1843 1843 775 708 1844 1844 773 706 1845 1845 772 705 1846 1846 775 708 1847 1847 774 709 1848 1848 773 706 1849 1849 775 708 1850 1850 775 708 1851 1851 782 710 1852 1852 774 709 1853 1853 774 709 1854 1854 782 710 1855 1855 783 711 1856 1856 798 712 1857 1857 780 713 1858 1858 777 714 1859 1859 777 714 1860 1860 780 713 1861 1861 778 715 1862 1862 777 714 1863 1863 778 715 1864 1864 779 716 1865 1865 798 712 1866 1866 796 717 1867 1867 780 713 1868 1868 796 717 1869 1869 797 718 1870 1870 780 713 1871 1871 787 719 1872 1872 779 716 1873 1873 781 720 1874 1874 779 716 1875 1875 778 715 1876 1876 781 720 1877 1877 788 721 1878 1878 787 719 1879 1879 781 720 1880 1880 781 722 1881 1881 789 722 1882 1882 788 722 1883 1883 790 723 1884 1884 788 721 1885 1885 789 724 1886 1886 792 725 1887 1887 791 726 1888 1888 789 724 1889 1889 791 726 1890 1890 790 723 1891 1891 789 724 1892 1892 793 727 1893 1893 794 727 1894 1894 795 727 1895 1895 799 728 1896 1896 800 728 1897 1897 801 728 1898 1898 802 729 1899 1899 803 729 1900 1900 804 729 1901 1901 805 730 1902 1902 807 731 1903 1903 809 732 1904 1904 805 730 1905 1905 806 733 1906 1906 807 731 1907 1907 807 731 1908 1908 835 734 1909 1909 833 735 1910 1910 808 736 1911 1911 835 734 1912 1912 807 731 1913 1913 807 731 1914 1914 834 737 1915 1915 811 738 1916 1916 807 731 1917 1917 833 735 1918 1918 834 737 1919 1919 807 731 1920 1920 811 738 1921 1921 809 732 1922 1922 807 731 1923 1923 806 733 1924 1924 808 736 1925 1925 809 732 1926 1926 810 739 1927 1927 817 740 1928 1928 809 732 1929 1929 811 738 1930 1930 810 739 1931 1931 812 741 1932 1932 811 738 1933 1933 813 742 1934 1934 810 739 1935 1935 811 738 1936 1936 812 741 1937 1937 814 743 1938 1938 817 740 1939 1939 810 739 1940 1940 815 744 1941 1941 810 739 1942 1942 812 741 1943 1943 814 743 1944 1944 810 739 1945 1945 815 744 1946 1946 816 745 1947 1947 817 740 1948 1948 814 743 1949 1949 818 746 1950 1950 831 747 1951 1951 819 748 1952 1952 830 749 1953 1953 831 747 1954 1954 818 746 1955 1955 818 746 1956 1956 819 748 1957 1957 820 750 1958 1958 830 749 1959 1959 829 751 1960 1960 831 747 1961 1961 828 752 1962 1962 829 751 1963 1963 830 749 1964 1964 820 750 1965 1965 819 748 1966 1966 836 753 1967 1967 821 754 1968 1968 822 755 1969 1969 823 756 1970 1970 823 756 1971 1971 822 755 1972 1972 824 757 1973 1973 823 756 1974 1974 824 757 1975 1975 825 758 1976 1976 825 758 1977 1977 824 757 1978 1978 826 759 1979 1979 832 760 1980 1980 825 758 1981 1981 827 761 1982 1982 825 758 1983 1983 826 759 1984 1984 827 761 1985 1985 837 762 1986 1986 838 762 1987 1987 839 762 1988 1988 846 763 1989 1989 844 764 1990 1990 840 765 1991 1991 843 766 1992 1992 846 763 1993 1993 840 765 1994 1994 844 764 1995 1995 845 767 1996 1996 840 765 1997 1997 840 765 1998 1998 842 768 1999 1999 843 766 2000 2000 840 765 2001 2001 841 769 2002 2002 842 768 2003 2003 847 770 2004 2004 848 771 2005 2005 849 772 2006 2006 855 773 2007 2007 850 774 2008 2008 848 771 2009 2009 849 772 2010 2010 848 771 2011 2011 850 774 2012 2012 850 774 2013 2013 856 775 2014 2014 849 772 2015 2015 854 776 2016 2016 856 775 2017 2017 850 774 2018 2018 854 776 2019 2019 850 774 2020 2020 855 773 2021 2021 851 777 2022 2022 858 778 2023 2023 852 779 2024 2024 861 780 2025 2025 858 778 2026 2026 851 777 2027 2027 851 777 2028 2028 852 779 2029 2029 853 781 2030 2030 858 778 2031 2031 861 780 2032 2032 859 782 2033 2033 858 778 2034 2034 860 783 2035 2035 852 779 2036 2036 857 784 2037 2037 860 783 2038 2038 858 778 2039 2039 857 784 2040 2040 858 778 2041 2041 859 782 2042 2042 862 785 2043 2043 864 785 2044 2044 874 785 2045 2045 862 786 2046 2046 866 787 2047 2047 863 788 2048 2048 865 789 2049 2049 866 787 2050 2050 862 786 2051 2051 862 786 2052 2052 863 788 2053 2053 864 790 2054 2054 867 791 2055 2055 868 792 2056 2056 869 793 2057 2057 868 792 2058 2058 870 794 2059 2059 869 793 2060 2060 869 793 2061 2061 871 795 2062 2062 872 796 2063 2063 870 794 2064 2064 871 795 2065 2065 869 793 2066 2066 872 796 2067 2067 871 795 2068 2068 873 797 2069 2069 875 798 2070 2070 877 799 2071 2071 878 800 2072 2072 875 798 2073 2073 876 801 2074 2074 877 799 2075 2075 879 802 2076 2076 880 802 2077 2077 881 802 2078 2078 882 803 2079 2079 883 803 2080 2080 884 803 2081 2081 903 804 2082 2082 885 805 2083 2083 887 806 2084 2084 889 807 2085 2085 885 805 2086 2086 903 804 2087 2087 892 808 2088 2088 885 805 2089 2089 890 809 2090 2090 886 810 2091 2091 885 805 2092 2092 892 808 2093 2093 885 805 2094 2094 889 807 2095 2095 890 809 2096 2096 885 805 2097 2097 886 810 2098 2098 887 806 2099 2099 914 811 2100 2100 903 804 2101 2101 915 812 2102 2102 904 813 2103 2103 903 804 2104 2104 914 811 2105 2105 903 804 2106 2106 904 813 2107 2107 889 807 2108 2108 889 807 2109 2109 908 814 2110 2110 941 815 2111 2111 889 807 2112 2112 941 815 2113 2113 894 816 2114 2114 905 817 2115 2115 908 814 2116 2116 889 807 2117 2117 889 807 2118 2118 904 813 2119 2119 905 817 2120 2120 894 816 2121 2121 891 818 2122 2122 889 807 2123 2123 890 809 2124 2124 889 807 2125 2125 891 818 2126 2126 904 813 2127 2127 914 811 2128 2128 917 819 2129 2129 917 819 2130 2130 906 820 2131 2131 904 813 2132 2132 904 813 2133 2133 906 820 2134 2134 905 817 2135 2135 917 819 2136 2136 914 811 2137 2137 911 821 2138 2138 913 822 2139 2139 914 811 2140 2140 915 812 2141 2141 911 821 2142 2142 914 811 2143 2143 913 822 2144 2144 910 823 2145 2145 917 819 2146 2146 911 821 2147 2147 912 824 2148 2148 911 821 2149 2149 913 822 2150 2150 910 823 2151 2151 911 821 2152 2152 912 824 2153 2153 905 817 2154 2154 906 820 2155 2155 907 825 2156 2156 893 826 2157 2157 891 818 2158 2158 894 816 2159 2159 893 826 2160 2160 894 816 2161 2161 909 827 2162 2162 899 828 2163 2163 888 829 2164 2164 886 810 2165 2165 886 810 2166 2166 892 808 2167 2167 895 830 2168 2168 897 831 2169 2169 886 810 2170 2170 895 830 2171 2171 899 828 2172 2172 886 810 2173 2173 897 831 2174 2174 887 806 2175 2175 886 810 2176 2176 888 829 2177 2177 896 832 2178 2178 895 830 2179 2179 892 808 2180 2180 895 830 2181 2181 896 832 2182 2182 897 831 2183 2183 897 831 2184 2184 902 833 2185 2185 899 828 2186 2186 900 834 2187 2187 902 833 2188 2188 897 831 2189 2189 901 835 2190 2190 897 831 2191 2191 898 836 2192 2192 900 834 2193 2193 897 831 2194 2194 901 835 2195 2195 897 831 2196 2196 896 832 2197 2197 898 836 2198 2198 916 837 2199 2199 888 829 2200 2200 899 828 2201 2201 922 838 2202 2202 919 839 2203 2203 918 840 2204 2204 918 840 2205 2205 919 839 2206 2206 920 841 2207 2207 933 842 2208 2208 919 839 2209 2209 922 838 2210 2210 934 843 2211 2211 919 843 2212 2212 932 843 2213 2213 932 844 2214 2214 919 839 2215 2215 933 842 2216 2216 920 841 2217 2217 919 839 2218 2218 921 845 2219 2219 923 846 2220 2220 931 847 2221 2221 924 848 2222 2222 930 849 2223 2223 931 847 2224 2224 923 846 2225 2225 923 850 2226 2226 924 850 2227 2227 925 850 2228 2228 930 849 2229 2229 946 851 2230 2230 931 847 2231 2231 945 852 2232 2232 946 851 2233 2233 930 849 2234 2234 925 853 2235 2235 924 853 2236 2236 926 853 2237 2237 927 854 2238 2238 928 854 2239 2239 929 854 2240 2240 935 855 2241 2241 940 856 2242 2242 936 857 2243 2243 939 858 2244 2244 940 856 2245 2245 935 855 2246 2246 935 855 2247 2247 936 857 2248 2248 937 859 2249 2249 937 859 2250 2250 938 860 2251 2251 942 861 2252 2252 937 859 2253 2253 936 857 2254 2254 938 860 2255 2255 942 861 2256 2256 938 860 2257 2257 943 862 2258 2258 944 707 2259 2259 942 861 2260 2260 943 862 2261 2261 947 863 2262 2262 952 864 2263 2263 953 865 2264 2264 951 866 2265 2265 952 864 2266 2266 947 863 2267 2267 950 867 2268 2268 951 866 2269 2269 947 863 2270 2270 949 868 2271 2271 950 867 2272 2272 947 863 2273 2273 947 863 2274 2274 948 869 2275 2275 949 868 2276 2276 954 870 2277 2277 953 865 2278 2278 952 864 2279 2279 958 871 2280 2280 955 872 2281 2281 957 873 2282 2282 955 872 2283 2283 956 874 2284 2284 957 873 2285 2285 961 875 2286 2286 962 876 2287 2287 959 877 2288 2288 959 877 2289 2289 960 878 2290 2290 961 875 2291 2291 975 879 2292 2292 963 880 2293 2293 976 881 2294 2294 964 882 2295 2295 963 880 2296 2296 975 879 2297 2297 963 880 2298 2298 964 882 2299 2299 965 883 2300 2300 975 879 2301 2301 977 884 2302 2302 964 882 2303 2303 964 882 2304 2304 977 884 2305 2305 972 885 2306 2306 970 886 2307 2307 964 882 2308 2308 972 885 2309 2309 966 887 2310 2310 964 882 2311 2311 970 886 2312 2312 965 883 2313 2313 964 882 2314 2314 966 887 2315 2315 966 887 2316 2316 968 888 2317 2317 965 883 2318 2318 966 887 2319 2319 970 886 2320 2320 967 889 2321 2321 966 887 2322 2322 967 889 2323 2323 968 888 2324 2324 967 889 2325 2325 970 886 2326 2326 971 890 2327 2327 967 889 2328 2328 996 891 2329 2329 973 892 2330 2330 971 890 2331 2331 996 891 2332 2332 967 889 2333 2333 967 889 2334 2334 973 892 2335 2335 969 893 2336 2336 968 888 2337 2337 967 889 2338 2338 969 893 2339 2339 973 892 2340 2340 996 891 2341 2341 1007 894 2342 2342 973 892 2343 2343 1007 894 2344 2344 974 895 2345 2345 969 893 2346 2346 973 892 2347 2347 974 895 2348 2348 974 895 2349 2349 1007 894 2350 2350 1008 896 2351 2351 980 897 2352 2352 983 898 2353 2353 978 899 2354 2354 978 899 2355 2355 979 900 2356 2356 980 897 2357 2357 981 901 2358 2358 984 902 2359 2359 980 897 2360 2360 980 897 2361 2361 985 903 2362 2362 982 904 2363 2363 984 902 2364 2364 985 903 2365 2365 980 897 2366 2366 982 904 2367 2367 983 898 2368 2368 980 897 2369 2369 980 897 2370 2370 979 900 2371 2371 981 901 2372 2372 983 898 2373 2373 982 904 2374 2374 986 905 2375 2375 985 903 2376 2376 988 906 2377 2377 982 904 2378 2378 982 904 2379 2379 989 907 2380 2380 987 908 2381 2381 988 906 2382 2382 989 907 2383 2383 982 904 2384 2384 986 905 2385 2385 982 904 2386 2386 987 908 2387 2387 993 909 2388 2388 985 903 2389 2389 984 902 2390 2390 990 910 2391 2391 985 903 2392 2392 993 909 2393 2393 990 910 2394 2394 988 906 2395 2395 985 903 2396 2396 994 911 2397 2397 984 902 2398 2398 991 912 2399 2399 993 909 2400 2400 984 902 2401 2401 994 911 2402 2402 991 912 2403 2403 984 902 2404 2404 981 901 2405 2405 992 913 2406 2406 986 905 2407 2407 987 908 2408 2408 987 908 2409 2409 989 907 2410 2410 992 913 2411 2411 995 914 2412 2412 986 905 2413 2413 992 913 2414 2414 997 915 2415 2415 998 916 2416 2416 999 917 2417 2417 1009 918 2418 2418 1006 919 2419 2419 998 916 2420 2420 998 916 2421 2421 1005 920 2422 2422 1000 921 2423 2423 1006 919 2424 2424 1005 920 2425 2425 998 916 2426 2426 999 917 2427 2427 998 916 2428 2428 1000 921 2429 2429 999 922 2430 2430 1001 922 2431 2431 1002 922 2432 2432 1002 923 2433 2433 1001 923 2434 2434 1003 923 2435 2435 1003 924 2436 2436 1000 921 2437 2437 1004 925 2438 2438 1005 920 2439 2439 1004 925 2440 2440 1000 921 2441 2441 1010 918 2442 2442 1006 919 2443 2443 1009 918 2444 2444 1011 926 2445 2445 1014 927 2446 2446 1012 928 2447 2447 1011 926 2448 2448 1012 928 2449 2449 1013 929 2450 2450 1012 928 2451 2451 1014 927 2452 2452 1015 930 2453 2453 1017 931 2454 2454 1012 928 2455 2455 1015 930 2456 2456 1016 932 2457 2457 1012 928 2458 2458 1017 931 2459 2459 1013 929 2460 2460 1012 928 2461 2461 1016 932 2462 2462 1017 931 2463 2463 1015 930 2464 2464 1018 933 2465 2465 1020 934 2466 2466 1017 931 2467 2467 1018 933 2468 2468 1019 935 2469 2469 1017 931 2470 2470 1020 934 2471 2471 1016 932 2472 2472 1017 931 2473 2473 1019 935 2474 2474 1018 933 2475 2475 1021 936 2476 2476 1020 934 2477 2477 1028 937 2478 2478 1030 938 2479 2479 1020 934 2480 2480 1030 938 2481 2481 1029 939 2482 2482 1020 934 2483 2483 1029 939 2484 2484 1027 940 2485 2485 1020 934 2486 2486 1025 941 2487 2487 1028 937 2488 2488 1020 934 2489 2489 1027 940 2490 2490 1026 942 2491 2491 1020 934 2492 2492 1026 943 2493 2493 1024 943 2494 2494 1020 943 2495 2495 1022 944 2496 2496 1025 941 2497 2497 1020 934 2498 2498 1024 945 2499 2499 1023 946 2500 2500 1020 934 2501 2501 1023 946 2502 2502 1019 935 2503 2503 1020 934 2504 2504 1021 936 2505 2505 1022 944 2506 2506 1020 934 2507 2507 1031 947 2508 2508 1050 948 2509 2509 1032 949 2510 2510 1049 950 2511 2511 1050 948 2512 2512 1031 947 2513 2513 1031 947 2514 2514 1041 951 2515 2515 1049 950 2516 2516 1039 952 2517 2517 1041 951 2518 2518 1031 947 2519 2519 1033 953 2520 2520 1039 952 2521 2521 1031 947 2522 2522 1031 947 2523 2523 1032 949 2524 2524 1033 953 2525 2525 1052 954 2526 2526 1050 948 2527 2527 1049 950 2528 2528 1051 955 2529 2529 1050 948 2530 2530 1052 954 2531 2531 1049 950 2532 2532 1046 956 2533 2533 1052 954 2534 2534 1041 951 2535 2535 1046 956 2536 2536 1049 950 2537 2537 1041 951 2538 2538 1040 957 2539 2539 1046 956 2540 2540 1042 958 2541 2541 1041 951 2542 2542 1039 952 2543 2543 1040 957 2544 2544 1041 951 2545 2545 1042 958 2546 2546 1043 959 2547 2547 1039 952 2548 2548 1037 960 2549 2549 1042 958 2550 2550 1039 952 2551 2551 1043 959 2552 2552 1037 960 2553 2553 1039 952 2554 2554 1033 953 2555 2555 1038 961 2556 2556 1033 953 2557 2557 1035 962 2558 2558 1037 960 2559 2559 1033 953 2560 2560 1038 961 2561 2561 1033 953 2562 2562 1034 963 2563 2563 1035 962 2564 2564 1033 953 2565 2565 1032 949 2566 2566 1034 963 2567 2567 1038 961 2568 2568 1043 959 2569 2569 1037 960 2570 2570 1035 962 2571 2571 1034 963 2572 2572 1036 964 2573 2573 1042 958 2574 2574 1044 965 2575 2575 1040 957 2576 2576 1046 956 2577 2577 1040 957 2578 2578 1045 966 2579 2579 1040 957 2580 2580 1044 965 2581 2581 1045 966 2582 2582 1046 956 2583 2583 1060 967 2584 2584 1052 954 2585 2585 1046 956 2586 2586 1045 966 2587 2587 1060 967 2588 2588 1051 955 2589 2589 1052 954 2590 2590 1060 967 2591 2591 1051 955 2592 2592 1058 968 2593 2593 1057 969 2594 2594 1060 967 2595 2595 1058 968 2596 2596 1051 955 2597 2597 1060 967 2598 2598 1045 966 2599 2599 1047 970 2600 2600 1060 967 2601 2601 1047 970 2602 2602 1058 968 2603 2603 1048 971 2604 2604 1045 966 2605 2605 1044 965 2606 2606 1047 970 2607 2607 1045 966 2608 2608 1048 971 2609 2609 1047 970 2610 2610 1061 972 2611 2611 1059 973 2612 2612 1048 971 2613 2613 1061 972 2614 2614 1047 970 2615 2615 1058 968 2616 2616 1047 970 2617 2617 1059 973 2618 2618 1058 968 2619 2619 1059 973 2620 2620 1055 974 2621 2621 1056 975 2622 2622 1058 968 2623 2623 1055 974 2624 2624 1057 969 2625 2625 1058 968 2626 2626 1056 975 2627 2627 1059 973 2628 2628 1061 972 2629 2629 1053 976 2630 2630 1055 974 2631 2631 1059 973 2632 2632 1053 976 2633 2633 1054 977 2634 2634 1056 975 2635 2635 1055 974 2636 2636 1053 976 2637 2637 1054 977 2638 2638 1055 974 2639 2639 1062 978 2640 2640 1071 979 2641 2641 1063 980 2642 2642 1070 981 2643 2643 1071 979 2644 2644 1062 978 2645 2645 1062 978 2646 2646 1063 980 2647 2647 1064 982 2648 2648 1070 983 2649 2649 1075 983 2650 2650 1071 983 2651 2651 1074 984 2652 2652 1075 984 2653 2653 1070 984 2654 2654 1074 985 2655 2655 1073 986 2656 2656 1075 987 2657 2657 1072 988 2658 2658 1073 986 2659 2659 1074 985 2660 2660 1072 989 2661 2661 1077 989 2662 2662 1073 989 2663 2663 1076 990 2664 2664 1077 990 2665 2665 1072 990 2666 2666 1064 982 2667 2667 1065 991 2668 2668 1066 992 2669 2669 1064 982 2670 2670 1063 980 2671 2671 1065 991 2672 2672 1066 992 2673 2673 1065 991 2674 2674 1067 993 2675 2675 1066 992 2676 2676 1067 993 2677 2677 1068 994 2678 2678 1068 994 2679 2679 1067 993 2680 2680 1069 995 2681 2681 1078 996 2682 2682 1081 997 2683 2683 1082 998 2684 2684 1080 999 2685 2685 1081 997 2686 2686 1078 996 2687 2687 1078 996 2688 2688 1079 1000 2689 2689 1080 999 2690 2690 1081 997 2691 2691 1083 1001 2692 2692 1082 998 2693 2693 1082 998 2694 2694 1083 1001 2695 2695 1084 1002 2696 2696 1085 1003 2697 2697 1083 1001 2698 2698 1086 1004 2699 2699 1084 1002 2700 2700 1083 1001 2701 2701 1085 1003 2702 2702 1085 1003 2703 2703 1088 1005 2704 2704 1089 1006 2705 2705 1087 1007 2706 2706 1088 1005 2707 2707 1085 1003 2708 2708 1085 1003 2709 2709 1086 1004 2710 2710 1087 1007 2711 2711 1088 1005 2712 2712 1093 1008 2713 2713 1089 1006 2714 2714 1089 1006 2715 2715 1093 1008 2716 2716 1094 1009 2717 2717 1093 1010 2718 2718 1092 1010 2719 2719 1095 1010 2720 2720 1095 1011 2721 2721 1094 1009 2722 2722 1093 1008 2723 2723 1095 1012 2724 2724 1092 1012 2725 2725 1091 1012 2726 2726 1090 1013 2727 2727 1091 1013 2728 2728 1092 1013 2729 2729 1164 1014 2730 2730 1096 1015 2731 2731 1141 1016 2732 2732 1113 1017 2733 2733 1096 1015 2734 2734 1098 1018 2735 2735 1141 1016 2736 2736 1096 1015 2737 2737 1113 1017 2738 2738 1096 1015 2739 2739 1097 1019 2740 2740 1098 1018 2741 2741 1139 1020 2742 2742 1164 1014 2743 2743 1141 1016 2744 2744 1143 1021 2745 2745 1164 1014 2746 2746 1139 1020 2747 2747 1140 1022 2748 2748 1141 1016 2749 2749 1113 1017 2750 2750 1139 1020 2751 2751 1141 1016 2752 2752 1140 1022 2753 2753 1113 1017 2754 2754 1142 1023 2755 2755 1140 1022 2756 2756 1112 1024 2757 2757 1142 1023 2758 2758 1113 1017 2759 2759 1111 1025 2760 2760 1113 1017 2761 2761 1098 1018 2762 2762 1112 1024 2763 2763 1113 1017 2764 2764 1111 1025 2765 2765 1097 1019 2766 2766 1111 1025 2767 2767 1098 1018 2768 2768 1110 1026 2769 2769 1111 1025 2770 2770 1097 1019 2771 2771 1138 1027 2772 2772 1140 1022 2773 2773 1142 1023 2774 2774 1128 1028 2775 2775 1140 1022 2776 2776 1138 1027 2777 2777 1128 1028 2778 2778 1139 1020 2779 2779 1140 1022 2780 2780 1127 1029 2781 2781 1143 1021 2782 2782 1139 1020 2783 2783 1127 1029 2784 2784 1139 1020 2785 2785 1128 1028 2786 2786 1101 1030 2787 2787 1102 1031 2788 2788 1143 1021 2789 2789 1101 1030 2790 2790 1143 1021 2791 2791 1127 1029 2792 2792 1124 1032 2793 2793 1101 1030 2794 2794 1127 1029 2795 2795 1126 1033 2796 2796 1127 1029 2797 2797 1128 1028 2798 2798 1124 1032 2799 2799 1127 1029 2800 2800 1126 1033 2801 2801 1128 1028 2802 2802 1130 1034 2803 2803 1126 1033 2804 2804 1138 1027 2805 2805 1130 1034 2806 2806 1128 1028 2807 2807 1126 1033 2808 2808 1130 1034 2809 2809 1125 1035 2810 2810 1125 1035 2811 2811 1124 1032 2812 2812 1126 1033 2813 2813 1123 1036 2814 2814 1099 1037 2815 2815 1124 1032 2816 2816 1099 1037 2817 2817 1101 1030 2818 2818 1124 1032 2819 2819 1123 1036 2820 2820 1124 1032 2821 2821 1125 1035 2822 2822 1101 1030 2823 2823 1100 1038 2824 2824 1102 1031 2825 2825 1099 1037 2826 2826 1100 1038 2827 2827 1101 1030 2828 2828 1099 1037 2829 2829 1134 1039 2830 2830 1100 1038 2831 2831 1129 1040 2832 2832 1134 1039 2833 2833 1099 1037 2834 2834 1129 1040 2835 2835 1099 1037 2836 2836 1123 1036 2837 2837 1135 1041 2838 2838 1134 1039 2839 2839 1129 1040 2840 2840 1134 1039 2841 2841 1135 1041 2842 2842 1136 1042 2843 2843 1136 1042 2844 2844 1135 1041 2845 2845 1137 1043 2846 2846 1125 1035 2847 2847 1130 1034 2848 2848 1131 1044 2849 2849 1106 1045 2850 2850 1109 1046 2851 2851 1103 1047 2852 2852 1103 1047 2853 2853 1105 1048 2854 2854 1106 1045 2855 2855 1103 1047 2856 2856 1104 1049 2857 2857 1105 1048 2858 2858 1106 1045 2859 2859 1108 1050 2860 2860 1109 1046 2861 2861 1106 1045 2862 2862 1105 1048 2863 2863 1107 1051 2864 2864 1105 1048 2865 2865 1104 1049 2866 2866 1114 1052 2867 2867 1105 1048 2868 2868 1115 1053 2869 2869 1107 1051 2870 2870 1114 1052 2871 2871 1115 1053 2872 2872 1105 1048 2873 2873 1104 1049 2874 2874 1117 1054 2875 2875 1116 1055 2876 2876 1114 1052 2877 2877 1104 1049 2878 2878 1116 1055 2879 2879 1114 1052 2880 2880 1120 1056 2881 2881 1115 1053 2882 2882 1119 1057 2883 2883 1120 1056 2884 2884 1114 1052 2885 2885 1116 1055 2886 2886 1119 1057 2887 2887 1114 1052 2888 2888 1118 1058 2889 2889 1119 1057 2890 2890 1116 1055 2891 2891 1117 1054 2892 2892 1118 1058 2893 2893 1116 1055 2894 2894 1118 1058 2895 2895 1121 1059 2896 2896 1119 1057 2897 2897 1119 1057 2898 2898 1122 1060 2899 2899 1120 1056 2900 2900 1121 1059 2901 2901 1122 1060 2902 2902 1119 1057 2903 2903 1121 1059 2904 2904 1132 1061 2905 2905 1122 1060 2906 2906 1122 1060 2907 2907 1132 1061 2908 2908 1133 1062 2909 2909 1144 1063 2910 2910 1151 1064 2911 2911 1145 1065 2912 2912 1150 1066 2913 2913 1151 1064 2914 2914 1144 1063 2915 2915 1144 1063 2916 2916 1145 1065 2917 2917 1146 1067 2918 2918 1150 1066 2919 2919 1149 1068 2920 2920 1151 1064 2921 2921 1148 1069 2922 2922 1149 1068 2923 2923 1150 1066 2924 2924 1148 1070 2925 2925 1163 1070 2926 2926 1149 1070 2927 2927 1146 1067 2928 2928 1145 1065 2929 2929 1147 1071 2930 2930 1157 1072 2931 2931 1152 1073 2932 2932 1154 1074 2933 2933 1156 1075 2934 2934 1152 1073 2935 2935 1157 1072 2936 2936 1152 1073 2937 2937 1153 1076 2938 2938 1154 1074 2939 2939 1162 1077 2940 2940 1156 1075 2941 2941 1157 1072 2942 2942 1161 1078 2943 2943 1156 1075 2944 2944 1162 1077 2945 2945 1160 1079 2946 2946 1161 1078 2947 2947 1162 1077 2948 2948 1153 1076 2949 2949 1158 1080 2950 2950 1155 1081 2951 2951 1154 1074 2952 2952 1153 1076 2953 2953 1155 1081 2954 2954 1159 1082 2955 2955 1154 1074 2956 2956 1155 1081 2957 2957 1158 1080 2958 2958 1159 1082 2959 2959 1155 1081 2960 2960 1165 1083 2961 2961 1166 1083 2962 2962 1167 1083 2963 2963 1168 1084 2964 2964 1169 1085 2965 2965 1170 1086 2966 2966 1170 1086 2967 2967 1169 1085 2968 2968 1171 1087 2969 2969 1170 1086 2970 2970 1171 1087 2971 2971 1172 1088 2972 2972 1172 1088 2973 2973 1171 1087 2974 2974 1173 1089 2975 2975 1172 1088 2976 2976 1173 1089 2977 2977 1174 1090 2978 2978 1174 1090 2979 2979 1173 1089 2980 2980 1178 1091 2981 2981 1182 1092 2982 2982 1174 1090 2983 2983 1181 1093 2984 2984 1180 1094 2985 2985 1181 1093 2986 2986 1174 1090 2987 2987 1174 1090 2988 2988 1179 1095 2989 2989 1180 1094 2990 2990 1174 1090 2991 2991 1178 1091 2992 2992 1179 1095 2993 2993 1183 1096 2994 2994 1187 1097 2995 2995 1182 1092 2996 2996 1181 1093 2997 2997 1183 1096 2998 2998 1182 1092 2999 2999 1183 1096 3000 3000 1188 1098 3001 3001 1187 1097 3002 3002 1186 1099 3003 3003 1187 1099 3004 3004 1188 1099 3005 3005 1186 1100 3006 3006 1188 1098 3007 3007 1184 1101 3008 3008 1184 1101 3009 3009 1185 1102 3010 3010 1186 1100 3011 3011 1175 1103 3012 3012 1176 1104 3013 3013 1177 1105 3014 3014 1177 1105 3015 3015 1176 1104 3016 3016 1195 1106 3017 3017 1195 1106 3018 3018 1193 1107 3019 3019 1177 1105 3020 3020 1193 1107 3021 3021 1194 1108 3022 3022 1177 1105 3023 3023 1193 1107 3024 3024 1192 1109 3025 3025 1194 1108 3026 3026 1189 1110 3027 3027 1192 1109 3028 3028 1193 1107 3029 3029 1191 1111 3030 3030 1192 1109 3031 3031 1189 1110 3032 3032 1189 1110 3033 3033 1190 1112 3034 3034 1191 1111 3035 3035 1196 1113 3036 3036 1201 1114 3037 3037 1197 1115 3038 3038 1200 1116 3039 3039 1201 1114 3040 3040 1196 1113 3041 3041 1196 1113 3042 3042 1197 1115 3043 3043 1198 1117 3044 3044 1201 1114 3045 3045 1202 1118 3046 3046 1205 1119 3047 3047 1205 1119 3048 3048 1197 1115 3049 3049 1201 1114 3050 3050 1203 1120 3051 3051 1201 1114 3052 3052 1200 1116 3053 3053 1202 1118 3054 3054 1201 1114 3055 3055 1203 1120 3056 3056 1245 1121 3057 3057 1199 1122 3058 3058 1197 1115 3059 3059 1247 1123 3060 3060 1245 1121 3061 3061 1197 1115 3062 3062 1204 1124 3063 3063 1247 1123 3064 3064 1197 1115 3065 3065 1204 1124 3066 3066 1197 1115 3067 3067 1205 1119 3068 3068 1198 1117 3069 3069 1197 1115 3070 3070 1199 1122 3071 3071 1205 1119 3072 3072 1241 1125 3073 3073 1204 1124 3074 3074 1204 1124 3075 3075 1242 1126 3076 3076 1247 1123 3077 3077 1204 1124 3078 3078 1241 1125 3079 3079 1242 1126 3080 3080 1199 1127 3081 3081 1245 1127 3082 3082 1246 1127 3083 3083 1203 1120 3084 3084 1200 1116 3085 3085 1244 1128 3086 3086 1244 1128 3087 3087 1208 1129 3088 3088 1203 1120 3089 3089 1243 1130 3090 3090 1203 1120 3091 3091 1208 1129 3092 3092 1202 1118 3093 3093 1203 1120 3094 3094 1243 1130 3095 3095 1206 1131 3096 3096 1208 1129 3097 3097 1244 1128 3098 3098 1208 1129 3099 3099 1213 1132 3100 3100 1243 1130 3101 3101 1209 1133 3102 3102 1213 1132 3103 3103 1208 1129 3104 3104 1208 1129 3105 3105 1207 1134 3106 3106 1209 1133 3107 3107 1206 1131 3108 3108 1207 1134 3109 3109 1208 1129 3110 3110 1207 1134 3111 3111 1206 1131 3112 3112 1210 1135 3113 3113 1214 1136 3114 3114 1209 1133 3115 3115 1207 1134 3116 3116 1211 1137 3117 3117 1209 1133 3118 3118 1214 1136 3119 3119 1209 1133 3120 3120 1212 1138 3121 3121 1213 1132 3122 3122 1211 1137 3123 3123 1212 1138 3124 3124 1209 1133 3125 3125 1213 1132 3126 3126 1212 1138 3127 3127 1222 1139 3128 3128 1212 1138 3129 3129 1221 1140 3130 3130 1222 1139 3131 3131 1216 1141 3132 3132 1221 1140 3133 3133 1212 1138 3134 3134 1211 1137 3135 3135 1216 1141 3136 3136 1212 1138 3137 3137 1214 1136 3138 3138 1218 1142 3139 3139 1211 1137 3140 3140 1218 1142 3141 3141 1215 1143 3142 3142 1211 1137 3143 3143 1215 1143 3144 3144 1216 1141 3145 3145 1211 1137 3146 3146 1218 1142 3147 3147 1219 1144 3148 3148 1217 1145 3149 3149 1217 1145 3150 3150 1215 1143 3151 3151 1218 1142 3152 3152 1217 1145 3153 3153 1219 1144 3154 3154 1220 1146 3155 3155 1230 1147 3156 3156 1223 1148 3157 3157 1225 1149 3158 3158 1228 1150 3159 3159 1223 1148 3160 3160 1230 1147 3161 3161 1223 1148 3162 3162 1224 1151 3163 3163 1225 1149 3164 3164 1257 1152 3165 3165 1256 1153 3166 3166 1230 1147 3167 3167 1225 1149 3168 3168 1257 1152 3169 3169 1230 1147 3170 3170 1256 1153 3171 3171 1229 1154 3172 3172 1230 1147 3173 3173 1229 1154 3174 3174 1228 1150 3175 3175 1230 1147 3176 3176 1226 1155 3177 3177 1257 1152 3178 3178 1225 1149 3179 3179 1225 1149 3180 3180 1224 1151 3181 3181 1226 1155 3182 3182 1224 1151 3183 3183 1253 1156 3184 3184 1226 1155 3185 3185 1224 1151 3186 3186 1252 1156 3187 3187 1253 1156 3188 3188 1255 1157 3189 3189 1229 1154 3190 3190 1256 1153 3191 3191 1255 1158 3192 3192 1238 1158 3193 3193 1229 1158 3194 3194 1237 1159 3195 3195 1229 1159 3196 3196 1238 1159 3197 3197 1227 1160 3198 3198 1229 1160 3199 3199 1237 1160 3200 3200 1227 1161 3201 3201 1228 1150 3202 3202 1229 1154 3203 3203 1254 1162 3204 3204 1238 1162 3205 3205 1255 1162 3206 3206 1231 1163 3207 3207 1236 1164 3208 3208 1232 1165 3209 3209 1235 1166 3210 3210 1236 1164 3211 3211 1231 1163 3212 3212 1231 1163 3213 3213 1232 1165 3214 3214 1233 1167 3215 3215 1240 1168 3216 3216 1250 1169 3217 3217 1236 1164 3218 3218 1236 1164 3219 3219 1249 1170 3220 3220 1232 1165 3221 3221 1250 1169 3222 3222 1249 1170 3223 3223 1236 1164 3224 3224 1235 1166 3225 3225 1240 1168 3226 3226 1236 1164 3227 3227 1249 1170 3228 3228 1234 1171 3229 3229 1232 1165 3230 3230 1233 1167 3231 3231 1232 1165 3232 3232 1234 1171 3233 3233 1248 1172 3234 3234 1233 1167 3235 3235 1234 1171 3236 3236 1251 1173 3237 3237 1250 1169 3238 3238 1240 1168 3239 3239 1239 1174 3240 3240 1240 1168 3241 3241 1235 1166 3242 3242 1263 1175 3243 3243 1258 1176 3244 3244 1264 1177 3245 3245 1262 1178 3246 3246 1258 1176 3247 3247 1263 1175 3248 3248 1258 1176 3249 3249 1259 1179 3250 3250 1260 1180 3251 3251 1265 1181 3252 3252 1263 1175 3253 3253 1264 1177 3254 3254 1264 1177 3255 3255 1266 1182 3256 3256 1265 1181 3257 3257 1267 1183 3258 3258 1265 1181 3259 3259 1266 1182 3260 3260 1266 1182 3261 3261 1268 1184 3262 3262 1267 1183 3263 3263 1269 1185 3264 3264 1267 1183 3265 3265 1268 1184 3266 3266 1269 1185 3267 3267 1268 1184 3268 3268 1301 1186 3269 3269 1284 1187 3270 3270 1301 1186 3271 3271 1268 1184 3272 3272 1284 1187 3273 3273 1285 1188 3274 3274 1301 1186 3275 3275 1284 1187 3276 3276 1280 1189 3277 3277 1285 1188 3278 3278 1285 1188 3279 3279 1280 1189 3280 3280 1286 1190 3281 3281 1280 1191 3282 3282 1281 1191 3283 3283 1282 1191 3284 3284 1281 1192 3285 3285 1297 1193 3286 3286 1283 1194 3287 3287 1298 1195 3288 3288 1297 1193 3289 3289 1281 1192 3290 3290 1282 1196 3291 3291 1281 1192 3292 3292 1283 1194 3293 3293 1297 1193 3294 3294 1298 1195 3295 3295 1299 1197 3296 3296 1299 1197 3297 3297 1298 1195 3298 3298 1300 1198 3299 3299 1299 1197 3300 3300 1300 1198 3301 3301 1279 1199 3302 3302 1279 1199 3303 3303 1300 1198 3304 3304 1278 1200 3305 3305 1277 1201 3306 3306 1279 1199 3307 3307 1278 1200 3308 3308 1276 1202 3309 3309 1277 1201 3310 3310 1278 1200 3311 3311 1260 1180 3312 3312 1259 1179 3313 3313 1261 1203 3314 3314 1270 1204 3315 3315 1271 1204 3316 3316 1272 1204 3317 3317 1273 1205 3318 3318 1296 1206 3319 3319 1274 1207 3320 3320 1295 1208 3321 3321 1296 1206 3322 3322 1273 1205 3323 3323 1273 1205 3324 3324 1274 1207 3325 3325 1275 1209 3326 3326 1295 1208 3327 3327 1294 1210 3328 3328 1296 1206 3329 3329 1293 1211 3330 3330 1294 1210 3331 3331 1295 1208 3332 3332 1294 1210 3333 3333 1292 1212 3334 3334 1291 1213 3335 3335 1293 1211 3336 3336 1292 1212 3337 3337 1294 1210 3338 3338 1290 1214 3339 3339 1291 1213 3340 3340 1292 1212 3341 3341 1288 1215 3342 3342 1291 1213 3343 3343 1290 1214 3344 3344 1289 1216 3345 3345 1288 1215 3346 3346 1290 1214 3347 3347 1287 1217 3348 3348 1288 1215 3349 3349 1289 1216 3350 3350 1287 1217 3351 3351 1289 1216 3352 3352 1302 1218 3353 3353 1303 1219 3354 3354 1312 1220 3355 3355 1304 1221 3356 3356 1303 1219 3357 3357 1314 1222 3358 3358 1312 1220 3359 3359 1317 1223 3360 3360 1314 1222 3361 3361 1303 1219 3362 3362 1303 1219 3363 3363 1304 1221 3364 3364 1305 1224 3365 3365 1312 1220 3366 3366 1307 1225 3367 3367 1304 1221 3368 3368 1312 1220 3369 3369 1309 1226 3370 3370 1307 1225 3371 3371 1311 1227 3372 3372 1309 1226 3373 3373 1312 1220 3374 3374 1313 1228 3375 3375 1312 1220 3376 3376 1314 1222 3377 3377 1311 1227 3378 3378 1312 1220 3379 3379 1313 1228 3380 3380 1304 1221 3381 3381 1307 1225 3382 3382 1306 1229 3383 3383 1305 1224 3384 3384 1304 1221 3385 3385 1306 1229 3386 3386 1305 1224 3387 3387 1322 1230 3388 3388 1323 1231 3389 3389 1306 1229 3390 3390 1322 1230 3391 3391 1305 1224 3392 3392 1306 1229 3393 3393 1308 1232 3394 3394 1322 1230 3395 3395 1306 1229 3396 3396 1307 1225 3397 3397 1308 1232 3398 3398 1307 1225 3399 3399 1310 1233 3400 3400 1308 1232 3401 3401 1309 1226 3402 3402 1310 1233 3403 3403 1307 1225 3404 3404 1322 1230 3405 3405 1308 1232 3406 3406 1318 1234 3407 3407 1319 1235 3408 3408 1308 1232 3409 3409 1310 1233 3410 3410 1318 1234 3411 3411 1308 1232 3412 3412 1319 1235 3413 3413 1322 1230 3414 3414 1318 1234 3415 3415 1324 1236 3416 3416 1322 1230 3417 3417 1324 1236 3418 3418 1323 1231 3419 3419 1323 1231 3420 3420 1324 1236 3421 3421 1325 1237 3422 3422 1324 1236 3423 3423 1318 1234 3424 3424 1321 1238 3425 3425 1318 1234 3426 3426 1320 1239 3427 3427 1321 1238 3428 3428 1319 1235 3429 3429 1320 1239 3430 3430 1318 1234 3431 3431 1314 1222 3432 3432 1315 1240 3433 3433 1313 1228 3434 3434 1316 1241 3435 3435 1314 1222 3436 3436 1317 1223 3437 3437 1315 1240 3438 3438 1314 1222 3439 3439 1316 1241 3440 3440 1341 1242 3441 3441 1327 1242 3442 3442 1326 1242 3443 3443 1326 1243 3444 3444 1333 1244 3445 3445 1334 1245 3446 3446 1328 1246 3447 3447 1333 1244 3448 3448 1326 1243 3449 3449 1326 1247 3450 3450 1327 1247 3451 3451 1328 1247 3452 3452 1334 1245 3453 3453 1329 1248 3454 3454 1331 1249 3455 3455 1333 1250 3456 3456 1329 1250 3457 3457 1334 1250 3458 3458 1329 1248 3459 3459 1330 1251 3460 3460 1331 1249 3461 3461 1331 1249 3462 3462 1330 1251 3463 3463 1332 1252 3464 3464 1330 1251 3465 3465 1335 1253 3466 3466 1332 1252 3467 3467 1332 1252 3468 3468 1335 1253 3469 3469 1336 1254 3470 3470 1335 1253 3471 3471 1337 1255 3472 3472 1336 1254 3473 3473 1336 1254 3474 3474 1337 1255 3475 3475 1338 1256 3476 3476 1337 1255 3477 3477 1339 1257 3478 3478 1338 1256 3479 3479 1338 1256 3480 3480 1339 1257 3481 3481 1340 1257 3482 3482 1343 1258 3483 3483 1342 1259 3484 3484 1358 1260 3485 3485 1342 1259 3486 3486 1343 1258 3487 3487 1344 1261 3488 3488 1343 1258 3489 3489 1361 1262 3490 3490 1348 1263 3491 3491 1343 1258 3492 3492 1357 1264 3493 3493 1361 1262 3494 3494 1343 1258 3495 3495 1358 1260 3496 3496 1357 1264 3497 3497 1343 1258 3498 3498 1349 1265 3499 3499 1344 1261 3500 3500 1348 1263 3501 3501 1349 1265 3502 3502 1343 1258 3503 3503 1359 1266 3504 3504 1358 1260 3505 3505 1360 1267 3506 3506 1357 1264 3507 3507 1358 1260 3508 3508 1359 1266 3509 3509 1362 1268 3510 3510 1357 1264 3511 3511 1359 1266 3512 3512 1361 1262 3513 3513 1357 1264 3514 3514 1362 1268 3515 3515 1359 1266 3516 3516 1351 1269 3517 3517 1362 1268 3518 3518 1352 1270 3519 3519 1351 1269 3520 3520 1359 1266 3521 3521 1360 1267 3522 3522 1352 1270 3523 3523 1359 1266 3524 3524 1355 1271 3525 3525 1352 1270 3526 3526 1360 1267 3527 3527 1352 1270 3528 3528 1355 1271 3529 3529 1354 1272 3530 3530 1353 1273 3531 3531 1352 1270 3532 3532 1354 1272 3533 3533 1350 1274 3534 3534 1352 1270 3535 3535 1353 1273 3536 3536 1350 1274 3537 3537 1351 1269 3538 3538 1352 1270 3539 3539 1354 1272 3540 3540 1355 1271 3541 3541 1356 1275 3542 3542 1367 1276 3543 3543 1354 1272 3544 3544 1370 1277 3545 3545 1367 1276 3546 3546 1369 1278 3547 3547 1354 1272 3548 3548 1369 1278 3549 3549 1364 1279 3550 3550 1354 1272 3551 3551 1354 1272 3552 3552 1365 1280 3553 3553 1366 1281 3554 3554 1354 1272 3555 3555 1356 1275 3556 3556 1365 1280 3557 3557 1363 1282 3558 3558 1354 1272 3559 3559 1364 1279 3560 3560 1353 1273 3561 3561 1354 1272 3562 3562 1363 1282 3563 3563 1367 1276 3564 3564 1368 1283 3565 3565 1369 1278 3566 3566 1345 1284 3567 3567 1346 1284 3568 3568 1347 1284 3569 3569</p>
        </triangles>
      </mesh>
    </geometry>
  </library_geometries>
  <library_controllers>
    <controller id="model-armature_mainShape-skin" name="model-armature">
      <skin source="#mainShape-mesh">
        <bind_shape_matrix>-1 -1.4243e-14 -8.74228e-8 -3.69345 -8.74228e-8 1.62921e-7 1 0 0 1 -1.62921e-7 0 0 0 0 1</bind_shape_matrix>
        <source id="model-armature_mainShape-skin-joints">
          <Name_array id="model-armature_mainShape-skin-joints-array" count="18">Root Attach Rifle L_01 L_01_a L_01_b L_02 L_02_a L_02_b R_01 R_01_a R_01_b R_02 R_02_a R_02_b U_01 U_01_a U_01_b</Name_array>
          <technique_common>
            <accessor source="#model-armature_mainShape-skin-joints-array" count="18" stride="1">
              <param name="JOINT" type="name"/>
            </accessor>
          </technique_common>
        </source>
        <source id="model-armature_mainShape-skin-bind_poses">
          <float_array id="model-armature_mainShape-skin-bind_poses-array" count="288">1 0 0 0 0 -1.62921e-7 1 0 0 -1 -1.62921e-7 0 0 0 0 1 -1 0 -3.89414e-7 0 0 -1 -2.8213e-7 0 -3.89414e-7 -1.62921e-7 1 0 0 0 0 1 -1 0 -3.25841e-7 -3.69345 0 -1 -2.8213e-7 0 -3.25841e-7 -1.62921e-7 1 -1.52265e-6 0 0 0 1 -1 0 -3.25841e-7 -5.68275 0 -1 -2.8213e-7 -0.4000002 -3.25841e-7 -1.62921e-7 1 -0.4500024 0 0 0 1 -1 0 -3.25841e-7 -6.66609 0 -1 -2.8213e-7 -0.4000002 -3.25841e-7 -1.62921e-7 1 -0.4500029 0 0 0 1 -1 0 -3.25841e-7 -4.87347 0 -1 -2.8213e-7 -0.4000001 -3.25841e-7 -1.62921e-7 1 -0.7028862 0 0 0 1 -1 0 -3.25841e-7 -5.29345 0 -1 -2.8213e-7 -0.4000003 -3.25841e-7 -1.62921e-7 1 -2.18387e-6 0 0 0 1 -1 0 -3.25841e-7 -6.54888 0 -1 -2.8213e-7 -0.4000003 -3.25841e-7 -1.62921e-7 1 -2.70269e-6 0 0 0 1 -1 0 -3.25841e-7 -3.74892 0 -1 -2.8213e-7 -0.4000002 -3.25841e-7 -1.62921e-7 1 -0.06198918 0 0 0 1 -1 0 -3.25841e-7 -5.68245 0 -1 -2.8213e-7 0.4000003 -3.25841e-7 -1.62921e-7 1 -0.4500024 0 0 0 1 -1 0 -3.25841e-7 -6.66545 0 -1 -2.8213e-7 0.4000003 -3.25841e-7 -1.62921e-7 1 -0.4500029 0 0 0 1 -1 0 -3.25841e-7 -4.87347 0 -1 -2.8213e-7 0.4000003 -3.25841e-7 -1.62921e-7 1 -0.7028872 0 0 0 1 -1 0 -3.25841e-7 -5.29345 0 -1 -2.8213e-7 0.4000003 -3.25841e-7 -1.62921e-7 1 -2.18387e-6 0 0 0 1 -1 0 -3.25841e-7 -6.54888 0 -1 -2.8213e-7 0.4000003 -3.25841e-7 -1.62921e-7 1 -2.70269e-6 0 0 0 1 -1 0 -3.25841e-7 -3.74892 0 -1 -2.8213e-7 0.4000003 -3.25841e-7 -1.62921e-7 1 -0.06198918 0 0 0 1 -1 0 -3.25841e-7 -5.093451 0 -1 -2.8213e-7 0 -3.25841e-7 -1.62921e-7 1 0.399998 0 0 0 1 -1 0 -3.25841e-7 -5.25345 0 -1 -2.8213e-7 -0.4000004 -3.25841e-7 -1.62921e-7 1 0.399998 0 0 0 1 -1 0 -3.25841e-7 -5.253312 0 -1 -2.8213e-7 0.4004164 -3.25841e-7 -1.62921e-7 1 0.399998 0 0 0 1</float_array>
          <technique_common>
            <accessor source="#model-armature_mainShape-skin-bind_poses-array" count="18" stride="16">
              <param name="TRANSFORM" type="float4x4"/>
            </accessor>
          </technique_common>
        </source>
        <source id="model-armature_mainShape-skin-weights">
          <float_array id="model-armature_mainShape-skin-weights-array" count="259">1 1 1 1 1 1 1 1 1 1 1 1 1 1 1 1 1 1 1 1 1 1 1 1 1 1 1 1 1 1 1 1 1 1 1 1 1 1 1 1 1 1 1 1 1 1 1 1 1 1 1 1 1 1 1 1 1 1 1 1 1 1 1 1 1 1 1 1 1 1 1 1 1 1 1 1 1 1 1 1 1 1 1 1 1 1 1 1 1 1 1 1 1 1 1 1 1 1 1 1 1 1 1 1 1 1 1 1 1 1 1 1 1 1 1 1 1 1 1 1 1 1 1 1 1 1 1 1 1 1 1 1 1 1 1 1 1 1 1 1 1 1 1 1 1 1 1 1 1 1 1 1 1 1 1 1 1 1 1 1 1 1 1 1 1 1 1 1 1 1 1 1 1 1 1 1 1 1 1 1 1 1 1 1 1 1 1 1 1 1 1 1 1 1 1 1 1 1 1 1 1 1 1 1 1 1 1 1 1 1 1 1 1 1 1 1 1 1 1 1 1 1 1 1 1 1 1 1 1 1 1 1 1 1 1 1 1 1 1 1 1 1 1 1 1 1 1 1 1 1 1 1 1 1 1 1 1 1 1</float_array>
          <technique_common>
            <accessor source="#model-armature_mainShape-skin-weights-array" count="259" stride="1">
              <param name="WEIGHT" type="float"/>
            </accessor>
          </technique_common>
        </source>
        <joints>
          <input semantic="JOINT" source="#model-armature_mainShape-skin-joints"/>
          <input semantic="INV_BIND_MATRIX" source="#model-armature_mainShape-skin-bind_poses"/>
        </joints>
        <vertex_weights count="259">
          <input semantic="JOINT" source="#model-armature_mainShape-skin-joints" offset="0"/>
          <input semantic="WEIGHT" source="#model-armature_mainShape-skin-weights" offset="1"/>
          <vcount>1 1 1 1 1 1 1 1 1 1 1 1 1 1 1 1 1 1 1 1 1 1 1 1 1 1 1 1 1 1 1 1 1 1 1 1 1 1 1 1 1 1 1 1 1 1 1 1 1 1 1 1 1 1 1 1 1 1 1 1 1 1 1 1 1 1 1 1 1 1 1 1 1 1 1 1 1 1 1 1 1 1 1 1 1 1 1 1 1 1 1 1 1 1 1 1 1 1 1 1 1 1 1 1 1 1 1 1 1 1 1 1 1 1 1 1 1 1 1 1 1 1 1 1 1 1 1 1 1 1 1 1 1 1 1 1 1 1 1 1 1 1 1 1 1 1 1 1 1 1 1 1 1 1 1 1 1 1 1 1 1 1 1 1 1 1 1 1 1 1 1 1 1 1 1 1 1 1 1 1 1 1 1 1 1 1 1 1 1 1 1 1 1 1 1 1 1 1 1 1 1 1 1 1 1 1 1 1 1 1 1 1 1 1 1 1 1 1 1 1 1 1 1 1 1 1 1 1 1 1 1 1 1 1 1 1 1 1 1 1 1 1 1 1 1 1 1 1 1 1 1 1 1 1 1 1 1 1 1 </vcount>
          <v>2 0 2 1 2 2 2 3 2 4 2 5 2 6 2 7 2 8 2 9 2 10 2 11 2 12 2 13 2 14 2 15 2 16 2 17 2 18 2 19 2 20 2 21 2 22 2 23 2 24 2 25 2 26 2 27 2 28 2 29 2 30 2 31 2 32 2 33 2 34 2 35 2 36 2 37 2 38 2 39 2 40 2 41 2 42 2 43 2 44 2 45 2 46 2 47 2 48 2 49 2 50 2 51 2 52 2 53 2 54 2 55 2 56 2 57 2 58 2 59 2 60 2 61 2 62 2 63 2 64 2 65 2 66 2 67 2 68 2 69 2 70 2 71 2 72 2 73 2 74 2 75 2 76 2 77 2 78 2 79 2 80 2 81 2 82 2 83 2 84 2 85 2 86 2 87 2 88 2 89 2 90 2 91 2 92 2 93 2 94 2 95 2 96 2 97 2 98 2 99 2 100 2 101 2 102 2 103 2 104 2 105 2 106 2 107 2 108 2 109 2 110 2 111 2 112 2 113 2 114 2 115 2 116 2 117 2 118 2 119 2 120 2 121 2 122 2 123 2 124 2 125 2 126 2 127 2 128 2 129 2 130 2 131 2 132 2 133 2 134 2 135 2 136 2 137 2 138 2 139 2 140 2 141 2 142 2 143 2 144 2 145 2 146 2 147 2 148 2 149 2 150 2 151 2 152 2 153 2 154 2 155 2 156 2 157 2 158 2 159 2 160 2 161 2 162 2 163 2 164 2 165 2 166 2 167 2 168 2 169 2 170 2 171 2 172 2 173 2 174 2 175 2 176 2 177 2 178 2 179 2 180 2 181 2 182 2 183 2 184 2 185 2 186 2 187 2 188 2 189 2 190 2 191 2 192 2 193 2 194 2 195 2 196 2 197 2 198 2 199 2 200 2 201 2 202 2 203 2 204 2 205 2 206 2 207 2 208 2 209 2 210 2 211 2 212 2 213 2 214 2 215 2 216 2 217 2 218 2 219 2 220 2 221 2 222 2 223 2 224 2 225 2 226 2 227 2 228 2 229 2 230 2 231 2 232 2 233 2 234 2 235 2 236 2 237 2 238 2 239 2 240 2 241 2 242 2 243 2 244 2 245 2 246 2 247 2 248 2 249 2 250 2 251 2 252 2 253 2 254 2 255 2 256 2 257 2 258</v>
        </vertex_weights>
      </skin>
    </controller>
    <controller id="model-armature_A_weponShape-skin" name="model-armature">
      <skin source="#A_weponShape-mesh">
        <bind_shape_matrix>1 0 0 0 0 1 0 0 0 0 1 0 0 0 0 1</bind_shape_matrix>
        <source id="model-armature_A_weponShape-skin-joints">
          <Name_array id="model-armature_A_weponShape-skin-joints-array" count="18">Root Attach Rifle L_01 L_01_a L_01_b L_02 L_02_a L_02_b R_01 R_01_a R_01_b R_02 R_02_a R_02_b U_01 U_01_a U_01_b</Name_array>
          <technique_common>
            <accessor source="#model-armature_A_weponShape-skin-joints-array" count="18" stride="1">
              <param name="JOINT" type="name"/>
            </accessor>
          </technique_common>
        </source>
        <source id="model-armature_A_weponShape-skin-bind_poses">
          <float_array id="model-armature_A_weponShape-skin-bind_poses-array" count="288">1 0 0 0 0 -1.62921e-7 1 0 0 -1 -1.62921e-7 0 0 0 0 1 -1 0 -3.89414e-7 0 0 -1 -2.8213e-7 0 -3.89414e-7 -1.62921e-7 1 0 0 0 0 1 -1 0 -3.25841e-7 -3.69345 0 -1 -2.8213e-7 0 -3.25841e-7 -1.62921e-7 1 -1.52265e-6 0 0 0 1 -1 0 -3.25841e-7 -5.68275 0 -1 -2.8213e-7 -0.4000002 -3.25841e-7 -1.62921e-7 1 -0.4500024 0 0 0 1 -1 0 -3.25841e-7 -6.66609 0 -1 -2.8213e-7 -0.4000002 -3.25841e-7 -1.62921e-7 1 -0.4500029 0 0 0 1 -1 0 -3.25841e-7 -4.87347 0 -1 -2.8213e-7 -0.4000001 -3.25841e-7 -1.62921e-7 1 -0.7028862 0 0 0 1 -1 0 -3.25841e-7 -5.29345 0 -1 -2.8213e-7 -0.4000003 -3.25841e-7 -1.62921e-7 1 -2.18387e-6 0 0 0 1 -1 0 -3.25841e-7 -6.54888 0 -1 -2.8213e-7 -0.4000003 -3.25841e-7 -1.62921e-7 1 -2.70269e-6 0 0 0 1 -1 0 -3.25841e-7 -3.74892 0 -1 -2.8213e-7 -0.4000002 -3.25841e-7 -1.62921e-7 1 -0.06198918 0 0 0 1 -1 0 -3.25841e-7 -5.68245 0 -1 -2.8213e-7 0.4000003 -3.25841e-7 -1.62921e-7 1 -0.4500024 0 0 0 1 -1 0 -3.25841e-7 -6.66545 0 -1 -2.8213e-7 0.4000003 -3.25841e-7 -1.62921e-7 1 -0.4500029 0 0 0 1 -1 0 -3.25841e-7 -4.87347 0 -1 -2.8213e-7 0.4000003 -3.25841e-7 -1.62921e-7 1 -0.7028872 0 0 0 1 -1 0 -3.25841e-7 -5.29345 0 -1 -2.8213e-7 0.4000003 -3.25841e-7 -1.62921e-7 1 -2.18387e-6 0 0 0 1 -1 0 -3.25841e-7 -6.54888 0 -1 -2.8213e-7 0.4000003 -3.25841e-7 -1.62921e-7 1 -2.70269e-6 0 0 0 1 -1 0 -3.25841e-7 -3.74892 0 -1 -2.8213e-7 0.4000003 -3.25841e-7 -1.62921e-7 1 -0.06198918 0 0 0 1 -1 0 -3.25841e-7 -5.093451 0 -1 -2.8213e-7 0 -3.25841e-7 -1.62921e-7 1 0.399998 0 0 0 1 -1 0 -3.25841e-7 -5.25345 0 -1 -2.8213e-7 -0.4000004 -3.25841e-7 -1.62921e-7 1 0.399998 0 0 0 1 -1 0 -3.25841e-7 -5.253312 0 -1 -2.8213e-7 0.4004164 -3.25841e-7 -1.62921e-7 1 0.399998 0 0 0 1</float_array>
          <technique_common>
            <accessor source="#model-armature_A_weponShape-skin-bind_poses-array" count="18" stride="16">
              <param name="TRANSFORM" type="float4x4"/>
            </accessor>
          </technique_common>
        </source>
        <source id="model-armature_A_weponShape-skin-weights">
          <float_array id="model-armature_A_weponShape-skin-weights-array" count="2499">1 1 1 1 1 1 1 1 1 1 1 1 1 1 1 1 1 1 1 1 1 1 1 1 1 1 1 1 1 1 1 1 1 1 1 1 1 1 1 1 1 1 1 1 1 1 1 1 1 0.35 0.65 0.35 0.65 0.35 0.65 0.35 0.65 0.35 0.65 0.35 0.65 0.35 0.65 0.35 0.65 0.35 0.65 0.35 0.65 0.35 0.65 0.35 0.65 0.35 0.65 0.35 0.65 0.35 0.65 0.35 0.65 0.35 0.65 0.35 0.65 0.35 0.65 0.35 0.65 0.35 0.65 0.35 0.65 0.35 0.65 0.35 0.65 0.35 0.65 0.35 0.65 0.35 0.65 0.35 0.65 0.35 0.65 0.35 0.65 1 1 1 1 1 1 1 1 1 1 1 1 1 1 1 1 0.6800003 0.09665971 0.22334 0.6800003 0.09665971 0.22334 0.6800003 0.09665971 0.22334 0.6800003 0.09665971 0.22334 0.6800003 0.09665971 0.22334 0.6800003 0.09665971 0.22334 0.6800003 0.09665971 0.22334 0.6800003 0.09665971 0.22334 0.6800003 0.09665971 0.22334 0.6800003 0.09665971 0.22334 0.6800003 0.09665971 0.22334 0.6800003 0.09665971 0.22334 0.6800003 0.09665971 0.22334 0.6800003 0.09665971 0.22334 0.6800003 0.09665971 0.22334 0.6800003 0.09665971 0.22334 0.6800003 0.09665971 0.22334 0.6800003 0.09665971 0.22334 0.6800003 0.09665971 0.22334 0.6800003 0.09665971 0.22334 0.6800003 0.09665971 0.22334 0.6800003 0.09665971 0.22334 0.6800003 0.09665971 0.22334 0.6800003 0.09665971 0.22334 0.6800003 0.09665971 0.22334 0.6800003 0.09665971 0.22334 0.6800003 0.09665971 0.22334 0.6800003 0.09665971 0.22334 0.6800003 0.09665971 0.22334 0.6800003 0.09665971 0.22334 0.6800003 0.09665971 0.22334 0.6800003 0.09665971 0.22334 0.6800003 0.09665971 0.22334 0.6800003 0.09665971 0.22334 0.6800003 0.09665971 0.22334 0.6800003 0.09665971 0.22334 0.6800003 0.09665971 0.22334 0.6800003 0.09665971 0.22334 0.6800003 0.09665971 0.22334 0.6800003 0.09665971 0.22334 0.6800003 0.09665971 0.22334 0.6800003 0.09665971 0.22334 0.6800003 0.09665971 0.22334 0.6800003 0.09665971 0.22334 0.6800003 0.09665971 0.22334 0.6800003 0.09665971 0.22334 0.6800003 0.09665971 0.22334 0.6800003 0.09665971 0.22334 0.6800003 0.09665971 0.22334 0.6800003 0.09665971 0.22334 0.6800003 0.09665971 0.22334 0.6800003 0.09665971 0.22334 0.6800003 0.09665971 0.22334 0.6800003 0.09665971 0.22334 0.6800003 0.09665971 0.22334 0.6800003 0.09665971 0.22334 0.6800003 0.09665971 0.22334 0.6800003 0.09665971 0.22334 0.6800003 0.09665971 0.22334 0.6800003 0.09665971 0.22334 0.6800003 0.09665971 0.22334 0.6800003 0.09665971 0.22334 0.6800003 0.09665971 0.22334 0.6800003 0.09665971 0.22334 1 1 1 1 1 1 1 1 1 1 1 1 1 1 1 1 1 1 1 1 1 1 1 1 1 1 1 1 1 1 1 1 1 1 1 1 1 1 1 1 1 1 1 1 1 1 1 1 1 1 1 1 1 1 1 1 1 1 1 1 1 1 1 1 0.83 0.17 0.83 0.17 0.83 0.17 0.83 0.17 0.83 0.17 0.83 0.17 0.83 0.17 0.83 0.17 0.83 0.17 0.83 0.17 0.83 0.17 0.83 0.17 0.83 0.17 0.83 0.17 0.83 0.17 0.83 0.17 0.83 0.17 0.83 0.17 0.83 0.17 0.83 0.17 0.83 0.17 0.83 0.17 0.83 0.17 0.83 0.17 0.83 0.17 0.83 0.17 0.83 0.17 0.83 0.17 0.83 0.17 0.83 0.17 0.83 0.17 0.83 0.17 0.83 0.17 0.83 0.17 0.83 0.17 0.83 0.17 0.83 0.17 0.83 0.17 0.622861 0.377139 0.622861 0.377139 0.622861 0.377139 0.622861 0.377139 0.622861 0.377139 0.622861 0.377139 0.622861 0.377139 0.622861 0.377139 0.622861 0.377139 0.622861 0.377139 0.622861 0.377139 0.622861 0.377139 0.622861 0.377139 0.622861 0.377139 0.622861 0.377139 0.622861 0.377139 0.622861 0.377139 0.622861 0.377139 0.622861 0.377139 0.622861 0.377139 0.622861 0.377139 0.622861 0.377139 0.622861 0.377139 0.622861 0.377139 0.622861 0.377139 0.622861 0.377139 0.622861 0.377139 0.622861 0.377139 0.622861 0.377139 0.622861 0.377139 0.622861 0.377139 0.622861 0.377139 0.622861 0.377139 0.622861 0.377139 0.622861 0.377139 0.33 0.67 0.33 0.67 0.33 0.67 0.33 0.67 0.33 0.67 0.33 0.67 0.33 0.67 0.33 0.67 0.33 0.67 0.33 0.67 0.33 0.67 0.33 0.67 0.33 0.67 0.33 0.67 0.33 0.67 0.33 0.67 0.33 0.67 0.33 0.67 0.33 0.67 0.33 0.67 0.33 0.67 0.33 0.67 0.33 0.67 0.33 0.67 0.33 0.67 0.33 0.67 0.33 0.67 0.33 0.67 0.33 0.67 0.33 0.67 0.33 0.67 0.33 0.67 0.33 0.67 0.33 0.67 0.33 0.67 0.33 0.67 0.33 0.67 0.33 0.67 0.33 0.67 0.33 0.67 0.33 0.67 0.33 0.67 0.33 0.67 0.33 0.67 0.33 0.67 0.33 0.67 0.33 0.67 0.33 0.67 0.33 0.67 0.33 0.67 0.33 0.67 0.33 0.67 0.33 0.67 0.33 0.67 0.33 0.67 0.33 0.67 0.33 0.67 0.33 0.67 0.33 0.67 0.33 0.67 0.33 0.67 0.33 0.67 0.33 0.67 0.33 0.67 0.33 0.67 1 1 1 1 1 1 1 1 1 1 1 1 1 1 1 1 1 1 1 1 1 1 1 1 1 1 1 1 1 1 1 1 1 1 1 1 1 1 1 1 1 1 1 1 1 1 1 1 1 1 1 1 1 1 1 1 0.21 0.6083 0.1817 0.21 0.6083 0.1817 0.21 0.6083 0.1817 0.21 0.6083 0.1817 0.21 0.6083 0.1817 0.21 0.6083 0.1817 0.21 0.6083 0.1817 0.21 0.6083 0.1817 0.21 0.6083 0.1817 0.21 0.6083 0.1817 0.21 0.6083 0.1817 0.21 0.6083 0.1817 0.21 0.6083 0.1817 0.21 0.6083 0.1817 0.21 0.6083 0.1817 0.21 0.6083 0.1817 0.21 0.6083 0.1817 0.21 0.6083 0.1817 0.21 0.6083 0.1817 0.21 0.6083 0.1817 0.21 0.6083 0.1817 0.21 0.6083 0.1817 0.21 0.6083 0.1817 0.21 0.6083 0.1817 0.21 0.6083 0.1817 0.21 0.6083 0.1817 0.21 0.6083 0.1817 0.21 0.6083 0.1817 0.21 0.6083 0.1817 0.21 0.6083 0.1817 0.21 0.6083 0.1817 0.21 0.6083 0.1817 0.21 0.6083 0.1817 0.21 0.6083 0.1817 0.21 0.6083 0.1817 0.21 0.6083 0.1817 0.21 0.6083 0.1817 0.21 0.6083 0.1817 0.21 0.6083 0.1817 0.21 0.6083 0.1817 0.21 0.6083 0.1817 0.21 0.6083 0.1817 0.21 0.6083 0.1817 0.21 0.6083 0.1817 0.21 0.6083 0.1817 0.21 0.6083 0.1817 0.21 0.6083 0.1817 0.21 0.6083 0.1817 0.21 0.6083 0.1817 0.21 0.6083 0.1817 0.21 0.6083 0.1817 0.21 0.6083 0.1817 0.21 0.6083 0.1817 0.21 0.6083 0.1817 0.21 0.6083 0.1817 0.21 0.6083 0.1817 0.21 0.6083 0.1817 0.21 0.6083 0.1817 0.21 0.6083 0.1817 0.21 0.6083 0.1817 0.21 0.6083 0.1817 0.21 0.6083 0.1817 0.21 0.6083 0.1817 0.21 0.6083 0.1817 0.21 0.6083 0.1817 0.21 0.6083 0.1817 0.21 0.6083 0.1817 0.21 0.6083 0.1817 0.21 0.6083 0.1817 1 1 1 1 1 1 1 1 1 1 1 1 1 1 1 1 1 1 1 1 1 1 1 1 1 1 1 1 1 1 1 1 1 1 1 1 1 1 1 1 1 1 1 0.36 0.64 0.36 0.64 0.36 0.64 0.36 0.64 0.36 0.64 0.36 0.64 0.36 0.64 0.36 0.64 0.36 0.64 0.36 0.64 0.36 0.64 0.36 0.64 0.36 0.64 0.36 0.64 0.36 0.64 0.36 0.64 0.36 0.64 0.36 0.64 0.36 0.64 0.36 0.64 0.36 0.64 0.36 0.64 0.36 0.64 0.36 0.64 0.36 0.64 0.36 0.64 0.36 0.64 0.36 0.64 0.36 0.64 0.36 0.64 0.36 0.64 0.36 0.64 0.36 0.64 0.36 0.64 0.36 0.64 0.36 0.64 0.36 0.64 0.36 0.64 0.36 0.64 0.36 0.64 0.36 0.64 0.36 0.64 0.36 0.64 0.36 0.64 0.36 0.64 0.36 0.64 0.36 0.64 0.36 0.64 0.36 0.64 0.36 0.64 0.36 0.64 0.36 0.64 0.36 0.64 0.36 0.64 0.36 0.64 0.36 0.64 0.36 0.64 0.36 0.64 0.36 0.64 0.36 0.64 0.36 0.64 0.36 0.64 0.36 0.64 0.36 0.64 0.36 0.64 0.36 0.64 0.36 0.64 0.52 0.48 0.52 0.48 0.52 0.48 0.52 0.48 0.52 0.48 0.52 0.48 0.52 0.48 0.52 0.48 0.52 0.48 0.52 0.48 0.52 0.48 0.52 0.48 0.52 0.48 0.52 0.48 0.52 0.48 0.52 0.48 0.52 0.48 0.52 0.48 0.52 0.48 0.52 0.48 0.52 0.48 0.52 0.48 0.52 0.48 0.52 0.48 0.52 0.48 0.52 0.48 0.52 0.48 0.52 0.48 0.52 0.48 0.52 0.48 0.52 0.48 0.52 0.48 0.52 0.48 0.52 0.48 0.52 0.48 0.52 0.48 0.52 0.48 0.52 0.48 0.52 0.48 0.52 0.48 0.52 0.48 0.52 0.48 0.52 0.48 0.52 0.48 0.52 0.48 0.52 0.48 0.52 0.48 0.52 0.48 0.52 0.48 0.52 0.48 0.52 0.48 0.52 0.48 0.52 0.48 0.52 0.48 0.52 0.48 1 1 1 1 1 1 1 1 1 1 1 1 1 1 1 1 1 1 1 1 1 1 1 1 1 1 0.24 0.76 0.24 0.76 0.24 0.76 0.24 0.76 0.24 0.76 0.24 0.76 0.24 0.76 0.24 0.76 0.24 0.76 0.24 0.76 0.24 0.76 0.24 0.76 0.24 0.76 0.24 0.76 0.24 0.76 0.24 0.76 0.24 0.76 0.24 0.76 0.24 0.76 0.24 0.76 0.24 0.76 0.24 0.76 0.24 0.76 0.24 0.76 0.24 0.76 0.24 0.76 0.24 0.76 0.24 0.76 0.24 0.76 0.24 0.76 0.24 0.76 0.24 0.76 0.24 0.76 0.24 0.76 0.24 0.76 0.24 0.76 0.24 0.76 0.24 0.76 0.24 0.76 0.24 0.76 0.24 0.76 0.24 0.76 0.7900001 0.21 0.7900001 0.21 0.7900001 0.21 0.7900001 0.21 0.7900001 0.21 0.7900001 0.21 0.7900001 0.21 0.7900001 0.21 0.7900001 0.21 0.7900001 0.21 0.7900001 0.21 0.7900001 0.21 0.7900001 0.21 0.7900001 0.21 0.7900001 0.21 0.7900001 0.21 0.7900001 0.21 0.7900001 0.21 0.7900001 0.21 0.7900001 0.21 0.7900001 0.21 0.7900001 0.21 0.7900001 0.21 0.7900001 0.21 0.7900001 0.21 0.7900001 0.21 0.7900001 0.21 0.7900001 0.21 0.7900001 0.21 0.7900001 0.21 0.7900001 0.21 0.7900001 0.21 0.7900001 0.21 0.7900001 0.21 0.7900001 0.21 0.7900001 0.21 0.7900001 0.21 0.7900001 0.21 0.172 0.8 0.02799993 0.172 0.8 0.02799993 0.172 0.8 0.02799993 0.172 0.8 0.02799993 0.172 0.8 0.02799993 0.172 0.8 0.02799993 0.172 0.8 0.02799993 0.172 0.8 0.02799993 0.172 0.8 0.02799993 0.172 0.8 0.02799993 0.172 0.8 0.02799993 0.172 0.8 0.02799993 0.172 0.8 0.02799993 0.172 0.8 0.02799993 0.172 0.8 0.02799993 0.172 0.8 0.02799993 0.172 0.8 0.02799993 0.172 0.8 0.02799993 0.172 0.8 0.02799993 0.172 0.8 0.02799993 0.172 0.8 0.02799993 0.172 0.8 0.02799993 0.172 0.8 0.02799993 0.172 0.8 0.02799993 0.172 0.8 0.02799993 0.172 0.8 0.02799993 0.172 0.8 0.02799993 0.172 0.8 0.02799993 0.172 0.8 0.02799993 0.172 0.8 0.02799993 0.172 0.8 0.02799993 0.172 0.8 0.02799993 0.172 0.8 0.02799993 0.172 0.8 0.02799993 0.172 0.8 0.02799993 0.172 0.8 0.02799993 0.172 0.8 0.02799993 0.172 0.8 0.02799993 0.172 0.8 0.02799993 0.172 0.8 0.02799993 0.172 0.8 0.02799993 0.172 0.8 0.02799993 0.172 0.8 0.02799993 0.172 0.8 0.02799993 0.172 0.8 0.02799993 0.172 0.8 0.02799993 0.172 0.8 0.02799993 0.172 0.8 0.02799993 0.71 0.29 0.71 0.29 0.71 0.29 0.71 0.29 0.71 0.29 0.71 0.29 0.71 0.29 0.71 0.29 0.71 0.29 0.71 0.29 0.71 0.29 0.71 0.29 0.71 0.29 0.71 0.29 0.71 0.29 0.71 0.29 0.71 0.29 0.71 0.29 0.71 0.29 0.71 0.29 0.71 0.29 0.71 0.29 0.71 0.29 0.71 0.29 0.71 0.29 0.71 0.29 0.71 0.29 0.71 0.29 0.71 0.29 0.71 0.29 0.71 0.29 0.71 0.29 0.71 0.29 0.71 0.29 0.71 0.29 0.71 0.29 0.71 0.29 0.71 0.29 0.71 0.29 0.71 0.29 0.71 0.29 0.71 0.29 0.32 0.68 0.32 0.68 0.32 0.68 0.32 0.68 0.32 0.68 0.32 0.68 0.32 0.68 0.32 0.68 0.32 0.68 0.32 0.68 0.32 0.68 0.32 0.68 0.32 0.68 0.32 0.68 0.32 0.68 0.32 0.68 0.32 0.68 0.32 0.68 0.32 0.68 0.32 0.68 0.32 0.68 0.32 0.68 0.32 0.68 0.32 0.68 0.32 0.68 0.32 0.68 0.32 0.68 0.32 0.68 0.32 0.68 0.32 0.68 0.32 0.68 0.32 0.68 0.32 0.68 0.32 0.68 0.32 0.68 0.32 0.68 0.32 0.68 0.32 0.68 0.350805 0.649195 0.344077 0.655923 0.303278 0.696722 0.30066 0.69934 0.349286 0.650714 0.353409 0.646591 0.346119 0.653881 0.34505 0.65495 0.44 0.56 0.44 0.56 0.44 0.56 0.44 0.56 0.44 0.56 0.44 0.56 0.282 0.7180001 0.282051 0.717949 0.282051 0.717949 0.282 0.7180001 0.305043 0.694957 0.288426 0.711574 0.312724 0.687276 0.284614 0.715386 0.276191 0.723809 0.305179 0.694821 0.44 0.56 0.291811 0.708189 0.293065 0.706935 0.348898 0.651102 0.30066 0.69934 0.292842 0.707158 0.303278 0.696722 0.348898 0.651102 0.288818 0.711182 0.282051 0.717949 0.257911 0.742089 0.282 0.7180001 0.269416 0.730584 0.282051 0.717949 0.346119 0.653881 0.278481 0.721519 0.353409 0.646591 0.257911 0.742089 0.353409 0.646591 0.257911 0.742089 0.34505 0.65495 0.44 0.56 0.387562 0.612438 0.44 0.56 0.44 0.56 0.34505 0.65495 0.284614 0.715386 0.257911 0.742089 0.276191 0.723809 0.278481 0.721519 0.288818 0.711182 0.269416 0.730584 0.288523 0.711477 1 0.387562 0.612438 0.391635 0.608365 0.44 0.56 0.391635 0.608365 1 0.391635 0.608365 0.44 0.56 0.44 0.56 0.288523 0.711477 0.305179 0.694821 0.276191 0.723809 0.312724 0.687276 0.291811 0.708189 0.348898 0.651102 0.282 0.7180001 0.288818 0.711182 0.288818 0.711182 0.282 0.7180001 0.282 0.7180001 0.269416 0.730584 0.77 0.23 0.77 0.23 0.77 0.23 0.77 0.23 0.77 0.23 0.77 0.23 0.77 0.23 0.77 0.23 0.77 0.23 0.77 0.23 0.77 0.23 0.77 0.23 0.77 0.23 0.77 0.23 0.77 0.23 0.77 0.23 0.77 0.23 0.77 0.23 0.77 0.23 0.77 0.23 0.77 0.23 0.77 0.23 0.77 0.23 0.77 0.23 0.77 0.23 0.77 0.23 0.77 0.23 0.77 0.23 0.77 0.23 0.77 0.23 0.77 0.23 0.77 0.23 0.77 0.23 0.77 0.23 0.77 0.23 0.77 0.23 0.77 0.23 0.77 0.23 0.77 0.23 0.77 0.23 0.77 0.23 0.77 0.23 0.77 0.23 0.77 0.23 0.77 0.23 0.77 0.23 0.77 0.23 0.77 0.23 0.77 0.23 0.77 0.23 0.77 0.23 0.77 0.23 0.77 0.23 0.77 0.23 0.77 0.23 0.77 0.23 0.77 0.23 0.77 0.23 0.77 0.23 0.77 0.23 0.77 0.23 0.77 0.23 0.77 0.23 0.77 0.23 0.77 0.23 0.77 0.23 0.77 0.23 0.77 0.23 0.39 0.61 0.39 0.61 0.39 0.61 0.39 0.61 0.39 0.61 0.39 0.61 0.39 0.61 0.39 0.61 0.39 0.61 0.39 0.61 0.39 0.61 0.39 0.61 0.39 0.61 0.39 0.61 0.39 0.61 0.39 0.61 0.39 0.61 0.39 0.61 0.39 0.61 0.39 0.61 0.39 0.61 0.39 0.61 0.39 0.61 0.39 0.61 0.39 0.61 0.39 0.61 0.39 0.61 0.39 0.61 0.39 0.61 0.39 0.61 0.39 0.61 0.39 0.61 0.39 0.61 0.39 0.61 0.39 0.61 0.39 0.61 0.39 0.61 0.39 0.61 0.39 0.61 0.39 0.61 0.39 0.61 0.39 0.61 0.39 0.61 0.39 0.61 0.39 0.61 0.39 0.61 0.39 0.61 0.39 0.61 0.39 0.61 0.39 0.61 0.39 0.61 0.39 0.61 0.39 0.61 0.39 0.61 0.39 0.61 0.39 0.61 0.39 0.61 0.39 0.61 0.39 0.61 0.39 0.61 0.39 0.61 0.39 0.61 0.39 0.61 0.39 0.61 0.39 0.61 1 1 1 1 1 1 1 1 1 1 1 1 1 1 1 1 1 1 1 1 1 1 1 1 1 1 1 1 1 1 1 1 1 1 1 1 1 1 1 1 1 1 1 1 1 1 1 1 1 1 1 1 1 1 1 1 1 1 1 1 1 1 1 1 1 1 1 1 1 1 1 1 1 1 1 1 1 1 1 1 1 1 1 1 1 1 1 1 1 1 1 1 1 1 1 1 1 1 1 1 0.38 0.62 0.38 0.62 0.38 0.62 0.38 0.62 0.38 0.62 0.38 0.62 0.38 0.62 0.38 0.62 0.38 0.62 0.38 0.62 0.38 0.62 0.38 0.62 0.38 0.62 0.38 0.62 0.38 0.62 0.38 0.62 0.38 0.62 0.38 0.62 0.38 0.62 0.38 0.62 0.38 0.62 0.38 0.62 0.38 0.62 0.38 0.62 0.38 0.62 0.38 0.62 0.38 0.62 0.38 0.62 0.38 0.62 0.38 0.62 0.38 0.62 0.38 0.62 0.38 0.62 0.38 0.62 0.38 0.62 0.38 0.62 0.38 0.62 0.38 0.62 0.38 0.62 0.38 0.62 0.38 0.62 0.38 0.62 0.38 0.62 0.38 0.62 0.38 0.62 0.38 0.62 0.38 0.62 0.38 0.62 0.38 0.62 0.38 0.62 0.38 0.62 0.38 0.62 0.38 0.62 0.38 0.62 0.38 0.62 0.38 0.62 0.38 0.62 0.38 0.62 0.38 0.62 0.38 0.62 0.38 0.62 0.38 0.62 0.38 0.62 0.38 0.62 0.38 0.62 0.38 0.62 0.38 0.62 0.38 0.62 0.38 0.62 0.38 0.62 0.38 0.62 0.38 0.62 0.38 0.62 0.38 0.62 0.38 0.62 0.38 0.62 0.38 0.62 0.38 0.62 0.38 0.62 0.38 0.62 0.38 0.62 0.38 0.62 0.38 0.62 0.38 0.62 0.38 0.62 0.38 0.62 0.38 0.62 0.38 0.62 0.38 0.62 0.38 0.62 0.38 0.62 0.38 0.62 0.38 0.62 0.38 0.62 0.38 0.62 0.38 0.62 0.38 0.62 0.38 0.62 0.38 0.62 0.38 0.62 0.38 0.62 0.38 0.62 0.38 0.62 0.38 0.62 0.38 0.62 0.38 0.62 0.38 0.62 1 1 1 1 1 1 1 1 1 1 1 1 1 1 1 1 1 1 1 1 1 1 1 1 1 1 1 1 1 1 1 1 1 1 1 1 1 1 1 1 1 1 1 1 1 1 1 1 1 1 1 1 1 1 1 1 1 1 1 1 1 1 1 1 1 1 1 1</float_array>
          <technique_common>
            <accessor source="#model-armature_A_weponShape-skin-weights-array" count="2499" stride="1">
              <param name="WEIGHT" type="float"/>
            </accessor>
          </technique_common>
        </source>
        <joints>
          <input semantic="JOINT" source="#model-armature_A_weponShape-skin-joints"/>
          <input semantic="INV_BIND_MATRIX" source="#model-armature_A_weponShape-skin-bind_poses"/>
        </joints>
        <vertex_weights count="1371">
          <input semantic="JOINT" source="#model-armature_A_weponShape-skin-joints" offset="0"/>
          <input semantic="WEIGHT" source="#model-armature_A_weponShape-skin-weights" offset="1"/>
          <vcount>1 1 1 1 1 1 1 1 1 1 1 1 1 1 1 1 1 1 1 1 1 1 1 1 1 1 1 1 1 1 1 1 1 1 1 1 1 1 1 1 1 1 1 1 1 1 1 1 1 2 2 2 2 2 2 2 2 2 2 2 2 2 2 2 2 2 2 2 2 2 2 2 2 2 2 2 2 2 2 1 1 1 1 1 1 1 1 1 1 1 1 1 1 1 1 3 3 3 3 3 3 3 3 3 3 3 3 3 3 3 3 3 3 3 3 3 3 3 3 3 3 3 3 3 3 3 3 3 3 3 3 3 3 3 3 3 3 3 3 3 3 3 3 3 3 3 3 3 3 3 3 3 3 3 3 3 3 3 3 1 1 1 1 1 1 1 1 1 1 1 1 1 1 1 1 1 1 1 1 1 1 1 1 1 1 1 1 1 1 1 1 1 1 1 1 1 1 1 1 1 1 1 1 1 1 1 1 1 1 1 1 1 1 1 1 1 1 1 1 1 1 1 1 2 2 2 2 2 2 2 2 2 2 2 2 2 2 2 2 2 2 2 2 2 2 2 2 2 2 2 2 2 2 2 2 2 2 2 2 2 2 2 2 2 2 2 2 2 2 2 2 2 2 2 2 2 2 2 2 2 2 2 2 2 2 2 2 2 2 2 2 2 2 2 2 2 2 2 2 2 2 2 2 2 2 2 2 2 2 2 2 2 2 2 2 2 2 2 2 2 2 2 2 2 2 2 2 2 2 2 2 2 2 2 2 2 2 2 2 2 2 2 2 2 2 2 2 2 2 2 2 2 2 2 2 2 2 2 2 2 2 1 1 1 1 1 1 1 1 1 1 1 1 1 1 1 1 1 1 1 1 1 1 1 1 1 1 1 1 1 1 1 1 1 1 1 1 1 1 1 1 1 1 1 1 1 1 1 1 1 1 1 1 1 1 1 1 3 3 3 3 3 3 3 3 3 3 3 3 3 3 3 3 3 3 3 3 3 3 3 3 3 3 3 3 3 3 3 3 3 3 3 3 3 3 3 3 3 3 3 3 3 3 3 3 3 3 3 3 3 3 3 3 3 3 3 3 3 3 3 3 3 3 3 3 3 1 1 1 1 1 1 1 1 1 1 1 1 1 1 1 1 1 1 1 1 1 1 1 1 1 1 1 1 1 1 1 1 1 1 1 1 1 1 1 1 1 1 1 2 2 2 2 2 2 2 2 2 2 2 2 2 2 2 2 2 2 2 2 2 2 2 2 2 2 2 2 2 2 2 2 2 2 2 2 2 2 2 2 2 2 2 2 2 2 2 2 2 2 2 2 2 2 2 2 2 2 2 2 2 2 2 2 2 2 2 2 2 2 2 2 2 2 2 2 2 2 2 2 2 2 2 2 2 2 2 2 2 2 2 2 2 2 2 2 2 2 2 2 2 2 2 2 2 2 2 2 2 2 2 2 2 2 2 2 2 2 2 2 2 2 1 1 1 1 1 1 1 1 1 1 1 1 1 1 1 1 1 1 1 1 1 1 1 1 1 1 2 2 2 2 2 2 2 2 2 2 2 2 2 2 2 2 2 2 2 2 2 2 2 2 2 2 2 2 2 2 2 2 2 2 2 2 2 2 2 2 2 2 2 2 2 2 2 2 2 2 2 2 2 2 2 2 2 2 2 2 2 2 2 2 2 2 2 2 2 2 2 2 2 2 2 2 2 2 2 2 3 3 3 3 3 3 3 3 3 3 3 3 3 3 3 3 3 3 3 3 3 3 3 3 3 3 3 3 3 3 3 3 3 3 3 3 3 3 3 3 3 3 3 3 3 3 3 3 2 2 2 2 2 2 2 2 2 2 2 2 2 2 2 2 2 2 2 2 2 2 2 2 2 2 2 2 2 2 2 2 2 2 2 2 2 2 2 2 2 2 2 2 2 2 2 2 2 2 2 2 2 2 2 2 2 2 2 2 2 2 2 2 2 2 2 2 2 2 2 2 2 2 2 2 2 2 2 2 2 2 2 2 2 2 2 2 2 2 2 2 2 2 2 2 2 2 2 2 2 2 2 2 2 2 2 2 2 2 2 2 2 2 2 2 2 2 2 2 2 2 2 2 2 2 2 2 2 2 2 2 2 2 2 2 2 1 2 2 2 2 1 2 2 2 2 2 2 2 2 2 2 2 2 2 2 2 2 2 2 2 2 2 2 2 2 2 2 2 2 2 2 2 2 2 2 2 2 2 2 2 2 2 2 2 2 2 2 2 2 2 2 2 2 2 2 2 2 2 2 2 2 2 2 2 2 2 2 2 2 2 2 2 2 2 2 2 2 2 2 2 2 2 2 2 2 2 2 2 2 2 2 2 2 2 2 2 2 2 2 2 2 2 2 2 2 2 2 2 2 2 2 2 2 2 2 2 2 2 2 2 2 2 2 2 2 2 2 2 2 2 2 2 2 2 2 2 2 2 2 2 2 2 2 2 2 2 2 2 2 1 1 1 1 1 1 1 1 1 1 1 1 1 1 1 1 1 1 1 1 1 1 1 1 1 1 1 1 1 1 1 1 1 1 1 1 1 1 1 1 1 1 1 1 1 1 1 1 1 1 1 1 1 1 1 1 1 1 1 1 1 1 1 1 1 1 1 1 1 1 1 1 1 1 1 1 1 1 1 1 1 1 1 1 1 1 1 1 1 1 1 1 1 1 1 1 1 1 1 1 2 2 2 2 2 2 2 2 2 2 2 2 2 2 2 2 2 2 2 2 2 2 2 2 2 2 2 2 2 2 2 2 2 2 2 2 2 2 2 2 2 2 2 2 2 2 2 2 2 2 2 2 2 2 2 2 2 2 2 2 2 2 2 2 2 2 2 2 2 2 2 2 2 2 2 2 2 2 2 2 2 2 2 2 2 2 2 2 2 2 2 2 2 2 2 2 2 2 2 2 2 2 2 2 2 2 2 1 1 1 1 1 1 1 1 1 1 1 1 1 1 1 1 1 1 1 1 1 1 1 1 1 1 1 1 1 1 1 1 1 1 1 1 1 1 1 1 1 1 1 1 1 1 1 1 1 1 1 1 1 1 1 1 1 1 1 1 1 1 1 1 1 1 1 1 </vcount>
          <v>5 0 5 1 5 2 5 3 5 4 5 5 5 6 5 7 5 8 5 9 5 10 5 11 5 12 5 13 5 14 5 15 5 16 5 17 5 18 5 19 5 20 5 21 5 22 5 23 5 24 5 25 5 26 5 27 5 28 5 29 5 30 5 31 5 32 5 33 5 34 5 35 5 36 5 37 5 38 5 39 5 40 5 41 5 42 5 43 5 44 5 45 5 46 5 47 5 48 3 49 5 50 3 51 5 52 3 53 5 54 3 55 5 56 3 57 5 58 3 59 5 60 3 61 5 62 3 63 5 64 3 65 5 66 3 67 5 68 3 69 5 70 3 71 5 72 3 73 5 74 3 75 5 76 3 77 5 78 3 79 5 80 3 81 5 82 3 83 5 84 3 85 5 86 3 87 5 88 3 89 5 90 3 91 5 92 3 93 5 94 3 95 5 96 3 97 5 98 3 99 5 100 3 101 5 102 3 103 5 104 3 105 5 106 3 107 5 108 4 109 4 110 4 111 4 112 4 113 4 114 4 115 4 116 4 117 4 118 4 119 4 120 4 121 4 122 4 123 4 124 3 125 4 126 5 127 3 128 4 129 5 130 3 131 4 132 5 133 3 134 4 135 5 136 3 137 4 138 5 139 3 140 4 141 5 142 3 143 4 144 5 145 3 146 4 147 5 148 3 149 4 150 5 151 3 152 4 153 5 154 3 155 4 156 5 157 3 158 4 159 5 160 3 161 4 162 5 163 3 164 4 165 5 166 3 167 4 168 5 169 3 170 4 171 5 172 3 173 4 174 5 175 3 176 4 177 5 178 3 179 4 180 5 181 3 182 4 183 5 184 3 185 4 186 5 187 3 188 4 189 5 190 3 191 4 192 5 193 3 194 4 195 5 196 3 197 4 198 5 199 3 200 4 201 5 202 3 203 4 204 5 205 3 206 4 207 5 208 3 209 4 210 5 211 3 212 4 213 5 214 3 215 4 216 5 217 3 218 4 219 5 220 3 221 4 222 5 223 3 224 4 225 5 226 3 227 4 228 5 229 3 230 4 231 5 232 3 233 4 234 5 235 3 236 4 237 5 238 3 239 4 240 5 241 3 242 4 243 5 244 3 245 4 246 5 247 3 248 4 249 5 250 3 251 4 252 5 253 3 254 4 255 5 256 3 257 4 258 5 259 3 260 4 261 5 262 3 263 4 264 5 265 3 266 4 267 5 268 3 269 4 270 5 271 3 272 4 273 5 274 3 275 4 276 5 277 3 278 4 279 5 280 3 281 4 282 5 283 3 284 4 285 5 286 3 287 4 288 5 289 3 290 4 291 5 292 3 293 4 294 5 295 3 296 4 297 5 298 3 299 4 300 5 301 3 302 4 303 5 304 3 305 4 306 5 307 3 308 4 309 5 310 3 311 4 312 5 313 3 314 4 315 5 316 4 317 4 318 4 319 4 320 4 321 4 322 4 323 4 324 4 325 4 326 4 327 4 328 4 329 4 330 4 331 4 332 4 333 4 334 4 335 4 336 4 337 4 338 4 339 4 340 4 341 4 342 4 343 4 344 4 345 4 346 4 347 4 348 4 349 4 350 4 351 4 352 4 353 4 354 4 355 4 356 4 357 4 358 4 359 4 360 4 361 4 362 4 363 4 364 4 365 4 366 4 367 4 368 4 369 4 370 4 371 4 372 4 373 4 374 4 375 4 376 4 377 4 378 4 379 4 380 3 381 5 382 3 383 5 384 3 385 5 386 3 387 5 388 3 389 5 390 3 391 5 392 3 393 5 394 3 395 5 396 3 397 5 398 3 399 5 400 3 401 5 402 3 403 5 404 3 405 5 406 3 407 5 408 3 409 5 410 3 411 5 412 3 413 5 414 3 415 5 416 3 417 5 418 3 419 5 420 3 421 5 422 3 423 5 424 3 425 5 426 3 427 5 428 3 429 5 430 3 431 5 432 3 433 5 434 3 435 5 436 3 437 5 438 3 439 5 440 3 441 5 442 3 443 5 444 3 445 5 446 3 447 5 448 3 449 5 450 3 451 5 452 3 453 5 454 3 455 5 456 7 457 8 458 7 459 8 460 7 461 8 462 7 463 8 464 7 465 8 466 7 467 8 468 7 469 8 470 7 471 8 472 7 473 8 474 7 475 8 476 7 477 8 478 7 479 8 480 7 481 8 482 7 483 8 484 7 485 8 486 7 487 8 488 7 489 8 490 7 491 8 492 7 493 8 494 7 495 8 496 7 497 8 498 7 499 8 500 7 501 8 502 7 503 8 504 7 505 8 506 7 507 8 508 7 509 8 510 7 511 8 512 7 513 8 514 7 515 8 516 7 517 8 518 7 519 8 520 7 521 8 522 7 523 8 524 7 525 8 526 7 527 8 528 7 529 8 530 7 531 8 532 7 533 8 534 7 535 8 536 7 537 8 538 7 539 8 540 7 541 8 542 7 543 8 544 7 545 8 546 7 547 8 548 7 549 8 550 7 551 8 552 7 553 8 554 7 555 8 556 7 557 8 558 7 559 8 560 7 561 8 562 7 563 8 564 7 565 8 566 7 567 8 568 7 569 8 570 7 571 8 572 7 573 8 574 7 575 8 576 7 577 8 578 7 579 8 580 7 581 8 582 7 583 8 584 7 585 8 586 7 587 8 588 7 589 8 590 7 591 8 592 7 593 8 594 7 595 8 596 7 597 8 598 7 599 8 600 7 601 8 602 7 603 8 604 7 605 8 606 7 607 8 608 7 609 8 610 7 611 8 612 7 613 8 614 7 615 8 616 7 617 8 618 7 619 8 620 7 621 8 622 7 623 8 624 7 625 8 626 7 627 8 628 7 629 8 630 7 631 8 632 7 633 8 634 7 635 8 636 7 637 8 638 7 639 8 640 7 641 8 642 7 643 8 644 7 645 8 646 7 647 8 648 7 649 8 650 7 651 8 652 7 653 8 654 7 655 8 656 6 657 6 658 6 659 6 660 6 661 6 662 6 663 6 664 6 665 6 666 6 667 6 668 6 669 6 670 6 671 6 672 6 673 6 674 6 675 6 676 6 677 6 678 6 679 6 680 6 681 6 682 6 683 6 684 6 685 6 686 6 687 6 688 6 689 6 690 6 691 6 692 6 693 6 694 6 695 6 696 6 697 6 698 6 699 6 700 6 701 6 702 6 703 6 704 6 705 6 706 6 707 6 708 6 709 6 710 6 711 6 712 6 713 7 714 8 715 6 716 7 717 8 718 6 719 7 720 8 721 6 722 7 723 8 724 6 725 7 726 8 727 6 728 7 729 8 730 6 731 7 732 8 733 6 734 7 735 8 736 6 737 7 738 8 739 6 740 7 741 8 742 6 743 7 744 8 745 6 746 7 747 8 748 6 749 7 750 8 751 6 752 7 753 8 754 6 755 7 756 8 757 6 758 7 759 8 760 6 761 7 762 8 763 6 764 7 765 8 766 6 767 7 768 8 769 6 770 7 771 8 772 6 773 7 774 8 775 6 776 7 777 8 778 6 779 7 780 8 781 6 782 7 783 8 784 6 785 7 786 8 787 6 788 7 789 8 790 6 791 7 792 8 793 6 794 7 795 8 796 6 797 7 798 8 799 6 800 7 801 8 802 6 803 7 804 8 805 6 806 7 807 8 808 6 809 7 810 8 811 6 812 7 813 8 814 6 815 7 816 8 817 6 818 7 819 8 820 6 821 7 822 8 823 6 824 7 825 8 826 6 827 7 828 8 829 6 830 7 831 8 832 6 833 7 834 8 835 6 836 7 837 8 838 6 839 7 840 8 841 6 842 7 843 8 844 6 845 7 846 8 847 6 848 7 849 8 850 6 851 7 852 8 853 6 854 7 855 8 856 6 857 7 858 8 859 6 860 7 861 8 862 6 863 7 864 8 865 6 866 7 867 8 868 6 869 7 870 8 871 6 872 7 873 8 874 6 875 7 876 8 877 6 878 7 879 8 880 6 881 7 882 8 883 6 884 7 885 8 886 6 887 7 888 8 889 6 890 7 891 8 892 6 893 7 894 8 895 6 896 7 897 8 898 6 899 7 900 8 901 6 902 7 903 8 904 6 905 7 906 8 907 6 908 7 909 8 910 6 911 7 912 8 913 6 914 7 915 8 916 6 917 7 918 8 919 8 920 8 921 8 922 8 923 8 924 8 925 8 926 8 927 8 928 8 929 8 930 8 931 8 932 8 933 8 934 8 935 8 936 8 937 8 938 8 939 8 940 8 941 8 942 8 943 8 944 7 945 7 946 7 947 7 948 7 949 7 950 7 951 7 952 7 953 7 954 7 955 7 956 7 957 7 958 7 959 7 960 7 961 7 962 10 963 11 964 10 965 11 966 10 967 11 968 10 969 11 970 10 971 11 972 10 973 11 974 10 975 11 976 10 977 11 978 10 979 11 980 10 981 11 982 10 983 11 984 10 985 11 986 10 987 11 988 10 989 11 990 10 991 11 992 10 993 11 994 10 995 11 996 10 997 11 998 10 999 11 1000 10 1001 11 1002 10 1003 11 1004 10 1005 11 1006 10 1007 11 1008 10 1009 11 1010 10 1011 11 1012 10 1013 11 1014 10 1015 11 1016 10 1017 11 1018 10 1019 11 1020 10 1021 11 1022 10 1023 11 1024 10 1025 11 1026 10 1027 11 1028 10 1029 11 1030 10 1031 11 1032 10 1033 11 1034 10 1035 11 1036 10 1037 11 1038 10 1039 11 1040 10 1041 11 1042 10 1043 11 1044 10 1045 11 1046 10 1047 11 1048 10 1049 11 1050 10 1051 11 1052 10 1053 11 1054 10 1055 11 1056 10 1057 11 1058 10 1059 11 1060 10 1061 11 1062 10 1063 11 1064 10 1065 11 1066 10 1067 11 1068 10 1069 11 1070 10 1071 11 1072 10 1073 11 1074 10 1075 11 1076 10 1077 11 1078 10 1079 11 1080 10 1081 11 1082 10 1083 11 1084 10 1085 11 1086 10 1087 11 1088 10 1089 11 1090 10 1091 11 1092 10 1093 11 1094 10 1095 11 1096 10 1097 11 1098 10 1099 11 1100 10 1101 11 1102 10 1103 11 1104 10 1105 11 1106 10 1107 11 1108 10 1109 11 1110 10 1111 11 1112 10 1113 11 1114 10 1115 11 1116 10 1117 11 1118 10 1119 11 1120 10 1121 11 1122 10 1123 11 1124 10 1125 11 1126 10 1127 11 1128 10 1129 11 1130 10 1131 11 1132 10 1133 11 1134 10 1135 11 1136 10 1137 11 1138 10 1139 11 1140 10 1141 11 1142 10 1143 11 1144 10 1145 11 1146 10 1147 11 1148 10 1149 11 1150 10 1151 11 1152 10 1153 11 1154 10 1155 11 1156 10 1157 11 1158 10 1159 11 1160 10 1161 11 1162 10 1163 11 1164 10 1165 11 1166 10 1167 11 1168 10 1169 11 1170 10 1171 11 1172 10 1173 11 1174 10 1175 11 1176 10 1177 11 1178 10 1179 11 1180 10 1181 11 1182 10 1183 11 1184 10 1185 11 1186 10 1187 11 1188 10 1189 11 1190 10 1191 11 1192 10 1193 11 1194 10 1195 11 1196 10 1197 11 1198 10 1199 11 1200 10 1201 11 1202 10 1203 11 1204 10 1205 11 1206 9 1207 9 1208 9 1209 9 1210 9 1211 9 1212 9 1213 9 1214 9 1215 9 1216 9 1217 9 1218 9 1219 9 1220 9 1221 9 1222 9 1223 9 1224 9 1225 9 1226 9 1227 9 1228 9 1229 9 1230 9 1231 9 1232 10 1233 11 1234 10 1235 11 1236 10 1237 11 1238 10 1239 11 1240 10 1241 11 1242 10 1243 11 1244 10 1245 11 1246 10 1247 11 1248 10 1249 11 1250 10 1251 11 1252 10 1253 11 1254 10 1255 11 1256 10 1257 11 1258 10 1259 11 1260 10 1261 11 1262 10 1263 11 1264 10 1265 11 1266 10 1267 11 1268 10 1269 11 1270 10 1271 11 1272 10 1273 11 1274 10 1275 11 1276 10 1277 11 1278 10 1279 11 1280 10 1281 11 1282 10 1283 11 1284 10 1285 11 1286 10 1287 11 1288 10 1289 11 1290 10 1291 11 1292 10 1293 11 1294 10 1295 11 1296 10 1297 11 1298 10 1299 11 1300 10 1301 11 1302 10 1303 11 1304 10 1305 11 1306 10 1307 11 1308 10 1309 11 1310 10 1311 11 1312 10 1313 11 1314 10 1315 11 1316 10 1317 11 1318 10 1319 11 1320 10 1321 11 1322 10 1323 11 1324 10 1325 11 1326 10 1327 11 1328 10 1329 11 1330 10 1331 11 1332 10 1333 11 1334 10 1335 11 1336 10 1337 11 1338 10 1339 11 1340 10 1341 11 1342 10 1343 11 1344 10 1345 11 1346 10 1347 11 1348 10 1349 11 1350 10 1351 11 1352 10 1353 11 1354 10 1355 11 1356 10 1357 11 1358 10 1359 11 1360 10 1361 11 1362 10 1363 11 1364 10 1365 11 1366 10 1367 11 1368 10 1369 11 1370 10 1371 11 1372 10 1373 11 1374 10 1375 11 1376 10 1377 11 1378 10 1379 11 1380 10 1381 11 1382 10 1383 11 1384 10 1385 11 1386 10 1387 11 1388 10 1389 11 1390 10 1391 11 1392 12 1393 13 1394 14 1395 12 1396 13 1397 14 1398 12 1399 13 1400 14 1401 12 1402 13 1403 14 1404 12 1405 13 1406 14 1407 12 1408 13 1409 14 1410 12 1411 13 1412 14 1413 12 1414 13 1415 14 1416 12 1417 13 1418 14 1419 12 1420 13 1421 14 1422 12 1423 13 1424 14 1425 12 1426 13 1427 14 1428 12 1429 13 1430 14 1431 12 1432 13 1433 14 1434 12 1435 13 1436 14 1437 12 1438 13 1439 14 1440 12 1441 13 1442 14 1443 12 1444 13 1445 14 1446 12 1447 13 1448 14 1449 12 1450 13 1451 14 1452 12 1453 13 1454 14 1455 12 1456 13 1457 14 1458 12 1459 13 1460 14 1461 12 1462 13 1463 14 1464 12 1465 13 1466 14 1467 12 1468 13 1469 14 1470 12 1471 13 1472 14 1473 12 1474 13 1475 14 1476 12 1477 13 1478 14 1479 12 1480 13 1481 14 1482 12 1483 13 1484 14 1485 12 1486 13 1487 14 1488 12 1489 13 1490 14 1491 12 1492 13 1493 14 1494 12 1495 13 1496 14 1497 12 1498 13 1499 14 1500 12 1501 13 1502 14 1503 12 1504 13 1505 14 1506 12 1507 13 1508 14 1509 12 1510 13 1511 14 1512 12 1513 13 1514 14 1515 12 1516 13 1517 14 1518 12 1519 13 1520 14 1521 12 1522 13 1523 14 1524 12 1525 13 1526 14 1527 12 1528 13 1529 14 1530 12 1531 13 1532 14 1533 12 1534 13 1535 14 1536 12 1537 14 1538 12 1539 14 1540 12 1541 14 1542 12 1543 14 1544 12 1545 14 1546 12 1547 14 1548 12 1549 14 1550 12 1551 14 1552 12 1553 14 1554 12 1555 14 1556 12 1557 14 1558 12 1559 14 1560 12 1561 14 1562 12 1563 14 1564 12 1565 14 1566 12 1567 14 1568 12 1569 14 1570 12 1571 14 1572 12 1573 14 1574 12 1575 14 1576 12 1577 14 1578 12 1579 14 1580 12 1581 14 1582 12 1583 14 1584 12 1585 14 1586 12 1587 14 1588 12 1589 14 1590 12 1591 14 1592 12 1593 14 1594 12 1595 14 1596 12 1597 14 1598 12 1599 14 1600 12 1601 14 1602 12 1603 14 1604 12 1605 14 1606 12 1607 14 1608 12 1609 14 1610 12 1611 14 1612 12 1613 14 1614 12 1615 14 1616 12 1617 14 1618 12 1619 14 1620 12 1621 14 1622 12 1623 14 1624 12 1625 14 1626 12 1627 14 1628 12 1629 14 1630 12 1631 14 1632 12 1633 14 1634 12 1635 14 1636 12 1637 14 1638 12 1639 14 1640 12 1641 14 1642 12 1643 14 1644 12 1645 14 1646 12 1647 14 1648 12 1649 14 1650 12 1651 14 1652 12 1653 14 1654 12 1655 14 1656 12 1657 14 1658 12 1659 14 1660 12 1661 14 1662 12 1663 14 1664 12 1665 14 1666 12 1667 14 1668 12 1669 14 1670 12 1671 14 1672 12 1673 14 1674 12 1675 14 1676 12 1677 14 1678 12 1679 14 1680 12 1681 14 1682 12 1683 14 1684 12 1685 14 1686 12 1687 14 1688 12 1689 14 1690 12 1691 14 1692 12 1693 14 1694 12 1695 14 1696 13 1697 14 1698 13 1699 14 1700 13 1701 14 1702 13 1703 14 1704 13 1705 14 1706 13 1707 14 1708 13 1709 14 1710 13 1711 14 1712 13 1713 14 1714 13 1715 14 1716 13 1717 14 1718 13 1719 14 1720 13 1721 14 1722 13 1723 14 1724 13 1725 14 1726 13 1727 14 1728 13 1729 14 1730 13 1731 14 1732 13 1733 14 1734 13 1735 14 1736 13 1737 14 1738 13 1739 14 1740 13 1741 14 1742 13 1743 14 1744 13 1745 14 1746 13 1747 14 1748 13 1749 14 1750 13 1751 14 1752 13 1753 14 1754 13 1755 14 1756 13 1757 14 1758 13 1759 14 1760 13 1761 14 1762 13 1763 14 1764 13 1765 14 1766 13 1767 14 1768 13 1769 14 1770 13 1771 14 1772 13 1773 14 1774 13 1775 14 1776 13 1777 14 1778 13 1779 14 1780 13 1781 14 1782 13 1783 14 1784 13 1785 14 1786 13 1787 14 1788 13 1789 14 1790 13 1791 14 1792 13 1793 14 1794 13 1795 14 1796 13 1797 14 1798 13 1799 14 1800 13 1801 14 1802 13 1803 14 1804 13 1805 14 1806 13 1807 14 1808 13 1809 14 1810 14 1811 13 1812 14 1813 13 1814 14 1815 13 1816 14 1817 13 1818 14 1819 14 1820 13 1821 14 1822 13 1823 14 1824 13 1825 14 1826 13 1827 14 1828 13 1829 14 1830 13 1831 14 1832 13 1833 14 1834 13 1835 14 1836 13 1837 14 1838 13 1839 14 1840 13 1841 14 1842 13 1843 14 1844 13 1845 14 1846 13 1847 14 1848 13 1849 14 1850 15 1851 16 1852 15 1853 16 1854 15 1855 16 1856 15 1857 16 1858 15 1859 16 1860 15 1861 16 1862 15 1863 16 1864 15 1865 16 1866 15 1867 16 1868 15 1869 16 1870 15 1871 16 1872 15 1873 16 1874 15 1875 16 1876 15 1877 16 1878 15 1879 16 1880 15 1881 16 1882 15 1883 16 1884 15 1885 16 1886 15 1887 16 1888 15 1889 16 1890 15 1891 16 1892 15 1893 16 1894 15 1895 16 1896 15 1897 16 1898 15 1899 16 1900 15 1901 16 1902 15 1903 16 1904 15 1905 16 1906 15 1907 16 1908 15 1909 16 1910 15 1911 16 1912 15 1913 16 1914 15 1915 16 1916 15 1917 16 1918 15 1919 16 1920 15 1921 16 1922 15 1923 16 1924 15 1925 16 1926 15 1927 16 1928 15 1929 16 1930 15 1931 16 1932 15 1933 16 1934 15 1935 16 1936 15 1937 16 1938 15 1939 16 1940 15 1941 16 1942 15 1943 16 1944 15 1945 16 1946 15 1947 16 1948 15 1949 16 1950 15 1951 16 1952 15 1953 16 1954 15 1955 16 1956 15 1957 16 1958 15 1959 16 1960 15 1961 16 1962 15 1963 16 1964 15 1965 16 1966 15 1967 16 1968 15 1969 16 1970 15 1971 16 1972 15 1973 16 1974 15 1975 16 1976 15 1977 16 1978 15 1979 16 1980 15 1981 16 1982 15 1983 16 1984 15 1985 16 1986 16 1987 17 1988 16 1989 17 1990 16 1991 17 1992 16 1993 17 1994 16 1995 17 1996 16 1997 17 1998 16 1999 17 2000 16 2001 17 2002 16 2003 17 2004 16 2005 17 2006 16 2007 17 2008 16 2009 17 2010 16 2011 17 2012 16 2013 17 2014 16 2015 17 2016 16 2017 17 2018 16 2019 17 2020 16 2021 17 2022 16 2023 17 2024 16 2025 17 2026 16 2027 17 2028 16 2029 17 2030 16 2031 17 2032 16 2033 17 2034 16 2035 17 2036 16 2037 17 2038 16 2039 17 2040 16 2041 17 2042 16 2043 17 2044 16 2045 17 2046 16 2047 17 2048 16 2049 17 2050 16 2051 17 2052 16 2053 17 2054 16 2055 17 2056 16 2057 17 2058 16 2059 17 2060 16 2061 17 2062 16 2063 17 2064 16 2065 17 2066 16 2067 17 2068 16 2069 17 2070 16 2071 17 2072 16 2073 17 2074 16 2075 17 2076 16 2077 17 2078 16 2079 17 2080 16 2081 17 2082 16 2083 17 2084 16 2085 17 2086 16 2087 17 2088 16 2089 17 2090 16 2091 17 2092 16 2093 17 2094 16 2095 17 2096 16 2097 17 2098 16 2099 17 2100 16 2101 17 2102 16 2103 17 2104 16 2105 17 2106 16 2107 17 2108 16 2109 17 2110 16 2111 17 2112 16 2113 17 2114 16 2115 17 2116 16 2117 16 2118 16 2119 16 2120 16 2121 16 2122 16 2123 16 2124 16 2125 16 2126 16 2127 16 2128 16 2129 16 2130 16 2131 16 2132 16 2133 16 2134 16 2135 16 2136 16 2137 16 2138 16 2139 16 2140 16 2141 16 2142 16 2143 16 2144 16 2145 16 2146 16 2147 16 2148 16 2149 16 2150 16 2151 16 2152 16 2153 16 2154 16 2155 16 2156 16 2157 16 2158 16 2159 16 2160 16 2161 16 2162 16 2163 16 2164 16 2165 16 2166 16 2167 16 2168 16 2169 16 2170 16 2171 16 2172 16 2173 16 2174 16 2175 16 2176 16 2177 16 2178 16 2179 16 2180 16 2181 16 2182 16 2183 16 2184 16 2185 16 2186 16 2187 16 2188 16 2189 16 2190 16 2191 16 2192 16 2193 16 2194 16 2195 16 2196 16 2197 16 2198 16 2199 16 2200 16 2201 16 2202 16 2203 16 2204 16 2205 16 2206 16 2207 16 2208 16 2209 16 2210 16 2211 16 2212 16 2213 16 2214 16 2215 16 2216 15 2217 17 2218 15 2219 17 2220 15 2221 17 2222 15 2223 17 2224 15 2225 17 2226 15 2227 17 2228 15 2229 17 2230 15 2231 17 2232 15 2233 17 2234 15 2235 17 2236 15 2237 17 2238 15 2239 17 2240 15 2241 17 2242 15 2243 17 2244 15 2245 17 2246 15 2247 17 2248 15 2249 17 2250 15 2251 17 2252 15 2253 17 2254 15 2255 17 2256 15 2257 17 2258 15 2259 17 2260 15 2261 17 2262 15 2263 17 2264 15 2265 17 2266 15 2267 17 2268 15 2269 17 2270 15 2271 17 2272 15 2273 17 2274 15 2275 17 2276 15 2277 17 2278 15 2279 17 2280 15 2281 17 2282 15 2283 17 2284 15 2285 17 2286 15 2287 17 2288 15 2289 17 2290 15 2291 17 2292 15 2293 17 2294 15 2295 17 2296 15 2297 17 2298 15 2299 17 2300 15 2301 17 2302 15 2303 17 2304 15 2305 17 2306 15 2307 17 2308 15 2309 17 2310 15 2311 17 2312 15 2313 17 2314 15 2315 17 2316 15 2317 17 2318 15 2319 17 2320 15 2321 17 2322 15 2323 17 2324 15 2325 17 2326 15 2327 17 2328 15 2329 17 2330 15 2331 17 2332 15 2333 17 2334 15 2335 17 2336 15 2337 17 2338 15 2339 17 2340 15 2341 17 2342 15 2343 17 2344 15 2345 17 2346 15 2347 17 2348 15 2349 17 2350 15 2351 17 2352 15 2353 17 2354 15 2355 17 2356 15 2357 17 2358 15 2359 17 2360 15 2361 17 2362 15 2363 17 2364 15 2365 17 2366 15 2367 17 2368 15 2369 17 2370 15 2371 17 2372 15 2373 17 2374 15 2375 17 2376 15 2377 17 2378 15 2379 17 2380 15 2381 17 2382 15 2383 17 2384 15 2385 17 2386 15 2387 17 2388 15 2389 17 2390 15 2391 17 2392 15 2393 17 2394 15 2395 17 2396 15 2397 17 2398 15 2399 17 2400 15 2401 17 2402 15 2403 17 2404 15 2405 17 2406 15 2407 17 2408 15 2409 17 2410 15 2411 17 2412 15 2413 17 2414 15 2415 17 2416 15 2417 17 2418 15 2419 17 2420 15 2421 17 2422 15 2423 17 2424 15 2425 17 2426 15 2427 17 2428 15 2429 17 2430 17 2431 17 2432 17 2433 17 2434 17 2435 17 2436 17 2437 17 2438 17 2439 17 2440 17 2441 17 2442 17 2443 17 2444 17 2445 17 2446 17 2447 17 2448 17 2449 17 2450 17 2451 17 2452 17 2453 17 2454 17 2455 17 2456 17 2457 17 2458 17 2459 17 2460 17 2461 17 2462 17 2463 17 2464 17 2465 17 2466 17 2467 17 2468 17 2469 17 2470 17 2471 17 2472 17 2473 17 2474 17 2475 17 2476 17 2477 17 2478 17 2479 17 2480 17 2481 17 2482 17 2483 17 2484 17 2485 17 2486 17 2487 17 2488 17 2489 17 2490 17 2491 17 2492 17 2493 17 2494 17 2495 17 2496 17 2497 17 2498</v>
        </vertex_weights>
      </skin>
    </controller>
  </library_controllers>
  <library_visual_scenes>
    <visual_scene id="Scene" name="Scene">
      <node id="model-armature" name="model-armature" type="NODE">
        <matrix sid="transform">1 0 0 0 0 -1.62921e-7 -1 0 0 1 -1.62921e-7 0 0 0 0 1</matrix>
        <node id="model-armature_Root" name="Root" sid="Root" type="JOINT">
          <matrix sid="transform">1 0 0 0 0 0.9999999 0 0 0 0 1 0 0 0 0 1</matrix>
          <node id="model-armature_Attach" name="Attach" sid="Attach" type="JOINT">
            <matrix sid="transform">-1 0 -3.89414e-7 0 -3.89414e-7 0 1 -1.86265e-9 0 0.9999997 1.19209e-7 0 0 0 0 1</matrix>
            <node id="model-armature_Rifle" name="Rifle" sid="Rifle" type="JOINT">
              <matrix sid="transform">1 0 -6.3573e-8 3.69345 0 1 0 -4.65661e-9 6.35731e-8 0 1 1.75931e-6 0 0 0 1</matrix>
              <node id="model-armature_L_01" name="L_01" sid="L_01" type="JOINT">
                <matrix sid="transform">1 0 2.84217e-14 1.9893 0 1 0 0.4000002 -2.84217e-14 0 1 0.4500009 0 0 0 1</matrix>
                <node id="model-armature_L_01_a" name="L_01_a" sid="L_01_a" type="JOINT">
                  <matrix sid="transform">1 0 0 0.9833398 0 1 0 3.57624e-8 0 0 1 4.47035e-7 0 0 0 1</matrix>
                  <extra>
                    <technique profile="blender">
                      <layer sid="layer" type="string">0</layer>
                      <roll sid="roll" type="float">3.141593</roll>
                      <tip_x sid="tip_x" type="float">0</tip_x>
                      <tip_y sid="tip_y" type="float">0</tip_y>
                      <tip_z sid="tip_z" type="float">0.01428228</tip_z>
                    </technique>
                  </extra>
                </node>
                <node id="model-armature_L_01_b" name="L_01_b" sid="L_01_b" type="JOINT">
                  <matrix sid="transform">1 0 0 -0.8092804 0 1 0 -5.39883e-8 0 0 1 0.2528837 0 0 0 1</matrix>
                  <extra>
                    <technique profile="blender">
                      <layer sid="layer" type="string">0</layer>
                      <roll sid="roll" type="float">3.141593</roll>
                      <tip_x sid="tip_x" type="float">0</tip_x>
                      <tip_y sid="tip_y" type="float">0</tip_y>
                      <tip_z sid="tip_z" type="float">0.01428228</tip_z>
                    </technique>
                  </extra>
                </node>
                <extra>
                  <technique profile="blender">
                    <layer sid="layer" type="string">0</layer>
                    <roll sid="roll" type="float">3.141593</roll>
                    <tip_x sid="tip_x" type="float">0</tip_x>
                    <tip_y sid="tip_y" type="float">0</tip_y>
                    <tip_z sid="tip_z" type="float">0.01428228</tip_z>
                  </technique>
                </extra>
              </node>
              <node id="model-armature_L_02" name="L_02" sid="L_02" type="JOINT">
                <matrix sid="transform">1 0 2.84217e-14 1.6 0 1 0 0.4000004 -2.84217e-14 0 1 6.61223e-7 0 0 0 1</matrix>
                <node id="model-armature_L_02_a" name="L_02_a" sid="L_02_a" type="JOINT">
                  <matrix sid="transform">1 0 0 1.25543 0 1 0 2.9802e-8 0 0 1 5.18824e-7 0 0 0 1</matrix>
                  <extra>
                    <technique profile="blender">
                      <layer sid="layer" type="string">0</layer>
                      <roll sid="roll" type="float">3.141593</roll>
                      <tip_x sid="tip_x" type="float">0</tip_x>
                      <tip_y sid="tip_y" type="float">0</tip_y>
                      <tip_z sid="tip_z" type="float">0.01428228</tip_z>
                    </technique>
                  </extra>
                </node>
                <node id="model-armature_L_02_b" name="L_02_b" sid="L_02_b" type="JOINT">
                  <matrix sid="transform">1 0 0 -1.54453 0 1 0 -6.69944e-8 0 0 1 0.06198703 0 0 0 1</matrix>
                  <extra>
                    <technique profile="blender">
                      <layer sid="layer" type="string">0</layer>
                      <roll sid="roll" type="float">3.141593</roll>
                      <tip_x sid="tip_x" type="float">0</tip_x>
                      <tip_y sid="tip_y" type="float">0</tip_y>
                      <tip_z sid="tip_z" type="float">0.01428228</tip_z>
                    </technique>
                  </extra>
                </node>
                <extra>
                  <technique profile="blender">
                    <layer sid="layer" type="string">0</layer>
                    <roll sid="roll" type="float">3.141593</roll>
                    <tip_x sid="tip_x" type="float">0</tip_x>
                    <tip_y sid="tip_y" type="float">0</tip_y>
                    <tip_z sid="tip_z" type="float">0.01428228</tip_z>
                  </technique>
                </extra>
              </node>
              <node id="model-armature_R_01" name="R_01" sid="R_01" type="JOINT">
                <matrix sid="transform">1 0 2.84217e-14 1.989 0 1 0 -0.4000004 -2.84217e-14 0 1 0.4500009 0 0 0 1</matrix>
                <node id="model-armature_R_01_a" name="R_01_a" sid="R_01_a" type="JOINT">
                  <matrix sid="transform">1 0 0 0.9829993 0 1 0 -2.38423e-8 0 0 1 5.36442e-7 0 0 0 1</matrix>
                  <extra>
                    <technique profile="blender">
                      <layer sid="layer" type="string">0</layer>
                      <roll sid="roll" type="float">3.141593</roll>
                      <tip_x sid="tip_x" type="float">0</tip_x>
                      <tip_y sid="tip_y" type="float">0</tip_y>
                      <tip_z sid="tip_z" type="float">0.01428228</tip_z>
                    </technique>
                  </extra>
                </node>
                <node id="model-armature_R_01_b" name="R_01_b" sid="R_01_b" type="JOINT">
                  <matrix sid="transform">1 0 0 -0.8089805 0 1 0 -2.41861e-8 0 0 1 0.2528848 0 0 0 1</matrix>
                  <extra>
                    <technique profile="blender">
                      <layer sid="layer" type="string">0</layer>
                      <roll sid="roll" type="float">3.141593</roll>
                      <tip_x sid="tip_x" type="float">0</tip_x>
                      <tip_y sid="tip_y" type="float">0</tip_y>
                      <tip_z sid="tip_z" type="float">0.01428228</tip_z>
                    </technique>
                  </extra>
                </node>
                <extra>
                  <technique profile="blender">
                    <layer sid="layer" type="string">0</layer>
                    <roll sid="roll" type="float">3.141593</roll>
                    <tip_x sid="tip_x" type="float">0</tip_x>
                    <tip_y sid="tip_y" type="float">0</tip_y>
                    <tip_z sid="tip_z" type="float">0.01428228</tip_z>
                  </technique>
                </extra>
              </node>
              <node id="model-armature_R_02" name="R_02" sid="R_02" type="JOINT">
                <matrix sid="transform">1 0 2.84217e-14 1.6 0 1 0 -0.4000004 -2.84217e-14 0 1 6.61223e-7 0 0 0 1</matrix>
                <node id="model-armature_R_02_a" name="R_02_a" sid="R_02_a" type="JOINT">
                  <matrix sid="transform">1 0 0 1.25543 0 1 0 -2.98027e-8 0 0 1 5.18824e-7 0 0 0 1</matrix>
                  <extra>
                    <technique profile="blender">
                      <layer sid="layer" type="string">0</layer>
                      <roll sid="roll" type="float">3.141593</roll>
                      <tip_x sid="tip_x" type="float">0</tip_x>
                      <tip_y sid="tip_y" type="float">0</tip_y>
                      <tip_z sid="tip_z" type="float">0.01428228</tip_z>
                    </technique>
                  </extra>
                </node>
                <node id="model-armature_R_02_b" name="R_02_b" sid="R_02_b" type="JOINT">
                  <matrix sid="transform">1 0 0 -1.54453 0 1 0 -7.38972e-9 0 0 1 0.06198703 0 0 0 1</matrix>
                  <extra>
                    <technique profile="blender">
                      <layer sid="layer" type="string">0</layer>
                      <roll sid="roll" type="float">3.141593</roll>
                      <tip_x sid="tip_x" type="float">0</tip_x>
                      <tip_y sid="tip_y" type="float">0</tip_y>
                      <tip_z sid="tip_z" type="float">0.01428228</tip_z>
                    </technique>
                  </extra>
                </node>
                <extra>
                  <technique profile="blender">
                    <layer sid="layer" type="string">0</layer>
                    <roll sid="roll" type="float">3.141593</roll>
                    <tip_x sid="tip_x" type="float">0</tip_x>
                    <tip_y sid="tip_y" type="float">0</tip_y>
                    <tip_z sid="tip_z" type="float">0.01428228</tip_z>
                  </technique>
                </extra>
              </node>
              <node id="model-armature_U_01" name="U_01" sid="U_01" type="JOINT">
                <matrix sid="transform">1 0 0 1.400001 0 0.9999999 0 -7.10543e-15 0 0 1 -0.3999995 0 0 0 1</matrix>
                <node id="model-armature_U_01_a" name="U_01_a" sid="U_01_a" type="JOINT">
                  <matrix sid="transform">1 0 0 0.1599984 0 1 0 0.4000004 0 0 1 2.98023e-8 0 0 0 1</matrix>
                  <extra>
                    <technique profile="blender">
                      <layer sid="layer" type="string">0</layer>
                      <roll sid="roll" type="float">3.141593</roll>
                      <tip_x sid="tip_x" type="float">0</tip_x>
                      <tip_y sid="tip_y" type="float">0</tip_y>
                      <tip_z sid="tip_z" type="float">0.01428228</tip_z>
                    </technique>
                  </extra>
                </node>
                <node id="model-armature_U_01_b" name="U_01_b" sid="U_01_b" type="JOINT">
                  <matrix sid="transform">1 0 0 0.1598597 0 1 0 -0.4004164 0 0 1 2.98023e-8 0 0 0 1</matrix>
                  <extra>
                    <technique profile="blender">
                      <layer sid="layer" type="string">0</layer>
                      <roll sid="roll" type="float">3.141593</roll>
                      <tip_x sid="tip_x" type="float">0</tip_x>
                      <tip_y sid="tip_y" type="float">0</tip_y>
                      <tip_z sid="tip_z" type="float">0.01428228</tip_z>
                    </technique>
                  </extra>
                </node>
                <extra>
                  <technique profile="blender">
                    <layer sid="layer" type="string">0</layer>
                    <roll sid="roll" type="float">3.141593</roll>
                    <tip_x sid="tip_x" type="float">0</tip_x>
                    <tip_y sid="tip_y" type="float">0</tip_y>
                    <tip_z sid="tip_z" type="float">0.01428222</tip_z>
                  </technique>
                </extra>
              </node>
              <extra>
                <technique profile="blender">
                  <layer sid="layer" type="string">0</layer>
                  <roll sid="roll" type="float">3.141593</roll>
                  <tip_x sid="tip_x" type="float">0</tip_x>
                  <tip_y sid="tip_y" type="float">0</tip_y>
                  <tip_z sid="tip_z" type="float">0.01428222</tip_z>
                </technique>
              </extra>
            </node>
            <extra>
              <technique profile="blender">
                <layer sid="layer" type="string">0</layer>
                <roll sid="roll" type="float">3.141593</roll>
                <tip_x sid="tip_x" type="float">0</tip_x>
                <tip_y sid="tip_y" type="float">0</tip_y>
                <tip_z sid="tip_z" type="float">0.01428222</tip_z>
              </technique>
            </extra>
          </node>
          <extra>
            <technique profile="blender">
              <layer sid="layer" type="string">0</layer>
              <tip_x sid="tip_x" type="float">0</tip_x>
              <tip_y sid="tip_y" type="float">0.01428222</tip_y>
              <tip_z sid="tip_z" type="float">0</tip_z>
            </technique>
          </extra>
        </node>
        <node id="A_weponShape" name="A_weponShape" type="NODE">
          <matrix sid="transform">1 0 0 0 0 1 0 0 0 0 1 0 0 0 0 1</matrix>
          <instance_controller url="#model-armature_A_weponShape-skin">
            <skeleton>#model-armature_Root</skeleton>
            <bind_material>
              <technique_common>
                <instance_material symbol="metal_samusd_001-material" target="#metal_samusd_001-material">
                  <bind_vertex_input semantic="A_weponShape-mesh-map-0" input_semantic="TEXCOORD" input_set="0"/>
                </instance_material>
              </technique_common>
            </bind_material>
          </instance_controller>
        </node>
        <node id="mainShape" name="mainShape" type="NODE">
          <matrix sid="transform">1 0 0 0 0 1 0 0 0 0 1 0 0 0 0 1</matrix>
          <instance_controller url="#model-armature_mainShape-skin">
            <skeleton>#model-armature_Root</skeleton>
            <bind_material>
              <technique_common>
                <instance_material symbol="metal_samusd_001-material" target="#metal_samusd_001-material">
                  <bind_vertex_input semantic="mainShape-mesh-map-0" input_semantic="TEXCOORD" input_set="0"/>
                </instance_material>
              </technique_common>
            </bind_material>
          </instance_controller>
        </node>
      </node>
    </visual_scene>
  </library_visual_scenes>
  <scene>
    <instance_visual_scene url="#Scene"/>
  </scene>
</COLLADA>