<?xml version="1.0" encoding="utf-8"?>
<COLLADA xmlns="http://www.collada.org/2005/11/COLLADASchema" version="1.4.1" xmlns:xsi="http://www.w3.org/2001/XMLSchema-instance">
  <asset>
    <contributor>
      <author>Centrixe</author>
      <authoring_tool>OpenCOLLADA for 3ds Max;  Version: 1.6;  Revision: 68</authoring_tool>
    </contributor>
    <created>2019-09-08T01:05:35</created>
    <modified>2019-09-08T01:05:35</modified>
    <unit name="inch" meter="0.0254"/>
    <up_axis>Z_UP</up_axis>
  </asset>
  <library_effects>
    <effect id="EffectA_mat">
      <profile_COMMON>
        <newparam sid="crazyhand_effA_col_png-surface">
          <surface type="2D">
            <init_from>crazyhand_effA_col_png</init_from>
          </surface>
        </newparam>
        <newparam sid="crazyhand_effA_col_png-sampler">
          <sampler2D>
            <source>crazyhand_effA_col_png-surface</source>
          </sampler2D>
        </newparam>
        <technique sid="common">
          <blinn>
            <emission>
              <color>0 0 0 1</color>
            </emission>
            <ambient>
              <color>0.588 0.588 0.588 1</color>
            </ambient>
            <diffuse>
              <texture texture="crazyhand_effA_col_png-sampler" texcoord="CHANNEL1"/>
            </diffuse>
            <specular>
              <color>0 0 0 1</color>
            </specular>
            <shininess>
              <float>10</float>
            </shininess>
            <reflective>
              <color>0 0 0 1</color>
            </reflective>
            <transparent opaque="A_ONE">
              <texture texture="crazyhand_effA_col_png-sampler" texcoord="CHANNEL1"/>
            </transparent>
            <transparency>
              <float>1</float>
            </transparency>
          </blinn>
        </technique>
      </profile_COMMON>
      <extra>
        <technique profile="OpenCOLLADA3dsMax">
          <extended_shader>
            <opacity_type sid="opacity_type" type="int">0</opacity_type>
            <falloff_type sid="falloff_type" type="int">0</falloff_type>
            <falloff sid="falloff" type="float">0</falloff>
            <index_of_refraction sid="index_of_refraction" type="float">1.5</index_of_refraction>
            <wire_size sid="wire_size" type="float">1</wire_size>
            <wire_units sid="wire_units" type="int">0</wire_units>
            <apply_reflection_dimming sid="apply_reflection_dimming" type="bool">0</apply_reflection_dimming>
            <dim_level sid="dim_level" type="float">0</dim_level>
            <reflection_level sid="reflection_level" type="float">3</reflection_level>
          </extended_shader>
          <shader>
            <ambient_diffuse_texture_lock sid="ambient_diffuse_texture_lock" type="bool">1</ambient_diffuse_texture_lock>
            <ambient_diffuse_lock sid="ambient_diffuse_lock" type="bool">1</ambient_diffuse_lock>
            <diffuse_specular_lock sid="diffuse_specular_lock" type="bool">0</diffuse_specular_lock>
            <use_self_illum_color sid="use_self_illum_color" type="bool">0</use_self_illum_color>
            <self_illumination sid="self_illumination" type="float">0</self_illumination>
            <specular_level sid="specular_level" type="float">0</specular_level>
            <soften sid="soften" type="float">0.1</soften>
          </shader>
        </technique>
      </extra>
    </effect>
    <effect id="EffectA_mat_isstencil">
      <profile_COMMON>
        <newparam sid="crazyhand_effA_col_png-surface">
          <surface type="2D">
            <init_from>crazyhand_effA_col_png</init_from>
          </surface>
        </newparam>
        <newparam sid="crazyhand_effA_col_png-sampler">
          <sampler2D>
            <source>crazyhand_effA_col_png-surface</source>
          </sampler2D>
        </newparam>
        <technique sid="common">
          <blinn>
            <emission>
              <color>0 0 0 1</color>
            </emission>
            <ambient>
              <color>0.588 0.588 0.588 1</color>
            </ambient>
            <diffuse>
              <texture texture="crazyhand_effA_col_png-sampler" texcoord="CHANNEL1"/>
            </diffuse>
            <specular>
              <color>0 0 0 1</color>
            </specular>
            <shininess>
              <float>10</float>
            </shininess>
            <reflective>
              <color>0 0 0 1</color>
            </reflective>
            <transparent opaque="A_ONE">
              <texture texture="crazyhand_effA_col_png-sampler" texcoord="CHANNEL1"/>
            </transparent>
            <transparency>
              <float>1</float>
            </transparency>
          </blinn>
        </technique>
      </profile_COMMON>
      <extra>
        <technique profile="OpenCOLLADA3dsMax">
          <extended_shader>
            <opacity_type sid="opacity_type" type="int">0</opacity_type>
            <falloff_type sid="falloff_type" type="int">0</falloff_type>
            <falloff sid="falloff" type="float">0</falloff>
            <index_of_refraction sid="index_of_refraction" type="float">1.5</index_of_refraction>
            <wire_size sid="wire_size" type="float">1</wire_size>
            <wire_units sid="wire_units" type="int">0</wire_units>
            <apply_reflection_dimming sid="apply_reflection_dimming" type="bool">0</apply_reflection_dimming>
            <dim_level sid="dim_level" type="float">0</dim_level>
            <reflection_level sid="reflection_level" type="float">3</reflection_level>
          </extended_shader>
          <shader>
            <ambient_diffuse_texture_lock sid="ambient_diffuse_texture_lock" type="bool">1</ambient_diffuse_texture_lock>
            <ambient_diffuse_lock sid="ambient_diffuse_lock" type="bool">1</ambient_diffuse_lock>
            <diffuse_specular_lock sid="diffuse_specular_lock" type="bool">0</diffuse_specular_lock>
            <use_self_illum_color sid="use_self_illum_color" type="bool">0</use_self_illum_color>
            <self_illumination sid="self_illumination" type="float">0</self_illumination>
            <specular_level sid="specular_level" type="float">0</specular_level>
            <soften sid="soften" type="float">0.1</soften>
          </shader>
        </technique>
      </extra>
    </effect>
    <effect id="EffectB_mat">
      <profile_COMMON>
        <newparam sid="crazyhand_effA_col_png-surface">
          <surface type="2D">
            <init_from>crazyhand_effA_col_png</init_from>
          </surface>
        </newparam>
        <newparam sid="crazyhand_effA_col_png-sampler">
          <sampler2D>
            <source>crazyhand_effA_col_png-surface</source>
          </sampler2D>
        </newparam>
        <technique sid="common">
          <blinn>
            <emission>
              <color>0 0 0 1</color>
            </emission>
            <ambient>
              <color>0.588 0.588 0.588 1</color>
            </ambient>
            <diffuse>
              <texture texture="crazyhand_effA_col_png-sampler" texcoord="CHANNEL1"/>
            </diffuse>
            <specular>
              <color>0 0 0 1</color>
            </specular>
            <shininess>
              <float>10</float>
            </shininess>
            <reflective>
              <color>0 0 0 1</color>
            </reflective>
            <transparent opaque="A_ONE">
              <texture texture="crazyhand_effA_col_png-sampler" texcoord="CHANNEL1"/>
            </transparent>
            <transparency>
              <float>1</float>
            </transparency>
          </blinn>
        </technique>
      </profile_COMMON>
      <extra>
        <technique profile="OpenCOLLADA3dsMax">
          <extended_shader>
            <opacity_type sid="opacity_type" type="int">0</opacity_type>
            <falloff_type sid="falloff_type" type="int">0</falloff_type>
            <falloff sid="falloff" type="float">0</falloff>
            <index_of_refraction sid="index_of_refraction" type="float">1.5</index_of_refraction>
            <wire_size sid="wire_size" type="float">1</wire_size>
            <wire_units sid="wire_units" type="int">0</wire_units>
            <apply_reflection_dimming sid="apply_reflection_dimming" type="bool">0</apply_reflection_dimming>
            <dim_level sid="dim_level" type="float">0</dim_level>
            <reflection_level sid="reflection_level" type="float">3</reflection_level>
          </extended_shader>
          <shader>
            <ambient_diffuse_texture_lock sid="ambient_diffuse_texture_lock" type="bool">1</ambient_diffuse_texture_lock>
            <ambient_diffuse_lock sid="ambient_diffuse_lock" type="bool">1</ambient_diffuse_lock>
            <diffuse_specular_lock sid="diffuse_specular_lock" type="bool">0</diffuse_specular_lock>
            <use_self_illum_color sid="use_self_illum_color" type="bool">0</use_self_illum_color>
            <self_illumination sid="self_illumination" type="float">0</self_illumination>
            <specular_level sid="specular_level" type="float">0</specular_level>
            <soften sid="soften" type="float">0.1</soften>
          </shader>
        </technique>
      </extra>
    </effect>
    <effect id="EffectB_mat_isstencil">
      <profile_COMMON>
        <newparam sid="crazyhand_effA_col_png-surface">
          <surface type="2D">
            <init_from>crazyhand_effA_col_png</init_from>
          </surface>
        </newparam>
        <newparam sid="crazyhand_effA_col_png-sampler">
          <sampler2D>
            <source>crazyhand_effA_col_png-surface</source>
          </sampler2D>
        </newparam>
        <technique sid="common">
          <blinn>
            <emission>
              <color>0 0 0 1</color>
            </emission>
            <ambient>
              <color>0.588 0.588 0.588 1</color>
            </ambient>
            <diffuse>
              <texture texture="crazyhand_effA_col_png-sampler" texcoord="CHANNEL1"/>
            </diffuse>
            <specular>
              <color>0 0 0 1</color>
            </specular>
            <shininess>
              <float>10</float>
            </shininess>
            <reflective>
              <color>0 0 0 1</color>
            </reflective>
            <transparent opaque="A_ONE">
              <texture texture="crazyhand_effA_col_png-sampler" texcoord="CHANNEL1"/>
            </transparent>
            <transparency>
              <float>1</float>
            </transparency>
          </blinn>
        </technique>
      </profile_COMMON>
      <extra>
        <technique profile="OpenCOLLADA3dsMax">
          <extended_shader>
            <opacity_type sid="opacity_type" type="int">0</opacity_type>
            <falloff_type sid="falloff_type" type="int">0</falloff_type>
            <falloff sid="falloff" type="float">0</falloff>
            <index_of_refraction sid="index_of_refraction" type="float">1.5</index_of_refraction>
            <wire_size sid="wire_size" type="float">1</wire_size>
            <wire_units sid="wire_units" type="int">0</wire_units>
            <apply_reflection_dimming sid="apply_reflection_dimming" type="bool">0</apply_reflection_dimming>
            <dim_level sid="dim_level" type="float">0</dim_level>
            <reflection_level sid="reflection_level" type="float">3</reflection_level>
          </extended_shader>
          <shader>
            <ambient_diffuse_texture_lock sid="ambient_diffuse_texture_lock" type="bool">1</ambient_diffuse_texture_lock>
            <ambient_diffuse_lock sid="ambient_diffuse_lock" type="bool">1</ambient_diffuse_lock>
            <diffuse_specular_lock sid="diffuse_specular_lock" type="bool">0</diffuse_specular_lock>
            <use_self_illum_color sid="use_self_illum_color" type="bool">0</use_self_illum_color>
            <self_illumination sid="self_illumination" type="float">0</self_illumination>
            <specular_level sid="specular_level" type="float">0</specular_level>
            <soften sid="soften" type="float">0.1</soften>
          </shader>
        </technique>
      </extra>
    </effect>
    <effect id="Hand_matA">
      <profile_COMMON>
        <newparam sid="crazyhand_col_png-surface">
          <surface type="2D">
            <init_from>crazyhand_col_png</init_from>
          </surface>
        </newparam>
        <newparam sid="crazyhand_col_png-sampler">
          <sampler2D>
            <source>crazyhand_col_png-surface</source>
          </sampler2D>
        </newparam>
        <technique sid="common">
          <blinn>
            <emission>
              <color>0 0 0 1</color>
            </emission>
            <ambient>
              <color>0.588 0.588 0.588 1</color>
            </ambient>
            <diffuse>
              <texture texture="crazyhand_col_png-sampler" texcoord="CHANNEL1"/>
            </diffuse>
            <specular>
              <color>0 0 0 1</color>
            </specular>
            <shininess>
              <float>10</float>
            </shininess>
            <reflective>
              <color>0 0 0 1</color>
            </reflective>
            <transparent opaque="A_ONE">
              <texture texture="crazyhand_col_png-sampler" texcoord="CHANNEL1"/>
            </transparent>
            <transparency>
              <float>1</float>
            </transparency>
          </blinn>
        </technique>
      </profile_COMMON>
      <extra>
        <technique profile="OpenCOLLADA3dsMax">
          <extended_shader>
            <opacity_type sid="opacity_type" type="int">0</opacity_type>
            <falloff_type sid="falloff_type" type="int">0</falloff_type>
            <falloff sid="falloff" type="float">0</falloff>
            <index_of_refraction sid="index_of_refraction" type="float">1.5</index_of_refraction>
            <wire_size sid="wire_size" type="float">1</wire_size>
            <wire_units sid="wire_units" type="int">0</wire_units>
            <apply_reflection_dimming sid="apply_reflection_dimming" type="bool">0</apply_reflection_dimming>
            <dim_level sid="dim_level" type="float">0</dim_level>
            <reflection_level sid="reflection_level" type="float">3</reflection_level>
          </extended_shader>
          <shader>
            <ambient_diffuse_texture_lock sid="ambient_diffuse_texture_lock" type="bool">1</ambient_diffuse_texture_lock>
            <ambient_diffuse_lock sid="ambient_diffuse_lock" type="bool">1</ambient_diffuse_lock>
            <diffuse_specular_lock sid="diffuse_specular_lock" type="bool">0</diffuse_specular_lock>
            <use_self_illum_color sid="use_self_illum_color" type="bool">0</use_self_illum_color>
            <self_illumination sid="self_illumination" type="float">0</self_illumination>
            <specular_level sid="specular_level" type="float">0</specular_level>
            <soften sid="soften" type="float">0.1</soften>
          </shader>
        </technique>
      </extra>
    </effect>
    <effect id="Hand_matB">
      <profile_COMMON>
        <newparam sid="crazyhand_effB_col_png-surface">
          <surface type="2D">
            <init_from>crazyhand_effB_col_png</init_from>
          </surface>
        </newparam>
        <newparam sid="crazyhand_effB_col_png-sampler">
          <sampler2D>
            <source>crazyhand_effB_col_png-surface</source>
          </sampler2D>
        </newparam>
        <technique sid="common">
          <blinn>
            <emission>
              <color>0 0 0 1</color>
            </emission>
            <ambient>
              <color>0.588 0.588 0.588 1</color>
            </ambient>
            <diffuse>
              <texture texture="crazyhand_effB_col_png-sampler" texcoord="CHANNEL1"/>
            </diffuse>
            <specular>
              <color>0 0 0 1</color>
            </specular>
            <shininess>
              <float>10</float>
            </shininess>
            <reflective>
              <color>0 0 0 1</color>
            </reflective>
            <transparent opaque="A_ONE">
              <texture texture="crazyhand_effB_col_png-sampler" texcoord="CHANNEL1"/>
            </transparent>
            <transparency>
              <float>1</float>
            </transparency>
          </blinn>
        </technique>
      </profile_COMMON>
      <extra>
        <technique profile="OpenCOLLADA3dsMax">
          <extended_shader>
            <opacity_type sid="opacity_type" type="int">0</opacity_type>
            <falloff_type sid="falloff_type" type="int">0</falloff_type>
            <falloff sid="falloff" type="float">0</falloff>
            <index_of_refraction sid="index_of_refraction" type="float">1.5</index_of_refraction>
            <wire_size sid="wire_size" type="float">1</wire_size>
            <wire_units sid="wire_units" type="int">0</wire_units>
            <apply_reflection_dimming sid="apply_reflection_dimming" type="bool">0</apply_reflection_dimming>
            <dim_level sid="dim_level" type="float">0</dim_level>
            <reflection_level sid="reflection_level" type="float">3</reflection_level>
          </extended_shader>
          <shader>
            <ambient_diffuse_texture_lock sid="ambient_diffuse_texture_lock" type="bool">1</ambient_diffuse_texture_lock>
            <ambient_diffuse_lock sid="ambient_diffuse_lock" type="bool">1</ambient_diffuse_lock>
            <diffuse_specular_lock sid="diffuse_specular_lock" type="bool">0</diffuse_specular_lock>
            <use_self_illum_color sid="use_self_illum_color" type="bool">0</use_self_illum_color>
            <self_illumination sid="self_illumination" type="float">0</self_illumination>
            <specular_level sid="specular_level" type="float">0</specular_level>
            <soften sid="soften" type="float">0.1</soften>
          </shader>
        </technique>
      </extra>
    </effect>
    <effect id="Hand_matB_isstencil">
      <profile_COMMON>
        <newparam sid="crazyhand_effB_col_png-surface">
          <surface type="2D">
            <init_from>crazyhand_effB_col_png</init_from>
          </surface>
        </newparam>
        <newparam sid="crazyhand_effB_col_png-sampler">
          <sampler2D>
            <source>crazyhand_effB_col_png-surface</source>
          </sampler2D>
        </newparam>
        <technique sid="common">
          <blinn>
            <emission>
              <color>0 0 0 1</color>
            </emission>
            <ambient>
              <color>0.588 0.588 0.588 1</color>
            </ambient>
            <diffuse>
              <texture texture="crazyhand_effB_col_png-sampler" texcoord="CHANNEL1"/>
            </diffuse>
            <specular>
              <color>0 0 0 1</color>
            </specular>
            <shininess>
              <float>10</float>
            </shininess>
            <reflective>
              <color>0 0 0 1</color>
            </reflective>
            <transparent opaque="A_ONE">
              <texture texture="crazyhand_effB_col_png-sampler" texcoord="CHANNEL1"/>
            </transparent>
            <transparency>
              <float>1</float>
            </transparency>
          </blinn>
        </technique>
      </profile_COMMON>
      <extra>
        <technique profile="OpenCOLLADA3dsMax">
          <extended_shader>
            <opacity_type sid="opacity_type" type="int">0</opacity_type>
            <falloff_type sid="falloff_type" type="int">0</falloff_type>
            <falloff sid="falloff" type="float">0</falloff>
            <index_of_refraction sid="index_of_refraction" type="float">1.5</index_of_refraction>
            <wire_size sid="wire_size" type="float">1</wire_size>
            <wire_units sid="wire_units" type="int">0</wire_units>
            <apply_reflection_dimming sid="apply_reflection_dimming" type="bool">0</apply_reflection_dimming>
            <dim_level sid="dim_level" type="float">0</dim_level>
            <reflection_level sid="reflection_level" type="float">3</reflection_level>
          </extended_shader>
          <shader>
            <ambient_diffuse_texture_lock sid="ambient_diffuse_texture_lock" type="bool">1</ambient_diffuse_texture_lock>
            <ambient_diffuse_lock sid="ambient_diffuse_lock" type="bool">1</ambient_diffuse_lock>
            <diffuse_specular_lock sid="diffuse_specular_lock" type="bool">0</diffuse_specular_lock>
            <use_self_illum_color sid="use_self_illum_color" type="bool">0</use_self_illum_color>
            <self_illumination sid="self_illumination" type="float">0</self_illumination>
            <specular_level sid="specular_level" type="float">0</specular_level>
            <soften sid="soften" type="float">0.1</soften>
          </shader>
        </technique>
      </extra>
    </effect>
    <effect id="panorama_mat">
      <profile_COMMON>
        <newparam sid="_png-surface">
          <surface type="2D">
            <init_from>_png</init_from>
          </surface>
        </newparam>
        <newparam sid="_png-sampler">
          <sampler2D>
            <source>_png-surface</source>
          </sampler2D>
        </newparam>
        <technique sid="common">
          <blinn>
            <emission>
              <color>0 0 0 1</color>
            </emission>
            <ambient>
              <color>0.588 0.588 0.588 1</color>
            </ambient>
            <diffuse>
              <texture texture="_png-sampler" texcoord="CHANNEL1"/>
            </diffuse>
            <specular>
              <color>0 0 0 1</color>
            </specular>
            <shininess>
              <float>10</float>
            </shininess>
            <reflective>
              <color>0 0 0 1</color>
            </reflective>
            <transparent opaque="A_ONE">
              <texture texture="_png-sampler" texcoord="CHANNEL1"/>
            </transparent>
            <transparency>
              <float>1</float>
            </transparency>
          </blinn>
        </technique>
      </profile_COMMON>
      <extra>
        <technique profile="OpenCOLLADA3dsMax">
          <extended_shader>
            <opacity_type sid="opacity_type" type="int">0</opacity_type>
            <falloff_type sid="falloff_type" type="int">0</falloff_type>
            <falloff sid="falloff" type="float">0</falloff>
            <index_of_refraction sid="index_of_refraction" type="float">1.5</index_of_refraction>
            <wire_size sid="wire_size" type="float">1</wire_size>
            <wire_units sid="wire_units" type="int">0</wire_units>
            <apply_reflection_dimming sid="apply_reflection_dimming" type="bool">0</apply_reflection_dimming>
            <dim_level sid="dim_level" type="float">0</dim_level>
            <reflection_level sid="reflection_level" type="float">3</reflection_level>
          </extended_shader>
          <shader>
            <ambient_diffuse_texture_lock sid="ambient_diffuse_texture_lock" type="bool">1</ambient_diffuse_texture_lock>
            <ambient_diffuse_lock sid="ambient_diffuse_lock" type="bool">1</ambient_diffuse_lock>
            <diffuse_specular_lock sid="diffuse_specular_lock" type="bool">0</diffuse_specular_lock>
            <use_self_illum_color sid="use_self_illum_color" type="bool">0</use_self_illum_color>
            <self_illumination sid="self_illumination" type="float">0</self_illumination>
            <specular_level sid="specular_level" type="float">0</specular_level>
            <soften sid="soften" type="float">0.1</soften>
          </shader>
        </technique>
      </extra>
    </effect>
    <effect id="panorama_mat_isstencil">
      <profile_COMMON>
        <newparam sid="_png-surface">
          <surface type="2D">
            <init_from>_png</init_from>
          </surface>
        </newparam>
        <newparam sid="_png-sampler">
          <sampler2D>
            <source>_png-surface</source>
          </sampler2D>
        </newparam>
        <technique sid="common">
          <blinn>
            <emission>
              <color>0 0 0 1</color>
            </emission>
            <ambient>
              <color>0.588 0.588 0.588 1</color>
            </ambient>
            <diffuse>
              <texture texture="_png-sampler" texcoord="CHANNEL1"/>
            </diffuse>
            <specular>
              <color>0 0 0 1</color>
            </specular>
            <shininess>
              <float>10</float>
            </shininess>
            <reflective>
              <color>0 0 0 1</color>
            </reflective>
            <transparent opaque="A_ONE">
              <texture texture="_png-sampler" texcoord="CHANNEL1"/>
            </transparent>
            <transparency>
              <float>1</float>
            </transparency>
          </blinn>
        </technique>
      </profile_COMMON>
      <extra>
        <technique profile="OpenCOLLADA3dsMax">
          <extended_shader>
            <opacity_type sid="opacity_type" type="int">0</opacity_type>
            <falloff_type sid="falloff_type" type="int">0</falloff_type>
            <falloff sid="falloff" type="float">0</falloff>
            <index_of_refraction sid="index_of_refraction" type="float">1.5</index_of_refraction>
            <wire_size sid="wire_size" type="float">1</wire_size>
            <wire_units sid="wire_units" type="int">0</wire_units>
            <apply_reflection_dimming sid="apply_reflection_dimming" type="bool">0</apply_reflection_dimming>
            <dim_level sid="dim_level" type="float">0</dim_level>
            <reflection_level sid="reflection_level" type="float">3</reflection_level>
          </extended_shader>
          <shader>
            <ambient_diffuse_texture_lock sid="ambient_diffuse_texture_lock" type="bool">1</ambient_diffuse_texture_lock>
            <ambient_diffuse_lock sid="ambient_diffuse_lock" type="bool">1</ambient_diffuse_lock>
            <diffuse_specular_lock sid="diffuse_specular_lock" type="bool">0</diffuse_specular_lock>
            <use_self_illum_color sid="use_self_illum_color" type="bool">0</use_self_illum_color>
            <self_illumination sid="self_illumination" type="float">0</self_illumination>
            <specular_level sid="specular_level" type="float">0</specular_level>
            <soften sid="soften" type="float">0.1</soften>
          </shader>
        </technique>
      </extra>
    </effect>
  </library_effects>
  <library_materials>
    <material id="EffectA_mat-material" name="EffectA_mat">
      <instance_effect url="#EffectA_mat"/>
    </material>
    <material id="EffectA_mat_isstencil-material" name="EffectA_mat_isstencil">
      <instance_effect url="#EffectA_mat_isstencil"/>
    </material>
    <material id="EffectB_mat-material" name="EffectB_mat">
      <instance_effect url="#EffectB_mat"/>
    </material>
    <material id="EffectB_mat_isstencil-material" name="EffectB_mat_isstencil">
      <instance_effect url="#EffectB_mat_isstencil"/>
    </material>
    <material id="Hand_matA-material" name="Hand_matA">
      <instance_effect url="#Hand_matA"/>
    </material>
    <material id="Hand_matB-material" name="Hand_matB">
      <instance_effect url="#Hand_matB"/>
    </material>
    <material id="Hand_matB_isstencil-material" name="Hand_matB_isstencil">
      <instance_effect url="#Hand_matB_isstencil"/>
    </material>
    <material id="panorama_mat-material" name="panorama_mat">
      <instance_effect url="#panorama_mat"/>
    </material>
    <material id="panorama_mat_isstencil-material" name="panorama_mat_isstencil">
      <instance_effect url="#panorama_mat_isstencil"/>
    </material>
  </library_materials>
  <library_geometries>
    <geometry id="geom-hand_alphaE_ZwriteOFFShape" name="hand_alphaE_ZwriteOFFShape">
      <mesh>
        <source id="geom-hand_alphaE_ZwriteOFFShape-positions">
          <float_array id="geom-hand_alphaE_ZwriteOFFShape-positions-array" count="408">-7.99967 -8.10573 -1.6113 -7.8495 -8.06276 -0.0366635 1.31451 -7.2864 -1.59876 1.31139 -7.33856 -0.0830167 -6.94847 -4.87185 -7.45958 -6.93745 -6.01911 -6.17205 1.26289 -4.50969 -7.0332 1.28912 -5.50235 -5.73649 -6.50314 -0.802231 11.1249 1.30377 -0.848953 10.4666 -6.63912 -3.04064 10.2054 1.32839 -2.92141 9.51142 -6.48521 1.72561 -9.70015 -6.47481 -0.837771 -9.77579 1.11531 1.47257 -9.08477 1.26305 -0.817261 -9.14802 -6.8899 -5.82127 7.54207 1.25483 -5.38008 7.12111 -6.81377 -6.79677 5.94561 1.2287 -6.3137 5.59205 -7.7487 -7.65002 -3.41217 1.30844 -6.87292 -3.03204 -7.14065 -6.91672 -4.9408 1.3022 -6.29241 -4.43316 -6.79728 5.47801 -7.5321 -6.54201 3.90302 -8.86718 1.01871 4.76793 -6.97783 1.13634 3.3291 -8.3525 -6.84838 -3.6013 -8.46394 1.24376 -3.28351 -8.03304 -6.62715 -2.2402 -9.3374 1.24282 -2.11324 -8.75402 -6.57875 7.46857 -1.93569 1.15138 6.41619 -1.96865 -6.11532 7.6426 -0.467813 1.19585 6.63034 -0.687435 -7.03551 6.34159 -5.90682 0.974209 5.39208 -5.6204 -6.9749 7.04626 -4.0885 1.06653 5.97377 -4.10351 -6.20594 7.207 3.78677 -5.89857 7.64886 1.00368 1.19217 6.28439 3.59113 1.21886 6.67579 0.605546 -6.2999 2.41403 10.9454 1.2278 2.09756 10.2526 -6.30569 4.24554 9.99445 1.22082 3.63137 9.33309 -6.2999 2.41403 10.9454 1.2278 2.09756 10.2526 -6.7721 6.09151 7.0318 -6.74874 6.41987 6.22995 1.1688 5.35162 6.4379 1.1693 5.57807 5.74183 -6.51312 6.84469 5.15218 1.18107 5.95063 4.64255 -6.72212 5.77502 7.7398 1.17386 5.07301 7.09193 -6.60847 5.42133 8.408 1.18422 4.74742 7.71607 -6.40073 4.9755 9.09895 1.19686 4.37611 8.3082 -7.13917 -7.90142 2.15012 -6.83933 -7.36166 4.16499 1.28154 -7.31579 1.91996 1.23816 -6.86965 3.88885 -6.80519 -4.57087 9.03652 1.3048 -4.27776 8.4802 -11.7434 -8.32481 2.36691 -11.2133 -7.76927 4.41282 -10.1046 -8.16209 2.28407 -9.65681 -7.60865 4.3175 -11.1672 -7.20336 6.23609 -9.61811 -7.04214 6.12502 -11.3085 -6.19696 7.90119 -9.73655 -6.04747 7.76189 -11.1976 -4.8276 9.51929 -9.63544 -4.72294 9.33088 -10.9423 -3.15579 10.7659 -9.41193 -3.10564 10.5476 -10.6999 -0.795765 11.6565 -9.20725 -0.795874 11.4489 -10.2918 2.55084 11.441 -8.87209 2.50008 11.2484 -10.2918 2.55084 11.441 -10.2872 4.51439 10.4112 -8.87209 2.50008 11.2484 -8.87057 4.41689 10.2522 -10.424 5.2105 9.5813 -8.99254 5.12356 9.39985 -10.7594 5.7092 8.81183 -9.28239 5.60216 8.65928 -10.9397 6.0907 8.11192 -9.43874 5.9732 7.97259 -11.0178 6.43838 7.3582 -9.50659 6.30962 7.23714 -10.9788 6.83301 6.47094 -9.47329 6.68096 6.37949 -10.5919 7.27584 5.39348 -9.14043 7.11578 5.3018 -10.0843 7.62659 3.82988 -8.70383 7.47272 3.81084 -9.57894 8.06506 1.19969 -8.26843 7.91604 1.12944 -9.92378 8.07551 -0.365325 -8.56753 7.92133 -0.401964 -10.6731 7.91829 -1.92596 -9.21498 7.75811 -1.92953 -11.3088 7.52468 -4.0313 -9.76536 7.35423 -4.05178 -11.3719 6.76784 -6.01249 -9.82771 6.61405 -5.97547 -11.0129 5.76174 -7.79693 -9.51199 5.6583 -7.70066 -10.6639 4.12074 -9.10643 -9.19648 4.04236 -9.01646 -10.5618 1.80784 -10.0114 -9.11043 1.77944 -9.894 -10.6438 -0.84272 -10.102 -9.15959 -0.840023 -9.97804 -10.8836 -2.26604 -9.64792 -9.36821 -2.256 -9.5299 -11.2495 -3.7304 -8.69219 -9.6824 -3.6837 -8.60496 -11.4243 -5.02341 -7.71121 -9.83046 -4.96899 -7.61736 -11.4247 -6.26308 -6.42815 -9.82666 -6.17599 -6.33481 -11.7778 -7.20273 -5.23342 -10.1262 -7.10104 -5.12904 -12.8002 -7.9947 -3.61644 -11.0011 -7.8721 -3.5434 -13.2208 -8.49292 -1.58133 -11.3609 -8.35854 -1.59038 -12.9589 -8.46452 0.0383073 -11.1392 -8.32029 0.011271</float_array>
          <technique_common>
            <accessor source="#geom-hand_alphaE_ZwriteOFFShape-positions-array" count="136" stride="3">
              <param name="X" type="float"/>
              <param name="Y" type="float"/>
              <param name="Z" type="float"/>
            </accessor>
          </technique_common>
        </source>
        <source id="geom-hand_alphaE_ZwriteOFFShape-normals">
          <float_array id="geom-hand_alphaE_ZwriteOFFShape-normals-array" count="408">-0.08327526 0.9880695 0.1295529 -0.08181121 0.9963873 -0.02278809 -0.07965738 0.9966633 -0.01780846 -0.0749618 0.9898864 0.1204394 -0.07631783 0.9495159 0.3042944 -0.08670942 0.9457433 0.3131309 -0.08698104 0.9868838 0.1359956 -0.0931437 0.9878359 -0.1245171 -0.09747674 0.9902709 -0.09930786 -0.08188424 0.9965331 -0.01472359 -0.07779052 0.989173 -0.1244404 -0.07850882 0.9968056 -0.01465936 -0.09125136 0.9433986 0.3188609 -0.08136774 0.8711781 0.4841777 -0.08903473 0.8793553 0.4677682 -0.07502084 0.9556764 0.2847008 -0.08130985 0.8790255 0.4697903 -0.07423551 0.9899696 0.1202054 -0.07765429 0.7609143 0.6441887 -0.07625112 0.7667847 0.6373593 -0.07985779 0.7932051 0.6036956 -0.09108837 0.8801139 0.4659427 -0.06960621 0.697039 0.7136468 -0.06681097 0.6776367 0.7323557 -0.06906255 0.6721844 0.7371557 -0.06196651 0.5841336 0.8092887 -0.06508148 0.5851228 0.808329 -0.06550702 0.5851065 0.8083065 -0.07121485 0.7031093 0.7075068 -0.08116418 0.8002825 0.5941047 -0.06778695 0.5838227 0.8090464 -0.06727681 0.4463957 0.8923029 -0.070687 0.4331562 0.8985428 -0.07106548 0.460094 0.8850216 -0.07660434 0.09778497 0.992255 -0.08157397 0.1052036 0.9910993 -0.07880733 0.09528911 0.9923253 -0.07296328 0.4261788 0.9016918 -0.0828878 -0.1911668 0.9780516 -0.07759432 -0.1923069 0.9782622 -0.08193617 -0.1950105 0.9773727 -0.08053944 0.09598787 0.9921189 -0.08557826 -0.1845853 0.9790836 -0.09396645 -0.5216695 0.8479572 -0.09835037 -0.5162326 0.8507826 -0.08102557 -0.5026394 0.8606907 -0.0841893 -0.5064789 0.8581325 -0.1067178 -0.787807 0.6066065 -0.09072221 -0.7755955 0.6246768 -0.1128858 -0.783912 0.6105233 -0.112561 -0.9092783 0.4006782 -0.1198573 -0.9100119 0.3968785 -0.09640703 -0.9060674 0.4120042 -0.09291305 -0.7823743 0.6158389 -0.1198111 -0.9516498 0.2828569 -0.126967 -0.9517644 0.2793275 -0.1023962 -0.9525223 0.2867337 -0.1062167 -0.9762171 0.1889925 -0.1241322 -0.973519 0.1919684 -0.09743122 -0.9064278 0.4109693 -0.1023724 -0.9508366 0.2922834 -0.1060275 -0.9751846 0.1943533 -0.1098167 -0.9898764 0.08991663 -0.1096554 -0.989097 0.09829915 -0.1274526 -0.986903 0.09888563 -0.1304989 -0.972699 0.191903 -0.1134474 -0.9876886 -0.1077079 -0.1151455 -0.9871006 -0.1112381 -0.1298943 -0.9869034 -0.09565052 -0.1334598 -0.9861128 0.09884328 -0.1268581 -0.9713989 -0.2007265 -0.1129914 -0.9708347 -0.2114544 -0.1162151 -0.9692729 -0.2168046 -0.1222894 -0.9382645 -0.3235816 -0.1140473 -0.9377761 -0.3279774 -0.1267474 -0.9387613 -0.3204097 -0.1323362 -0.9722557 -0.1928885 -0.1348308 -0.9868053 -0.08964296 -0.1219757 -0.9284313 -0.350909 -0.1181178 -0.9244317 -0.362594 -0.1126036 -0.9105994 -0.3976544 -0.1191674 -0.9323385 -0.3413853 -0.1120397 -0.9192754 -0.3773327 -0.1153398 -0.9222296 -0.3690384 -0.1067373 -0.9105644 -0.3993489 -0.1166652 -0.9064602 -0.4058558 -0.1053735 -0.8976896 -0.4278433 -0.1115528 -0.8987724 -0.4239861 -0.1150956 -0.8987836 -0.4230144 -0.1112572 -0.907644 -0.4047272 -0.1101387 -0.8972278 -0.4276118 -0.1081888 -0.8694177 -0.4820872 -0.112916 -0.8715897 -0.477055 -0.1143494 -0.8674192 -0.4842603 -0.1181668 -0.8657428 -0.4863394 -0.1147303 -0.8118439 -0.5724916 -0.1186874 -0.8137166 -0.5690155 -0.1200384 -0.816212 -0.565145 -0.1245634 -0.5793421 -0.8055102 -0.1324932 -0.5783296 -0.8049723 -0.1168953 -0.608784 -0.7846766 -0.1207522 -0.8141311 -0.5679871 -0.1045626 -0.222432 -0.9693249 -0.1273472 -0.2096405 -0.9694501 -0.1383601 -0.2040598 -0.9691316 -0.1153533 -0.6135894 -0.781154 -0.09837178 -0.2237332 -0.9696734 -0.07314858 0.9891544 -0.1273689 -0.1037997 0.9583761 -0.2659714 -0.07715299 0.9605059 -0.2673497 -0.0700154 0.9610484 -0.2673648 -0.08053464 0.9056026 -0.4164111 -0.07190647 0.9068272 -0.4153239 -0.1112395 0.9035923 -0.4136988 -0.1139103 0.9586531 -0.2607849 -0.1229477 0.9015348 -0.4148721 -0.08322148 0.8108447 -0.5793144 -0.1156063 0.8046636 -0.5823674 -0.07332046 0.8122027 -0.5787494 -0.1189547 0.6912564 -0.7127513 -0.0855239 0.6954235 -0.7134928 -0.1313911 0.6916347 -0.7101955 -0.127338 0.8023636 -0.5830932 -0.122982 0.4853331 -0.8656368 -0.135881 0.4858996 -0.8633875 -0.08913722 0.4937958 -0.8649973 -0.07539862 0.6950105 -0.7150354 -0.1273315 0.1427139 -0.9815394 -0.1394565 0.1494701 -0.9788824 -0.09644408 0.1467415 -0.9844621 -0.07929175 0.4966264 -0.8643351 -0.08743671 0.1503277 -0.9847621 -0.1273472 -0.2096405 -0.9694501 -0.1383601 -0.2040598 -0.9691316 -0.1045626 -0.222432 -0.9693249 -0.09837178 -0.2237332 -0.9696734</float_array>
          <technique_common>
            <accessor source="#geom-hand_alphaE_ZwriteOFFShape-normals-array" count="136" stride="3">
              <param name="X" type="float"/>
              <param name="Y" type="float"/>
              <param name="Z" type="float"/>
            </accessor>
          </technique_common>
        </source>
        <source id="geom-hand_alphaE_ZwriteOFFShape-map-2">
          <float_array id="geom-hand_alphaE_ZwriteOFFShape-map-2-array" count="408">1 1 1 1 1 1 1 1 1 1 1 1 1 1 1 1 1 1 1 1 1 1 1 1 1 1 1 1 1 1 1 1 1 1 1 1 1 1 1 1 1 1 1 1 1 1 1 1 1 1 1 1 1 1 1 1 1 1 1 1 1 1 1 1 1 1 1 1 1 1 1 1 1 1 1 1 1 1 1 1 1 1 1 1 1 1 1 1 1 1 1 1 1 1 1 1 1 1 1 1 1 1 1 1 1 1 1 1 1 1 1 1 1 1 1 1 1 1 1 1 1 1 1 1 1 1 1 1 1 1 1 1 1 1 1 1 1 1 1 1 1 1 1 1 1 1 1 1 1 1 1 1 1 1 1 1 1 1 1 1 1 1 1 1 1 1 1 1 1 1 1 1 1 1 1 1 1 1 1 1 1 1 1 1 1 1 1 1 1 1 1 1 1 1 1 1 1 1 1 1 1 1 1 1 1 1 1 1 1 1 1 1 1 1 1 1 1 1 1 1 1 1 1 1 1 1 1 1 1 1 1 1 1 1 1 1 1 1 1 1 1 1 1 1 1 1 1 1 1 1 1 1 1 1 1 1 1 1 1 1 1 1 1 1 1 1 1 1 1 1 1 1 1 1 1 1 1 1 1 1 1 1 1 1 1 1 1 1 1 1 1 1 1 1 1 1 1 1 1 1 1 1 1 1 1 1 1 1 1 1 1 1 1 1 1 1 1 1 1 1 1 1 1 1 1 1 1 1 1 1 1 1 1 1 1 1 1 1 1 1 1 1 1 1 1 1 1 1 1 1 1 1 1 1 1 1 1 1 1 1 1 1 1 1 1 1 1 1 1 1 1 1 1 1 1 1 1 1 1 1 1 1 1 1 1 1 1 1 1 1 1 1 1 1 1 1 1 1 1 1 1 1 1 1 1 1 1 1</float_array>
          <technique_common>
            <accessor source="#geom-hand_alphaE_ZwriteOFFShape-map-2-array" count="136" stride="3">
              <param name="R" type="float"/>
              <param name="G" type="float"/>
              <param name="B" type="float"/>
            </accessor>
          </technique_common>
        </source>
        <source id="geom-hand_alphaE_ZwriteOFFShape-map0">
          <float_array id="geom-hand_alphaE_ZwriteOFFShape-map0-array" count="408">0.03529412 0 0.09411766 0.03529412 0 0.09411766 0.02352941 0 0.07843138 0.02352941 0 0.07843138 0.03529412 0 0.09411766 0.03529412 0 0.09411766 0.02352941 0 0.07843138 0.02352941 0 0.07843138 0.03529412 0 0.09411766 0.02352941 0 0.07843138 0.03529412 0 0.09411766 0.02352941 0 0.07843138 0.03529412 0 0.09411766 0.03529412 0 0.09411766 0.02352941 0 0.07843138 0.02352941 0 0.07843138 0.03529412 0 0.09411766 0.02352941 0 0.07843138 0.03529412 0 0.09411766 0.02352941 0 0.07843138 0.03529412 0 0.09411766 0.02352941 0 0.07843138 0.03529412 0 0.09411766 0.02352941 0 0.07843138 0.03529412 0 0.09411766 0.03529412 0 0.09411766 0.02352941 0 0.07843138 0.02352941 0 0.07843138 0.03529412 0 0.09411766 0.02352941 0 0.07843138 0.03529412 0 0.09411766 0.02352941 0 0.07843138 0.03529412 0 0.09411766 0.02352941 0 0.07843138 0.03529412 0 0.09411766 0.02352941 0 0.07843138 0.03529412 0 0.09411766 0.02352941 0 0.07843138 0.03529412 0 0.09411766 0.02352941 0 0.07843138 0.03529412 0 0.09411766 0.03529412 0 0.09411766 0.02352941 0 0.07843138 0.02352941 0 0.07843138 0.03529412 0 0.09411766 0.02352941 0 0.07843138 0.03529412 0 0.09411766 0.02352941 0 0.07843138 0.03529412 0 0.09411766 0.02352941 0 0.07843138 0.03529412 0 0.09411766 0.03529412 0 0.09411766 0.02352941 0 0.07843138 0.02352941 0 0.07843138 0.03529412 0 0.09411766 0.02352941 0 0.07843138 0.03529412 0 0.09411766 0.02352941 0 0.07843138 0.03529412 0 0.09411766 0.02352941 0 0.07843138 0.03529412 0 0.09411766 0.02352941 0 0.07843138 0.03529412 0 0.09411766 0.03529412 0 0.09411766 0.02352941 0 0.07843138 0.02352941 0 0.07843138 0.03529412 0 0.09411766 0.02352941 0 0.07843138 0 0 0 0 0 0 0.007843138 0 0.02745098 0.007843138 0 0.02745098 0 0 0 0.007843138 0 0.02745098 0 0 0 0.007843138 0 0.02745098 0 0 0 0.007843138 0 0.02745098 0 0 0 0.007843138 0 0.02745098 0 0 0 0.007843138 0 0.02745098 0 0 0 0.007843138 0 0.02745098 0 0 0 0 0 0 0.007843138 0 0.02745098 0.007843138 0 0.02745098 0 0 0 0.007843138 0 0.02745098 0 0 0 0.007843138 0 0.02745098 0 0 0 0.007843138 0 0.02745098 0 0 0 0.007843138 0 0.02745098 0 0 0 0.007843138 0 0.02745098 0 0 0 0.007843138 0 0.02745098 0 0 0 0.007843138 0 0.02745098 0 0 0 0.007843138 0 0.02745098 0 0 0 0.007843138 0 0.02745098 0 0 0 0.007843138 0 0.02745098 0 0 0 0.007843138 0 0.02745098 0 0 0 0.007843138 0 0.02745098 0 0 0 0.007843138 0 0.02745098 0 0 0 0.007843138 0 0.02745098 0 0 0 0.007843138 0 0.02745098 0 0 0 0.007843138 0 0.02745098 0 0 0 0.007843138 0 0.02745098 0 0 0 0.007843138 0 0.02745098 0 0 0 0.007843138 0 0.02745098 0 0 0 0.007843138 0 0.02745098 0 0 0 0.007843138 0 0.02745098 0 0 0 0.007843138 0 0.02745098 0 0 0 0.007843138 0 0.02745098 0 0 0 0.007843138 0 0.02745098</float_array>
          <technique_common>
            <accessor source="#geom-hand_alphaE_ZwriteOFFShape-map0-array" count="136" stride="3">
              <param name="R" type="float"/>
              <param name="G" type="float"/>
              <param name="B" type="float"/>
            </accessor>
          </technique_common>
        </source>
        <source id="geom-hand_alphaE_ZwriteOFFShape-map1">
          <float_array id="geom-hand_alphaE_ZwriteOFFShape-map1-array" count="408">0.5786133 0.394043 0 0.5786133 0.4165039 0 0.008178711 0.3930664 0 0.008178711 0.4194336 0 0.5786133 0.2851562 0 0.5786133 0.315918 0 0.008178711 0.2851562 0 0.008178711 0.3144531 0 0.5786133 0.6655273 0 0.008178711 0.6633301 0 0.5786133 0.6240234 0 0.008178711 0.6203613 0 0.5786133 0.1625977 0 0.5786133 0.2041016 0 0.008178711 0.1625977 0 0.008178711 0.2060547 0 0.5786133 0.557373 0 0.008178711 0.5559082 0 0.5786133 0.5212402 0 0.008178711 0.5227051 0 0.5786133 0.3706055 0 0.008178711 0.3676758 0 0.5786133 0.3432617 0 0.008178711 0.3413086 0 0.5786133 0.08642578 0 0.5786133 0.1240234 0 0.008178711 0.0859375 0 0.008178711 0.1240234 0 0.5786133 0.2553711 0 0.008178711 0.2563477 0 0.5786133 0.2290039 0 0.008178711 0.230957 0 0.5791016 -0.015625 0 0.009010315 -0.01757812 0 0.5791016 -0.04394531 0 0.009010315 -0.04199219 0 0.5791016 0.05615234 0 0.008598328 0.05615234 0 0.5791016 0.02490234 0 0.009010315 0.02441406 0 0.5791016 -0.1240234 0 0.5791016 -0.07128906 0 0.009010315 -0.1230469 0 0.009010315 -0.06738281 0 0.5786133 0.7199707 0 0.008178711 0.7199707 0 0.5791016 -0.2451172 0 0.009010315 -0.2441406 0 0.5791016 -0.2792969 0 0.009010315 -0.2792969 0 0.5791016 -0.1787109 0 0.5791016 -0.1650391 0 0.009010315 -0.1787109 0 0.009010315 -0.1650391 0 0.5791016 -0.1455078 0 0.009010315 -0.1435547 0 0.5791016 -0.1923828 0 0.009010315 -0.1923828 0 0.5791016 -0.2060547 0 0.009010315 -0.2060547 0 0.5791016 -0.2216797 0 0.009010315 -0.2197266 0 0.5786133 0.4511719 0 0.5786133 0.4863281 0 0.008178711 0.4536133 0 0.008178711 0.4897461 0 0.5786133 0.592041 0 0.008178711 0.5883789 0 0.9921875 0.4492187 0 0.9921875 0.484375 0 0.8793945 0.449707 0 0.8793945 0.4848633 0 0.9921875 0.5205078 0 0.8793945 0.520752 0 0.9921875 0.5585938 0 0.8793945 0.5583496 0 0.9921875 0.5944824 0 0.8793945 0.59375 0 0.9921875 0.6269531 0 0.8793945 0.6259766 0 0.9921875 0.6672363 0 0.8793945 0.666748 0 0.9921875 0.7199707 0 0.8793945 0.7199707 0 0.9921875 -0.2792969 0 0.9921875 -0.2451172 0 0.8793945 -0.2792969 0 0.8793945 -0.2451172 0 0.9921875 -0.2226562 0 0.8793945 -0.2226562 0 0.9921875 -0.2060547 0 0.8793945 -0.2060547 0 0.9921875 -0.1923828 0 0.8793945 -0.1923828 0 0.9921875 -0.1787109 0 0.8793945 -0.1787109 0 0.9921875 -0.1660156 0 0.8793945 -0.1660156 0 0.9921875 -0.1474609 0 0.8793945 -0.1464844 0 0.9921875 -0.125 0 0.8793945 -0.125 0 0.9921875 -0.07421875 0 0.8793945 -0.07324219 0 0.9921875 -0.04492187 0 0.8793945 -0.04492187 0 0.9921875 -0.01464844 0 0.8793945 -0.015625 0 0.9921875 0.02490234 0 0.8793945 0.02490234 0 0.9921875 0.05615234 0 0.8793945 0.05615234 0 0.9921875 0.08691406 0 0.8793945 0.08642578 0 0.9921875 0.1240234 0 0.8793945 0.1240234 0 0.9921875 0.1625977 0 0.8793945 0.1625977 0 0.9921875 0.203125 0 0.8793945 0.203125 0 0.9921875 0.2275391 0 0.8793945 0.2280273 0 0.9921875 0.2548828 0 0.8793945 0.2548828 0 0.9921875 0.2851562 0 0.8793945 0.2851562 0 0.9921875 0.3164062 0 0.8793945 0.3164062 0 0.9921875 0.3442383 0 0.8793945 0.3442383 0 0.9921875 0.3725586 0 0.8793945 0.3720703 0 0.9921875 0.3945312 0 0.8793945 0.3945312 0 0.9921875 0.4145508 0 0.8793945 0.4155273 0</float_array>
          <technique_common>
            <accessor source="#geom-hand_alphaE_ZwriteOFFShape-map1-array" count="136" stride="3">
              <param name="S" type="float"/>
              <param name="T" type="float"/>
              <param name="P" type="float"/>
            </accessor>
          </technique_common>
        </source>
        <vertices id="geom-hand_alphaE_ZwriteOFFShape-vertices">
          <input semantic="POSITION" source="#geom-hand_alphaE_ZwriteOFFShape-positions"/>
        </vertices>
        <triangles material="EffectB_mat" count="198">
          <input semantic="VERTEX" source="#geom-hand_alphaE_ZwriteOFFShape-vertices" offset="0"/>
          <input semantic="NORMAL" source="#geom-hand_alphaE_ZwriteOFFShape-normals" offset="1"/>
          <input semantic="COLOR" source="#geom-hand_alphaE_ZwriteOFFShape-map0" offset="2" set="0"/>
          <input semantic="TEXCOORD" source="#geom-hand_alphaE_ZwriteOFFShape-map1" offset="3" set="0"/>
          <p>0 0 0 0 135 1 135 135 1 2 1 1 133 3 133 133 135 1 135 135 0 0 0 0 131 4 131 131 0 0 0 0 20 5 20 20 133 3 133 133 0 0 0 0 131 4 131 131 0 0 0 0 2 6 2 2 20 5 20 20 0 0 0 0 1 2 1 1 2 6 2 2 70 7 70 70 1 2 1 1 135 1 135 135 68 8 68 68 135 1 135 135 134 9 134 134 70 7 70 70 135 1 135 135 68 8 68 68 133 3 133 133 134 9 134 134 135 1 135 135 62 10 62 62 1 2 1 1 70 7 70 70 1 2 1 1 62 10 62 62 3 11 3 3 2 6 2 2 1 2 1 1 3 11 3 3 20 5 20 20 2 6 2 2 21 12 21 21 129 13 129 129 20 5 20 20 22 14 22 22 131 4 131 131 20 5 20 20 129 13 129 129 20 5 20 20 21 12 21 21 22 14 22 22 130 15 130 130 133 3 133 133 131 4 131 131 128 16 128 128 131 4 131 131 129 13 129 129 130 15 130 130 131 4 131 131 128 16 128 128 132 17 132 132 134 9 134 134 133 3 133 133 132 17 132 132 133 3 133 133 130 15 130 130 128 16 128 128 129 13 129 129 126 18 126 126 129 13 129 129 22 14 22 22 127 19 127 127 126 18 126 126 129 13 129 129 127 19 127 127 127 19 127 127 22 14 22 22 5 20 5 5 22 14 22 22 23 21 23 23 5 20 5 5 22 14 22 22 21 12 21 21 23 21 23 23 4 22 4 4 127 19 127 127 5 20 5 5 125 23 125 125 127 19 127 127 4 22 4 4 125 23 125 125 126 18 126 126 127 19 127 127 124 24 124 124 126 18 126 126 125 23 125 125 125 23 125 125 4 22 4 4 123 25 123 123 122 26 122 122 125 23 125 125 123 25 123 123 124 24 124 124 125 23 125 125 122 26 122 122 123 25 123 123 4 22 4 4 28 27 28 28 4 22 4 4 6 28 6 6 28 27 28 28 4 22 4 4 5 20 5 5 6 28 6 6 5 20 5 5 23 21 23 23 7 29 7 7 6 28 6 6 5 20 5 5 7 29 7 7 28 27 28 28 6 28 6 6 29 30 29 29 121 31 121 121 28 27 28 28 30 32 30 30 123 25 123 123 28 27 28 28 121 31 121 121 28 27 28 28 29 30 29 29 30 32 30 30 120 33 120 120 123 25 123 123 121 31 121 121 122 26 122 122 123 25 123 123 120 33 120 120 121 31 121 121 30 32 30 30 119 34 119 119 118 35 118 118 121 31 121 121 119 34 119 119 120 33 120 120 121 31 121 121 118 35 118 118 119 34 119 119 30 32 30 30 13 36 13 13 30 32 30 30 31 37 31 31 13 36 13 13 30 32 30 30 29 30 29 29 31 37 31 31 12 38 12 12 119 34 119 119 13 36 13 13 117 39 117 117 119 34 119 119 12 38 12 12 116 40 116 116 119 34 119 119 117 39 117 117 118 35 118 118 119 34 119 119 116 40 116 116 13 36 13 13 31 37 31 31 15 41 15 15 14 42 14 14 13 36 13 13 15 41 15 15 12 38 12 12 13 36 13 13 14 42 14 14 25 43 25 25 117 39 117 117 12 38 12 12 27 44 27 27 12 38 12 12 14 42 14 14 25 43 25 25 12 38 12 12 27 44 27 27 115 45 115 115 117 39 117 117 25 43 25 25 115 45 115 115 116 40 116 116 117 39 117 117 114 46 114 114 116 40 116 116 115 45 115 115 24 47 24 24 115 45 115 115 25 43 25 25 113 48 113 113 115 45 115 115 24 47 24 24 113 48 113 113 114 46 114 114 115 45 115 115 26 49 26 26 25 43 25 25 27 44 27 27 24 47 24 24 25 43 25 25 26 49 26 26 36 50 36 36 113 48 113 113 24 47 24 24 37 51 37 37 24 47 24 24 26 49 26 26 36 50 36 36 24 47 24 24 37 51 37 37 111 52 111 111 113 48 113 113 36 50 36 36 112 53 112 112 114 46 114 114 113 48 113 113 111 52 111 111 112 53 112 112 113 48 113 113 38 54 38 38 111 52 111 111 36 50 36 36 36 50 36 36 37 51 37 37 38 54 38 38 38 54 38 38 37 51 37 37 39 55 39 39 109 56 109 109 111 52 111 111 38 54 38 38 107 57 107 107 38 54 38 38 32 58 32 32 109 56 109 109 38 54 38 38 107 57 107 107 38 54 38 38 39 55 39 39 32 58 32 32 110 59 110 110 112 53 112 112 111 52 111 111 109 56 109 109 110 59 110 110 111 52 111 111 108 60 108 108 110 59 110 110 109 56 109 109 106 61 106 106 109 56 109 109 107 57 107 107 108 60 108 108 109 56 109 109 106 61 106 106 107 57 107 107 32 58 32 32 105 62 105 105 104 63 104 104 107 57 107 107 105 62 105 105 106 61 106 106 107 57 107 107 104 63 104 104 105 62 105 105 32 58 32 32 34 64 34 34 32 58 32 32 39 55 39 39 33 65 33 33 32 58 32 32 33 65 33 33 34 64 34 34 105 62 105 105 34 64 34 34 103 66 103 103 102 67 102 102 105 62 105 105 103 66 103 103 104 63 104 104 105 62 105 105 102 67 102 102 103 66 103 103 34 64 34 34 41 68 41 41 34 64 34 34 35 69 35 35 41 68 41 41 34 64 34 34 33 65 33 33 35 69 35 35 40 70 40 40 103 66 103 103 41 68 41 41 101 71 101 101 103 66 103 103 40 70 40 40 101 71 101 101 102 67 102 102 103 66 103 103 100 72 100 100 102 67 102 102 101 71 101 101 54 73 54 54 101 71 101 101 40 70 40 40 99 74 99 99 101 71 101 101 54 73 54 54 99 74 99 99 100 72 100 100 101 71 101 101 55 75 55 55 40 70 40 40 42 76 42 42 54 73 54 54 40 70 40 40 55 75 55 55 40 70 40 40 41 68 41 41 42 76 42 42 41 68 41 41 35 69 35 35 43 77 43 43 42 76 42 42 41 68 41 41 43 77 43 43 53 78 53 53 54 73 54 54 55 75 55 55 51 79 51 51 99 74 99 99 54 73 54 54 51 79 51 51 54 73 54 54 53 78 53 53 97 80 97 97 99 74 99 99 51 79 51 51 98 81 98 98 100 72 100 100 99 74 99 99 97 80 97 97 98 81 98 98 99 74 99 99 50 82 50 50 97 80 97 97 51 79 51 51 52 83 52 52 51 79 51 51 53 78 53 53 50 82 50 50 51 79 51 51 52 83 52 52 95 84 95 95 97 80 97 97 50 82 50 50 96 85 96 96 98 81 98 98 97 80 97 97 95 84 95 95 96 85 96 96 97 80 97 97 93 86 93 93 50 82 50 50 56 87 56 56 95 84 95 95 50 82 50 50 93 86 93 93 57 88 57 57 50 82 50 50 52 83 52 52 56 87 56 56 50 82 50 50 57 88 57 57 94 89 94 94 96 85 96 96 95 84 95 95 92 90 92 92 95 84 95 95 93 86 93 93 94 89 94 94 95 84 95 95 92 90 92 92 93 86 93 93 56 87 56 56 91 91 91 91 90 92 90 90 93 86 93 93 91 91 91 91 92 90 92 92 93 86 93 93 90 92 90 90 91 91 91 91 56 87 56 56 58 93 58 58 56 87 56 56 57 88 57 57 58 93 58 58 58 93 58 58 57 88 57 57 59 94 59 59 89 95 89 89 58 93 58 58 60 96 60 60 91 91 91 91 58 93 58 58 89 95 89 89 58 93 58 58 59 94 59 59 60 96 60 60 88 97 88 88 91 91 91 91 89 95 89 89 90 92 90 90 91 91 91 91 88 97 88 88 89 95 89 89 60 96 60 60 87 98 87 87 85 99 85 85 89 95 89 89 87 98 87 87 88 97 88 88 89 95 89 89 85 99 85 85 87 98 87 87 60 96 60 60 46 100 46 46 60 96 60 60 59 94 59 59 61 101 61 61 60 96 60 60 61 101 61 61 46 100 46 46 48 102 48 48 87 98 87 87 46 100 46 46 86 103 86 86 87 98 87 87 48 102 48 48 86 103 86 86 85 99 85 85 87 98 87 87 84 104 84 84 85 99 85 85 86 103 86 86 48 102 48 48 47 105 47 47 49 106 49 49 46 100 46 46 47 105 47 47 48 102 48 48 46 100 46 46 61 101 61 61 47 105 47 47 3 11 3 3 62 10 62 62 64 107 64 64 62 10 62 62 71 108 71 71 63 109 63 63 70 7 70 70 71 108 71 71 62 10 62 62 62 10 62 62 63 109 63 63 64 107 64 64 64 107 64 64 63 109 63 63 65 110 65 65 71 108 71 71 18 111 18 18 63 109 63 63 63 109 63 63 19 112 19 19 65 110 65 65 18 111 18 18 19 112 19 19 63 109 63 63 73 113 73 73 18 111 18 18 71 108 71 71 69 114 69 69 73 113 73 73 71 108 71 71 70 7 70 70 69 114 69 69 71 108 71 71 68 8 68 68 69 114 69 69 70 7 70 70 72 115 72 72 73 113 73 73 69 114 69 69 73 113 73 73 16 116 16 16 18 111 18 18 75 117 75 75 16 116 16 16 73 113 73 73 72 115 72 72 75 117 75 75 73 113 73 73 18 111 18 18 17 118 17 17 19 112 19 19 16 116 16 16 17 118 17 17 18 111 18 18 16 116 16 16 77 119 77 77 66 120 66 66 75 117 75 75 77 119 77 77 16 116 16 16 16 116 16 16 66 120 66 66 17 118 17 17 75 117 75 75 76 121 76 76 77 119 77 77 74 122 74 74 76 121 76 76 75 117 75 75 74 122 74 74 75 117 75 75 72 115 72 72 77 119 77 77 79 123 79 79 66 120 66 66 77 119 77 77 78 124 78 78 79 123 79 79 76 121 76 76 78 124 78 78 77 119 77 77 66 120 66 66 79 123 79 79 10 125 10 10 17 118 17 17 66 120 66 66 67 126 67 67 66 120 66 66 10 125 10 10 67 126 67 67 79 123 79 79 81 127 81 81 10 125 10 10 79 123 79 79 80 128 80 80 81 127 81 81 78 124 78 78 80 128 80 80 79 123 79 79 10 125 10 10 81 127 81 81 8 129 8 8 67 126 67 67 10 125 10 10 11 130 11 11 10 125 10 10 9 131 9 9 11 130 11 11 8 129 8 8 9 131 9 9 10 125 10 10 81 127 81 81 83 132 83 83 8 129 8 8 81 127 81 81 82 133 82 82 83 132 83 83 80 128 80 80 82 133 82 82 81 127 81 81 8 129 8 8 83 132 83 83 44 134 44 44 8 129 8 8 44 134 44 44 9 131 9 9 9 131 9 9 44 134 44 44 45 135 45 45</p>
        </triangles>
      </mesh>
    </geometry>
    <geometry id="geom-hand_alphaE_ZwriteONShape" name="hand_alphaE_ZwriteONShape">
      <mesh>
        <source id="geom-hand_alphaE_ZwriteONShape-positions">
          <float_array id="geom-hand_alphaE_ZwriteONShape-positions-array" count="408">-7.99967 -8.10573 -1.6113 -7.8495 -8.06276 -0.0366635 1.31451 -7.2864 -1.59876 1.31139 -7.33856 -0.0830167 -6.94847 -4.87185 -7.45958 -6.93745 -6.01911 -6.17205 1.26289 -4.50969 -7.0332 1.28912 -5.50235 -5.73649 -6.50314 -0.802231 11.1249 1.30377 -0.848953 10.4666 -6.63912 -3.04064 10.2054 1.32839 -2.92141 9.51142 -6.48521 1.72561 -9.70015 -6.47481 -0.837771 -9.77579 1.11531 1.47257 -9.08477 1.26305 -0.817261 -9.14802 -6.8899 -5.82127 7.54207 1.25483 -5.38008 7.12111 -6.81377 -6.79677 5.94561 1.2287 -6.3137 5.59205 -7.7487 -7.65002 -3.41217 1.30844 -6.87292 -3.03204 -7.14065 -6.91672 -4.9408 1.3022 -6.29241 -4.43316 -6.79728 5.47801 -7.5321 -6.54201 3.90302 -8.86718 1.01871 4.76793 -6.97783 1.13634 3.3291 -8.3525 -6.84838 -3.6013 -8.46394 1.24376 -3.28351 -8.03304 -6.62715 -2.2402 -9.3374 1.24282 -2.11324 -8.75402 -6.57875 7.46857 -1.93569 1.15138 6.41619 -1.96865 -6.11532 7.6426 -0.467813 1.19585 6.63034 -0.687435 -7.03551 6.34159 -5.90682 0.974209 5.39208 -5.6204 -6.9749 7.04626 -4.0885 1.06653 5.97377 -4.10351 -6.20594 7.207 3.78677 -5.89857 7.64886 1.00368 1.19217 6.28439 3.59113 1.21886 6.67579 0.605546 -6.2999 2.41403 10.9454 1.2278 2.09756 10.2526 -6.30569 4.24554 9.99445 1.22082 3.63137 9.33309 -6.2999 2.41403 10.9454 1.2278 2.09756 10.2526 -6.7721 6.09151 7.0318 -6.74874 6.41987 6.22995 1.1688 5.35162 6.4379 1.1693 5.57807 5.74183 -6.51312 6.84469 5.15218 1.18107 5.95063 4.64255 -6.72212 5.77502 7.7398 1.17386 5.07301 7.09193 -6.60847 5.42133 8.408 1.18422 4.74742 7.71607 -6.40073 4.9755 9.09895 1.19686 4.37611 8.3082 -7.13917 -7.90142 2.15012 -6.83933 -7.36166 4.16499 1.28154 -7.31579 1.91996 1.23816 -6.86965 3.88885 -6.80519 -4.57087 9.03652 1.3048 -4.27776 8.4802 -11.7434 -8.32481 2.36691 -11.2133 -7.76927 4.41282 -10.1046 -8.16209 2.28407 -9.65681 -7.60865 4.3175 -11.1672 -7.20336 6.23609 -9.61811 -7.04214 6.12502 -11.3085 -6.19696 7.90119 -9.73655 -6.04747 7.76189 -11.1976 -4.8276 9.51929 -9.63544 -4.72294 9.33088 -10.9423 -3.15579 10.7659 -9.41193 -3.10564 10.5476 -10.6999 -0.795765 11.6565 -9.20725 -0.795874 11.4489 -10.2918 2.55084 11.441 -8.87209 2.50008 11.2484 -10.2918 2.55084 11.441 -10.2872 4.51439 10.4112 -8.87209 2.50008 11.2484 -8.87057 4.41689 10.2522 -10.424 5.2105 9.5813 -8.99254 5.12356 9.39985 -10.7594 5.7092 8.81183 -9.28239 5.60216 8.65928 -10.9397 6.0907 8.11192 -9.43874 5.9732 7.97259 -11.0178 6.43838 7.3582 -9.50659 6.30962 7.23714 -10.9788 6.83301 6.47094 -9.47329 6.68096 6.37949 -10.5919 7.27584 5.39348 -9.14043 7.11578 5.3018 -10.0843 7.62659 3.82988 -8.70383 7.47272 3.81084 -9.57894 8.06506 1.19969 -8.26843 7.91604 1.12944 -9.92378 8.07551 -0.365325 -8.56753 7.92133 -0.401964 -10.6731 7.91829 -1.92596 -9.21498 7.75811 -1.92953 -11.3088 7.52468 -4.0313 -9.76536 7.35423 -4.05178 -11.3719 6.76784 -6.01249 -9.82771 6.61405 -5.97547 -11.0129 5.76174 -7.79693 -9.51199 5.6583 -7.70066 -10.6639 4.12074 -9.10643 -9.19648 4.04236 -9.01646 -10.5618 1.80784 -10.0114 -9.11043 1.77944 -9.894 -10.6438 -0.84272 -10.102 -9.15959 -0.840023 -9.97804 -10.8836 -2.26604 -9.64792 -9.36821 -2.256 -9.5299 -11.2495 -3.7304 -8.69219 -9.6824 -3.6837 -8.60496 -11.4243 -5.02341 -7.71121 -9.83046 -4.96899 -7.61736 -11.4247 -6.26308 -6.42815 -9.82666 -6.17599 -6.33481 -11.7778 -7.20273 -5.23342 -10.1262 -7.10104 -5.12904 -12.8002 -7.9947 -3.61644 -11.0011 -7.8721 -3.5434 -13.2208 -8.49292 -1.58133 -11.3609 -8.35854 -1.59038 -12.9589 -8.46452 0.0383073 -11.1392 -8.32029 0.011271</float_array>
          <technique_common>
            <accessor source="#geom-hand_alphaE_ZwriteONShape-positions-array" count="136" stride="3">
              <param name="X" type="float"/>
              <param name="Y" type="float"/>
              <param name="Z" type="float"/>
            </accessor>
          </technique_common>
        </source>
        <source id="geom-hand_alphaE_ZwriteONShape-normals">
          <float_array id="geom-hand_alphaE_ZwriteONShape-normals-array" count="408">-0.08327526 0.9880695 0.1295529 -0.08181121 0.9963873 -0.02278809 -0.07965738 0.9966633 -0.01780846 -0.0749618 0.9898864 0.1204394 -0.07631783 0.9495159 0.3042944 -0.08670942 0.9457433 0.3131309 -0.08698104 0.9868838 0.1359956 -0.0931437 0.9878359 -0.1245171 -0.09747674 0.9902709 -0.09930786 -0.08188424 0.9965331 -0.01472359 -0.07779052 0.989173 -0.1244404 -0.07850882 0.9968056 -0.01465936 -0.09125136 0.9433986 0.3188609 -0.08136774 0.8711781 0.4841777 -0.08903473 0.8793553 0.4677682 -0.07502084 0.9556764 0.2847008 -0.08130985 0.8790255 0.4697903 -0.07423551 0.9899696 0.1202054 -0.07765429 0.7609143 0.6441887 -0.07625112 0.7667847 0.6373593 -0.07985779 0.7932051 0.6036956 -0.09108837 0.8801139 0.4659427 -0.06960621 0.697039 0.7136468 -0.06681097 0.6776367 0.7323557 -0.06906255 0.6721844 0.7371557 -0.06196651 0.5841336 0.8092887 -0.06508148 0.5851228 0.808329 -0.06550702 0.5851065 0.8083065 -0.07121485 0.7031093 0.7075068 -0.08116418 0.8002825 0.5941047 -0.06778695 0.5838227 0.8090464 -0.06727681 0.4463957 0.8923029 -0.070687 0.4331562 0.8985428 -0.07106548 0.460094 0.8850216 -0.07660434 0.09778497 0.992255 -0.08157397 0.1052036 0.9910993 -0.07880733 0.09528911 0.9923253 -0.07296328 0.4261788 0.9016918 -0.0828878 -0.1911668 0.9780516 -0.07759432 -0.1923069 0.9782622 -0.08193617 -0.1950105 0.9773727 -0.08053944 0.09598787 0.9921189 -0.08557826 -0.1845853 0.9790836 -0.09396645 -0.5216695 0.8479572 -0.09835037 -0.5162326 0.8507826 -0.08102557 -0.5026394 0.8606907 -0.0841893 -0.5064789 0.8581325 -0.1067178 -0.787807 0.6066065 -0.09072221 -0.7755955 0.6246768 -0.1128858 -0.783912 0.6105233 -0.112561 -0.9092783 0.4006782 -0.1198573 -0.9100119 0.3968785 -0.09640703 -0.9060674 0.4120042 -0.09291305 -0.7823743 0.6158389 -0.1198111 -0.9516498 0.2828569 -0.126967 -0.9517644 0.2793275 -0.1023962 -0.9525223 0.2867337 -0.1062167 -0.9762171 0.1889925 -0.1241322 -0.973519 0.1919684 -0.09743122 -0.9064278 0.4109693 -0.1023724 -0.9508366 0.2922834 -0.1060275 -0.9751846 0.1943533 -0.1098167 -0.9898764 0.08991663 -0.1096554 -0.989097 0.09829915 -0.1274526 -0.986903 0.09888563 -0.1304989 -0.972699 0.191903 -0.1134474 -0.9876886 -0.1077079 -0.1151455 -0.9871006 -0.1112381 -0.1298943 -0.9869034 -0.09565052 -0.1334598 -0.9861128 0.09884328 -0.1268581 -0.9713989 -0.2007265 -0.1129914 -0.9708347 -0.2114544 -0.1162151 -0.9692729 -0.2168046 -0.1222894 -0.9382645 -0.3235816 -0.1140473 -0.9377761 -0.3279774 -0.1267474 -0.9387613 -0.3204097 -0.1323362 -0.9722557 -0.1928885 -0.1348308 -0.9868053 -0.08964296 -0.1219757 -0.9284313 -0.350909 -0.1181178 -0.9244317 -0.362594 -0.1126036 -0.9105994 -0.3976544 -0.1191674 -0.9323385 -0.3413853 -0.1120397 -0.9192754 -0.3773327 -0.1153398 -0.9222296 -0.3690384 -0.1067373 -0.9105644 -0.3993489 -0.1166652 -0.9064602 -0.4058558 -0.1053735 -0.8976896 -0.4278433 -0.1115528 -0.8987724 -0.4239861 -0.1150956 -0.8987836 -0.4230144 -0.1112572 -0.907644 -0.4047272 -0.1101387 -0.8972278 -0.4276118 -0.1081888 -0.8694177 -0.4820872 -0.112916 -0.8715897 -0.477055 -0.1143494 -0.8674192 -0.4842603 -0.1181668 -0.8657428 -0.4863394 -0.1147303 -0.8118439 -0.5724916 -0.1186874 -0.8137166 -0.5690155 -0.1200384 -0.816212 -0.565145 -0.1245634 -0.5793421 -0.8055102 -0.1324932 -0.5783296 -0.8049723 -0.1168953 -0.608784 -0.7846766 -0.1207522 -0.8141311 -0.5679871 -0.1045626 -0.222432 -0.9693249 -0.1273472 -0.2096405 -0.9694501 -0.1383601 -0.2040598 -0.9691316 -0.1153533 -0.6135894 -0.781154 -0.09837178 -0.2237332 -0.9696734 -0.07314858 0.9891544 -0.1273689 -0.1037997 0.9583761 -0.2659714 -0.07715299 0.9605059 -0.2673497 -0.0700154 0.9610484 -0.2673648 -0.08053464 0.9056026 -0.4164111 -0.07190647 0.9068272 -0.4153239 -0.1112395 0.9035923 -0.4136988 -0.1139103 0.9586531 -0.2607849 -0.1229477 0.9015348 -0.4148721 -0.08322148 0.8108447 -0.5793144 -0.1156063 0.8046636 -0.5823674 -0.07332046 0.8122027 -0.5787494 -0.1189547 0.6912564 -0.7127513 -0.0855239 0.6954235 -0.7134928 -0.1313911 0.6916347 -0.7101955 -0.127338 0.8023636 -0.5830932 -0.122982 0.4853331 -0.8656368 -0.135881 0.4858996 -0.8633875 -0.08913722 0.4937958 -0.8649973 -0.07539862 0.6950105 -0.7150354 -0.1273315 0.1427139 -0.9815394 -0.1394565 0.1494701 -0.9788824 -0.09644408 0.1467415 -0.9844621 -0.07929175 0.4966264 -0.8643351 -0.08743671 0.1503277 -0.9847621 -0.1273472 -0.2096405 -0.9694501 -0.1383601 -0.2040598 -0.9691316 -0.1045626 -0.222432 -0.9693249 -0.09837178 -0.2237332 -0.9696734</float_array>
          <technique_common>
            <accessor source="#geom-hand_alphaE_ZwriteONShape-normals-array" count="136" stride="3">
              <param name="X" type="float"/>
              <param name="Y" type="float"/>
              <param name="Z" type="float"/>
            </accessor>
          </technique_common>
        </source>
        <source id="geom-hand_alphaE_ZwriteONShape-map-2">
          <float_array id="geom-hand_alphaE_ZwriteONShape-map-2-array" count="408">1 1 1 1 1 1 1 1 1 1 1 1 1 1 1 1 1 1 1 1 1 1 1 1 1 1 1 1 1 1 1 1 1 1 1 1 1 1 1 1 1 1 1 1 1 1 1 1 1 1 1 1 1 1 1 1 1 1 1 1 1 1 1 1 1 1 1 1 1 1 1 1 1 1 1 1 1 1 1 1 1 1 1 1 1 1 1 1 1 1 1 1 1 1 1 1 1 1 1 1 1 1 1 1 1 1 1 1 1 1 1 1 1 1 1 1 1 1 1 1 1 1 1 1 1 1 1 1 1 1 1 1 1 1 1 1 1 1 1 1 1 1 1 1 1 1 1 1 1 1 1 1 1 1 1 1 1 1 1 1 1 1 1 1 1 1 1 1 1 1 1 1 1 1 1 1 1 1 1 1 1 1 1 1 1 1 1 1 1 1 1 1 1 1 1 1 1 1 1 1 1 1 1 1 1 1 1 1 1 1 1 1 1 1 1 1 1 1 1 1 1 1 1 1 1 1 1 1 1 1 1 1 1 1 1 1 1 1 1 1 1 1 1 1 1 1 1 1 1 1 1 1 1 1 1 1 1 1 1 1 1 1 1 1 1 1 1 1 1 1 1 1 1 1 1 1 1 1 1 1 1 1 1 1 1 1 1 1 1 1 1 1 1 1 1 1 1 1 1 1 1 1 1 1 1 1 1 1 1 1 1 1 1 1 1 1 1 1 1 1 1 1 1 1 1 1 1 1 1 1 1 1 1 1 1 1 1 1 1 1 1 1 1 1 1 1 1 1 1 1 1 1 1 1 1 1 1 1 1 1 1 1 1 1 1 1 1 1 1 1 1 1 1 1 1 1 1 1 1 1 1 1 1 1 1 1 1 1 1 1 1 1 1 1 1 1 1 1 1 1 1 1 1 1 1 1 1 1</float_array>
          <technique_common>
            <accessor source="#geom-hand_alphaE_ZwriteONShape-map-2-array" count="136" stride="3">
              <param name="R" type="float"/>
              <param name="G" type="float"/>
              <param name="B" type="float"/>
            </accessor>
          </technique_common>
        </source>
        <source id="geom-hand_alphaE_ZwriteONShape-map0">
          <float_array id="geom-hand_alphaE_ZwriteONShape-map0-array" count="408">0.03529412 0 0.09411766 0.03529412 0 0.09411766 0.02352941 0 0.07843138 0.02352941 0 0.07843138 0.03529412 0 0.09411766 0.03529412 0 0.09411766 0.02352941 0 0.07843138 0.02352941 0 0.07843138 0.03529412 0 0.09411766 0.02352941 0 0.07843138 0.03529412 0 0.09411766 0.02352941 0 0.07843138 0.03529412 0 0.09411766 0.03529412 0 0.09411766 0.02352941 0 0.07843138 0.02352941 0 0.07843138 0.03529412 0 0.09411766 0.02352941 0 0.07843138 0.03529412 0 0.09411766 0.02352941 0 0.07843138 0.03529412 0 0.09411766 0.02352941 0 0.07843138 0.03529412 0 0.09411766 0.02352941 0 0.07843138 0.03529412 0 0.09411766 0.03529412 0 0.09411766 0.02352941 0 0.07843138 0.02352941 0 0.07843138 0.03529412 0 0.09411766 0.02352941 0 0.07843138 0.03529412 0 0.09411766 0.02352941 0 0.07843138 0.03529412 0 0.09411766 0.02352941 0 0.07843138 0.03529412 0 0.09411766 0.02352941 0 0.07843138 0.03529412 0 0.09411766 0.02352941 0 0.07843138 0.03529412 0 0.09411766 0.02352941 0 0.07843138 0.03529412 0 0.09411766 0.03529412 0 0.09411766 0.02352941 0 0.07843138 0.02352941 0 0.07843138 0.03529412 0 0.09411766 0.02352941 0 0.07843138 0.03529412 0 0.09411766 0.02352941 0 0.07843138 0.03529412 0 0.09411766 0.02352941 0 0.07843138 0.03529412 0 0.09411766 0.03529412 0 0.09411766 0.02352941 0 0.07843138 0.02352941 0 0.07843138 0.03529412 0 0.09411766 0.02352941 0 0.07843138 0.03529412 0 0.09411766 0.02352941 0 0.07843138 0.03529412 0 0.09411766 0.02352941 0 0.07843138 0.03529412 0 0.09411766 0.02352941 0 0.07843138 0.03529412 0 0.09411766 0.03529412 0 0.09411766 0.02352941 0 0.07843138 0.02352941 0 0.07843138 0.03529412 0 0.09411766 0.02352941 0 0.07843138 0 0 0 0 0 0 0.007843138 0 0.02745098 0.007843138 0 0.02745098 0 0 0 0.007843138 0 0.02745098 0 0 0 0.007843138 0 0.02745098 0 0 0 0.007843138 0 0.02745098 0 0 0 0.007843138 0 0.02745098 0 0 0 0.007843138 0 0.02745098 0 0 0 0.007843138 0 0.02745098 0 0 0 0 0 0 0.007843138 0 0.02745098 0.007843138 0 0.02745098 0 0 0 0.007843138 0 0.02745098 0 0 0 0.007843138 0 0.02745098 0 0 0 0.007843138 0 0.02745098 0 0 0 0.007843138 0 0.02745098 0 0 0 0.007843138 0 0.02745098 0 0 0 0.007843138 0 0.02745098 0 0 0 0.007843138 0 0.02745098 0 0 0 0.007843138 0 0.02745098 0 0 0 0.007843138 0 0.02745098 0 0 0 0.007843138 0 0.02745098 0 0 0 0.007843138 0 0.02745098 0 0 0 0.007843138 0 0.02745098 0 0 0 0.007843138 0 0.02745098 0 0 0 0.007843138 0 0.02745098 0 0 0 0.007843138 0 0.02745098 0 0 0 0.007843138 0 0.02745098 0 0 0 0.007843138 0 0.02745098 0 0 0 0.007843138 0 0.02745098 0 0 0 0.007843138 0 0.02745098 0 0 0 0.007843138 0 0.02745098 0 0 0 0.007843138 0 0.02745098 0 0 0 0.007843138 0 0.02745098 0 0 0 0.007843138 0 0.02745098 0 0 0 0.007843138 0 0.02745098</float_array>
          <technique_common>
            <accessor source="#geom-hand_alphaE_ZwriteONShape-map0-array" count="136" stride="3">
              <param name="R" type="float"/>
              <param name="G" type="float"/>
              <param name="B" type="float"/>
            </accessor>
          </technique_common>
        </source>
        <source id="geom-hand_alphaE_ZwriteONShape-map1">
          <float_array id="geom-hand_alphaE_ZwriteONShape-map1-array" count="408">0.5786133 0.394043 0 0.5786133 0.4165039 0 0.008178711 0.3930664 0 0.008178711 0.4194336 0 0.5786133 0.2851562 0 0.5786133 0.315918 0 0.008178711 0.2851562 0 0.008178711 0.3144531 0 0.5786133 0.6655273 0 0.008178711 0.6633301 0 0.5786133 0.6240234 0 0.008178711 0.6203613 0 0.5786133 0.1625977 0 0.5786133 0.2041016 0 0.008178711 0.1625977 0 0.008178711 0.2060547 0 0.5786133 0.557373 0 0.008178711 0.5559082 0 0.5786133 0.5212402 0 0.008178711 0.5227051 0 0.5786133 0.3706055 0 0.008178711 0.3676758 0 0.5786133 0.3432617 0 0.008178711 0.3413086 0 0.5786133 0.08642578 0 0.5786133 0.1240234 0 0.008178711 0.0859375 0 0.008178711 0.1240234 0 0.5786133 0.2553711 0 0.008178711 0.2563477 0 0.5786133 0.2290039 0 0.008178711 0.230957 0 0.5791016 -0.015625 0 0.009010315 -0.01757812 0 0.5791016 -0.04394531 0 0.009010315 -0.04199219 0 0.5791016 0.05615234 0 0.008598328 0.05615234 0 0.5791016 0.02490234 0 0.009010315 0.02441406 0 0.5791016 -0.1240234 0 0.5791016 -0.07128906 0 0.009010315 -0.1230469 0 0.009010315 -0.06738281 0 0.5786133 0.7199707 0 0.008178711 0.7199707 0 0.5791016 -0.2451172 0 0.009010315 -0.2441406 0 0.5791016 -0.2792969 0 0.009010315 -0.2792969 0 0.5791016 -0.1787109 0 0.5791016 -0.1650391 0 0.009010315 -0.1787109 0 0.009010315 -0.1650391 0 0.5791016 -0.1455078 0 0.009010315 -0.1435547 0 0.5791016 -0.1923828 0 0.009010315 -0.1923828 0 0.5791016 -0.2060547 0 0.009010315 -0.2060547 0 0.5791016 -0.2216797 0 0.009010315 -0.2197266 0 0.5786133 0.4511719 0 0.5786133 0.4863281 0 0.008178711 0.4536133 0 0.008178711 0.4897461 0 0.5786133 0.592041 0 0.008178711 0.5883789 0 0.9921875 0.4492187 0 0.9921875 0.484375 0 0.8793945 0.449707 0 0.8793945 0.4848633 0 0.9921875 0.5205078 0 0.8793945 0.520752 0 0.9921875 0.5585938 0 0.8793945 0.5583496 0 0.9921875 0.5944824 0 0.8793945 0.59375 0 0.9921875 0.6269531 0 0.8793945 0.6259766 0 0.9921875 0.6672363 0 0.8793945 0.666748 0 0.9921875 0.7199707 0 0.8793945 0.7199707 0 0.9921875 -0.2792969 0 0.9921875 -0.2451172 0 0.8793945 -0.2792969 0 0.8793945 -0.2451172 0 0.9921875 -0.2226562 0 0.8793945 -0.2226562 0 0.9921875 -0.2060547 0 0.8793945 -0.2060547 0 0.9921875 -0.1923828 0 0.8793945 -0.1923828 0 0.9921875 -0.1787109 0 0.8793945 -0.1787109 0 0.9921875 -0.1660156 0 0.8793945 -0.1660156 0 0.9921875 -0.1474609 0 0.8793945 -0.1464844 0 0.9921875 -0.125 0 0.8793945 -0.125 0 0.9921875 -0.07421875 0 0.8793945 -0.07324219 0 0.9921875 -0.04492187 0 0.8793945 -0.04492187 0 0.9921875 -0.01464844 0 0.8793945 -0.015625 0 0.9921875 0.02490234 0 0.8793945 0.02490234 0 0.9921875 0.05615234 0 0.8793945 0.05615234 0 0.9921875 0.08691406 0 0.8793945 0.08642578 0 0.9921875 0.1240234 0 0.8793945 0.1240234 0 0.9921875 0.1625977 0 0.8793945 0.1625977 0 0.9921875 0.203125 0 0.8793945 0.203125 0 0.9921875 0.2275391 0 0.8793945 0.2280273 0 0.9921875 0.2548828 0 0.8793945 0.2548828 0 0.9921875 0.2851562 0 0.8793945 0.2851562 0 0.9921875 0.3164062 0 0.8793945 0.3164062 0 0.9921875 0.3442383 0 0.8793945 0.3442383 0 0.9921875 0.3725586 0 0.8793945 0.3720703 0 0.9921875 0.3945312 0 0.8793945 0.3945312 0 0.9921875 0.4145508 0 0.8793945 0.4155273 0</float_array>
          <technique_common>
            <accessor source="#geom-hand_alphaE_ZwriteONShape-map1-array" count="136" stride="3">
              <param name="S" type="float"/>
              <param name="T" type="float"/>
              <param name="P" type="float"/>
            </accessor>
          </technique_common>
        </source>
        <vertices id="geom-hand_alphaE_ZwriteONShape-vertices">
          <input semantic="POSITION" source="#geom-hand_alphaE_ZwriteONShape-positions"/>
        </vertices>
        <triangles material="EffectB_mat_isstencil" count="198">
          <input semantic="VERTEX" source="#geom-hand_alphaE_ZwriteONShape-vertices" offset="0"/>
          <input semantic="NORMAL" source="#geom-hand_alphaE_ZwriteONShape-normals" offset="1"/>
          <input semantic="COLOR" source="#geom-hand_alphaE_ZwriteONShape-map0" offset="2" set="0"/>
          <input semantic="TEXCOORD" source="#geom-hand_alphaE_ZwriteONShape-map1" offset="3" set="0"/>
          <p>0 0 0 0 135 1 135 135 1 2 1 1 133 3 133 133 135 1 135 135 0 0 0 0 131 4 131 131 0 0 0 0 20 5 20 20 133 3 133 133 0 0 0 0 131 4 131 131 0 0 0 0 2 6 2 2 20 5 20 20 0 0 0 0 1 2 1 1 2 6 2 2 70 7 70 70 1 2 1 1 135 1 135 135 68 8 68 68 135 1 135 135 134 9 134 134 70 7 70 70 135 1 135 135 68 8 68 68 133 3 133 133 134 9 134 134 135 1 135 135 62 10 62 62 1 2 1 1 70 7 70 70 1 2 1 1 62 10 62 62 3 11 3 3 2 6 2 2 1 2 1 1 3 11 3 3 20 5 20 20 2 6 2 2 21 12 21 21 129 13 129 129 20 5 20 20 22 14 22 22 131 4 131 131 20 5 20 20 129 13 129 129 20 5 20 20 21 12 21 21 22 14 22 22 130 15 130 130 133 3 133 133 131 4 131 131 128 16 128 128 131 4 131 131 129 13 129 129 130 15 130 130 131 4 131 131 128 16 128 128 132 17 132 132 134 9 134 134 133 3 133 133 132 17 132 132 133 3 133 133 130 15 130 130 128 16 128 128 129 13 129 129 126 18 126 126 129 13 129 129 22 14 22 22 127 19 127 127 126 18 126 126 129 13 129 129 127 19 127 127 127 19 127 127 22 14 22 22 5 20 5 5 22 14 22 22 23 21 23 23 5 20 5 5 22 14 22 22 21 12 21 21 23 21 23 23 4 22 4 4 127 19 127 127 5 20 5 5 125 23 125 125 127 19 127 127 4 22 4 4 125 23 125 125 126 18 126 126 127 19 127 127 124 24 124 124 126 18 126 126 125 23 125 125 125 23 125 125 4 22 4 4 123 25 123 123 122 26 122 122 125 23 125 125 123 25 123 123 124 24 124 124 125 23 125 125 122 26 122 122 123 25 123 123 4 22 4 4 28 27 28 28 4 22 4 4 6 28 6 6 28 27 28 28 4 22 4 4 5 20 5 5 6 28 6 6 5 20 5 5 23 21 23 23 7 29 7 7 6 28 6 6 5 20 5 5 7 29 7 7 28 27 28 28 6 28 6 6 29 30 29 29 121 31 121 121 28 27 28 28 30 32 30 30 123 25 123 123 28 27 28 28 121 31 121 121 28 27 28 28 29 30 29 29 30 32 30 30 120 33 120 120 123 25 123 123 121 31 121 121 122 26 122 122 123 25 123 123 120 33 120 120 121 31 121 121 30 32 30 30 119 34 119 119 118 35 118 118 121 31 121 121 119 34 119 119 120 33 120 120 121 31 121 121 118 35 118 118 119 34 119 119 30 32 30 30 13 36 13 13 30 32 30 30 31 37 31 31 13 36 13 13 30 32 30 30 29 30 29 29 31 37 31 31 12 38 12 12 119 34 119 119 13 36 13 13 117 39 117 117 119 34 119 119 12 38 12 12 116 40 116 116 119 34 119 119 117 39 117 117 118 35 118 118 119 34 119 119 116 40 116 116 13 36 13 13 31 37 31 31 15 41 15 15 14 42 14 14 13 36 13 13 15 41 15 15 12 38 12 12 13 36 13 13 14 42 14 14 25 43 25 25 117 39 117 117 12 38 12 12 27 44 27 27 12 38 12 12 14 42 14 14 25 43 25 25 12 38 12 12 27 44 27 27 115 45 115 115 117 39 117 117 25 43 25 25 115 45 115 115 116 40 116 116 117 39 117 117 114 46 114 114 116 40 116 116 115 45 115 115 24 47 24 24 115 45 115 115 25 43 25 25 113 48 113 113 115 45 115 115 24 47 24 24 113 48 113 113 114 46 114 114 115 45 115 115 26 49 26 26 25 43 25 25 27 44 27 27 24 47 24 24 25 43 25 25 26 49 26 26 36 50 36 36 113 48 113 113 24 47 24 24 37 51 37 37 24 47 24 24 26 49 26 26 36 50 36 36 24 47 24 24 37 51 37 37 111 52 111 111 113 48 113 113 36 50 36 36 112 53 112 112 114 46 114 114 113 48 113 113 111 52 111 111 112 53 112 112 113 48 113 113 38 54 38 38 111 52 111 111 36 50 36 36 36 50 36 36 37 51 37 37 38 54 38 38 38 54 38 38 37 51 37 37 39 55 39 39 109 56 109 109 111 52 111 111 38 54 38 38 107 57 107 107 38 54 38 38 32 58 32 32 109 56 109 109 38 54 38 38 107 57 107 107 38 54 38 38 39 55 39 39 32 58 32 32 110 59 110 110 112 53 112 112 111 52 111 111 109 56 109 109 110 59 110 110 111 52 111 111 108 60 108 108 110 59 110 110 109 56 109 109 106 61 106 106 109 56 109 109 107 57 107 107 108 60 108 108 109 56 109 109 106 61 106 106 107 57 107 107 32 58 32 32 105 62 105 105 104 63 104 104 107 57 107 107 105 62 105 105 106 61 106 106 107 57 107 107 104 63 104 104 105 62 105 105 32 58 32 32 34 64 34 34 32 58 32 32 39 55 39 39 33 65 33 33 32 58 32 32 33 65 33 33 34 64 34 34 105 62 105 105 34 64 34 34 103 66 103 103 102 67 102 102 105 62 105 105 103 66 103 103 104 63 104 104 105 62 105 105 102 67 102 102 103 66 103 103 34 64 34 34 41 68 41 41 34 64 34 34 35 69 35 35 41 68 41 41 34 64 34 34 33 65 33 33 35 69 35 35 40 70 40 40 103 66 103 103 41 68 41 41 101 71 101 101 103 66 103 103 40 70 40 40 101 71 101 101 102 67 102 102 103 66 103 103 100 72 100 100 102 67 102 102 101 71 101 101 54 73 54 54 101 71 101 101 40 70 40 40 99 74 99 99 101 71 101 101 54 73 54 54 99 74 99 99 100 72 100 100 101 71 101 101 55 75 55 55 40 70 40 40 42 76 42 42 54 73 54 54 40 70 40 40 55 75 55 55 40 70 40 40 41 68 41 41 42 76 42 42 41 68 41 41 35 69 35 35 43 77 43 43 42 76 42 42 41 68 41 41 43 77 43 43 53 78 53 53 54 73 54 54 55 75 55 55 51 79 51 51 99 74 99 99 54 73 54 54 51 79 51 51 54 73 54 54 53 78 53 53 97 80 97 97 99 74 99 99 51 79 51 51 98 81 98 98 100 72 100 100 99 74 99 99 97 80 97 97 98 81 98 98 99 74 99 99 50 82 50 50 97 80 97 97 51 79 51 51 52 83 52 52 51 79 51 51 53 78 53 53 50 82 50 50 51 79 51 51 52 83 52 52 95 84 95 95 97 80 97 97 50 82 50 50 96 85 96 96 98 81 98 98 97 80 97 97 95 84 95 95 96 85 96 96 97 80 97 97 93 86 93 93 50 82 50 50 56 87 56 56 95 84 95 95 50 82 50 50 93 86 93 93 57 88 57 57 50 82 50 50 52 83 52 52 56 87 56 56 50 82 50 50 57 88 57 57 94 89 94 94 96 85 96 96 95 84 95 95 92 90 92 92 95 84 95 95 93 86 93 93 94 89 94 94 95 84 95 95 92 90 92 92 93 86 93 93 56 87 56 56 91 91 91 91 90 92 90 90 93 86 93 93 91 91 91 91 92 90 92 92 93 86 93 93 90 92 90 90 91 91 91 91 56 87 56 56 58 93 58 58 56 87 56 56 57 88 57 57 58 93 58 58 58 93 58 58 57 88 57 57 59 94 59 59 89 95 89 89 58 93 58 58 60 96 60 60 91 91 91 91 58 93 58 58 89 95 89 89 58 93 58 58 59 94 59 59 60 96 60 60 88 97 88 88 91 91 91 91 89 95 89 89 90 92 90 90 91 91 91 91 88 97 88 88 89 95 89 89 60 96 60 60 87 98 87 87 85 99 85 85 89 95 89 89 87 98 87 87 88 97 88 88 89 95 89 89 85 99 85 85 87 98 87 87 60 96 60 60 46 100 46 46 60 96 60 60 59 94 59 59 61 101 61 61 60 96 60 60 61 101 61 61 46 100 46 46 48 102 48 48 87 98 87 87 46 100 46 46 86 103 86 86 87 98 87 87 48 102 48 48 86 103 86 86 85 99 85 85 87 98 87 87 84 104 84 84 85 99 85 85 86 103 86 86 48 102 48 48 47 105 47 47 49 106 49 49 46 100 46 46 47 105 47 47 48 102 48 48 46 100 46 46 61 101 61 61 47 105 47 47 3 11 3 3 62 10 62 62 64 107 64 64 62 10 62 62 71 108 71 71 63 109 63 63 70 7 70 70 71 108 71 71 62 10 62 62 62 10 62 62 63 109 63 63 64 107 64 64 64 107 64 64 63 109 63 63 65 110 65 65 71 108 71 71 18 111 18 18 63 109 63 63 63 109 63 63 19 112 19 19 65 110 65 65 18 111 18 18 19 112 19 19 63 109 63 63 73 113 73 73 18 111 18 18 71 108 71 71 69 114 69 69 73 113 73 73 71 108 71 71 70 7 70 70 69 114 69 69 71 108 71 71 68 8 68 68 69 114 69 69 70 7 70 70 72 115 72 72 73 113 73 73 69 114 69 69 73 113 73 73 16 116 16 16 18 111 18 18 75 117 75 75 16 116 16 16 73 113 73 73 72 115 72 72 75 117 75 75 73 113 73 73 18 111 18 18 17 118 17 17 19 112 19 19 16 116 16 16 17 118 17 17 18 111 18 18 16 116 16 16 77 119 77 77 66 120 66 66 75 117 75 75 77 119 77 77 16 116 16 16 16 116 16 16 66 120 66 66 17 118 17 17 75 117 75 75 76 121 76 76 77 119 77 77 74 122 74 74 76 121 76 76 75 117 75 75 74 122 74 74 75 117 75 75 72 115 72 72 77 119 77 77 79 123 79 79 66 120 66 66 77 119 77 77 78 124 78 78 79 123 79 79 76 121 76 76 78 124 78 78 77 119 77 77 66 120 66 66 79 123 79 79 10 125 10 10 17 118 17 17 66 120 66 66 67 126 67 67 66 120 66 66 10 125 10 10 67 126 67 67 79 123 79 79 81 127 81 81 10 125 10 10 79 123 79 79 80 128 80 80 81 127 81 81 78 124 78 78 80 128 80 80 79 123 79 79 10 125 10 10 81 127 81 81 8 129 8 8 67 126 67 67 10 125 10 10 11 130 11 11 10 125 10 10 9 131 9 9 11 130 11 11 8 129 8 8 9 131 9 9 10 125 10 10 81 127 81 81 83 132 83 83 8 129 8 8 81 127 81 81 82 133 82 82 83 132 83 83 80 128 80 80 82 133 82 82 81 127 81 81 8 129 8 8 83 132 83 83 44 134 44 44 8 129 8 8 44 134 44 44 9 131 9 9 9 131 9 9 44 134 44 44 45 135 45 45</p>
        </triangles>
      </mesh>
    </geometry>
    <geometry id="geom-hand_alphaD_ZwriteOFFShape" name="hand_alphaD_ZwriteOFFShape">
      <mesh>
        <source id="geom-hand_alphaD_ZwriteOFFShape-positions">
          <float_array id="geom-hand_alphaD_ZwriteOFFShape-positions-array" count="408">-5.72724 -7.73664 -0.150387 -5.88746 -7.81447 -1.60049 -8.27113 -7.91193 -0.159561 -8.49454 -8.01261 -1.59882 -4.88284 -4.63624 -7.27324 -7.09611 -4.72719 -7.40829 -5.04453 -5.79003 -6.00746 -7.32548 -5.93466 -6.14268 -5.1565 -2.95117 9.96901 -7.49438 -3.00634 10.2119 -5.31354 -0.802124 10.8857 -7.69421 -0.801088 11.1566 -5.36504 -0.811854 -9.57307 -5.45786 1.60991 -9.50186 -7.75926 -0.813188 -9.75615 -7.83111 1.66946 -9.66465 -4.64418 -6.46146 5.76495 -6.75996 -6.57317 5.84883 -4.69514 -5.46598 7.38402 -6.84054 -5.54473 7.50715 -5.47812 -6.7433 -4.70313 -7.92555 -6.92486 -4.82137 -5.7911 -7.40102 -3.06505 -8.35957 -7.59445 -3.08774 -4.9709 5.13113 -7.28783 -7.12258 5.28904 -7.39947 -5.13203 3.64766 -8.63604 -7.38756 3.77327 -8.75097 -4.8611 -3.37752 -8.30186 -5.24196 -2.15512 -9.12525 -7.06306 -3.44779 -8.43963 -7.58363 -2.19586 -9.29905 -4.67168 7.25027 -0.539987 -6.74499 7.48902 -0.515064 -4.81716 7.02068 -1.99862 -6.92809 7.24507 -2.03585 -5.11604 6.53179 -4.19905 -7.31821 6.74526 -4.24701 -5.17939 5.90259 -5.84691 -7.38443 6.11436 -5.93234 -4.69805 7.30708 0.874788 -5.4138 6.93011 3.85592 -6.78823 7.54828 0.946927 -7.75471 7.17891 3.92705 -5.23803 2.28125 10.7275 -7.54926 2.36541 10.9898 -4.97534 3.97342 9.83524 -5.23803 2.28125 10.7275 -7.18347 4.11459 10.0466 -7.54926 2.36541 10.9898 -5.11586 5.74506 6.85764 -7.35103 5.91479 6.9963 -5.28333 6.06378 6.15129 -7.57646 6.26848 6.28082 -5.43103 6.54396 5.0808 -7.77773 6.78247 5.21908 -4.83829 5.10604 8.19348 -6.9823 5.25678 8.36764 -4.95325 5.44551 7.52802 -7.13371 5.60403 7.68234 -4.82129 4.68658 8.88096 -6.96427 4.8175 9.09457 -4.92717 -7.06222 3.97663 -5.33473 -7.62061 2.00985 -7.14521 -7.20721 4.03975 -7.71769 -7.79985 2.07043 -4.93089 -4.34853 8.86871 -7.17805 -4.42197 9.06504 -8.72885 -7.33957 4.10081 -9.41933 -7.95346 2.13242 -8.27023 -6.68088 5.92676 -8.37141 -5.63263 7.61658 -8.78117 -4.51041 9.23197 -9.16151 -3.07345 10.4226 -9.39288 -0.809335 11.384 -9.19862 2.43533 11.2058 -8.76004 4.22623 10.2114 -9.19862 2.43533 11.2058 -8.49336 4.91515 9.25773 -8.51207 5.36785 8.50005 -8.69033 5.72154 7.79786 -8.94749 6.04223 7.10186 -9.21507 6.42113 6.38264 -9.45505 6.9605 5.32476 -9.42817 7.36531 3.97753 -8.27887 7.71646 0.992224 -8.22283 7.65363 -0.501661 -8.43491 7.4041 -2.0659 -8.89277 6.90247 -4.28324 -8.96096 6.2702 -5.99905 -8.66074 5.40711 -7.48556 -9 3.87268 -8.83453 -9.52821 1.71912 -9.78251 -9.47192 -0.813426 -9.88421 -9.25834 -2.23386 -9.42294 -8.63692 -3.50718 -8.54842 -8.67833 -4.79565 -7.51626 -8.95713 -6.03426 -6.24537 -9.67599 -7.04996 -4.91248 -10.1965 -7.73406 -3.10285 -10.3585 -8.16301 -1.59099 -10.0891 -8.05362 -0.159622 1.30813 -7.29527 -0.0835993 1.31087 -7.24352 -1.59301 1.30462 -6.83199 -3.01807 1.29839 -6.25421 -4.41288 1.28574 -5.46753 -5.71076 1.25998 -4.47922 -7.00241 1.24098 -3.2582 -7.99787 1.23979 -2.09492 -8.71478 1.2597 -0.811205 -9.10515 1.11174 1.46404 -9.04235 1.13231 3.30639 -8.31571 1.01409 4.73341 -6.9519 0.969303 5.35256 -5.60311 1.06133 5.93251 -4.09106 1.146 6.37389 -1.96051 1.19033 6.58749 -0.683149 1.21325 6.63281 0.603147 1.18668 6.2424 3.58157 1.17577 5.90989 4.62851 1.16427 5.53773 5.72658 1.16405 5.31156 6.42185 1.16912 5.03394 7.0736 1.17933 4.70979 7.69498 1.19184 4.34044 8.28396 1.21593 3.60308 9.30052 1.22358 2.08558 10.2111 1.30016 -0.841134 10.424 1.22358 2.08558 10.2111 1.3251 -2.89927 9.47422 1.30173 -4.24752 8.4492 1.25194 -5.34471 7.09609 1.22591 -6.27432 5.57399 1.23541 -6.82796 3.87705 1.27859 -7.27286 1.91421</float_array>
          <technique_common>
            <accessor source="#geom-hand_alphaD_ZwriteOFFShape-positions-array" count="136" stride="3">
              <param name="X" type="float"/>
              <param name="Y" type="float"/>
              <param name="Z" type="float"/>
            </accessor>
          </technique_common>
        </source>
        <source id="geom-hand_alphaD_ZwriteOFFShape-normals">
          <float_array id="geom-hand_alphaD_ZwriteOFFShape-normals-array" count="408">-0.05942625 0.9898881 -0.1288027 -0.06337122 0.997822 -0.01831538 -0.06637385 0.9975007 -0.02422615 -0.07504638 0.9877545 0.136781 -0.07473879 0.9887013 0.129938 -0.08044566 0.9873209 -0.1368431 -0.07667166 0.9962432 -0.04025873 -0.05342649 0.9901302 -0.1295669 -0.05168612 0.9598414 -0.2757407 -0.0791816 0.9548189 -0.2864457 -0.08810563 0.9896161 -0.1135665 -0.09115412 0.9544014 -0.284269 -0.08168294 0.9958237 -0.04078042 -0.07599137 0.9907566 0.1123696 -0.07819223 0.9453873 0.3164313 -0.07724798 0.9487152 0.3065493 -0.07870548 0.9432446 0.3226375 -0.08015103 0.8892918 0.450262 -0.08347074 0.8895404 0.4491666 -0.07748862 0.9511133 0.2989632 -0.08254329 0.9026035 0.4224849 -0.0783818 0.9903944 0.11391 -0.08539903 0.7793959 0.6206843 -0.08408467 0.7762413 0.6248034 -0.07831991 0.8873408 0.4544142 -0.07199162 0.7972202 0.5993806 -0.08103065 0.681952 0.7268944 -0.07761119 0.6839067 0.7254296 -0.06752054 0.8024322 0.5929109 -0.06032258 0.7004257 0.7111715 -0.07742193 0.5807866 0.8103659 -0.07339512 0.5866725 0.8064915 -0.05296079 0.5870558 0.8078122 -0.05748457 0.5851642 0.8088747 -0.05501024 0.7057918 0.7062802 -0.0745537 0.4237532 0.9027042 -0.06488495 0.4165333 0.9068022 -0.07558255 0.4012347 0.9128516 -0.07417139 0.08808997 0.9933472 -0.0708288 0.08847494 0.993557 -0.06936056 0.09530971 0.9930283 -0.06084513 0.4217944 0.9046476 -0.07148523 -0.1899761 0.9791828 -0.07192346 -0.1940346 0.9783545 -0.07398528 0.07697643 0.994284 -0.07344653 -0.2033059 0.9763566 -0.07612189 -0.5200951 0.8507094 -0.07773467 -0.5129389 0.8548982 -0.07607122 -0.5230964 0.8488718 -0.0868573 -0.7827533 0.6162412 -0.09071139 -0.7676894 0.6343693 -0.07917955 -0.4981535 0.8634661 -0.09364005 -0.7632824 0.6392429 -0.07398467 -0.196682 0.977672 -0.1001955 -0.9060945 0.4110396 -0.1024269 -0.9063379 0.4099518 -0.09535766 -0.9113311 0.4004778 -0.09403821 -0.9130255 0.3969145 -0.08602795 -0.783471 0.6154448 -0.1005596 -0.9534537 0.2842777 -0.1029154 -0.9517536 0.2890909 -0.1042705 -0.9503999 0.2930318 -0.1053199 -0.9710186 0.2145472 -0.1052268 -0.9721878 0.2092328 -0.1001685 -0.9551717 0.2785918 -0.1043476 -0.9739922 0.201124 -0.1090569 -0.9882289 0.1072861 -0.1104749 -0.9882929 0.1052259 -0.1041358 -0.9747009 0.1977725 -0.1100143 -0.9885411 0.1033597 -0.1138758 -0.9886739 -0.09775611 -0.1133288 -0.9891843 -0.09311766 -0.1140471 -0.987594 -0.1079418 -0.1143594 -0.9725131 -0.2028308 -0.113041 -0.9741544 -0.1955633 -0.1129937 -0.9757383 -0.1875293 -0.1130483 -0.9898441 -0.08619018 -0.1094707 -0.9885945 0.1034263 -0.1091034 -0.9382772 -0.3282261 -0.1096575 -0.9358746 -0.3348341 -0.1158201 -0.9705196 -0.2113701 -0.1137383 -0.9299315 -0.3497011 -0.103075 -0.9237669 -0.3688228 -0.108374 -0.9046027 -0.4122488 -0.1018549 -0.9291509 -0.3553929 -0.09346529 -0.9225653 -0.3743495 -0.0987671 -0.9117339 -0.398731 -0.1125262 -0.8992324 -0.4227515 -0.1024328 -0.9068778 -0.4087543 -0.1167797 -0.9298424 -0.3489351 -0.0994288 -0.9092028 -0.4043071 -0.09712063 -0.9073545 -0.4089932 -0.0922997 -0.9249504 -0.3687104 -0.09308979 -0.9048938 -0.4153331 -0.1043567 -0.8763764 -0.4701852 -0.1017699 -0.8742318 -0.4747225 -0.09237311 -0.9035836 -0.4183348 -0.09787533 -0.8699486 -0.4833319 -0.1088799 -0.8153472 -0.5686424 -0.1024557 -0.8162267 -0.5685744 -0.1135633 -0.8137485 -0.5700147 -0.1204614 -0.5836853 -0.8029947 -0.1030785 -0.6038153 -0.7904314 -0.09915802 -0.6183944 -0.7795872 -0.1011778 -0.8177267 -0.5666445 -0.09712865 -0.8688466 -0.4854601 -0.08417616 -0.2203596 -0.9717799 -0.09336282 -0.212982 -0.9725853 -0.1284747 -0.5617717 -0.8172557 -0.1242588 -0.2013786 -0.9715999 -0.133806 -0.1866692 -0.973268 -0.08779716 0.9031263 -0.420303 -0.07735822 0.8230376 -0.562694 -0.0925532 0.8215012 -0.5626453 -0.07416225 0.9033756 -0.4223891 -0.0481713 0.9070125 -0.4183394 -0.0523558 0.8196201 -0.5705103 -0.09422053 0.7097988 -0.6980746 -0.06470078 0.7002334 -0.7109761 -0.1109539 0.6985762 -0.7068809 -0.1112566 0.4811756 -0.8695356 -0.07563862 0.4866756 -0.870302 -0.05759608 0.7027515 -0.7091002 -0.06631299 0.4945996 -0.8665874 -0.04686778 0.820232 -0.5701077 -0.04465858 0.9606935 -0.2739955 -0.04233742 0.9074309 -0.4180629 -0.07381248 0.1487239 -0.9861201 -0.0850343 0.140157 -0.9864711 -0.1257707 0.4679159 -0.874778 -0.1217905 0.1400438 -0.9826265 -0.08417616 -0.2203596 -0.9717799 -0.09336282 -0.212982 -0.9725853 -0.1242588 -0.2013786 -0.9715999 -0.133806 -0.1866692 -0.973268 -0.1332321 0.1350639 -0.9818385</float_array>
          <technique_common>
            <accessor source="#geom-hand_alphaD_ZwriteOFFShape-normals-array" count="136" stride="3">
              <param name="X" type="float"/>
              <param name="Y" type="float"/>
              <param name="Z" type="float"/>
            </accessor>
          </technique_common>
        </source>
        <source id="geom-hand_alphaD_ZwriteOFFShape-map-2">
          <float_array id="geom-hand_alphaD_ZwriteOFFShape-map-2-array" count="408">1 1 1 1 1 1 1 1 1 1 1 1 1 1 1 1 1 1 1 1 1 1 1 1 1 1 1 1 1 1 1 1 1 1 1 1 1 1 1 1 1 1 1 1 1 1 1 1 1 1 1 1 1 1 1 1 1 1 1 1 1 1 1 1 1 1 1 1 1 1 1 1 1 1 1 1 1 1 1 1 1 1 1 1 1 1 1 1 1 1 1 1 1 1 1 1 1 1 1 1 1 1 1 1 1 1 1 1 1 1 1 1 1 1 1 1 1 1 1 1 1 1 1 1 1 1 1 1 1 1 1 1 1 1 1 1 1 1 1 1 1 1 1 1 1 1 1 1 1 1 1 1 1 1 1 1 1 1 1 1 1 1 1 1 1 1 1 1 1 1 1 1 1 1 1 1 1 1 1 1 1 1 1 1 1 1 1 1 1 1 1 1 1 1 1 1 1 1 1 1 1 1 1 1 1 1 1 1 1 1 1 1 1 1 1 1 1 1 1 1 1 1 1 1 1 1 1 1 1 1 1 1 1 1 1 1 1 1 1 1 1 1 1 1 1 1 1 1 1 1 1 1 1 1 1 1 1 1 1 1 1 1 1 1 1 1 1 1 1 1 1 1 1 1 1 1 1 1 1 1 1 1 1 1 1 1 1 1 1 1 1 1 1 1 1 1 1 1 1 1 1 1 1 1 1 1 1 1 1 1 1 1 1 1 1 1 1 1 1 1 1 1 1 1 1 1 1 1 1 1 1 1 1 1 1 1 1 1 1 1 1 1 1 1 1 1 1 1 1 1 1 1 1 1 1 1 1 1 1 1 1 1 1 1 1 1 1 1 1 1 1 1 1 1 1 1 1 1 1 1 1 1 1 1 1 1 1 1 1 1 1 1 1 1 1 1 1 1 1 1 1 1 1 1 1 1 1 1</float_array>
          <technique_common>
            <accessor source="#geom-hand_alphaD_ZwriteOFFShape-map-2-array" count="136" stride="3">
              <param name="R" type="float"/>
              <param name="G" type="float"/>
              <param name="B" type="float"/>
            </accessor>
          </technique_common>
        </source>
        <source id="geom-hand_alphaD_ZwriteOFFShape-map0">
          <float_array id="geom-hand_alphaD_ZwriteOFFShape-map0-array" count="408">0.01960784 0 0.0627451 0.01960784 0 0.0627451 0.01568628 0 0.05490196 0.01568628 0 0.05490196 0.01960784 0 0.0627451 0.01568628 0 0.05490196 0.01960784 0 0.0627451 0.01568628 0 0.05490196 0.01960784 0 0.0627451 0.01568628 0 0.05490196 0.01960784 0 0.0627451 0.01568628 0 0.05490196 0.01960784 0 0.0627451 0.01960784 0 0.0627451 0.01568628 0 0.05490196 0.01568628 0 0.05490196 0.01960784 0 0.0627451 0.01568628 0 0.05490196 0.01960784 0 0.0627451 0.01568628 0 0.05490196 0.01960784 0 0.0627451 0.01568628 0 0.05490196 0.01960784 0 0.0627451 0.01568628 0 0.05490196 0.01960784 0 0.0627451 0.01568628 0 0.05490196 0.01960784 0 0.0627451 0.01568628 0 0.05490196 0.01960784 0 0.0627451 0.01960784 0 0.0627451 0.01568628 0 0.05490196 0.01568628 0 0.05490196 0.01960784 0 0.0627451 0.01568628 0 0.05490196 0.01960784 0 0.0627451 0.01568628 0 0.05490196 0.01960784 0 0.0627451 0.01568628 0 0.05490196 0.01960784 0 0.0627451 0.01568628 0 0.05490196 0.01960784 0 0.0627451 0.01960784 0 0.0627451 0.01568628 0 0.05490196 0.01568628 0 0.05490196 0.01960784 0 0.0627451 0.01568628 0 0.05490196 0.01960784 0 0.0627451 0.01960784 0 0.0627451 0.01568628 0 0.05490196 0.01568628 0 0.05490196 0.01960784 0 0.0627451 0.01568628 0 0.05490196 0.01960784 0 0.0627451 0.01568628 0 0.05490196 0.01960784 0 0.0627451 0.01568628 0 0.05490196 0.01960784 0 0.0627451 0.01568628 0 0.05490196 0.01960784 0 0.0627451 0.01568628 0 0.05490196 0.01960784 0 0.0627451 0.01568628 0 0.05490196 0.01960784 0 0.0627451 0.01960784 0 0.0627451 0.01568628 0 0.05490196 0.01568628 0 0.05490196 0.01960784 0 0.0627451 0.01568628 0 0.05490196 0 0 0 0 0 0 0 0 0 0 0 0 0 0 0 0 0 0 0 0 0 0 0 0 0 0 0 0 0 0 0 0 0 0 0 0 0 0 0 0 0 0 0 0 0 0 0 0 0 0 0 0 0 0 0 0 0 0 0 0 0 0 0 0 0 0 0 0 0 0 0 0 0 0 0 0 0 0 0 0 0 0 0 0 0 0 0 0 0 0 0 0 0 0 0 0 0 0 0 0 0 0 0.02352941 0 0.03921569 0.02352941 0 0.03921569 0.02352941 0 0.03921569 0.02352941 0 0.03921569 0.02352941 0 0.03921569 0.02352941 0 0.03921569 0.02352941 0 0.03921569 0.02352941 0 0.03921569 0.02352941 0 0.03921569 0.02352941 0 0.03921569 0.02352941 0 0.03921569 0.02352941 0 0.03921569 0.02352941 0 0.03921569 0.02352941 0 0.03921569 0.02352941 0 0.03921569 0.02352941 0 0.03921569 0.02352941 0 0.03921569 0.02352941 0 0.03921569 0.02352941 0 0.03921569 0.02352941 0 0.03921569 0.02352941 0 0.03921569 0.02352941 0 0.03921569 0.02352941 0 0.03921569 0.02352941 0 0.03921569 0.02352941 0 0.03921569 0.02352941 0 0.03921569 0.02352941 0 0.03921569 0.02352941 0 0.03921569 0.02352941 0 0.03921569 0.02352941 0 0.03921569 0.02352941 0 0.03921569 0.02352941 0 0.03921569 0.02352941 0 0.03921569 0.02352941 0 0.03921569</float_array>
          <technique_common>
            <accessor source="#geom-hand_alphaD_ZwriteOFFShape-map0-array" count="136" stride="3">
              <param name="R" type="float"/>
              <param name="G" type="float"/>
              <param name="B" type="float"/>
            </accessor>
          </technique_common>
        </source>
        <source id="geom-hand_alphaD_ZwriteOFFShape-map1">
          <float_array id="geom-hand_alphaD_ZwriteOFFShape-map1-array" count="408">0.6181641 0.6965332 0 0.6181641 0.6743164 0 0.8481445 0.6955566 0 0.8481445 0.6745605 0 0.6181641 0.5651855 0 0.8481445 0.5651855 0 0.6181641 0.5959473 0 0.8481445 0.5964355 0 0.6181641 0.904541 0 0.8481445 0.9059448 0 0.6181641 0.9458923 0 0.8481445 0.9467468 0 0.6181641 0.484375 0 0.6181641 0.4428711 0 0.8481445 0.4838867 0 0.8481445 0.4428711 0 0.6181641 0.8015137 0 0.8481445 0.8009033 0 0.6181641 0.8377686 0 0.8481445 0.8383789 0 0.6181641 0.623291 0 0.8481445 0.6240234 0 0.6181641 0.6508789 0 0.8481445 0.6518555 0 0.6181641 0.3666992 0 0.8481445 0.3666992 0 0.6181641 0.4042969 0 0.8481445 0.4042969 0 0.6181641 0.5354004 0 0.6181641 0.5090332 0 0.8481445 0.5351563 0 0.8481445 0.5083008 0 0.6181641 0.2363281 0 0.8481445 0.2353516 0 0.6181641 0.2641602 0 0.8481445 0.2646484 0 0.6181641 0.3051758 0 0.8481445 0.3051758 0 0.6181641 0.3364258 0 0.8481445 0.3364258 0 0.6181641 0.2084961 0 0.6181641 0.1557617 0 0.8481445 0.2070312 0 0.8481445 0.1552734 0 0.6181641 0.9999695 0 0.8481445 0.9999695 0 0.6181641 0.03515625 0 0.6181641 0 0 0.8481445 0.03515625 0 0.8481445 0 0 0.6181641 0.1010742 0 0.8481445 0.1010742 0 0.6181641 0.1142578 0 0.8481445 0.1142578 0 0.6181641 0.1342773 0 0.8481445 0.1333008 0 0.6181641 0.07373047 0 0.8481445 0.07373047 0 0.6181641 0.08789062 0 0.8481445 0.08789062 0 0.6181641 0.05859375 0 0.8481445 0.05761719 0 0.6181641 0.7663574 0 0.6181641 0.7312012 0 0.8481445 0.7651367 0 0.8481445 0.7299805 0 0.6181641 0.8723145 0 0.8481445 0.8737793 0 0.9882813 0.7642822 0 0.9882813 0.729248 0 0.9882813 0.8006592 0 0.9882813 0.8387451 0 0.9882813 0.8747559 0 0.9882813 0.9069824 0 0.9882813 0.9473572 0 0.9882813 0.9999695 0 0.9882813 0.03515625 0 0.9882813 0 0 0.9882813 0.05712891 0 0.9882813 0.07373047 0 0.9882813 0.08789062 0 0.9882813 0.1010742 0 0.9882813 0.1142578 0 0.9882813 0.1328125 0 0.9882813 0.1547852 0 0.9882813 0.2060547 0 0.9882813 0.2353516 0 0.9882813 0.2651367 0 0.9882813 0.3051758 0 0.9882813 0.3364258 0 0.9882813 0.3671875 0 0.9882813 0.4038086 0 0.9882813 0.4428711 0 0.9882813 0.4833984 0 0.9882813 0.5078125 0 0.9882813 0.5349121 0 0.9882813 0.5651855 0 0.9882813 0.5966797 0 0.9882813 0.6245117 0 0.9882813 0.652832 0 0.9882813 0.6748047 0 0.9882813 0.6948242 0 0.008842468 0.6994629 0 0.008842468 0.6733398 0 0.008842468 0.6477051 0 0.008842468 0.6213379 0 0.008842468 0.5944824 0 0.008842468 0.5654297 0 0.008842468 0.536377 0 0.008842468 0.5112305 0 0.008842468 0.4863281 0 0.008842468 0.4428711 0 0.008842468 0.4042969 0 0.008842468 0.3662109 0 0.009254456 0.3364258 0 0.009674072 0.3046875 0 0.009674072 0.2626953 0 0.009674072 0.237793 0 0.009674072 0.2128906 0 0.009674072 0.1567383 0 0.009674072 0.1362305 0 0.009674072 0.1147461 0 0.009674072 0.1010742 0 0.009674072 0.08740234 0 0.009674072 0.07373047 0 0.009674072 0.06054687 0 0.009674072 0.03564453 0 0.009674072 0 0 0.008842468 0.943573 0 0.008842468 0.9999695 0 0.008842468 0.9005737 0 0.008842468 0.8685303 0 0.008842468 0.8361816 0 0.008842468 0.8028564 0 0.008842468 0.7697754 0 0.008842468 0.7338867 0</float_array>
          <technique_common>
            <accessor source="#geom-hand_alphaD_ZwriteOFFShape-map1-array" count="136" stride="3">
              <param name="S" type="float"/>
              <param name="T" type="float"/>
              <param name="P" type="float"/>
            </accessor>
          </technique_common>
        </source>
        <vertices id="geom-hand_alphaD_ZwriteOFFShape-vertices">
          <input semantic="POSITION" source="#geom-hand_alphaD_ZwriteOFFShape-positions"/>
        </vertices>
        <triangles material="EffectB_mat" count="198">
          <input semantic="VERTEX" source="#geom-hand_alphaD_ZwriteOFFShape-vertices" offset="0"/>
          <input semantic="NORMAL" source="#geom-hand_alphaD_ZwriteOFFShape-normals" offset="1"/>
          <input semantic="COLOR" source="#geom-hand_alphaD_ZwriteOFFShape-map0" offset="2" set="0"/>
          <input semantic="TEXCOORD" source="#geom-hand_alphaD_ZwriteOFFShape-map1" offset="3" set="0"/>
          <p>63 0 63 63 102 1 102 102 0 2 0 0 0 2 0 0 103 3 103 103 1 4 1 1 102 1 102 102 103 3 103 103 0 2 0 0 65 5 65 65 0 2 0 0 2 6 2 2 63 0 63 63 0 2 0 0 65 5 65 65 0 2 0 0 1 4 1 1 2 6 2 2 135 7 135 135 102 1 102 102 63 0 63 63 62 8 62 62 135 7 135 135 63 0 63 63 64 9 64 64 63 0 63 63 65 5 65 65 62 8 62 62 63 0 63 63 64 9 64 64 65 5 65 65 2 6 2 2 69 10 69 69 68 11 68 68 65 5 65 65 69 10 69 69 64 9 64 64 65 5 65 65 68 11 68 68 69 10 69 69 2 6 2 2 101 12 101 101 2 6 2 2 3 13 3 3 101 12 101 101 2 6 2 2 1 4 1 1 3 13 3 3 103 3 103 103 22 14 22 22 1 4 1 1 1 4 1 1 23 15 23 23 3 13 3 3 22 14 22 22 23 15 23 23 1 4 1 1 104 16 104 104 22 14 22 22 103 3 103 103 104 16 104 104 20 17 20 20 22 14 22 22 22 14 22 22 21 18 21 21 23 15 23 23 20 17 20 20 21 18 21 21 22 14 22 22 23 15 23 23 99 19 99 99 3 13 3 3 23 15 23 23 98 20 98 98 99 19 99 99 21 18 21 21 98 20 98 98 23 15 23 23 101 12 101 101 3 13 3 3 100 21 100 100 3 13 3 3 99 19 99 99 100 21 100 100 21 18 21 21 97 22 97 97 98 20 98 98 7 23 7 7 97 22 97 97 21 18 21 21 20 17 20 20 7 23 7 7 21 18 21 21 105 24 105 105 6 25 6 6 20 17 20 20 105 24 105 105 20 17 20 20 104 16 104 104 6 25 6 6 7 23 7 7 20 17 20 20 7 23 7 7 96 26 96 96 97 22 97 97 5 27 5 5 96 26 96 96 7 23 7 7 6 25 6 6 5 27 5 5 7 23 7 7 106 28 106 106 4 29 4 4 6 25 6 6 106 28 106 106 6 25 6 6 105 24 105 105 4 29 4 4 5 27 5 5 6 25 6 6 5 27 5 5 95 30 95 95 96 26 96 96 30 31 30 30 95 30 95 95 5 27 5 5 4 29 4 4 30 31 30 30 5 27 5 5 4 29 4 4 108 32 108 108 28 33 28 28 107 34 107 107 108 32 108 108 4 29 4 4 107 34 107 107 4 29 4 4 106 28 106 106 28 33 28 28 30 31 30 30 4 29 4 4 30 31 30 30 31 35 31 31 95 30 95 95 30 31 30 30 29 36 29 29 31 35 31 31 28 33 28 28 29 36 29 29 30 31 30 30 95 30 95 95 31 35 31 31 94 37 94 94 31 35 31 31 14 38 14 14 94 37 94 94 31 35 31 31 12 39 12 12 14 38 14 14 29 36 29 29 12 39 12 12 31 35 31 31 29 36 29 29 110 40 110 110 12 39 12 12 109 41 109 109 110 40 110 110 29 36 29 29 28 33 28 28 109 41 109 109 29 36 29 29 108 32 108 108 109 41 109 109 28 33 28 28 110 40 110 110 111 42 111 111 12 39 12 12 12 39 12 12 111 42 111 111 13 43 13 13 12 39 12 12 13 43 13 13 14 38 14 14 94 37 94 94 14 38 14 14 93 44 93 93 14 38 14 14 15 45 15 15 93 44 93 93 14 38 14 14 13 43 13 13 15 45 15 15 111 42 111 111 26 46 26 26 13 43 13 13 13 43 13 13 27 47 27 27 15 45 15 15 26 46 26 26 27 47 27 27 13 43 13 13 112 48 112 112 26 46 26 26 111 42 111 111 112 48 112 112 24 49 24 24 26 46 26 26 26 46 26 26 25 50 25 25 27 47 27 27 24 49 24 24 25 50 25 25 26 46 26 26 27 47 27 27 91 51 91 91 15 45 15 15 27 47 27 27 90 52 90 90 91 51 91 91 25 50 25 25 90 52 90 90 27 47 27 27 93 44 93 93 15 45 15 15 92 53 92 92 15 45 15 15 91 51 91 91 92 53 92 92 90 52 90 90 39 54 39 39 89 55 89 89 25 50 25 25 39 54 39 39 90 52 90 90 25 50 25 25 38 56 38 38 39 54 39 39 24 49 24 24 38 56 38 38 25 50 25 25 24 49 24 24 114 57 114 114 38 56 38 38 113 58 113 113 114 57 114 114 24 49 24 24 113 58 113 113 24 49 24 24 112 48 112 112 114 57 114 114 36 59 36 36 38 56 38 38 38 56 38 38 37 60 37 37 39 54 39 39 36 59 36 36 37 60 37 37 38 56 38 38 39 54 39 39 88 61 88 88 89 55 89 89 37 60 37 37 88 61 88 88 39 54 39 39 37 60 37 37 87 62 87 87 88 61 88 88 35 63 35 35 87 62 87 87 37 60 37 37 36 59 36 36 35 63 35 35 37 60 37 37 115 64 115 115 34 65 34 34 36 59 36 36 115 64 115 115 36 59 36 36 114 57 114 114 34 65 34 34 35 63 35 35 36 59 36 36 35 63 35 35 86 66 86 86 87 62 87 87 33 67 33 33 86 66 86 86 35 63 35 35 34 65 34 34 33 67 33 33 35 63 35 35 116 68 116 116 32 69 32 32 34 65 34 34 116 68 116 116 34 65 34 34 115 64 115 115 32 69 32 32 33 67 33 33 34 65 34 34 33 67 33 33 42 70 42 42 86 66 86 86 33 67 33 33 40 71 40 40 42 70 42 42 32 69 32 32 40 71 40 40 33 67 33 33 86 66 86 86 42 70 42 42 85 72 85 85 42 70 42 42 43 73 43 43 85 72 85 85 42 70 42 42 41 74 41 41 43 73 43 43 40 71 40 40 41 74 41 41 42 70 42 42 40 71 40 40 119 75 119 119 41 74 41 41 118 76 118 118 119 75 119 119 40 71 40 40 32 69 32 32 118 76 118 118 40 71 40 40 117 77 117 117 118 76 118 118 32 69 32 32 117 77 117 117 32 69 32 32 116 68 116 116 119 75 119 119 120 78 120 120 41 74 41 41 41 74 41 41 120 78 120 120 54 79 54 54 41 74 41 41 54 79 54 54 43 73 43 43 85 72 85 85 43 73 43 43 84 80 84 84 43 73 43 43 55 81 55 55 84 80 84 84 43 73 43 43 54 79 54 54 55 81 55 55 120 78 120 120 52 82 52 52 54 79 54 54 54 79 54 54 53 83 53 53 55 81 55 55 52 82 52 52 53 83 53 53 54 79 54 54 121 84 121 121 52 82 52 52 120 78 120 120 121 84 121 121 50 85 50 50 52 82 52 52 52 82 52 52 51 86 51 51 53 83 53 53 50 85 50 50 51 86 51 51 52 82 52 52 53 83 53 53 82 87 82 82 55 81 55 55 53 83 53 53 81 88 81 81 82 87 82 82 51 86 51 51 81 88 81 81 53 83 53 53 84 80 84 84 55 81 55 55 83 89 83 83 55 81 55 55 82 87 82 82 83 89 83 83 51 86 51 51 80 90 80 80 81 88 81 81 59 91 59 59 80 90 80 80 51 86 51 51 50 85 50 50 59 91 59 59 51 86 51 51 122 92 122 122 58 93 58 58 50 85 50 50 122 92 122 122 50 85 50 50 121 84 121 121 58 93 58 58 59 91 59 59 50 85 50 50 59 91 59 59 79 94 79 79 80 90 80 80 57 95 57 57 79 94 79 79 59 91 59 59 58 93 58 58 57 95 57 57 59 91 59 59 123 96 123 123 56 97 56 56 58 93 58 58 123 96 123 123 58 93 58 58 122 92 122 122 56 97 56 56 57 95 57 57 58 93 58 58 57 95 57 57 61 98 61 61 79 94 79 79 57 95 57 57 60 99 60 60 61 98 61 61 56 97 56 56 60 99 60 60 57 95 57 57 79 94 79 79 61 98 61 61 78 100 78 78 61 98 61 61 48 101 48 48 78 100 78 78 61 98 61 61 46 102 46 46 48 101 48 48 60 99 60 60 46 102 46 46 61 98 61 61 60 99 60 60 126 103 126 126 46 102 46 46 125 104 125 125 126 103 126 126 60 99 60 60 56 97 56 56 125 104 125 125 60 99 60 60 124 105 124 124 125 104 125 125 56 97 56 56 124 105 124 124 56 97 56 56 123 96 123 123 126 103 126 126 127 106 127 127 46 102 46 46 46 102 46 46 127 106 127 127 47 107 47 47 46 102 46 46 47 107 47 47 48 101 48 48 78 100 78 78 48 101 48 48 76 108 76 76 48 101 48 48 49 109 49 49 76 108 76 76 48 101 48 48 47 107 47 47 49 109 49 49 76 108 76 76 49 109 49 49 77 110 77 77 70 111 70 70 64 9 64 64 68 11 68 68 19 112 19 19 70 111 70 70 71 113 71 71 17 114 17 17 70 111 70 70 19 112 19 19 17 114 17 17 64 9 64 64 70 111 70 70 17 114 17 17 62 8 62 62 64 9 64 64 16 115 16 16 62 8 62 62 17 114 17 17 18 116 18 18 17 114 17 17 19 112 19 19 16 115 16 16 17 114 17 17 18 116 18 18 19 112 19 19 71 113 71 71 67 117 67 67 66 118 66 66 19 112 19 19 67 117 67 67 18 116 18 18 19 112 19 19 66 118 66 66 67 117 67 67 71 113 71 71 72 119 72 72 67 117 67 67 72 119 72 72 9 120 9 9 8 121 8 8 67 117 67 67 9 120 9 9 66 118 66 66 67 117 67 67 8 121 8 8 131 122 131 131 18 116 18 18 66 118 66 66 130 123 130 130 66 118 66 66 8 121 8 8 131 122 131 131 66 118 66 66 130 123 130 130 132 124 132 132 16 115 16 16 18 116 18 18 132 124 132 132 18 116 18 18 131 122 131 131 16 115 16 16 134 125 134 134 62 8 62 62 133 126 133 133 134 125 134 134 16 115 16 16 133 126 133 133 16 115 16 16 132 124 132 132 134 125 134 134 135 7 135 135 62 8 62 62 130 123 130 130 8 121 8 8 128 127 128 128 128 127 128 128 8 121 8 8 10 128 10 10 8 121 8 8 9 120 9 9 10 128 10 10 9 120 9 9 73 129 73 73 11 130 11 11 9 120 9 9 72 119 72 72 73 129 73 73 10 128 10 10 9 120 9 9 11 130 11 11 129 131 129 129 10 128 10 10 44 132 44 44 128 127 128 128 10 128 10 10 129 131 129 129 45 133 45 45 10 128 10 10 11 130 11 11 44 132 44 44 10 128 10 10 45 133 45 45 75 134 75 75 11 130 11 11 74 135 74 74 45 133 45 45 11 130 11 11 75 134 75 75 11 130 11 11 73 129 73 73 74 135 74 74</p>
        </triangles>
      </mesh>
    </geometry>
    <geometry id="geom-hand_alphaD_ZwriteONShape" name="hand_alphaD_ZwriteONShape">
      <mesh>
        <source id="geom-hand_alphaD_ZwriteONShape-positions">
          <float_array id="geom-hand_alphaD_ZwriteONShape-positions-array" count="408">-5.72724 -7.73664 -0.150387 -5.88746 -7.81447 -1.60049 -8.27113 -7.91193 -0.159561 -8.49454 -8.01261 -1.59882 -4.88284 -4.63624 -7.27324 -7.09611 -4.72719 -7.40829 -5.04453 -5.79003 -6.00746 -7.32548 -5.93466 -6.14268 -5.1565 -2.95117 9.96901 -7.49438 -3.00634 10.2119 -5.31354 -0.802124 10.8857 -7.69421 -0.801088 11.1566 -5.36504 -0.811854 -9.57307 -5.45786 1.60991 -9.50186 -7.75926 -0.813188 -9.75615 -7.83111 1.66946 -9.66465 -4.64418 -6.46146 5.76495 -6.75996 -6.57317 5.84883 -4.69514 -5.46598 7.38402 -6.84054 -5.54473 7.50715 -5.47812 -6.7433 -4.70313 -7.92555 -6.92486 -4.82137 -5.7911 -7.40102 -3.06505 -8.35957 -7.59445 -3.08774 -4.9709 5.13113 -7.28783 -7.12258 5.28904 -7.39947 -5.13203 3.64766 -8.63604 -7.38756 3.77327 -8.75097 -4.8611 -3.37752 -8.30186 -5.24196 -2.15512 -9.12525 -7.06306 -3.44779 -8.43963 -7.58363 -2.19586 -9.29905 -4.67168 7.25027 -0.539987 -6.74499 7.48902 -0.515064 -4.81716 7.02068 -1.99862 -6.92809 7.24507 -2.03585 -5.11604 6.53179 -4.19905 -7.31821 6.74526 -4.24701 -5.17939 5.90259 -5.84691 -7.38443 6.11436 -5.93234 -4.69805 7.30708 0.874788 -5.4138 6.93011 3.85592 -6.78823 7.54828 0.946927 -7.75471 7.17891 3.92705 -5.23803 2.28125 10.7275 -7.54926 2.36541 10.9898 -4.97534 3.97342 9.83524 -5.23803 2.28125 10.7275 -7.18347 4.11459 10.0466 -7.54926 2.36541 10.9898 -5.11586 5.74506 6.85764 -7.35103 5.91479 6.9963 -5.28333 6.06378 6.15129 -7.57646 6.26848 6.28082 -5.43103 6.54396 5.0808 -7.77773 6.78247 5.21908 -4.83829 5.10604 8.19348 -6.9823 5.25678 8.36764 -4.95325 5.44551 7.52802 -7.13371 5.60403 7.68234 -4.82129 4.68658 8.88096 -6.96427 4.8175 9.09457 -4.92717 -7.06222 3.97663 -5.33473 -7.62061 2.00985 -7.14521 -7.20721 4.03975 -7.71769 -7.79985 2.07043 -4.93089 -4.34853 8.86871 -7.17805 -4.42197 9.06504 -8.72885 -7.33957 4.10081 -9.41933 -7.95346 2.13242 -8.27023 -6.68088 5.92676 -8.37141 -5.63263 7.61658 -8.78117 -4.51041 9.23197 -9.16151 -3.07345 10.4226 -9.39288 -0.809335 11.384 -9.19862 2.43533 11.2058 -8.76004 4.22623 10.2114 -9.19862 2.43533 11.2058 -8.49336 4.91515 9.25773 -8.51207 5.36785 8.50005 -8.69033 5.72154 7.79786 -8.94749 6.04223 7.10186 -9.21507 6.42113 6.38264 -9.45505 6.9605 5.32476 -9.42817 7.36531 3.97753 -8.27887 7.71646 0.992224 -8.22283 7.65363 -0.501661 -8.43491 7.4041 -2.0659 -8.89277 6.90247 -4.28324 -8.96096 6.2702 -5.99905 -8.66074 5.40711 -7.48556 -9 3.87268 -8.83453 -9.52821 1.71912 -9.78251 -9.47192 -0.813426 -9.88421 -9.25834 -2.23386 -9.42294 -8.63692 -3.50718 -8.54842 -8.67833 -4.79565 -7.51626 -8.95713 -6.03426 -6.24537 -9.67599 -7.04996 -4.91248 -10.1965 -7.73406 -3.10285 -10.3585 -8.16301 -1.59099 -10.0891 -8.05362 -0.159622 1.30813 -7.29527 -0.0835993 1.31087 -7.24352 -1.59301 1.30462 -6.83199 -3.01807 1.29839 -6.25421 -4.41288 1.28574 -5.46753 -5.71076 1.25998 -4.47922 -7.00241 1.24098 -3.2582 -7.99787 1.23979 -2.09492 -8.71478 1.2597 -0.811205 -9.10515 1.11174 1.46404 -9.04235 1.13231 3.30639 -8.31571 1.01409 4.73341 -6.9519 0.969303 5.35256 -5.60311 1.06133 5.93251 -4.09106 1.146 6.37389 -1.96051 1.19033 6.58749 -0.683149 1.21325 6.63281 0.603147 1.18668 6.2424 3.58157 1.17577 5.90989 4.62851 1.16427 5.53773 5.72658 1.16405 5.31156 6.42185 1.16912 5.03394 7.0736 1.17933 4.70979 7.69498 1.19184 4.34044 8.28396 1.21593 3.60308 9.30052 1.22358 2.08558 10.2111 1.30016 -0.841134 10.424 1.22358 2.08558 10.2111 1.3251 -2.89927 9.47422 1.30173 -4.24752 8.4492 1.25194 -5.34471 7.09609 1.22591 -6.27432 5.57399 1.23541 -6.82796 3.87705 1.27859 -7.27286 1.91421</float_array>
          <technique_common>
            <accessor source="#geom-hand_alphaD_ZwriteONShape-positions-array" count="136" stride="3">
              <param name="X" type="float"/>
              <param name="Y" type="float"/>
              <param name="Z" type="float"/>
            </accessor>
          </technique_common>
        </source>
        <source id="geom-hand_alphaD_ZwriteONShape-normals">
          <float_array id="geom-hand_alphaD_ZwriteONShape-normals-array" count="408">-0.05942625 0.9898881 -0.1288027 -0.06337122 0.997822 -0.01831538 -0.06637385 0.9975007 -0.02422615 -0.07504638 0.9877545 0.136781 -0.07473879 0.9887013 0.129938 -0.08044566 0.9873209 -0.1368431 -0.07667166 0.9962432 -0.04025873 -0.05342649 0.9901302 -0.1295669 -0.05168612 0.9598414 -0.2757407 -0.0791816 0.9548189 -0.2864457 -0.08810563 0.9896161 -0.1135665 -0.09115412 0.9544014 -0.284269 -0.08168294 0.9958237 -0.04078042 -0.07599137 0.9907566 0.1123696 -0.07819223 0.9453873 0.3164313 -0.07724798 0.9487152 0.3065493 -0.07870548 0.9432446 0.3226375 -0.08015103 0.8892918 0.450262 -0.08347074 0.8895404 0.4491666 -0.07748862 0.9511133 0.2989632 -0.08254329 0.9026035 0.4224849 -0.0783818 0.9903944 0.11391 -0.08539903 0.7793959 0.6206843 -0.08408467 0.7762413 0.6248034 -0.07831991 0.8873408 0.4544142 -0.07199162 0.7972202 0.5993806 -0.08103065 0.681952 0.7268944 -0.07761119 0.6839067 0.7254296 -0.06752054 0.8024322 0.5929109 -0.06032258 0.7004257 0.7111715 -0.07742193 0.5807866 0.8103659 -0.07339512 0.5866725 0.8064915 -0.05296079 0.5870558 0.8078122 -0.05748457 0.5851642 0.8088747 -0.05501024 0.7057918 0.7062802 -0.0745537 0.4237532 0.9027042 -0.06488495 0.4165333 0.9068022 -0.07558255 0.4012347 0.9128516 -0.07417139 0.08808997 0.9933472 -0.0708288 0.08847494 0.993557 -0.06936056 0.09530971 0.9930283 -0.06084513 0.4217944 0.9046476 -0.07148523 -0.1899761 0.9791828 -0.07192346 -0.1940346 0.9783545 -0.07398528 0.07697643 0.994284 -0.07344653 -0.2033059 0.9763566 -0.07612189 -0.5200951 0.8507094 -0.07773467 -0.5129389 0.8548982 -0.07607122 -0.5230964 0.8488718 -0.0868573 -0.7827533 0.6162412 -0.09071139 -0.7676894 0.6343693 -0.07917955 -0.4981535 0.8634661 -0.09364005 -0.7632824 0.6392429 -0.07398467 -0.196682 0.977672 -0.1001955 -0.9060945 0.4110396 -0.1024269 -0.9063379 0.4099518 -0.09535766 -0.9113311 0.4004778 -0.09403821 -0.9130255 0.3969145 -0.08602795 -0.783471 0.6154448 -0.1005596 -0.9534537 0.2842777 -0.1029154 -0.9517536 0.2890909 -0.1042705 -0.9503999 0.2930318 -0.1053199 -0.9710186 0.2145472 -0.1052268 -0.9721878 0.2092328 -0.1001685 -0.9551717 0.2785918 -0.1043476 -0.9739922 0.201124 -0.1090569 -0.9882289 0.1072861 -0.1104749 -0.9882929 0.1052259 -0.1041358 -0.9747009 0.1977725 -0.1100143 -0.9885411 0.1033597 -0.1138758 -0.9886739 -0.09775611 -0.1133288 -0.9891843 -0.09311766 -0.1140471 -0.987594 -0.1079418 -0.1143594 -0.9725131 -0.2028308 -0.113041 -0.9741544 -0.1955633 -0.1129937 -0.9757383 -0.1875293 -0.1130483 -0.9898441 -0.08619018 -0.1094707 -0.9885945 0.1034263 -0.1091034 -0.9382772 -0.3282261 -0.1096575 -0.9358746 -0.3348341 -0.1158201 -0.9705196 -0.2113701 -0.1137383 -0.9299315 -0.3497011 -0.103075 -0.9237669 -0.3688228 -0.108374 -0.9046027 -0.4122488 -0.1018549 -0.9291509 -0.3553929 -0.09346529 -0.9225653 -0.3743495 -0.0987671 -0.9117339 -0.398731 -0.1125262 -0.8992324 -0.4227515 -0.1024328 -0.9068778 -0.4087543 -0.1167797 -0.9298424 -0.3489351 -0.0994288 -0.9092028 -0.4043071 -0.09712063 -0.9073545 -0.4089932 -0.0922997 -0.9249504 -0.3687104 -0.09308979 -0.9048938 -0.4153331 -0.1043567 -0.8763764 -0.4701852 -0.1017699 -0.8742318 -0.4747225 -0.09237311 -0.9035836 -0.4183348 -0.09787533 -0.8699486 -0.4833319 -0.1088799 -0.8153472 -0.5686424 -0.1024557 -0.8162267 -0.5685744 -0.1135633 -0.8137485 -0.5700147 -0.1204614 -0.5836853 -0.8029947 -0.1030785 -0.6038153 -0.7904314 -0.09915802 -0.6183944 -0.7795872 -0.1011778 -0.8177267 -0.5666445 -0.09712865 -0.8688466 -0.4854601 -0.08417616 -0.2203596 -0.9717799 -0.09336282 -0.212982 -0.9725853 -0.1284747 -0.5617717 -0.8172557 -0.1242588 -0.2013786 -0.9715999 -0.133806 -0.1866692 -0.973268 -0.08779716 0.9031263 -0.420303 -0.07735822 0.8230376 -0.562694 -0.0925532 0.8215012 -0.5626453 -0.07416225 0.9033756 -0.4223891 -0.0481713 0.9070125 -0.4183394 -0.0523558 0.8196201 -0.5705103 -0.09422053 0.7097988 -0.6980746 -0.06470078 0.7002334 -0.7109761 -0.1109539 0.6985762 -0.7068809 -0.1112566 0.4811756 -0.8695356 -0.07563862 0.4866756 -0.870302 -0.05759608 0.7027515 -0.7091002 -0.06631299 0.4945996 -0.8665874 -0.04686778 0.820232 -0.5701077 -0.04465858 0.9606935 -0.2739955 -0.04233742 0.9074309 -0.4180629 -0.07381248 0.1487239 -0.9861201 -0.0850343 0.140157 -0.9864711 -0.1257707 0.4679159 -0.874778 -0.1217905 0.1400438 -0.9826265 -0.08417616 -0.2203596 -0.9717799 -0.09336282 -0.212982 -0.9725853 -0.1242588 -0.2013786 -0.9715999 -0.133806 -0.1866692 -0.973268 -0.1332321 0.1350639 -0.9818385</float_array>
          <technique_common>
            <accessor source="#geom-hand_alphaD_ZwriteONShape-normals-array" count="136" stride="3">
              <param name="X" type="float"/>
              <param name="Y" type="float"/>
              <param name="Z" type="float"/>
            </accessor>
          </technique_common>
        </source>
        <source id="geom-hand_alphaD_ZwriteONShape-map-2">
          <float_array id="geom-hand_alphaD_ZwriteONShape-map-2-array" count="408">1 1 1 1 1 1 1 1 1 1 1 1 1 1 1 1 1 1 1 1 1 1 1 1 1 1 1 1 1 1 1 1 1 1 1 1 1 1 1 1 1 1 1 1 1 1 1 1 1 1 1 1 1 1 1 1 1 1 1 1 1 1 1 1 1 1 1 1 1 1 1 1 1 1 1 1 1 1 1 1 1 1 1 1 1 1 1 1 1 1 1 1 1 1 1 1 1 1 1 1 1 1 1 1 1 1 1 1 1 1 1 1 1 1 1 1 1 1 1 1 1 1 1 1 1 1 1 1 1 1 1 1 1 1 1 1 1 1 1 1 1 1 1 1 1 1 1 1 1 1 1 1 1 1 1 1 1 1 1 1 1 1 1 1 1 1 1 1 1 1 1 1 1 1 1 1 1 1 1 1 1 1 1 1 1 1 1 1 1 1 1 1 1 1 1 1 1 1 1 1 1 1 1 1 1 1 1 1 1 1 1 1 1 1 1 1 1 1 1 1 1 1 1 1 1 1 1 1 1 1 1 1 1 1 1 1 1 1 1 1 1 1 1 1 1 1 1 1 1 1 1 1 1 1 1 1 1 1 1 1 1 1 1 1 1 1 1 1 1 1 1 1 1 1 1 1 1 1 1 1 1 1 1 1 1 1 1 1 1 1 1 1 1 1 1 1 1 1 1 1 1 1 1 1 1 1 1 1 1 1 1 1 1 1 1 1 1 1 1 1 1 1 1 1 1 1 1 1 1 1 1 1 1 1 1 1 1 1 1 1 1 1 1 1 1 1 1 1 1 1 1 1 1 1 1 1 1 1 1 1 1 1 1 1 1 1 1 1 1 1 1 1 1 1 1 1 1 1 1 1 1 1 1 1 1 1 1 1 1 1 1 1 1 1 1 1 1 1 1 1 1 1 1 1 1 1 1 1</float_array>
          <technique_common>
            <accessor source="#geom-hand_alphaD_ZwriteONShape-map-2-array" count="136" stride="3">
              <param name="R" type="float"/>
              <param name="G" type="float"/>
              <param name="B" type="float"/>
            </accessor>
          </technique_common>
        </source>
        <source id="geom-hand_alphaD_ZwriteONShape-map0">
          <float_array id="geom-hand_alphaD_ZwriteONShape-map0-array" count="408">0.01960784 0 0.0627451 0.01960784 0 0.0627451 0.01568628 0 0.05490196 0.01568628 0 0.05490196 0.01960784 0 0.0627451 0.01568628 0 0.05490196 0.01960784 0 0.0627451 0.01568628 0 0.05490196 0.01960784 0 0.0627451 0.01568628 0 0.05490196 0.01960784 0 0.0627451 0.01568628 0 0.05490196 0.01960784 0 0.0627451 0.01960784 0 0.0627451 0.01568628 0 0.05490196 0.01568628 0 0.05490196 0.01960784 0 0.0627451 0.01568628 0 0.05490196 0.01960784 0 0.0627451 0.01568628 0 0.05490196 0.01960784 0 0.0627451 0.01568628 0 0.05490196 0.01960784 0 0.0627451 0.01568628 0 0.05490196 0.01960784 0 0.0627451 0.01568628 0 0.05490196 0.01960784 0 0.0627451 0.01568628 0 0.05490196 0.01960784 0 0.0627451 0.01960784 0 0.0627451 0.01568628 0 0.05490196 0.01568628 0 0.05490196 0.01960784 0 0.0627451 0.01568628 0 0.05490196 0.01960784 0 0.0627451 0.01568628 0 0.05490196 0.01960784 0 0.0627451 0.01568628 0 0.05490196 0.01960784 0 0.0627451 0.01568628 0 0.05490196 0.01960784 0 0.0627451 0.01960784 0 0.0627451 0.01568628 0 0.05490196 0.01568628 0 0.05490196 0.01960784 0 0.0627451 0.01568628 0 0.05490196 0.01960784 0 0.0627451 0.01960784 0 0.0627451 0.01568628 0 0.05490196 0.01568628 0 0.05490196 0.01960784 0 0.0627451 0.01568628 0 0.05490196 0.01960784 0 0.0627451 0.01568628 0 0.05490196 0.01960784 0 0.0627451 0.01568628 0 0.05490196 0.01960784 0 0.0627451 0.01568628 0 0.05490196 0.01960784 0 0.0627451 0.01568628 0 0.05490196 0.01960784 0 0.0627451 0.01568628 0 0.05490196 0.01960784 0 0.0627451 0.01960784 0 0.0627451 0.01568628 0 0.05490196 0.01568628 0 0.05490196 0.01960784 0 0.0627451 0.01568628 0 0.05490196 0 0 0 0 0 0 0 0 0 0 0 0 0 0 0 0 0 0 0 0 0 0 0 0 0 0 0 0 0 0 0 0 0 0 0 0 0 0 0 0 0 0 0 0 0 0 0 0 0 0 0 0 0 0 0 0 0 0 0 0 0 0 0 0 0 0 0 0 0 0 0 0 0 0 0 0 0 0 0 0 0 0 0 0 0 0 0 0 0 0 0 0 0 0 0 0 0 0 0 0 0 0 0.02352941 0 0.03921569 0.02352941 0 0.03921569 0.02352941 0 0.03921569 0.02352941 0 0.03921569 0.02352941 0 0.03921569 0.02352941 0 0.03921569 0.02352941 0 0.03921569 0.02352941 0 0.03921569 0.02352941 0 0.03921569 0.02352941 0 0.03921569 0.02352941 0 0.03921569 0.02352941 0 0.03921569 0.02352941 0 0.03921569 0.02352941 0 0.03921569 0.02352941 0 0.03921569 0.02352941 0 0.03921569 0.02352941 0 0.03921569 0.02352941 0 0.03921569 0.02352941 0 0.03921569 0.02352941 0 0.03921569 0.02352941 0 0.03921569 0.02352941 0 0.03921569 0.02352941 0 0.03921569 0.02352941 0 0.03921569 0.02352941 0 0.03921569 0.02352941 0 0.03921569 0.02352941 0 0.03921569 0.02352941 0 0.03921569 0.02352941 0 0.03921569 0.02352941 0 0.03921569 0.02352941 0 0.03921569 0.02352941 0 0.03921569 0.02352941 0 0.03921569 0.02352941 0 0.03921569</float_array>
          <technique_common>
            <accessor source="#geom-hand_alphaD_ZwriteONShape-map0-array" count="136" stride="3">
              <param name="R" type="float"/>
              <param name="G" type="float"/>
              <param name="B" type="float"/>
            </accessor>
          </technique_common>
        </source>
        <source id="geom-hand_alphaD_ZwriteONShape-map1">
          <float_array id="geom-hand_alphaD_ZwriteONShape-map1-array" count="408">0.6181641 0.6965332 0 0.6181641 0.6743164 0 0.8481445 0.6955566 0 0.8481445 0.6745605 0 0.6181641 0.5651855 0 0.8481445 0.5651855 0 0.6181641 0.5959473 0 0.8481445 0.5964355 0 0.6181641 0.904541 0 0.8481445 0.9059448 0 0.6181641 0.9458923 0 0.8481445 0.9467468 0 0.6181641 0.484375 0 0.6181641 0.4428711 0 0.8481445 0.4838867 0 0.8481445 0.4428711 0 0.6181641 0.8015137 0 0.8481445 0.8009033 0 0.6181641 0.8377686 0 0.8481445 0.8383789 0 0.6181641 0.623291 0 0.8481445 0.6240234 0 0.6181641 0.6508789 0 0.8481445 0.6518555 0 0.6181641 0.3666992 0 0.8481445 0.3666992 0 0.6181641 0.4042969 0 0.8481445 0.4042969 0 0.6181641 0.5354004 0 0.6181641 0.5090332 0 0.8481445 0.5351563 0 0.8481445 0.5083008 0 0.6181641 0.2363281 0 0.8481445 0.2353516 0 0.6181641 0.2641602 0 0.8481445 0.2646484 0 0.6181641 0.3051758 0 0.8481445 0.3051758 0 0.6181641 0.3364258 0 0.8481445 0.3364258 0 0.6181641 0.2084961 0 0.6181641 0.1557617 0 0.8481445 0.2070312 0 0.8481445 0.1552734 0 0.6181641 0.9999695 0 0.8481445 0.9999695 0 0.6181641 0.03515625 0 0.6181641 0 0 0.8481445 0.03515625 0 0.8481445 0 0 0.6181641 0.1010742 0 0.8481445 0.1010742 0 0.6181641 0.1142578 0 0.8481445 0.1142578 0 0.6181641 0.1342773 0 0.8481445 0.1333008 0 0.6181641 0.07373047 0 0.8481445 0.07373047 0 0.6181641 0.08789062 0 0.8481445 0.08789062 0 0.6181641 0.05859375 0 0.8481445 0.05761719 0 0.6181641 0.7663574 0 0.6181641 0.7312012 0 0.8481445 0.7651367 0 0.8481445 0.7299805 0 0.6181641 0.8723145 0 0.8481445 0.8737793 0 0.9882813 0.7642822 0 0.9882813 0.729248 0 0.9882813 0.8006592 0 0.9882813 0.8387451 0 0.9882813 0.8747559 0 0.9882813 0.9069824 0 0.9882813 0.9473572 0 0.9882813 0.9999695 0 0.9882813 0.03515625 0 0.9882813 0 0 0.9882813 0.05712891 0 0.9882813 0.07373047 0 0.9882813 0.08789062 0 0.9882813 0.1010742 0 0.9882813 0.1142578 0 0.9882813 0.1328125 0 0.9882813 0.1547852 0 0.9882813 0.2060547 0 0.9882813 0.2353516 0 0.9882813 0.2651367 0 0.9882813 0.3051758 0 0.9882813 0.3364258 0 0.9882813 0.3671875 0 0.9882813 0.4038086 0 0.9882813 0.4428711 0 0.9882813 0.4833984 0 0.9882813 0.5078125 0 0.9882813 0.5349121 0 0.9882813 0.5651855 0 0.9882813 0.5966797 0 0.9882813 0.6245117 0 0.9882813 0.652832 0 0.9882813 0.6748047 0 0.9882813 0.6948242 0 0.008842468 0.6994629 0 0.008842468 0.6733398 0 0.008842468 0.6477051 0 0.008842468 0.6213379 0 0.008842468 0.5944824 0 0.008842468 0.5654297 0 0.008842468 0.536377 0 0.008842468 0.5112305 0 0.008842468 0.4863281 0 0.008842468 0.4428711 0 0.008842468 0.4042969 0 0.008842468 0.3662109 0 0.009254456 0.3364258 0 0.009674072 0.3046875 0 0.009674072 0.2626953 0 0.009674072 0.237793 0 0.009674072 0.2128906 0 0.009674072 0.1567383 0 0.009674072 0.1362305 0 0.009674072 0.1147461 0 0.009674072 0.1010742 0 0.009674072 0.08740234 0 0.009674072 0.07373047 0 0.009674072 0.06054687 0 0.009674072 0.03564453 0 0.009674072 0 0 0.008842468 0.943573 0 0.008842468 0.9999695 0 0.008842468 0.9005737 0 0.008842468 0.8685303 0 0.008842468 0.8361816 0 0.008842468 0.8028564 0 0.008842468 0.7697754 0 0.008842468 0.7338867 0</float_array>
          <technique_common>
            <accessor source="#geom-hand_alphaD_ZwriteONShape-map1-array" count="136" stride="3">
              <param name="S" type="float"/>
              <param name="T" type="float"/>
              <param name="P" type="float"/>
            </accessor>
          </technique_common>
        </source>
        <vertices id="geom-hand_alphaD_ZwriteONShape-vertices">
          <input semantic="POSITION" source="#geom-hand_alphaD_ZwriteONShape-positions"/>
        </vertices>
        <triangles material="EffectB_mat_isstencil" count="198">
          <input semantic="VERTEX" source="#geom-hand_alphaD_ZwriteONShape-vertices" offset="0"/>
          <input semantic="NORMAL" source="#geom-hand_alphaD_ZwriteONShape-normals" offset="1"/>
          <input semantic="COLOR" source="#geom-hand_alphaD_ZwriteONShape-map0" offset="2" set="0"/>
          <input semantic="TEXCOORD" source="#geom-hand_alphaD_ZwriteONShape-map1" offset="3" set="0"/>
          <p>63 0 63 63 102 1 102 102 0 2 0 0 0 2 0 0 103 3 103 103 1 4 1 1 102 1 102 102 103 3 103 103 0 2 0 0 65 5 65 65 0 2 0 0 2 6 2 2 63 0 63 63 0 2 0 0 65 5 65 65 0 2 0 0 1 4 1 1 2 6 2 2 135 7 135 135 102 1 102 102 63 0 63 63 62 8 62 62 135 7 135 135 63 0 63 63 64 9 64 64 63 0 63 63 65 5 65 65 62 8 62 62 63 0 63 63 64 9 64 64 65 5 65 65 2 6 2 2 69 10 69 69 68 11 68 68 65 5 65 65 69 10 69 69 64 9 64 64 65 5 65 65 68 11 68 68 69 10 69 69 2 6 2 2 101 12 101 101 2 6 2 2 3 13 3 3 101 12 101 101 2 6 2 2 1 4 1 1 3 13 3 3 103 3 103 103 22 14 22 22 1 4 1 1 1 4 1 1 23 15 23 23 3 13 3 3 22 14 22 22 23 15 23 23 1 4 1 1 104 16 104 104 22 14 22 22 103 3 103 103 104 16 104 104 20 17 20 20 22 14 22 22 22 14 22 22 21 18 21 21 23 15 23 23 20 17 20 20 21 18 21 21 22 14 22 22 23 15 23 23 99 19 99 99 3 13 3 3 23 15 23 23 98 20 98 98 99 19 99 99 21 18 21 21 98 20 98 98 23 15 23 23 101 12 101 101 3 13 3 3 100 21 100 100 3 13 3 3 99 19 99 99 100 21 100 100 21 18 21 21 97 22 97 97 98 20 98 98 7 23 7 7 97 22 97 97 21 18 21 21 20 17 20 20 7 23 7 7 21 18 21 21 105 24 105 105 6 25 6 6 20 17 20 20 105 24 105 105 20 17 20 20 104 16 104 104 6 25 6 6 7 23 7 7 20 17 20 20 7 23 7 7 96 26 96 96 97 22 97 97 5 27 5 5 96 26 96 96 7 23 7 7 6 25 6 6 5 27 5 5 7 23 7 7 106 28 106 106 4 29 4 4 6 25 6 6 106 28 106 106 6 25 6 6 105 24 105 105 4 29 4 4 5 27 5 5 6 25 6 6 5 27 5 5 95 30 95 95 96 26 96 96 30 31 30 30 95 30 95 95 5 27 5 5 4 29 4 4 30 31 30 30 5 27 5 5 4 29 4 4 108 32 108 108 28 33 28 28 107 34 107 107 108 32 108 108 4 29 4 4 107 34 107 107 4 29 4 4 106 28 106 106 28 33 28 28 30 31 30 30 4 29 4 4 30 31 30 30 31 35 31 31 95 30 95 95 30 31 30 30 29 36 29 29 31 35 31 31 28 33 28 28 29 36 29 29 30 31 30 30 95 30 95 95 31 35 31 31 94 37 94 94 31 35 31 31 14 38 14 14 94 37 94 94 31 35 31 31 12 39 12 12 14 38 14 14 29 36 29 29 12 39 12 12 31 35 31 31 29 36 29 29 110 40 110 110 12 39 12 12 109 41 109 109 110 40 110 110 29 36 29 29 28 33 28 28 109 41 109 109 29 36 29 29 108 32 108 108 109 41 109 109 28 33 28 28 110 40 110 110 111 42 111 111 12 39 12 12 12 39 12 12 111 42 111 111 13 43 13 13 12 39 12 12 13 43 13 13 14 38 14 14 94 37 94 94 14 38 14 14 93 44 93 93 14 38 14 14 15 45 15 15 93 44 93 93 14 38 14 14 13 43 13 13 15 45 15 15 111 42 111 111 26 46 26 26 13 43 13 13 13 43 13 13 27 47 27 27 15 45 15 15 26 46 26 26 27 47 27 27 13 43 13 13 112 48 112 112 26 46 26 26 111 42 111 111 112 48 112 112 24 49 24 24 26 46 26 26 26 46 26 26 25 50 25 25 27 47 27 27 24 49 24 24 25 50 25 25 26 46 26 26 27 47 27 27 91 51 91 91 15 45 15 15 27 47 27 27 90 52 90 90 91 51 91 91 25 50 25 25 90 52 90 90 27 47 27 27 93 44 93 93 15 45 15 15 92 53 92 92 15 45 15 15 91 51 91 91 92 53 92 92 90 52 90 90 39 54 39 39 89 55 89 89 25 50 25 25 39 54 39 39 90 52 90 90 25 50 25 25 38 56 38 38 39 54 39 39 24 49 24 24 38 56 38 38 25 50 25 25 24 49 24 24 114 57 114 114 38 56 38 38 113 58 113 113 114 57 114 114 24 49 24 24 113 58 113 113 24 49 24 24 112 48 112 112 114 57 114 114 36 59 36 36 38 56 38 38 38 56 38 38 37 60 37 37 39 54 39 39 36 59 36 36 37 60 37 37 38 56 38 38 39 54 39 39 88 61 88 88 89 55 89 89 37 60 37 37 88 61 88 88 39 54 39 39 37 60 37 37 87 62 87 87 88 61 88 88 35 63 35 35 87 62 87 87 37 60 37 37 36 59 36 36 35 63 35 35 37 60 37 37 115 64 115 115 34 65 34 34 36 59 36 36 115 64 115 115 36 59 36 36 114 57 114 114 34 65 34 34 35 63 35 35 36 59 36 36 35 63 35 35 86 66 86 86 87 62 87 87 33 67 33 33 86 66 86 86 35 63 35 35 34 65 34 34 33 67 33 33 35 63 35 35 116 68 116 116 32 69 32 32 34 65 34 34 116 68 116 116 34 65 34 34 115 64 115 115 32 69 32 32 33 67 33 33 34 65 34 34 33 67 33 33 42 70 42 42 86 66 86 86 33 67 33 33 40 71 40 40 42 70 42 42 32 69 32 32 40 71 40 40 33 67 33 33 86 66 86 86 42 70 42 42 85 72 85 85 42 70 42 42 43 73 43 43 85 72 85 85 42 70 42 42 41 74 41 41 43 73 43 43 40 71 40 40 41 74 41 41 42 70 42 42 40 71 40 40 119 75 119 119 41 74 41 41 118 76 118 118 119 75 119 119 40 71 40 40 32 69 32 32 118 76 118 118 40 71 40 40 117 77 117 117 118 76 118 118 32 69 32 32 117 77 117 117 32 69 32 32 116 68 116 116 119 75 119 119 120 78 120 120 41 74 41 41 41 74 41 41 120 78 120 120 54 79 54 54 41 74 41 41 54 79 54 54 43 73 43 43 85 72 85 85 43 73 43 43 84 80 84 84 43 73 43 43 55 81 55 55 84 80 84 84 43 73 43 43 54 79 54 54 55 81 55 55 120 78 120 120 52 82 52 52 54 79 54 54 54 79 54 54 53 83 53 53 55 81 55 55 52 82 52 52 53 83 53 53 54 79 54 54 121 84 121 121 52 82 52 52 120 78 120 120 121 84 121 121 50 85 50 50 52 82 52 52 52 82 52 52 51 86 51 51 53 83 53 53 50 85 50 50 51 86 51 51 52 82 52 52 53 83 53 53 82 87 82 82 55 81 55 55 53 83 53 53 81 88 81 81 82 87 82 82 51 86 51 51 81 88 81 81 53 83 53 53 84 80 84 84 55 81 55 55 83 89 83 83 55 81 55 55 82 87 82 82 83 89 83 83 51 86 51 51 80 90 80 80 81 88 81 81 59 91 59 59 80 90 80 80 51 86 51 51 50 85 50 50 59 91 59 59 51 86 51 51 122 92 122 122 58 93 58 58 50 85 50 50 122 92 122 122 50 85 50 50 121 84 121 121 58 93 58 58 59 91 59 59 50 85 50 50 59 91 59 59 79 94 79 79 80 90 80 80 57 95 57 57 79 94 79 79 59 91 59 59 58 93 58 58 57 95 57 57 59 91 59 59 123 96 123 123 56 97 56 56 58 93 58 58 123 96 123 123 58 93 58 58 122 92 122 122 56 97 56 56 57 95 57 57 58 93 58 58 57 95 57 57 61 98 61 61 79 94 79 79 57 95 57 57 60 99 60 60 61 98 61 61 56 97 56 56 60 99 60 60 57 95 57 57 79 94 79 79 61 98 61 61 78 100 78 78 61 98 61 61 48 101 48 48 78 100 78 78 61 98 61 61 46 102 46 46 48 101 48 48 60 99 60 60 46 102 46 46 61 98 61 61 60 99 60 60 126 103 126 126 46 102 46 46 125 104 125 125 126 103 126 126 60 99 60 60 56 97 56 56 125 104 125 125 60 99 60 60 124 105 124 124 125 104 125 125 56 97 56 56 124 105 124 124 56 97 56 56 123 96 123 123 126 103 126 126 127 106 127 127 46 102 46 46 46 102 46 46 127 106 127 127 47 107 47 47 46 102 46 46 47 107 47 47 48 101 48 48 78 100 78 78 48 101 48 48 76 108 76 76 48 101 48 48 49 109 49 49 76 108 76 76 48 101 48 48 47 107 47 47 49 109 49 49 76 108 76 76 49 109 49 49 77 110 77 77 70 111 70 70 64 9 64 64 68 11 68 68 19 112 19 19 70 111 70 70 71 113 71 71 17 114 17 17 70 111 70 70 19 112 19 19 17 114 17 17 64 9 64 64 70 111 70 70 17 114 17 17 62 8 62 62 64 9 64 64 16 115 16 16 62 8 62 62 17 114 17 17 18 116 18 18 17 114 17 17 19 112 19 19 16 115 16 16 17 114 17 17 18 116 18 18 19 112 19 19 71 113 71 71 67 117 67 67 66 118 66 66 19 112 19 19 67 117 67 67 18 116 18 18 19 112 19 19 66 118 66 66 67 117 67 67 71 113 71 71 72 119 72 72 67 117 67 67 72 119 72 72 9 120 9 9 8 121 8 8 67 117 67 67 9 120 9 9 66 118 66 66 67 117 67 67 8 121 8 8 131 122 131 131 18 116 18 18 66 118 66 66 130 123 130 130 66 118 66 66 8 121 8 8 131 122 131 131 66 118 66 66 130 123 130 130 132 124 132 132 16 115 16 16 18 116 18 18 132 124 132 132 18 116 18 18 131 122 131 131 16 115 16 16 134 125 134 134 62 8 62 62 133 126 133 133 134 125 134 134 16 115 16 16 133 126 133 133 16 115 16 16 132 124 132 132 134 125 134 134 135 7 135 135 62 8 62 62 130 123 130 130 8 121 8 8 128 127 128 128 128 127 128 128 8 121 8 8 10 128 10 10 8 121 8 8 9 120 9 9 10 128 10 10 9 120 9 9 73 129 73 73 11 130 11 11 9 120 9 9 72 119 72 72 73 129 73 73 10 128 10 10 9 120 9 9 11 130 11 11 129 131 129 129 10 128 10 10 44 132 44 44 128 127 128 128 10 128 10 10 129 131 129 129 45 133 45 45 10 128 10 10 11 130 11 11 44 132 44 44 10 128 10 10 45 133 45 45 75 134 75 75 11 130 11 11 74 135 74 74 45 133 45 45 11 130 11 11 75 134 75 75 11 130 11 11 73 129 73 73 74 135 74 74</p>
        </triangles>
      </mesh>
    </geometry>
    <geometry id="geom-panorama_ZwriteOFFShape" name="panorama_ZwriteOFFShape">
      <mesh>
        <source id="geom-panorama_ZwriteOFFShape-positions">
          <float_array id="geom-panorama_ZwriteOFFShape-positions-array" count="414">1.26408 -7.18804 -1.58369 1.26 -7.2399 -0.083179 2.43794 -3.43823 -0.354941 2.43499 -3.45035 0.328978 2.43278 -3.23676 -0.996472 1.25676 -6.77985 -2.99917 2.42575 -2.94548 -1.62684 1.2505 -6.20481 -4.38732 2.41953 -2.56817 -2.21448 1.23722 -5.42225 -5.67946 2.41148 -2.11249 -2.8129 1.21205 -4.43957 -6.96309 2.40808 -1.55419 -3.28995 1.19226 -3.22664 -7.95282 2.40742 -1.02021 -3.62442 1.19188 -2.07209 -8.66413 2.41469 -0.431947 -3.8 1.21102 -0.80522 -9.05055 2.34818 0.649513 -3.76222 1.0654 1.45166 -8.98714 2.35949 1.51533 -3.43185 1.08511 3.27582 -8.26884 2.32154 2.15339 -2.83322 0.969551 4.6856 -6.91958 2.30471 2.42638 -2.22554 0.923996 5.29989 -5.58095 2.33979 2.68507 -1.52911 1.01516 5.87893 -4.07307 2.36343 2.86456 -0.530241 1.09942 6.31891 -1.94886 2.37737 2.94593 0.059534 1.1442 6.53138 -0.676431 2.3872 2.9566 0.636659 1.1673 6.57628 0.600716 2.37415 2.78501 1.99211 1.14096 6.18711 3.56879 2.36942 2.64242 2.47118 1.12877 5.85687 4.6109 2.3648 2.47873 2.97217 1.11715 5.48457 5.70927 2.36557 2.37861 3.28945 1.11742 5.25869 6.40216 2.36808 2.25506 3.58752 1.12217 4.98305 7.04965 2.37188 2.10978 3.87368 1.13212 4.66107 7.66744 2.37316 1.94821 4.15217 1.14431 4.294 8.2535 2.38607 1.60908 4.60289 1.16943 3.56488 9.25919 2.3946 0.907195 4.99736 1.17702 2.06776 10.1577 2.43539 -0.456131 5.11179 1.25303 -0.832083 10.3687 2.3946 0.907195 4.99736 1.17702 2.06776 10.1577 2.44655 -1.41599 4.69725 1.27633 -2.87118 9.42708 2.43506 -2.03677 4.22813 1.25383 -4.20851 8.40957 2.41515 -2.53984 3.6213 1.20416 -5.29871 7.06459 2.40159 -2.95999 2.92402 1.17916 -6.22293 5.55047 2.39978 -3.20116 2.13795 1.18778 -6.7741 3.86171 2.41701 -3.41104 1.24232 1.23161 -7.21707 1.90688 2.57831 -0.0764372 0.71569 2.57831 -0.0764372 0.71569 0.930065 -6.82876 -3.01529 0.923775 -6.25067 -4.40911 -1.17939 -6.8932 -3.03329 -1.19176 -6.28741 -4.42632 -1.20898 -5.47906 -5.7234 0.910923 -5.46368 -5.70617 -1.23048 -4.49493 -7.03547 0.885021 -4.47613 -6.99639 -1.24472 -3.27936 -8.05573 0.866032 -3.25634 -7.99108 -1.24447 -2.11691 -8.78163 0.86488 -2.09403 -8.70739 0.884644 -0.81105 -9.0979 -1.22581 -0.830397 -9.17423 -1.36793 1.47834 -9.11242 0.737499 1.46216 -9.03454 0.758202 3.30285 -8.30847 -1.35328 3.3441 -8.36308 -1.46869 4.7759 -6.99977 0.64027 4.72907 -6.94585 -1.52005 5.40981 -5.64288 0.595146 5.34876 -5.59765 0.687202 5.92798 -4.08667 -1.43842 6.00286 -4.11907 0.771912 6.36881 -1.95807 -1.36483 6.44128 -1.96626 0.816135 6.58222 -0.681787 -1.32463 6.64215 -0.675231 0.838997 6.62772 0.603589 -1.30378 6.68058 0.618069 -1.33036 6.28955 3.61504 0.812382 6.2377 3.57976 -1.33891 5.95283 4.66729 0.801151 5.90581 4.62628 -1.34493 5.57137 5.76722 0.789597 5.53375 5.72386 -1.34101 5.3431 6.46942 0.789471 5.30748 6.41826 -1.33213 5.06446 7.12855 0.79472 5.02986 7.06901 -1.32046 4.74179 7.7581 0.805031 4.70583 7.68983 0.817528 4.33674 8.27856 -1.30692 4.37322 8.35311 0.841446 3.5998 9.29454 -1.28204 3.63453 9.3738 -1.27209 2.11002 10.2785 0.847424 2.08544 10.2072 0.923759 -0.839608 10.4206 -1.18397 -0.855113 10.4949 0.847424 2.08544 10.2072 -1.27209 2.11002 10.2785 0.950249 -2.89862 9.46846 -1.15649 -2.93791 9.53933 -1.18263 -4.29345 8.49489 0.926903 -4.24595 8.44412 -1.23352 -5.38455 7.12995 0.876865 -5.34119 7.09101 -1.26046 -6.30848 5.59884 0.850941 -6.27002 5.57015 0.860477 -6.82318 3.87462 -1.25604 -6.84659 3.88324 0.90374 -7.26834 1.91333 -1.21338 -7.29777 1.91103 0.933414 -7.29166 -0.0829563 -1.17629 -7.35648 -0.0945965 -1.17095 -7.31604 -1.60772 0.936256 -7.24018 -1.59127</float_array>
          <technique_common>
            <accessor source="#geom-panorama_ZwriteOFFShape-positions-array" count="138" stride="3">
              <param name="X" type="float"/>
              <param name="Y" type="float"/>
              <param name="Z" type="float"/>
            </accessor>
          </technique_common>
        </source>
        <source id="geom-panorama_ZwriteOFFShape-normals">
          <float_array id="geom-panorama_ZwriteOFFShape-normals-array" count="414">-0.9229941 0.379209 0.0654398 -0.04469847 0.9989987 0.001900601 -0.9211001 0.3892454 -0.007905784 -0.05076173 0.9865419 0.1554292 -0.04667446 0.9406935 0.3360317 -0.9284869 0.3470226 0.1322398 -0.9723744 0.2175755 0.08455164 -0.9698595 0.2408777 0.0367482 -0.9203113 0.3856612 -0.06551845 -0.03604913 0.9919158 -0.1216696 -0.02705713 0.9996334 0.001040585 -0.9685605 0.2440938 -0.04804949 -0.9689783 0.2468843 -0.01136285 -0.999919 -0.01267759 0.001159186 -0.999919 -0.01267759 0.001159186 -0.973985 0.1983139 0.1096588 -0.9328169 0.3154972 0.1741095 -0.03790559 0.8882483 0.457797 -0.03413045 0.9871578 0.1560598 -0.02974107 0.9409714 0.3371773 -0.01737241 0.9921507 -0.1238356 -0.921204 0.3721938 -0.1133799 -0.03300087 0.9646877 -0.2613205 -0.9686682 0.2366716 -0.07528795 -0.9820133 0.008644805 -0.1886139 -0.980553 -0.06799901 -0.1840979 -0.9802862 0.10135 -0.1696086 -0.9750071 0.1714566 -0.141293 -0.9713691 0.2060924 -0.1181857 -0.9689565 0.2288085 -0.09364789 -0.9238133 0.3488116 -0.1577957 -0.03839627 0.9093017 -0.4143623 -0.01446894 0.9650843 -0.2615398 -0.0441349 0.8184795 -0.572838 -0.9298433 0.3103547 -0.197665 -0.9385598 0.2491676 -0.2387907 -0.9489655 0.1522594 -0.2761914 -0.9523877 0.01933774 -0.3042757 -0.9500777 -0.09177164 -0.2982121 -0.05252485 0.1461296 -0.9878701 -0.05189512 0.5016121 -0.8635347 -0.0490527 0.6983981 -0.7140266 -0.02747963 0.8197479 -0.5720649 -0.03290524 0.7008389 -0.7125602 -0.02088051 0.9099504 -0.4141911 -0.03635778 0.5021098 -0.8640392 -0.05198342 -0.2435865 -0.9684851 -0.03659146 0.1413608 -0.9892817 -0.03660615 -0.2475419 -0.9681854 -0.0200266 0.8880087 0.4593906 -0.9374765 0.2787026 0.2084774 -0.03281757 0.8240111 0.5656223 -0.01461754 0.8241392 0.5661988 -0.9408232 0.2327634 0.2463188 -0.03697633 0.7230383 0.6898176 -0.9768941 0.1492206 0.153006 -0.9758914 0.174371 0.1312667 -0.9782884 0.1191114 0.1696009 -0.9445446 0.1864425 0.2703234 -0.04485412 0.586737 0.8085343 -0.01993504 0.722424 0.6911629 -0.05022448 0.4135199 0.9091088 -0.9479502 0.1339389 0.2888782 -0.979458 0.09110669 0.179893 -0.9814907 -0.01641922 0.1908047 -0.05223266 0.09115531 0.9944659 -0.9531735 -0.009918718 0.3022615 -0.03714994 0.08846387 0.9953864 -0.03562967 0.4140002 0.9095793 -0.02924515 0.5866125 0.8093395 -0.04985201 -0.1885401 0.9807993 -0.03596524 -0.1936872 0.980404 -0.9470067 -0.08717932 0.3091569 -0.978486 -0.06655952 0.195282 -0.9755258 -0.1394655 0.1699965 -0.9436489 -0.1848712 0.2744983 -0.04975403 -0.5372214 0.8419725 -0.03421973 -0.542143 0.8395891 -0.9224444 -0.3252239 0.2081482 -0.04884081 -0.7961053 0.603184 -0.9628456 -0.2416884 0.1204778 -0.9081624 -0.3844668 0.165609 -0.0500836 -0.9200001 0.3887049 -0.03357987 -0.8005441 0.5983323 -0.05191867 -0.961579 0.2695742 -0.9107803 -0.3828696 0.1545641 -0.9615129 -0.2463602 0.1216541 -0.9615466 -0.2541823 0.104017 -0.04996249 -0.9810594 0.1871533 -0.9105936 -0.399606 0.1055194 -0.0338862 -0.981784 0.1869541 -0.03620328 -0.961188 0.2735088 -0.03483284 -0.9202465 0.3897859 -0.02846269 -0.9948055 0.09773463 -0.04526117 -0.9942197 0.09735882 -0.9093275 -0.4111997 0.06354793 -0.9627388 -0.259368 0.07656485 -0.9620624 -0.2688403 0.04648544 -0.04331147 -0.9957671 -0.08106785 -0.9074433 -0.4188012 -0.03394365 -0.02591612 -0.9963511 -0.08131983 -0.9055893 -0.4154281 -0.08560114 -0.04327451 -0.9834117 -0.1761498 -0.9601393 -0.2739767 -0.0553997 -0.9611446 -0.2749616 -0.02443459 -0.9640118 -0.2500375 -0.09034559 -0.9624305 -0.2558669 -0.090884 -0.9628235 -0.2554829 -0.0877459 -0.9651519 -0.2417764 -0.1001296 -0.9675722 -0.2267518 -0.1113001 -0.9709522 -0.2074507 -0.1192322 -0.9762018 -0.1546833 -0.1519974 -0.980553 -0.06799901 -0.1840979 -0.9139277 -0.3829606 -0.1344514 -0.0434685 -0.9484925 -0.3138035 -0.02626889 -0.9837174 -0.177792 -0.9105704 -0.3912913 -0.1332393 -0.9136948 -0.3811538 -0.1410098 -0.9187863 -0.3602366 -0.1614348 -0.9239584 -0.3374499 -0.1800791 -0.9312915 -0.3083957 -0.1938766 -0.9440767 -0.2123318 -0.2522585 -0.9500777 -0.09177164 -0.2982121 -0.05198342 -0.2435865 -0.9684851 -0.0524892 -0.6492905 -0.758727 -0.04924185 -0.8235265 -0.5651365 -0.04649967 -0.8685638 -0.4933911 -0.04367711 -0.9044306 -0.4243791 -0.04154269 -0.9362214 -0.3489464 -0.04176209 -0.9470959 -0.3182223 -0.02622111 -0.948966 -0.314287 -0.02436207 -0.9476173 -0.3184775 -0.02427389 -0.9365143 -0.3497883 -0.02693418 -0.9048664 -0.4248428 -0.03388485 -0.8239818 -0.5656022 -0.03039283 -0.869012 -0.4938567 -0.03718922 -0.6492543 -0.7596617 -0.03660615 -0.2475419 -0.9681854</float_array>
          <technique_common>
            <accessor source="#geom-panorama_ZwriteOFFShape-normals-array" count="138" stride="3">
              <param name="X" type="float"/>
              <param name="Y" type="float"/>
              <param name="Z" type="float"/>
            </accessor>
          </technique_common>
        </source>
        <source id="geom-panorama_ZwriteOFFShape-map-2">
          <float_array id="geom-panorama_ZwriteOFFShape-map-2-array" count="414">1 1 1 1 1 1 1 1 1 1 1 1 1 1 1 1 1 1 1 1 1 1 1 1 1 1 1 1 1 1 1 1 1 1 1 1 1 1 1 1 1 1 1 1 1 1 1 1 1 1 1 1 1 1 1 1 1 1 1 1 1 1 1 1 1 1 1 1 1 1 1 1 1 1 1 1 1 1 1 1 1 1 1 1 1 1 1 1 1 1 1 1 1 1 1 1 1 1 1 1 1 1 1 1 1 1 1 1 1 1 1 1 1 1 1 1 1 1 1 1 1 1 1 1 1 1 1 1 1 1 1 1 1 1 1 1 1 1 1 1 1 1 1 1 1 1 1 1 1 1 1 1 1 1 1 1 1 1 1 1 1 1 1 1 1 1 1 1 1 1 1 1 1 1 1 1 1 1 1 1 1 1 1 1 1 1 1 1 1 1 1 1 1 1 1 1 1 1 1 1 1 1 1 1 1 1 1 1 1 1 1 1 1 1 1 1 0 0 0 0 0 0 0 0 0 1 1 1 0 0 0 1 1 1 0 0 0 1 1 1 0 0 0 1 1 1 1 1 1 0 0 0 0 0 0 1 1 1 1 1 1 0 0 0 0 0 0 1 1 1 0 0 0 1 1 1 1 1 1 0 0 0 1 1 1 0 0 0 1 1 1 0 0 0 1 1 1 0 0 0 0 0 0 1 1 1 0 0 0 1 1 1 0 0 0 1 1 1 0 0 0 1 1 1 0 0 0 1 1 1 0 0 0 1 1 1 1 1 1 0 0 0 1 1 1 0 0 0 0 0 0 1 1 1 1 1 1 0 0 0 1 1 1 0 0 0 1 1 1 0 0 0 0 0 0 1 1 1 0 0 0 1 1 1 0 0 0 1 1 1 1 1 1 0 0 0 1 1 1 0 0 0 1 1 1 0 0 0 0 0 0 1 1 1</float_array>
          <technique_common>
            <accessor source="#geom-panorama_ZwriteOFFShape-map-2-array" count="138" stride="3">
              <param name="R" type="float"/>
              <param name="G" type="float"/>
              <param name="B" type="float"/>
            </accessor>
          </technique_common>
        </source>
        <source id="geom-panorama_ZwriteOFFShape-map0">
          <float_array id="geom-panorama_ZwriteOFFShape-map0-array" count="414">0.5019608 0.5019608 0.5019608 0.5019608 0.5019608 0.5019608 0.5019608 0.5019608 0.5019608 0.5019608 0.5019608 0.5019608 0.5019608 0.5019608 0.5019608 0.5019608 0.5019608 0.5019608 0.5019608 0.5019608 0.5019608 0.5019608 0.5019608 0.5019608 0.5019608 0.5019608 0.5019608 0.5019608 0.5019608 0.5019608 0.5019608 0.5019608 0.5019608 0.5019608 0.5019608 0.5019608 0.5019608 0.5019608 0.5019608 0.5019608 0.5019608 0.5019608 0.5019608 0.5019608 0.5019608 0.5019608 0.5019608 0.5019608 0.5019608 0.5019608 0.5019608 0.5019608 0.5019608 0.5019608 0.5019608 0.5019608 0.5019608 0.5019608 0.5019608 0.5019608 0.5019608 0.5019608 0.5019608 0.5019608 0.5019608 0.5019608 0.5019608 0.5019608 0.5019608 0.5019608 0.5019608 0.5019608 0.5019608 0.5019608 0.5019608 0.5019608 0.5019608 0.5019608 0.5019608 0.5019608 0.5019608 0.5019608 0.5019608 0.5019608 0.5019608 0.5019608 0.5019608 0.5019608 0.5019608 0.5019608 0.5019608 0.5019608 0.5019608 0.5019608 0.5019608 0.5019608 0.5019608 0.5019608 0.5019608 0.5019608 0.5019608 0.5019608 0.5019608 0.5019608 0.5019608 0.5019608 0.5019608 0.5019608 0.5019608 0.5019608 0.5019608 0.5019608 0.5019608 0.5019608 0.5019608 0.5019608 0.5019608 0.5019608 0.5019608 0.5019608 0.5019608 0.5019608 0.5019608 0.5019608 0.5019608 0.5019608 0.5019608 0.5019608 0.5019608 0.5019608 0.5019608 0.5019608 0.5019608 0.5019608 0.5019608 0.5019608 0.5019608 0.5019608 0.5019608 0.5019608 0.5019608 0.5019608 0.5019608 0.5019608 0.5019608 0.5019608 0.5019608 0.5019608 0.5019608 0.5019608 0.5019608 0.5019608 0.5019608 0.5019608 0.5019608 0.5019608 0.5019608 0.5019608 0.5019608 0.5019608 0.5019608 0.5019608 0.5019608 0.5019608 0.5019608 0.5019608 0.5019608 0.5019608 0.5019608 0.5019608 0.5019608 0.5019608 0.5019608 0.5019608 0.5019608 0.5019608 0.5019608 0.5019608 0.5019608 0.5019608 0.5019608 0.5019608 0.5019608 0.5019608 0.5019608 0.5019608 0.5019608 0.5019608 0.5019608 0.5019608 0.5019608 0.5019608 0.5019608 0.5019608 0.5019608 0.5019608 0.5019608 0.5019608 0.5019608 0.5019608 0.5019608 0.5019608 0.5019608 0.5019608 0.5019608 0.5019608 0.5019608 0.5019608 0.5019608 0.5019608 0.5019608 0.5019608 0.5019608 0.5019608 0.5019608 0.5019608 0.5019608 0.5019608 0.5019608 0.5019608 0.5019608 0.5019608 0.5019608 0.5019608 0.5019608 0.5019608 0.5019608 0.5019608 0.5019608 0.5019608 0.5019608 0.5019608 0.5019608 0.5019608 0.5019608 0.5019608 0.5019608 0.5019608 0.5019608 0.5019608 0.5019608 0.5019608 0.5019608 0.5019608 0.5019608 0.5019608 0.5019608 0.5019608 0.5019608 0.5019608 0.5019608 0.5019608 0.5019608 0.5019608 0.5019608 0.5019608 0.5019608 0.5019608 0.5019608 0.5019608 0.5019608 0.5019608 0.5019608 0.5019608 0.5019608 0.5019608 0.5019608 0.5019608 0.5019608 0.5019608 0.5019608 0.5019608 0.5019608 0.5019608 0.5019608 0.5019608 0.5019608 0.5019608 0.5019608 0.5019608 0.5019608 0.5019608 0.5019608 0.5019608 0.5019608 0.5019608 0.5019608 0.5019608 0.5019608 0.5019608 0.5019608 0.5019608 0.5019608 0.5019608 0.5019608 0.5019608 0.5019608 0.5019608 0.5019608 0.5019608 0.5019608 0.5019608 0.5019608 0.5019608 0.5019608 0.5019608 0.5019608 0.5019608 0.5019608 0.5019608 0.5019608 0.5019608 0.5019608 0.5019608 0.5019608 0.5019608 0.5019608 0.5019608 0.5019608 0.5019608 0.5019608 0.5019608 0.5019608 0.5019608 0.5019608 0.5019608 0.5019608 0.5019608 0.5019608 0.5019608 0.5019608 0.5019608 0.5019608 0.5019608 0.5019608 0.5019608 0.5019608 0.5019608 0.5019608 0.5019608 0.5019608 0.5019608 0.5019608 0.5019608 0.5019608 0.5019608 0.5019608 0.5019608 0.5019608 0.5019608 0.5019608 0.5019608 0.5019608 0.5019608 0.5019608 0.5019608 0.5019608 0.5019608 0.5019608 0.5019608 0.5019608 0.5019608 0.5019608 0.5019608 0.5019608 0.5019608 0.5019608 0.5019608 0.5019608 0.5019608 0.5019608 0.5019608 0.5019608 0.5019608 0.5019608 0.5019608 0.5019608 0.5019608 0.5019608 0.5019608 0.5019608 0.5019608 0.5019608 0.5019608 0.5019608 0.5019608 0.5019608 0.5019608 0.5019608 0.5019608 0.5019608 0.5019608 0.5019608 0.5019608 0.5019608 0.5019608 0.5019608 0.5019608 0.5019608 0.5019608 0.5019608 0.5019608 0.5019608 0.5019608 0.5019608 0.5019608 0.5019608 0.5019608 0.5019608 0.5019608 0.5019608 0.5019608 0.5019608 0.5019608</float_array>
          <technique_common>
            <accessor source="#geom-panorama_ZwriteOFFShape-map0-array" count="138" stride="3">
              <param name="R" type="float"/>
              <param name="G" type="float"/>
              <param name="B" type="float"/>
            </accessor>
          </technique_common>
        </source>
        <source id="geom-panorama_ZwriteOFFShape-map1">
          <float_array id="geom-panorama_ZwriteOFFShape-map1-array" count="414">0.9863281 0.6738281 0 0.9863281 0.697998 0 0.7641602 0.6733398 0 0.7641602 0.6994629 0 0.7641602 0.6477051 0 0.9863281 0.6491699 0 0.7641602 0.6213379 0 0.9863281 0.6223145 0 0.7641602 0.5944824 0 0.9863281 0.5952148 0 0.7641602 0.5654297 0 0.9863281 0.5651855 0 0.7641602 0.536377 0 0.9863281 0.5358887 0 0.7641602 0.5112305 0 0.9863281 0.5102539 0 0.7641602 0.4863281 0 0.9863281 0.4853516 0 0.7641602 0.4428711 0 0.9863281 0.4428711 0 0.7641602 0.4042969 0 0.9863281 0.4042969 0 0.7641602 0.3662109 0 0.9863281 0.3662109 0 0.7641602 0.3364258 0 0.9868164 0.3364258 0 0.7641602 0.3046875 0 0.9873047 0.3046875 0 0.7641602 0.2626953 0 0.9873047 0.2631836 0 0.7641602 0.237793 0 0.9873047 0.2368164 0 0.7641602 0.2128906 0 0.9873047 0.2109375 0 0.7641602 0.1567383 0 0.9873047 0.15625 0 0.7641602 0.1362305 0 0.9873047 0.1352539 0 0.7641602 0.1147461 0 0.9873047 0.1147461 0 0.7641602 0.1010742 0 0.9873047 0.1010742 0 0.7641602 0.08740234 0 0.9873047 0.08789062 0 0.7641602 0.07373047 0 0.9873047 0.07373047 0 0.7641602 0.06005859 0 0.9873047 0.05957031 0 0.7641602 0.03564453 0 0.9873047 0.03564453 0 0.7641602 0 0 0.9873047 0 0 0.7641602 0.9436035 0 0.9863281 0.9447327 0 0.7641602 0.9999695 0 0.9863281 0.9999695 0 0.7641602 0.9005737 0 0.9863281 0.9025269 0 0.7641602 0.8685303 0 0.9863281 0.8703613 0 0.7641602 0.8361816 0 0.9863281 0.8369141 0 0.7641602 0.8028564 0 0.9863281 0.802124 0 0.7641602 0.7696533 0 0.9863281 0.7680664 0 0.7641602 0.7338867 0 0.9863281 0.7324219 0 0.7080078 0.8227539 0 0.7080078 0.3041992 0 0.9868164 0.6491699 0 0.9868164 0.6223145 0 0.9882813 0.6491699 0 0.9882813 0.6223145 0 0.9882813 0.5952148 0 0.9868164 0.5952148 0 0.9882813 0.5651855 0 0.9868164 0.5651855 0 0.9882813 0.5358887 0 0.9868164 0.5358887 0 0.9882813 0.5102539 0 0.9868164 0.5102539 0 0.9868164 0.4853516 0 0.9882813 0.4853516 0 0.9882813 0.4428711 0 0.9868164 0.4428711 0 0.9868164 0.4042969 0 0.9882813 0.4042969 0 0.9882813 0.3662109 0 0.9868164 0.3662109 0 0.9882813 0.3364258 0 0.9868164 0.3364258 0 0.9873047 0.3046875 0 0.9887695 0.3046875 0 0.9873047 0.2631836 0 0.9887695 0.2631836 0 0.9873047 0.2368164 0 0.9887695 0.2368164 0 0.9873047 0.2109375 0 0.9887695 0.2109375 0 0.9887695 0.15625 0 0.9873047 0.15625 0 0.9887695 0.1352539 0 0.9873047 0.1352539 0 0.9887695 0.1147461 0 0.9873047 0.1147461 0 0.9887695 0.1010742 0 0.9873047 0.1010742 0 0.9887695 0.08789062 0 0.9873047 0.08789062 0 0.9887695 0.07373047 0 0.9873047 0.07373047 0 0.9873047 0.05957031 0 0.9887695 0.05957031 0 0.9873047 0.03564453 0 0.9887695 0.03564453 0 0.9887695 0 0 0.9873047 0 0 0.9868164 0.9447327 0 0.9882813 0.9447327 0 0.9868164 0.9999695 0 0.9882813 0.9999695 0 0.9868164 0.9025269 0 0.9882813 0.9025269 0 0.9882813 0.8704834 0 0.9868164 0.8703613 0 0.9882813 0.8369141 0 0.9868164 0.8369141 0 0.9882813 0.802124 0 0.9868164 0.802124 0 0.9868164 0.7680664 0 0.9882813 0.7680664 0 0.9868164 0.7324219 0 0.9882813 0.7324219 0 0.9868164 0.697998 0 0.9882813 0.697998 0 0.9882813 0.6738281 0 0.9868164 0.6738281 0</float_array>
          <technique_common>
            <accessor source="#geom-panorama_ZwriteOFFShape-map1-array" count="138" stride="3">
              <param name="S" type="float"/>
              <param name="T" type="float"/>
              <param name="P" type="float"/>
            </accessor>
          </technique_common>
        </source>
        <source id="geom-panorama_ZwriteOFFShape-map2">
          <float_array id="geom-panorama_ZwriteOFFShape-map2-array" count="414">0.9975586 0.6738281 0 0.9975586 0.697998 0 0.7641602 0.6733398 0 0.7641602 0.6994629 0 0.7641602 0.6477051 0 0.9975586 0.6491699 0 0.7641602 0.6213379 0 0.9975586 0.6223145 0 0.7641602 0.5944824 0 0.9975586 0.5952148 0 0.7641602 0.5654297 0 0.9975586 0.5651855 0 0.7641602 0.536377 0 0.9975586 0.5358887 0 0.7641602 0.5112305 0 0.9975586 0.5102539 0 0.7641602 0.4863281 0 0.9975586 0.4853516 0 0.7641602 0.4428711 0 0.9975586 0.4428711 0 0.7641602 0.4042969 0 0.9975586 0.4042969 0 0.7641602 0.3662109 0 0.9975586 0.3662109 0 0.7641602 0.3364258 0 0.9980469 0.3364258 0 0.7641602 0.3046875 0 0.9980469 0.3046875 0 0.7641602 0.2626953 0 0.9980469 0.2631836 0 0.7641602 0.237793 0 0.9980469 0.2368164 0 0.7641602 0.2128906 0 0.9980469 0.2109375 0 0.7641602 0.1567383 0 0.9980469 0.15625 0 0.7641602 0.1362305 0 0.9980469 0.1352539 0 0.7641602 0.1147461 0 0.9980469 0.1147461 0 0.7641602 0.1010742 0 0.9980469 0.1010742 0 0.7641602 0.08740234 0 0.9980469 0.08789062 0 0.7641602 0.07373047 0 0.9980469 0.07373047 0 0.7641602 0.06005859 0 0.9980469 0.05957031 0 0.7641602 0.03564453 0 0.9980469 0.03564453 0 0.7641602 0 0 0.9980469 0 0 0.7641602 0.9436035 0 0.9975586 0.9447327 0 0.7641602 0.9999695 0 0.9975586 0.9999695 0 0.7641602 0.9005737 0 0.9975586 0.9025269 0 0.7641602 0.8685303 0 0.9975586 0.8703613 0 0.7641602 0.8361816 0 0.9975586 0.8369141 0 0.7641602 0.8028564 0 0.9975586 0.802124 0 0.7641602 0.7696533 0 0.9975586 0.7680664 0 0.7641602 0.7338867 0 0.9975586 0.7324219 0 0.5541992 0.8280029 0 0.3193359 0.3803711 0 0.9980469 0.6491699 0 0.9980469 0.6223145 0 0.9995117 0.6491699 0 0.9995117 0.6223145 0 0.9995117 0.5952148 0 0.9980469 0.5952148 0 0.9995117 0.5651855 0 0.9980469 0.5651855 0 0.9995117 0.5358887 0 0.9980469 0.5358887 0 0.9995117 0.5102539 0 0.9980469 0.5102539 0 0.9980469 0.4853516 0 0.9995117 0.4853516 0 0.9995117 0.4428711 0 0.9980469 0.4428711 0 0.9980469 0.4042969 0 0.9995117 0.4042969 0 0.9995117 0.3662109 0 0.9980469 0.3662109 0 1 0.3364258 0 0.9980469 0.3364258 0 0.9985352 0.3046875 0 1 0.3046875 0 0.9985352 0.2631836 0 1 0.2631836 0 0.9985352 0.2368164 0 1 0.2368164 0 0.9985352 0.2109375 0 1 0.2109375 0 1 0.15625 0 0.9985352 0.15625 0 1 0.1352539 0 0.9985352 0.1352539 0 1 0.1147461 0 0.9985352 0.1147461 0 1 0.1010742 0 0.9985352 0.1010742 0 1 0.08789062 0 0.9985352 0.08789062 0 1 0.07373047 0 0.9985352 0.07373047 0 0.9985352 0.05957031 0 1 0.05957031 0 0.9985352 0.03564453 0 1 0.03564453 0 1 0 0 0.9985352 0 0 0.9980469 0.9447327 0 0.9995117 0.9447327 0 0.9980469 0.9999695 0 0.9995117 0.9999695 0 0.9980469 0.9025269 0 0.9995117 0.9025269 0 0.9995117 0.8704834 0 0.9980469 0.8703613 0 0.9995117 0.8369141 0 0.9980469 0.8369141 0 0.9995117 0.802124 0 0.9980469 0.802124 0 0.9980469 0.7680664 0 0.9995117 0.7680664 0 0.9980469 0.7324219 0 0.9995117 0.7324219 0 0.9980469 0.697998 0 0.9995117 0.697998 0 0.9995117 0.6738281 0 0.9980469 0.6738281 0</float_array>
          <technique_common>
            <accessor source="#geom-panorama_ZwriteOFFShape-map2-array" count="138" stride="3">
              <param name="S" type="float"/>
              <param name="T" type="float"/>
              <param name="P" type="float"/>
            </accessor>
          </technique_common>
        </source>
        <vertices id="geom-panorama_ZwriteOFFShape-vertices">
          <input semantic="POSITION" source="#geom-panorama_ZwriteOFFShape-positions"/>
        </vertices>
        <triangles material="panorama_mat" count="231">
          <input semantic="VERTEX" source="#geom-panorama_ZwriteOFFShape-vertices" offset="0"/>
          <input semantic="NORMAL" source="#geom-panorama_ZwriteOFFShape-normals" offset="1"/>
          <input semantic="COLOR" source="#geom-panorama_ZwriteOFFShape-map0" offset="2" set="0"/>
          <input semantic="TEXCOORD" source="#geom-panorama_ZwriteOFFShape-map1" offset="3" set="0"/>
          <input semantic="TEXCOORD" source="#geom-panorama_ZwriteOFFShape-map2" offset="4" set="1"/>
          <p>0 0 0 0 0 134 1 134 134 134 1 2 1 1 1 137 3 137 137 137 134 1 134 134 134 0 0 0 0 0 0 0 0 0 0 70 4 70 70 70 137 3 137 137 137 5 5 5 5 5 70 4 70 70 70 0 0 0 0 0 0 0 0 0 0 4 6 4 4 4 5 5 5 5 5 2 7 2 2 2 4 6 4 4 4 0 0 0 0 0 0 0 0 0 0 1 2 1 1 1 2 7 2 2 2 67 8 67 67 67 134 1 134 134 134 132 9 132 132 132 1 2 1 1 1 134 1 134 134 134 67 8 67 67 67 137 3 137 137 137 135 10 135 135 135 134 1 134 134 134 134 1 134 134 134 135 10 135 135 135 132 9 132 132 132 66 11 66 66 66 1 2 1 1 1 67 8 67 67 67 3 12 3 3 3 1 2 1 1 1 66 11 66 66 66 2 7 2 2 2 1 2 1 1 1 3 12 3 3 3 68 13 68 68 68 2 7 2 2 2 3 12 3 3 3 68 13 68 68 68 4 6 4 4 4 2 7 2 2 2 69 14 69 69 69 6 15 6 6 6 4 6 4 4 4 4 6 4 4 4 6 15 6 6 6 5 5 5 5 5 5 5 5 5 5 7 16 7 7 7 70 4 70 70 70 5 5 5 5 5 6 15 6 6 6 7 16 7 7 7 70 4 70 70 70 7 16 7 7 7 71 17 71 71 71 70 4 70 70 70 136 18 136 136 136 137 3 137 137 137 72 19 72 72 72 136 18 136 136 136 70 4 70 70 70 70 4 70 70 70 71 17 71 71 71 72 19 72 72 72 136 18 136 136 136 135 10 135 135 135 137 3 137 137 137 132 9 132 132 132 135 10 135 135 135 133 20 133 133 133 65 21 65 65 65 132 9 132 132 132 130 22 130 130 130 67 8 67 67 67 132 9 132 132 132 65 21 65 65 65 132 9 132 132 132 133 20 133 133 133 130 22 130 130 130 64 23 64 64 64 67 8 67 67 67 65 21 65 65 65 66 11 66 66 66 67 8 67 67 67 64 23 64 64 64 68 13 68 68 68 66 11 66 66 66 64 23 64 64 64 68 13 68 68 68 3 12 3 3 3 66 11 66 66 66 68 13 68 68 68 52 24 52 52 52 54 25 54 54 54 68 13 68 68 68 56 26 56 56 56 52 24 52 52 52 68 13 68 68 68 58 27 58 58 58 56 26 56 56 56 68 13 68 68 68 60 28 60 60 60 58 27 58 58 58 68 13 68 68 68 62 29 62 62 62 60 28 60 60 60 68 13 68 68 68 64 23 64 64 64 62 29 62 62 62 64 23 64 64 64 65 21 65 65 65 62 29 62 62 62 65 21 65 65 65 130 22 130 130 130 63 30 63 63 63 62 29 62 62 62 65 21 65 65 65 63 30 63 63 63 63 30 63 63 63 130 22 130 130 130 129 31 129 129 129 130 22 130 130 130 133 20 133 133 133 131 32 131 131 131 130 22 130 130 130 131 32 131 131 131 129 31 129 129 129 63 30 63 63 63 127 33 127 127 127 61 34 61 61 61 129 31 129 129 129 127 33 127 127 127 63 30 63 63 63 60 28 60 60 60 63 30 63 63 63 61 34 61 61 61 62 29 62 62 62 63 30 63 63 63 60 28 60 60 60 60 28 60 60 60 61 34 61 61 61 58 27 58 58 58 58 27 58 58 58 61 34 61 61 61 59 35 59 59 59 58 27 58 58 58 59 35 59 59 59 56 26 56 56 56 56 26 56 56 56 59 35 59 59 59 57 36 57 57 57 56 26 56 56 56 57 36 57 57 57 52 24 52 52 52 52 24 52 52 52 57 36 57 57 57 53 37 53 53 53 52 24 52 52 52 53 37 53 53 53 54 25 54 54 54 54 25 54 54 54 53 37 53 53 53 55 38 55 55 55 53 37 53 53 53 118 39 118 118 118 55 38 55 55 55 53 37 53 53 53 122 40 122 122 122 118 39 118 118 118 57 36 57 57 57 122 40 122 122 122 53 37 53 53 53 59 35 59 59 59 122 40 122 122 122 57 36 57 57 57 125 41 125 125 125 122 40 122 122 122 59 35 59 59 59 61 34 61 61 61 125 41 125 125 125 59 35 59 59 59 127 33 127 127 127 125 41 125 125 125 61 34 61 61 61 129 31 129 129 129 126 42 126 126 126 127 33 127 127 127 127 33 127 127 127 124 43 124 124 124 125 41 125 125 125 126 42 126 126 126 124 43 124 124 124 127 33 127 127 127 129 31 129 129 129 131 32 131 131 131 128 44 128 128 128 128 44 128 128 128 126 42 126 126 126 129 31 129 129 129 124 43 124 124 124 123 45 123 123 123 125 41 125 125 125 125 41 125 125 125 123 45 123 123 123 122 40 122 122 122 122 40 122 122 122 123 45 123 123 123 118 39 118 118 118 55 38 55 55 55 118 39 118 118 118 120 46 120 120 120 118 39 118 118 118 123 45 123 123 123 119 47 119 119 119 118 39 118 118 118 119 47 119 119 119 120 46 120 120 120 120 46 120 120 120 119 47 119 119 119 121 48 121 121 121 72 19 72 72 72 71 17 71 71 71 73 49 73 73 73 9 50 9 9 9 71 17 71 71 71 7 16 7 7 7 75 51 75 75 75 71 17 71 71 71 9 50 9 9 9 75 51 75 75 75 73 49 73 73 73 71 17 71 71 71 74 52 74 74 74 73 49 73 73 73 75 51 75 75 75 11 53 11 11 11 75 51 75 75 75 9 50 9 9 9 77 54 77 77 77 75 51 75 75 75 11 53 11 11 11 77 54 77 77 77 74 52 74 74 74 75 51 75 75 75 9 50 9 9 9 10 55 10 10 10 11 53 11 11 11 8 56 8 8 8 10 55 10 10 10 9 50 9 9 9 7 16 7 7 7 8 56 8 8 8 9 50 9 9 9 6 15 6 6 6 8 56 8 8 8 7 16 7 7 7 69 14 69 69 69 8 56 8 8 8 6 15 6 6 6 69 14 69 69 69 10 55 10 10 10 8 56 8 8 8 69 14 69 69 69 12 57 12 12 12 10 55 10 10 10 10 55 10 10 10 12 57 12 12 12 11 53 11 11 11 13 58 13 13 13 77 54 77 77 77 11 53 11 11 11 11 53 11 11 11 12 57 12 12 12 13 58 13 13 13 79 59 79 79 79 77 54 77 77 77 13 58 13 13 13 79 59 79 79 79 76 60 76 76 76 77 54 77 77 77 76 60 76 76 76 74 52 74 74 74 77 54 77 77 77 13 58 13 13 13 81 61 81 81 81 79 59 79 79 79 15 62 15 15 15 81 61 81 81 81 13 58 13 13 13 13 58 13 13 13 14 63 14 14 14 15 62 15 15 15 12 57 12 12 12 14 63 14 14 14 13 58 13 13 13 69 14 69 69 69 14 63 14 14 14 12 57 12 12 12 69 14 69 69 69 16 64 16 16 16 14 63 14 14 14 14 63 14 14 14 16 64 16 16 16 15 62 15 15 15 15 62 15 15 15 82 65 82 82 82 81 61 81 81 81 17 66 17 17 17 82 65 82 82 82 15 62 15 15 15 15 62 15 15 15 16 64 16 16 16 17 66 17 17 17 81 61 81 81 81 83 67 83 83 83 80 68 80 80 80 82 65 82 82 82 83 67 83 83 83 81 61 81 81 81 81 61 81 81 81 78 69 78 78 78 79 59 79 79 79 80 68 80 80 80 78 69 78 78 78 81 61 81 81 81 78 69 78 78 78 76 60 76 76 76 79 59 79 79 79 85 70 85 85 85 83 67 83 83 83 82 65 82 82 82 84 71 84 84 84 83 67 83 83 83 85 70 85 85 85 19 72 19 19 19 82 65 82 82 82 17 66 17 17 17 85 70 85 85 85 82 65 82 82 82 19 72 19 19 19 17 66 17 17 17 18 73 18 18 18 19 72 19 19 19 16 64 16 16 16 18 73 18 18 18 17 66 17 17 17 69 14 69 69 69 18 73 18 18 18 16 64 16 16 16 69 14 69 69 69 20 74 20 20 20 18 73 18 18 18 18 73 18 18 18 21 75 21 21 21 19 72 19 19 19 20 74 20 20 20 21 75 21 21 21 18 73 18 18 18 19 72 19 19 19 86 76 86 86 86 85 70 85 85 85 21 75 21 21 21 86 76 86 86 86 19 72 19 19 19 85 70 85 85 85 87 77 87 87 87 84 71 84 84 84 86 76 86 86 86 87 77 87 87 87 85 70 85 85 85 23 78 23 23 23 86 76 86 86 86 21 75 21 21 21 89 79 89 89 89 86 76 86 86 86 23 78 23 23 23 89 79 89 89 89 87 77 87 87 87 86 76 86 86 86 20 74 20 20 20 23 78 23 23 23 21 75 21 21 21 69 14 69 69 69 22 80 22 22 22 20 74 20 20 20 22 80 22 22 22 23 78 23 23 23 20 74 20 20 20 25 81 25 25 25 89 79 89 89 89 23 78 23 23 23 22 80 22 22 22 25 81 25 25 25 23 78 23 23 23 91 82 91 91 91 89 79 89 89 89 25 81 25 25 25 91 82 91 91 91 88 83 88 88 88 89 79 89 89 89 88 83 88 88 88 87 77 87 87 87 89 79 89 89 89 25 81 25 25 25 92 84 92 92 92 91 82 91 91 91 27 85 27 27 27 92 84 92 92 92 25 81 25 25 25 24 86 24 24 24 27 85 27 27 27 25 81 25 25 25 24 86 24 24 24 25 81 25 25 25 22 80 22 22 22 69 14 69 69 69 24 86 24 24 24 22 80 22 22 22 69 14 69 69 69 26 87 26 26 26 24 86 24 24 24 26 87 26 26 26 27 85 27 27 27 24 86 24 24 24 27 85 27 27 27 94 88 94 94 94 92 84 92 92 92 29 89 29 29 29 94 88 94 94 94 27 85 27 27 27 26 87 26 26 26 29 89 29 29 29 27 85 27 27 27 92 84 92 92 92 95 90 95 95 95 93 91 93 93 93 94 88 94 94 94 95 90 95 95 95 92 84 92 92 92 92 84 92 92 92 93 91 93 93 93 91 82 91 91 91 91 82 91 91 91 93 91 93 93 93 90 92 90 90 90 90 92 90 90 90 88 83 88 88 88 91 82 91 91 91 94 88 94 94 94 97 93 97 97 97 95 90 95 95 95 29 89 29 29 29 96 94 96 96 96 94 88 94 94 94 96 94 96 96 96 97 93 97 97 97 94 88 94 94 94 31 95 31 31 31 96 94 96 96 96 29 89 29 29 29 28 96 28 28 28 31 95 31 31 31 29 89 29 29 29 28 96 28 28 28 29 89 29 29 29 26 87 26 26 26 69 14 69 69 69 28 96 28 28 28 26 87 26 26 26 69 14 69 69 69 30 97 30 30 30 28 96 28 28 28 30 97 30 30 30 31 95 31 31 31 28 96 28 28 28 31 95 31 31 31 98 98 98 98 98 96 94 96 96 96 33 99 33 33 33 98 98 98 98 98 31 95 31 31 31 30 97 30 30 30 33 99 33 33 33 31 95 31 31 31 96 94 96 96 96 99 100 99 99 99 97 93 97 97 97 98 98 98 98 98 99 100 99 99 99 96 94 96 96 96 35 101 35 35 35 98 98 98 98 98 33 99 33 33 33 101 102 101 101 101 98 98 98 98 98 35 101 35 35 35 101 102 101 101 101 99 100 99 99 99 98 98 98 98 98 33 99 33 33 33 34 103 34 34 34 35 101 35 35 35 32 104 32 32 32 34 103 34 34 34 33 99 33 33 33 32 104 32 32 32 33 99 33 33 33 30 97 30 30 30 69 14 69 69 69 32 104 32 32 32 30 97 30 30 30 69 14 69 69 69 34 103 34 34 34 32 104 32 32 32 69 14 69 69 69 36 105 36 36 36 34 103 34 34 34 69 14 69 69 69 38 106 38 38 38 36 105 36 36 36 69 14 69 69 69 40 107 40 40 40 38 106 38 38 38 69 14 69 69 69 42 108 42 42 42 40 107 40 40 40 69 14 69 69 69 44 109 44 44 44 42 108 42 42 42 69 14 69 69 69 46 110 46 46 46 44 109 44 44 44 69 14 69 69 69 48 111 48 48 48 46 110 46 46 46 69 14 69 69 69 50 112 50 50 50 48 111 48 48 48 34 103 34 34 34 36 105 36 36 36 35 101 35 35 35 37 113 37 37 37 101 102 101 101 101 35 101 35 35 35 35 101 35 35 35 36 105 36 36 36 37 113 37 37 37 103 114 103 103 103 101 102 101 101 101 37 113 37 37 37 103 114 103 103 103 100 115 100 100 100 101 102 101 101 101 100 115 100 100 100 99 100 99 99 99 101 102 101 101 101 39 116 39 39 39 103 114 103 103 103 37 113 37 37 37 37 113 37 37 37 38 106 38 38 38 39 116 39 39 39 36 105 36 36 36 38 106 38 38 38 37 113 37 37 37 38 106 38 38 38 40 107 40 40 40 39 116 39 39 39 40 107 40 40 40 42 108 42 42 42 41 117 41 41 41 39 116 39 39 39 40 107 40 40 40 41 117 41 41 41 42 108 42 42 42 44 109 44 44 44 43 118 43 43 43 41 117 41 41 41 42 108 42 42 42 43 118 43 43 43 44 109 44 44 44 46 110 46 46 46 45 119 45 45 45 43 118 43 43 43 44 109 44 44 44 45 119 45 45 45 46 110 46 46 46 48 111 48 48 48 47 120 47 47 47 45 119 45 45 45 46 110 46 46 46 47 120 47 47 47 48 111 48 48 48 50 112 50 50 50 49 121 49 49 49 47 120 47 47 47 48 111 48 48 48 49 121 49 49 49 49 121 49 49 49 50 112 50 50 50 51 122 51 51 51 49 121 49 49 49 117 123 117 117 117 114 124 114 114 114 51 122 51 51 51 117 123 117 117 117 49 121 49 49 49 49 121 49 49 49 114 124 114 114 114 47 120 47 47 47 47 120 47 47 47 112 125 112 112 112 45 119 45 45 45 47 120 47 47 47 114 124 114 114 114 112 125 112 112 112 45 119 45 45 45 111 126 111 111 111 43 118 43 43 43 45 119 45 45 45 112 125 112 112 112 111 126 111 111 111 43 118 43 43 43 109 127 109 109 109 41 117 41 41 41 43 118 43 43 43 111 126 111 111 111 109 127 109 109 109 41 117 41 41 41 107 128 107 107 107 39 116 39 39 39 41 117 41 41 41 109 127 109 109 109 107 128 107 107 107 105 129 105 105 105 103 114 103 103 103 39 116 39 39 39 39 116 39 39 39 107 128 107 107 107 105 129 105 105 105 105 129 105 105 105 102 130 102 102 102 103 114 103 103 103 102 130 102 102 102 100 115 100 100 100 103 114 103 103 103 107 128 107 107 107 104 131 104 104 104 105 129 105 105 105 104 131 104 104 104 102 130 102 102 102 105 129 105 105 105 109 127 109 109 109 106 132 106 106 106 107 128 107 107 107 106 132 106 106 106 104 131 104 104 104 107 128 107 107 107 111 126 111 111 111 108 133 108 108 108 109 127 109 109 109 108 133 108 108 108 106 132 106 106 106 109 127 109 109 109 111 126 111 111 111 113 134 113 113 113 110 135 110 110 110 112 125 112 112 112 113 134 113 113 113 111 126 111 111 111 110 135 110 110 110 108 133 108 108 108 111 126 111 111 111 112 125 112 112 112 115 136 115 115 115 113 134 113 113 113 114 124 114 114 114 115 136 115 115 115 112 125 112 112 112 117 123 117 117 117 115 136 115 115 115 114 124 114 114 114 116 137 116 116 116 115 136 115 115 115 117 123 117 117 117</p>
        </triangles>
      </mesh>
    </geometry>
    <geometry id="geom-panorama_ZwriteONShape" name="panorama_ZwriteONShape">
      <mesh>
        <source id="geom-panorama_ZwriteONShape-positions">
          <float_array id="geom-panorama_ZwriteONShape-positions-array" count="414">1.26408 -7.18804 -1.58369 1.26 -7.2399 -0.083179 2.43794 -3.43823 -0.354941 2.43499 -3.45035 0.328978 2.43278 -3.23676 -0.996472 1.25676 -6.77985 -2.99917 2.42575 -2.94548 -1.62684 1.2505 -6.20481 -4.38732 2.41953 -2.56817 -2.21448 1.23722 -5.42225 -5.67946 2.41148 -2.11249 -2.8129 1.21205 -4.43957 -6.96309 2.40808 -1.55419 -3.28995 1.19226 -3.22664 -7.95282 2.40742 -1.02021 -3.62442 1.19188 -2.07209 -8.66413 2.41469 -0.431947 -3.8 1.21102 -0.80522 -9.05055 2.34818 0.649513 -3.76222 1.0654 1.45166 -8.98714 2.35949 1.51533 -3.43185 1.08511 3.27582 -8.26884 2.32154 2.15339 -2.83322 0.969551 4.6856 -6.91958 2.30471 2.42638 -2.22554 0.923996 5.29989 -5.58095 2.33979 2.68507 -1.52911 1.01516 5.87893 -4.07307 2.36343 2.86456 -0.530241 1.09942 6.31891 -1.94886 2.37737 2.94593 0.059534 1.1442 6.53138 -0.676431 2.3872 2.9566 0.636659 1.1673 6.57628 0.600716 2.37415 2.78501 1.99211 1.14096 6.18711 3.56879 2.36942 2.64242 2.47118 1.12877 5.85687 4.6109 2.3648 2.47873 2.97217 1.11715 5.48457 5.70927 2.36557 2.37861 3.28945 1.11742 5.25869 6.40216 2.36808 2.25506 3.58752 1.12217 4.98305 7.04965 2.37188 2.10978 3.87368 1.13212 4.66107 7.66744 2.37316 1.94821 4.15217 1.14431 4.294 8.2535 2.38607 1.60908 4.60289 1.16943 3.56488 9.25919 2.3946 0.907195 4.99736 1.17702 2.06776 10.1577 2.43539 -0.456131 5.11179 1.25303 -0.832083 10.3687 2.3946 0.907195 4.99736 1.17702 2.06776 10.1577 2.44655 -1.41599 4.69725 1.27633 -2.87118 9.42708 2.43506 -2.03677 4.22813 1.25383 -4.20851 8.40957 2.41515 -2.53984 3.6213 1.20416 -5.29871 7.06459 2.40159 -2.95999 2.92402 1.17916 -6.22293 5.55047 2.39978 -3.20116 2.13795 1.18778 -6.7741 3.86171 2.41701 -3.41104 1.24232 1.23161 -7.21707 1.90688 2.57831 -0.0764372 0.71569 2.57831 -0.0764372 0.71569 0.930065 -6.82876 -3.01529 0.923775 -6.25067 -4.40911 -1.17939 -6.8932 -3.03329 -1.19176 -6.28741 -4.42632 -1.20898 -5.47906 -5.7234 0.910923 -5.46368 -5.70617 -1.23048 -4.49493 -7.03547 0.885021 -4.47613 -6.99639 -1.24472 -3.27936 -8.05573 0.866032 -3.25634 -7.99108 -1.24447 -2.11691 -8.78163 0.86488 -2.09403 -8.70739 0.884644 -0.81105 -9.0979 -1.22581 -0.830397 -9.17423 -1.36793 1.47834 -9.11242 0.737499 1.46216 -9.03454 0.758202 3.30285 -8.30847 -1.35328 3.3441 -8.36308 -1.46869 4.7759 -6.99977 0.64027 4.72907 -6.94585 -1.52005 5.40981 -5.64288 0.595146 5.34876 -5.59765 0.687202 5.92798 -4.08667 -1.43842 6.00286 -4.11907 0.771912 6.36881 -1.95807 -1.36483 6.44128 -1.96626 0.816135 6.58222 -0.681787 -1.32463 6.64215 -0.675231 0.838997 6.62772 0.603589 -1.30378 6.68058 0.618069 -1.33036 6.28955 3.61504 0.812382 6.2377 3.57976 -1.33891 5.95283 4.66729 0.801151 5.90581 4.62628 -1.34493 5.57137 5.76722 0.789597 5.53375 5.72386 -1.34101 5.3431 6.46942 0.789471 5.30748 6.41826 -1.33213 5.06446 7.12855 0.79472 5.02986 7.06901 -1.32046 4.74179 7.7581 0.805031 4.70583 7.68983 0.817528 4.33674 8.27856 -1.30692 4.37322 8.35311 0.841446 3.5998 9.29454 -1.28204 3.63453 9.3738 -1.27209 2.11002 10.2785 0.847424 2.08544 10.2072 0.923759 -0.839608 10.4206 -1.18397 -0.855113 10.4949 0.847424 2.08544 10.2072 -1.27209 2.11002 10.2785 0.950249 -2.89862 9.46846 -1.15649 -2.93791 9.53933 -1.18263 -4.29345 8.49489 0.926903 -4.24595 8.44412 -1.23352 -5.38455 7.12995 0.876865 -5.34119 7.09101 -1.26046 -6.30848 5.59884 0.850941 -6.27002 5.57015 0.860477 -6.82318 3.87462 -1.25604 -6.84659 3.88324 0.90374 -7.26834 1.91333 -1.21338 -7.29777 1.91103 0.933414 -7.29166 -0.0829563 -1.17629 -7.35648 -0.0945965 -1.17095 -7.31604 -1.60772 0.936256 -7.24018 -1.59127</float_array>
          <technique_common>
            <accessor source="#geom-panorama_ZwriteONShape-positions-array" count="138" stride="3">
              <param name="X" type="float"/>
              <param name="Y" type="float"/>
              <param name="Z" type="float"/>
            </accessor>
          </technique_common>
        </source>
        <source id="geom-panorama_ZwriteONShape-normals">
          <float_array id="geom-panorama_ZwriteONShape-normals-array" count="414">-0.9229941 0.379209 0.0654398 -0.04469847 0.9989987 0.001900601 -0.9211001 0.3892454 -0.007905784 -0.05076173 0.9865419 0.1554292 -0.04667446 0.9406935 0.3360317 -0.9284869 0.3470226 0.1322398 -0.9723744 0.2175755 0.08455164 -0.9698595 0.2408777 0.0367482 -0.9203113 0.3856612 -0.06551845 -0.03604913 0.9919158 -0.1216696 -0.02705713 0.9996334 0.001040585 -0.9685605 0.2440938 -0.04804949 -0.9689783 0.2468843 -0.01136285 -0.999919 -0.01267759 0.001159186 -0.999919 -0.01267759 0.001159186 -0.973985 0.1983139 0.1096588 -0.9328169 0.3154972 0.1741095 -0.03790559 0.8882483 0.457797 -0.03413045 0.9871578 0.1560598 -0.02974107 0.9409714 0.3371773 -0.01737241 0.9921507 -0.1238356 -0.921204 0.3721938 -0.1133799 -0.03300087 0.9646877 -0.2613205 -0.9686682 0.2366716 -0.07528795 -0.9820133 0.008644805 -0.1886139 -0.980553 -0.06799901 -0.1840979 -0.9802862 0.10135 -0.1696086 -0.9750071 0.1714566 -0.141293 -0.9713691 0.2060924 -0.1181857 -0.9689565 0.2288085 -0.09364789 -0.9238133 0.3488116 -0.1577957 -0.03839627 0.9093017 -0.4143623 -0.01446894 0.9650843 -0.2615398 -0.0441349 0.8184795 -0.572838 -0.9298433 0.3103547 -0.197665 -0.9385598 0.2491676 -0.2387907 -0.9489655 0.1522594 -0.2761914 -0.9523877 0.01933774 -0.3042757 -0.9500777 -0.09177164 -0.2982121 -0.05252485 0.1461296 -0.9878701 -0.05189512 0.5016121 -0.8635347 -0.0490527 0.6983981 -0.7140266 -0.02747963 0.8197479 -0.5720649 -0.03290524 0.7008389 -0.7125602 -0.02088051 0.9099504 -0.4141911 -0.03635778 0.5021098 -0.8640392 -0.05198342 -0.2435865 -0.9684851 -0.03659146 0.1413608 -0.9892817 -0.03660615 -0.2475419 -0.9681854 -0.0200266 0.8880087 0.4593906 -0.9374765 0.2787026 0.2084774 -0.03281757 0.8240111 0.5656223 -0.01461754 0.8241392 0.5661988 -0.9408232 0.2327634 0.2463188 -0.03697633 0.7230383 0.6898176 -0.9768941 0.1492206 0.153006 -0.9758914 0.174371 0.1312667 -0.9782884 0.1191114 0.1696009 -0.9445446 0.1864425 0.2703234 -0.04485412 0.586737 0.8085343 -0.01993504 0.722424 0.6911629 -0.05022448 0.4135199 0.9091088 -0.9479502 0.1339389 0.2888782 -0.979458 0.09110669 0.179893 -0.9814907 -0.01641922 0.1908047 -0.05223266 0.09115531 0.9944659 -0.9531735 -0.009918718 0.3022615 -0.03714994 0.08846387 0.9953864 -0.03562967 0.4140002 0.9095793 -0.02924515 0.5866125 0.8093395 -0.04985201 -0.1885401 0.9807993 -0.03596524 -0.1936872 0.980404 -0.9470067 -0.08717932 0.3091569 -0.978486 -0.06655952 0.195282 -0.9755258 -0.1394655 0.1699965 -0.9436489 -0.1848712 0.2744983 -0.04975403 -0.5372214 0.8419725 -0.03421973 -0.542143 0.8395891 -0.9224444 -0.3252239 0.2081482 -0.04884081 -0.7961053 0.603184 -0.9628456 -0.2416884 0.1204778 -0.9081624 -0.3844668 0.165609 -0.0500836 -0.9200001 0.3887049 -0.03357987 -0.8005441 0.5983323 -0.05191867 -0.961579 0.2695742 -0.9107803 -0.3828696 0.1545641 -0.9615129 -0.2463602 0.1216541 -0.9615466 -0.2541823 0.104017 -0.04996249 -0.9810594 0.1871533 -0.9105936 -0.399606 0.1055194 -0.0338862 -0.981784 0.1869541 -0.03620328 -0.961188 0.2735088 -0.03483284 -0.9202465 0.3897859 -0.02846269 -0.9948055 0.09773463 -0.04526117 -0.9942197 0.09735882 -0.9093275 -0.4111997 0.06354793 -0.9627388 -0.259368 0.07656485 -0.9620624 -0.2688403 0.04648544 -0.04331147 -0.9957671 -0.08106785 -0.9074433 -0.4188012 -0.03394365 -0.02591612 -0.9963511 -0.08131983 -0.9055893 -0.4154281 -0.08560114 -0.04327451 -0.9834117 -0.1761498 -0.9601393 -0.2739767 -0.0553997 -0.9611446 -0.2749616 -0.02443459 -0.9640118 -0.2500375 -0.09034559 -0.9624305 -0.2558669 -0.090884 -0.9628235 -0.2554829 -0.0877459 -0.9651519 -0.2417764 -0.1001296 -0.9675722 -0.2267518 -0.1113001 -0.9709522 -0.2074507 -0.1192322 -0.9762018 -0.1546833 -0.1519974 -0.980553 -0.06799901 -0.1840979 -0.9139277 -0.3829606 -0.1344514 -0.0434685 -0.9484925 -0.3138035 -0.02626889 -0.9837174 -0.177792 -0.9105704 -0.3912913 -0.1332393 -0.9136948 -0.3811538 -0.1410098 -0.9187863 -0.3602366 -0.1614348 -0.9239584 -0.3374499 -0.1800791 -0.9312915 -0.3083957 -0.1938766 -0.9440767 -0.2123318 -0.2522585 -0.9500777 -0.09177164 -0.2982121 -0.05198342 -0.2435865 -0.9684851 -0.0524892 -0.6492905 -0.758727 -0.04924185 -0.8235265 -0.5651365 -0.04649967 -0.8685638 -0.4933911 -0.04367711 -0.9044306 -0.4243791 -0.04154269 -0.9362214 -0.3489464 -0.04176209 -0.9470959 -0.3182223 -0.02622111 -0.948966 -0.314287 -0.02436207 -0.9476173 -0.3184775 -0.02427389 -0.9365143 -0.3497883 -0.02693418 -0.9048664 -0.4248428 -0.03388485 -0.8239818 -0.5656022 -0.03039283 -0.869012 -0.4938567 -0.03718922 -0.6492543 -0.7596617 -0.03660615 -0.2475419 -0.9681854</float_array>
          <technique_common>
            <accessor source="#geom-panorama_ZwriteONShape-normals-array" count="138" stride="3">
              <param name="X" type="float"/>
              <param name="Y" type="float"/>
              <param name="Z" type="float"/>
            </accessor>
          </technique_common>
        </source>
        <source id="geom-panorama_ZwriteONShape-map-2">
          <float_array id="geom-panorama_ZwriteONShape-map-2-array" count="414">1 1 1 1 1 1 1 1 1 1 1 1 1 1 1 1 1 1 1 1 1 1 1 1 1 1 1 1 1 1 1 1 1 1 1 1 1 1 1 1 1 1 1 1 1 1 1 1 1 1 1 1 1 1 1 1 1 1 1 1 1 1 1 1 1 1 1 1 1 1 1 1 1 1 1 1 1 1 1 1 1 1 1 1 1 1 1 1 1 1 1 1 1 1 1 1 1 1 1 1 1 1 1 1 1 1 1 1 1 1 1 1 1 1 1 1 1 1 1 1 1 1 1 1 1 1 1 1 1 1 1 1 1 1 1 1 1 1 1 1 1 1 1 1 1 1 1 1 1 1 1 1 1 1 1 1 1 1 1 1 1 1 1 1 1 1 1 1 1 1 1 1 1 1 1 1 1 1 1 1 1 1 1 1 1 1 1 1 1 1 1 1 1 1 1 1 1 1 1 1 1 1 1 1 1 1 1 1 1 1 1 1 1 1 1 1 0 0 0 0 0 0 0 0 0 1 1 1 0 0 0 1 1 1 0 0 0 1 1 1 0 0 0 1 1 1 1 1 1 0 0 0 0 0 0 1 1 1 1 1 1 0 0 0 0 0 0 1 1 1 0 0 0 1 1 1 1 1 1 0 0 0 1 1 1 0 0 0 1 1 1 0 0 0 1 1 1 0 0 0 0 0 0 1 1 1 0 0 0 1 1 1 0 0 0 1 1 1 0 0 0 1 1 1 0 0 0 1 1 1 0 0 0 1 1 1 1 1 1 0 0 0 1 1 1 0 0 0 0 0 0 1 1 1 1 1 1 0 0 0 1 1 1 0 0 0 1 1 1 0 0 0 0 0 0 1 1 1 0 0 0 1 1 1 0 0 0 1 1 1 1 1 1 0 0 0 1 1 1 0 0 0 1 1 1 0 0 0 0 0 0 1 1 1</float_array>
          <technique_common>
            <accessor source="#geom-panorama_ZwriteONShape-map-2-array" count="138" stride="3">
              <param name="R" type="float"/>
              <param name="G" type="float"/>
              <param name="B" type="float"/>
            </accessor>
          </technique_common>
        </source>
        <source id="geom-panorama_ZwriteONShape-map0">
          <float_array id="geom-panorama_ZwriteONShape-map0-array" count="414">0.5019608 0.5019608 0.5019608 0.5019608 0.5019608 0.5019608 0.5019608 0.5019608 0.5019608 0.5019608 0.5019608 0.5019608 0.5019608 0.5019608 0.5019608 0.5019608 0.5019608 0.5019608 0.5019608 0.5019608 0.5019608 0.5019608 0.5019608 0.5019608 0.5019608 0.5019608 0.5019608 0.5019608 0.5019608 0.5019608 0.5019608 0.5019608 0.5019608 0.5019608 0.5019608 0.5019608 0.5019608 0.5019608 0.5019608 0.5019608 0.5019608 0.5019608 0.5019608 0.5019608 0.5019608 0.5019608 0.5019608 0.5019608 0.5019608 0.5019608 0.5019608 0.5019608 0.5019608 0.5019608 0.5019608 0.5019608 0.5019608 0.5019608 0.5019608 0.5019608 0.5019608 0.5019608 0.5019608 0.5019608 0.5019608 0.5019608 0.5019608 0.5019608 0.5019608 0.5019608 0.5019608 0.5019608 0.5019608 0.5019608 0.5019608 0.5019608 0.5019608 0.5019608 0.5019608 0.5019608 0.5019608 0.5019608 0.5019608 0.5019608 0.5019608 0.5019608 0.5019608 0.5019608 0.5019608 0.5019608 0.5019608 0.5019608 0.5019608 0.5019608 0.5019608 0.5019608 0.5019608 0.5019608 0.5019608 0.5019608 0.5019608 0.5019608 0.5019608 0.5019608 0.5019608 0.5019608 0.5019608 0.5019608 0.5019608 0.5019608 0.5019608 0.5019608 0.5019608 0.5019608 0.5019608 0.5019608 0.5019608 0.5019608 0.5019608 0.5019608 0.5019608 0.5019608 0.5019608 0.5019608 0.5019608 0.5019608 0.5019608 0.5019608 0.5019608 0.5019608 0.5019608 0.5019608 0.5019608 0.5019608 0.5019608 0.5019608 0.5019608 0.5019608 0.5019608 0.5019608 0.5019608 0.5019608 0.5019608 0.5019608 0.5019608 0.5019608 0.5019608 0.5019608 0.5019608 0.5019608 0.5019608 0.5019608 0.5019608 0.5019608 0.5019608 0.5019608 0.5019608 0.5019608 0.5019608 0.5019608 0.5019608 0.5019608 0.5019608 0.5019608 0.5019608 0.5019608 0.5019608 0.5019608 0.5019608 0.5019608 0.5019608 0.5019608 0.5019608 0.5019608 0.5019608 0.5019608 0.5019608 0.5019608 0.5019608 0.5019608 0.5019608 0.5019608 0.5019608 0.5019608 0.5019608 0.5019608 0.5019608 0.5019608 0.5019608 0.5019608 0.5019608 0.5019608 0.5019608 0.5019608 0.5019608 0.5019608 0.5019608 0.5019608 0.5019608 0.5019608 0.5019608 0.5019608 0.5019608 0.5019608 0.5019608 0.5019608 0.5019608 0.5019608 0.5019608 0.5019608 0.5019608 0.5019608 0.5019608 0.5019608 0.5019608 0.5019608 0.5019608 0.5019608 0.5019608 0.5019608 0.5019608 0.5019608 0.5019608 0.5019608 0.5019608 0.5019608 0.5019608 0.5019608 0.5019608 0.5019608 0.5019608 0.5019608 0.5019608 0.5019608 0.5019608 0.5019608 0.5019608 0.5019608 0.5019608 0.5019608 0.5019608 0.5019608 0.5019608 0.5019608 0.5019608 0.5019608 0.5019608 0.5019608 0.5019608 0.5019608 0.5019608 0.5019608 0.5019608 0.5019608 0.5019608 0.5019608 0.5019608 0.5019608 0.5019608 0.5019608 0.5019608 0.5019608 0.5019608 0.5019608 0.5019608 0.5019608 0.5019608 0.5019608 0.5019608 0.5019608 0.5019608 0.5019608 0.5019608 0.5019608 0.5019608 0.5019608 0.5019608 0.5019608 0.5019608 0.5019608 0.5019608 0.5019608 0.5019608 0.5019608 0.5019608 0.5019608 0.5019608 0.5019608 0.5019608 0.5019608 0.5019608 0.5019608 0.5019608 0.5019608 0.5019608 0.5019608 0.5019608 0.5019608 0.5019608 0.5019608 0.5019608 0.5019608 0.5019608 0.5019608 0.5019608 0.5019608 0.5019608 0.5019608 0.5019608 0.5019608 0.5019608 0.5019608 0.5019608 0.5019608 0.5019608 0.5019608 0.5019608 0.5019608 0.5019608 0.5019608 0.5019608 0.5019608 0.5019608 0.5019608 0.5019608 0.5019608 0.5019608 0.5019608 0.5019608 0.5019608 0.5019608 0.5019608 0.5019608 0.5019608 0.5019608 0.5019608 0.5019608 0.5019608 0.5019608 0.5019608 0.5019608 0.5019608 0.5019608 0.5019608 0.5019608 0.5019608 0.5019608 0.5019608 0.5019608 0.5019608 0.5019608 0.5019608 0.5019608 0.5019608 0.5019608 0.5019608 0.5019608 0.5019608 0.5019608 0.5019608 0.5019608 0.5019608 0.5019608 0.5019608 0.5019608 0.5019608 0.5019608 0.5019608 0.5019608 0.5019608 0.5019608 0.5019608 0.5019608 0.5019608 0.5019608 0.5019608 0.5019608 0.5019608 0.5019608 0.5019608 0.5019608 0.5019608 0.5019608 0.5019608 0.5019608 0.5019608 0.5019608 0.5019608 0.5019608 0.5019608 0.5019608 0.5019608 0.5019608 0.5019608 0.5019608 0.5019608 0.5019608 0.5019608 0.5019608 0.5019608 0.5019608 0.5019608 0.5019608 0.5019608 0.5019608 0.5019608 0.5019608 0.5019608 0.5019608 0.5019608 0.5019608 0.5019608 0.5019608 0.5019608</float_array>
          <technique_common>
            <accessor source="#geom-panorama_ZwriteONShape-map0-array" count="138" stride="3">
              <param name="R" type="float"/>
              <param name="G" type="float"/>
              <param name="B" type="float"/>
            </accessor>
          </technique_common>
        </source>
        <source id="geom-panorama_ZwriteONShape-map1">
          <float_array id="geom-panorama_ZwriteONShape-map1-array" count="414">0.9863281 0.6738281 0 0.9863281 0.697998 0 0.7641602 0.6733398 0 0.7641602 0.6994629 0 0.7641602 0.6477051 0 0.9863281 0.6491699 0 0.7641602 0.6213379 0 0.9863281 0.6223145 0 0.7641602 0.5944824 0 0.9863281 0.5952148 0 0.7641602 0.5654297 0 0.9863281 0.5651855 0 0.7641602 0.536377 0 0.9863281 0.5358887 0 0.7641602 0.5112305 0 0.9863281 0.5102539 0 0.7641602 0.4863281 0 0.9863281 0.4853516 0 0.7641602 0.4428711 0 0.9863281 0.4428711 0 0.7641602 0.4042969 0 0.9863281 0.4042969 0 0.7641602 0.3662109 0 0.9863281 0.3662109 0 0.7641602 0.3364258 0 0.9868164 0.3364258 0 0.7641602 0.3046875 0 0.9873047 0.3046875 0 0.7641602 0.2626953 0 0.9873047 0.2631836 0 0.7641602 0.237793 0 0.9873047 0.2368164 0 0.7641602 0.2128906 0 0.9873047 0.2109375 0 0.7641602 0.1567383 0 0.9873047 0.15625 0 0.7641602 0.1362305 0 0.9873047 0.1352539 0 0.7641602 0.1147461 0 0.9873047 0.1147461 0 0.7641602 0.1010742 0 0.9873047 0.1010742 0 0.7641602 0.08740234 0 0.9873047 0.08789062 0 0.7641602 0.07373047 0 0.9873047 0.07373047 0 0.7641602 0.06005859 0 0.9873047 0.05957031 0 0.7641602 0.03564453 0 0.9873047 0.03564453 0 0.7641602 0 0 0.9873047 0 0 0.7641602 0.9436035 0 0.9863281 0.9447327 0 0.7641602 0.9999695 0 0.9863281 0.9999695 0 0.7641602 0.9005737 0 0.9863281 0.9025269 0 0.7641602 0.8685303 0 0.9863281 0.8703613 0 0.7641602 0.8361816 0 0.9863281 0.8369141 0 0.7641602 0.8028564 0 0.9863281 0.802124 0 0.7641602 0.7696533 0 0.9863281 0.7680664 0 0.7641602 0.7338867 0 0.9863281 0.7324219 0 0.7080078 0.8227539 0 0.7080078 0.3041992 0 0.9868164 0.6491699 0 0.9868164 0.6223145 0 0.9882813 0.6491699 0 0.9882813 0.6223145 0 0.9882813 0.5952148 0 0.9868164 0.5952148 0 0.9882813 0.5651855 0 0.9868164 0.5651855 0 0.9882813 0.5358887 0 0.9868164 0.5358887 0 0.9882813 0.5102539 0 0.9868164 0.5102539 0 0.9868164 0.4853516 0 0.9882813 0.4853516 0 0.9882813 0.4428711 0 0.9868164 0.4428711 0 0.9868164 0.4042969 0 0.9882813 0.4042969 0 0.9882813 0.3662109 0 0.9868164 0.3662109 0 0.9882813 0.3364258 0 0.9868164 0.3364258 0 0.9873047 0.3046875 0 0.9887695 0.3046875 0 0.9873047 0.2631836 0 0.9887695 0.2631836 0 0.9873047 0.2368164 0 0.9887695 0.2368164 0 0.9873047 0.2109375 0 0.9887695 0.2109375 0 0.9887695 0.15625 0 0.9873047 0.15625 0 0.9887695 0.1352539 0 0.9873047 0.1352539 0 0.9887695 0.1147461 0 0.9873047 0.1147461 0 0.9887695 0.1010742 0 0.9873047 0.1010742 0 0.9887695 0.08789062 0 0.9873047 0.08789062 0 0.9887695 0.07373047 0 0.9873047 0.07373047 0 0.9873047 0.05957031 0 0.9887695 0.05957031 0 0.9873047 0.03564453 0 0.9887695 0.03564453 0 0.9887695 0 0 0.9873047 0 0 0.9868164 0.9447327 0 0.9882813 0.9447327 0 0.9868164 0.9999695 0 0.9882813 0.9999695 0 0.9868164 0.9025269 0 0.9882813 0.9025269 0 0.9882813 0.8704834 0 0.9868164 0.8703613 0 0.9882813 0.8369141 0 0.9868164 0.8369141 0 0.9882813 0.802124 0 0.9868164 0.802124 0 0.9868164 0.7680664 0 0.9882813 0.7680664 0 0.9868164 0.7324219 0 0.9882813 0.7324219 0 0.9868164 0.697998 0 0.9882813 0.697998 0 0.9882813 0.6738281 0 0.9868164 0.6738281 0</float_array>
          <technique_common>
            <accessor source="#geom-panorama_ZwriteONShape-map1-array" count="138" stride="3">
              <param name="S" type="float"/>
              <param name="T" type="float"/>
              <param name="P" type="float"/>
            </accessor>
          </technique_common>
        </source>
        <source id="geom-panorama_ZwriteONShape-map2">
          <float_array id="geom-panorama_ZwriteONShape-map2-array" count="414">0.9975586 0.6738281 0 0.9975586 0.697998 0 0.7641602 0.6733398 0 0.7641602 0.6994629 0 0.7641602 0.6477051 0 0.9975586 0.6491699 0 0.7641602 0.6213379 0 0.9975586 0.6223145 0 0.7641602 0.5944824 0 0.9975586 0.5952148 0 0.7641602 0.5654297 0 0.9975586 0.5651855 0 0.7641602 0.536377 0 0.9975586 0.5358887 0 0.7641602 0.5112305 0 0.9975586 0.5102539 0 0.7641602 0.4863281 0 0.9975586 0.4853516 0 0.7641602 0.4428711 0 0.9975586 0.4428711 0 0.7641602 0.4042969 0 0.9975586 0.4042969 0 0.7641602 0.3662109 0 0.9975586 0.3662109 0 0.7641602 0.3364258 0 0.9980469 0.3364258 0 0.7641602 0.3046875 0 0.9980469 0.3046875 0 0.7641602 0.2626953 0 0.9980469 0.2631836 0 0.7641602 0.237793 0 0.9980469 0.2368164 0 0.7641602 0.2128906 0 0.9980469 0.2109375 0 0.7641602 0.1567383 0 0.9980469 0.15625 0 0.7641602 0.1362305 0 0.9980469 0.1352539 0 0.7641602 0.1147461 0 0.9980469 0.1147461 0 0.7641602 0.1010742 0 0.9980469 0.1010742 0 0.7641602 0.08740234 0 0.9980469 0.08789062 0 0.7641602 0.07373047 0 0.9980469 0.07373047 0 0.7641602 0.06005859 0 0.9980469 0.05957031 0 0.7641602 0.03564453 0 0.9980469 0.03564453 0 0.7641602 0 0 0.9980469 0 0 0.7641602 0.9436035 0 0.9975586 0.9447327 0 0.7641602 0.9999695 0 0.9975586 0.9999695 0 0.7641602 0.9005737 0 0.9975586 0.9025269 0 0.7641602 0.8685303 0 0.9975586 0.8703613 0 0.7641602 0.8361816 0 0.9975586 0.8369141 0 0.7641602 0.8028564 0 0.9975586 0.802124 0 0.7641602 0.7696533 0 0.9975586 0.7680664 0 0.7641602 0.7338867 0 0.9975586 0.7324219 0 0.5541992 0.8280029 0 0.3193359 0.3803711 0 0.9980469 0.6491699 0 0.9980469 0.6223145 0 0.9995117 0.6491699 0 0.9995117 0.6223145 0 0.9995117 0.5952148 0 0.9980469 0.5952148 0 0.9995117 0.5651855 0 0.9980469 0.5651855 0 0.9995117 0.5358887 0 0.9980469 0.5358887 0 0.9995117 0.5102539 0 0.9980469 0.5102539 0 0.9980469 0.4853516 0 0.9995117 0.4853516 0 0.9995117 0.4428711 0 0.9980469 0.4428711 0 0.9980469 0.4042969 0 0.9995117 0.4042969 0 0.9995117 0.3662109 0 0.9980469 0.3662109 0 1 0.3364258 0 0.9980469 0.3364258 0 0.9985352 0.3046875 0 1 0.3046875 0 0.9985352 0.2631836 0 1 0.2631836 0 0.9985352 0.2368164 0 1 0.2368164 0 0.9985352 0.2109375 0 1 0.2109375 0 1 0.15625 0 0.9985352 0.15625 0 1 0.1352539 0 0.9985352 0.1352539 0 1 0.1147461 0 0.9985352 0.1147461 0 1 0.1010742 0 0.9985352 0.1010742 0 1 0.08789062 0 0.9985352 0.08789062 0 1 0.07373047 0 0.9985352 0.07373047 0 0.9985352 0.05957031 0 1 0.05957031 0 0.9985352 0.03564453 0 1 0.03564453 0 1 0 0 0.9985352 0 0 0.9980469 0.9447327 0 0.9995117 0.9447327 0 0.9980469 0.9999695 0 0.9995117 0.9999695 0 0.9980469 0.9025269 0 0.9995117 0.9025269 0 0.9995117 0.8704834 0 0.9980469 0.8703613 0 0.9995117 0.8369141 0 0.9980469 0.8369141 0 0.9995117 0.802124 0 0.9980469 0.802124 0 0.9980469 0.7680664 0 0.9995117 0.7680664 0 0.9980469 0.7324219 0 0.9995117 0.7324219 0 0.9980469 0.697998 0 0.9995117 0.697998 0 0.9995117 0.6738281 0 0.9980469 0.6738281 0</float_array>
          <technique_common>
            <accessor source="#geom-panorama_ZwriteONShape-map2-array" count="138" stride="3">
              <param name="S" type="float"/>
              <param name="T" type="float"/>
              <param name="P" type="float"/>
            </accessor>
          </technique_common>
        </source>
        <vertices id="geom-panorama_ZwriteONShape-vertices">
          <input semantic="POSITION" source="#geom-panorama_ZwriteONShape-positions"/>
        </vertices>
        <triangles material="panorama_mat_isstencil" count="231">
          <input semantic="VERTEX" source="#geom-panorama_ZwriteONShape-vertices" offset="0"/>
          <input semantic="NORMAL" source="#geom-panorama_ZwriteONShape-normals" offset="1"/>
          <input semantic="COLOR" source="#geom-panorama_ZwriteONShape-map0" offset="2" set="0"/>
          <input semantic="TEXCOORD" source="#geom-panorama_ZwriteONShape-map1" offset="3" set="0"/>
          <input semantic="TEXCOORD" source="#geom-panorama_ZwriteONShape-map2" offset="4" set="1"/>
          <p>0 0 0 0 0 134 1 134 134 134 1 2 1 1 1 137 3 137 137 137 134 1 134 134 134 0 0 0 0 0 0 0 0 0 0 70 4 70 70 70 137 3 137 137 137 5 5 5 5 5 70 4 70 70 70 0 0 0 0 0 0 0 0 0 0 4 6 4 4 4 5 5 5 5 5 2 7 2 2 2 4 6 4 4 4 0 0 0 0 0 0 0 0 0 0 1 2 1 1 1 2 7 2 2 2 67 8 67 67 67 134 1 134 134 134 132 9 132 132 132 1 2 1 1 1 134 1 134 134 134 67 8 67 67 67 137 3 137 137 137 135 10 135 135 135 134 1 134 134 134 134 1 134 134 134 135 10 135 135 135 132 9 132 132 132 66 11 66 66 66 1 2 1 1 1 67 8 67 67 67 3 12 3 3 3 1 2 1 1 1 66 11 66 66 66 2 7 2 2 2 1 2 1 1 1 3 12 3 3 3 68 13 68 68 68 2 7 2 2 2 3 12 3 3 3 68 13 68 68 68 4 6 4 4 4 2 7 2 2 2 69 14 69 69 69 6 15 6 6 6 4 6 4 4 4 4 6 4 4 4 6 15 6 6 6 5 5 5 5 5 5 5 5 5 5 7 16 7 7 7 70 4 70 70 70 5 5 5 5 5 6 15 6 6 6 7 16 7 7 7 70 4 70 70 70 7 16 7 7 7 71 17 71 71 71 70 4 70 70 70 136 18 136 136 136 137 3 137 137 137 72 19 72 72 72 136 18 136 136 136 70 4 70 70 70 70 4 70 70 70 71 17 71 71 71 72 19 72 72 72 136 18 136 136 136 135 10 135 135 135 137 3 137 137 137 132 9 132 132 132 135 10 135 135 135 133 20 133 133 133 65 21 65 65 65 132 9 132 132 132 130 22 130 130 130 67 8 67 67 67 132 9 132 132 132 65 21 65 65 65 132 9 132 132 132 133 20 133 133 133 130 22 130 130 130 64 23 64 64 64 67 8 67 67 67 65 21 65 65 65 66 11 66 66 66 67 8 67 67 67 64 23 64 64 64 68 13 68 68 68 66 11 66 66 66 64 23 64 64 64 68 13 68 68 68 3 12 3 3 3 66 11 66 66 66 68 13 68 68 68 52 24 52 52 52 54 25 54 54 54 68 13 68 68 68 56 26 56 56 56 52 24 52 52 52 68 13 68 68 68 58 27 58 58 58 56 26 56 56 56 68 13 68 68 68 60 28 60 60 60 58 27 58 58 58 68 13 68 68 68 62 29 62 62 62 60 28 60 60 60 68 13 68 68 68 64 23 64 64 64 62 29 62 62 62 64 23 64 64 64 65 21 65 65 65 62 29 62 62 62 65 21 65 65 65 130 22 130 130 130 63 30 63 63 63 62 29 62 62 62 65 21 65 65 65 63 30 63 63 63 63 30 63 63 63 130 22 130 130 130 129 31 129 129 129 130 22 130 130 130 133 20 133 133 133 131 32 131 131 131 130 22 130 130 130 131 32 131 131 131 129 31 129 129 129 63 30 63 63 63 127 33 127 127 127 61 34 61 61 61 129 31 129 129 129 127 33 127 127 127 63 30 63 63 63 60 28 60 60 60 63 30 63 63 63 61 34 61 61 61 62 29 62 62 62 63 30 63 63 63 60 28 60 60 60 60 28 60 60 60 61 34 61 61 61 58 27 58 58 58 58 27 58 58 58 61 34 61 61 61 59 35 59 59 59 58 27 58 58 58 59 35 59 59 59 56 26 56 56 56 56 26 56 56 56 59 35 59 59 59 57 36 57 57 57 56 26 56 56 56 57 36 57 57 57 52 24 52 52 52 52 24 52 52 52 57 36 57 57 57 53 37 53 53 53 52 24 52 52 52 53 37 53 53 53 54 25 54 54 54 54 25 54 54 54 53 37 53 53 53 55 38 55 55 55 53 37 53 53 53 118 39 118 118 118 55 38 55 55 55 53 37 53 53 53 122 40 122 122 122 118 39 118 118 118 57 36 57 57 57 122 40 122 122 122 53 37 53 53 53 59 35 59 59 59 122 40 122 122 122 57 36 57 57 57 125 41 125 125 125 122 40 122 122 122 59 35 59 59 59 61 34 61 61 61 125 41 125 125 125 59 35 59 59 59 127 33 127 127 127 125 41 125 125 125 61 34 61 61 61 129 31 129 129 129 126 42 126 126 126 127 33 127 127 127 127 33 127 127 127 124 43 124 124 124 125 41 125 125 125 126 42 126 126 126 124 43 124 124 124 127 33 127 127 127 129 31 129 129 129 131 32 131 131 131 128 44 128 128 128 128 44 128 128 128 126 42 126 126 126 129 31 129 129 129 124 43 124 124 124 123 45 123 123 123 125 41 125 125 125 125 41 125 125 125 123 45 123 123 123 122 40 122 122 122 122 40 122 122 122 123 45 123 123 123 118 39 118 118 118 55 38 55 55 55 118 39 118 118 118 120 46 120 120 120 118 39 118 118 118 123 45 123 123 123 119 47 119 119 119 118 39 118 118 118 119 47 119 119 119 120 46 120 120 120 120 46 120 120 120 119 47 119 119 119 121 48 121 121 121 72 19 72 72 72 71 17 71 71 71 73 49 73 73 73 9 50 9 9 9 71 17 71 71 71 7 16 7 7 7 75 51 75 75 75 71 17 71 71 71 9 50 9 9 9 75 51 75 75 75 73 49 73 73 73 71 17 71 71 71 74 52 74 74 74 73 49 73 73 73 75 51 75 75 75 11 53 11 11 11 75 51 75 75 75 9 50 9 9 9 77 54 77 77 77 75 51 75 75 75 11 53 11 11 11 77 54 77 77 77 74 52 74 74 74 75 51 75 75 75 9 50 9 9 9 10 55 10 10 10 11 53 11 11 11 8 56 8 8 8 10 55 10 10 10 9 50 9 9 9 7 16 7 7 7 8 56 8 8 8 9 50 9 9 9 6 15 6 6 6 8 56 8 8 8 7 16 7 7 7 69 14 69 69 69 8 56 8 8 8 6 15 6 6 6 69 14 69 69 69 10 55 10 10 10 8 56 8 8 8 69 14 69 69 69 12 57 12 12 12 10 55 10 10 10 10 55 10 10 10 12 57 12 12 12 11 53 11 11 11 13 58 13 13 13 77 54 77 77 77 11 53 11 11 11 11 53 11 11 11 12 57 12 12 12 13 58 13 13 13 79 59 79 79 79 77 54 77 77 77 13 58 13 13 13 79 59 79 79 79 76 60 76 76 76 77 54 77 77 77 76 60 76 76 76 74 52 74 74 74 77 54 77 77 77 13 58 13 13 13 81 61 81 81 81 79 59 79 79 79 15 62 15 15 15 81 61 81 81 81 13 58 13 13 13 13 58 13 13 13 14 63 14 14 14 15 62 15 15 15 12 57 12 12 12 14 63 14 14 14 13 58 13 13 13 69 14 69 69 69 14 63 14 14 14 12 57 12 12 12 69 14 69 69 69 16 64 16 16 16 14 63 14 14 14 14 63 14 14 14 16 64 16 16 16 15 62 15 15 15 15 62 15 15 15 82 65 82 82 82 81 61 81 81 81 17 66 17 17 17 82 65 82 82 82 15 62 15 15 15 15 62 15 15 15 16 64 16 16 16 17 66 17 17 17 81 61 81 81 81 83 67 83 83 83 80 68 80 80 80 82 65 82 82 82 83 67 83 83 83 81 61 81 81 81 81 61 81 81 81 78 69 78 78 78 79 59 79 79 79 80 68 80 80 80 78 69 78 78 78 81 61 81 81 81 78 69 78 78 78 76 60 76 76 76 79 59 79 79 79 85 70 85 85 85 83 67 83 83 83 82 65 82 82 82 84 71 84 84 84 83 67 83 83 83 85 70 85 85 85 19 72 19 19 19 82 65 82 82 82 17 66 17 17 17 85 70 85 85 85 82 65 82 82 82 19 72 19 19 19 17 66 17 17 17 18 73 18 18 18 19 72 19 19 19 16 64 16 16 16 18 73 18 18 18 17 66 17 17 17 69 14 69 69 69 18 73 18 18 18 16 64 16 16 16 69 14 69 69 69 20 74 20 20 20 18 73 18 18 18 18 73 18 18 18 21 75 21 21 21 19 72 19 19 19 20 74 20 20 20 21 75 21 21 21 18 73 18 18 18 19 72 19 19 19 86 76 86 86 86 85 70 85 85 85 21 75 21 21 21 86 76 86 86 86 19 72 19 19 19 85 70 85 85 85 87 77 87 87 87 84 71 84 84 84 86 76 86 86 86 87 77 87 87 87 85 70 85 85 85 23 78 23 23 23 86 76 86 86 86 21 75 21 21 21 89 79 89 89 89 86 76 86 86 86 23 78 23 23 23 89 79 89 89 89 87 77 87 87 87 86 76 86 86 86 20 74 20 20 20 23 78 23 23 23 21 75 21 21 21 69 14 69 69 69 22 80 22 22 22 20 74 20 20 20 22 80 22 22 22 23 78 23 23 23 20 74 20 20 20 25 81 25 25 25 89 79 89 89 89 23 78 23 23 23 22 80 22 22 22 25 81 25 25 25 23 78 23 23 23 91 82 91 91 91 89 79 89 89 89 25 81 25 25 25 91 82 91 91 91 88 83 88 88 88 89 79 89 89 89 88 83 88 88 88 87 77 87 87 87 89 79 89 89 89 25 81 25 25 25 92 84 92 92 92 91 82 91 91 91 27 85 27 27 27 92 84 92 92 92 25 81 25 25 25 24 86 24 24 24 27 85 27 27 27 25 81 25 25 25 24 86 24 24 24 25 81 25 25 25 22 80 22 22 22 69 14 69 69 69 24 86 24 24 24 22 80 22 22 22 69 14 69 69 69 26 87 26 26 26 24 86 24 24 24 26 87 26 26 26 27 85 27 27 27 24 86 24 24 24 27 85 27 27 27 94 88 94 94 94 92 84 92 92 92 29 89 29 29 29 94 88 94 94 94 27 85 27 27 27 26 87 26 26 26 29 89 29 29 29 27 85 27 27 27 92 84 92 92 92 95 90 95 95 95 93 91 93 93 93 94 88 94 94 94 95 90 95 95 95 92 84 92 92 92 92 84 92 92 92 93 91 93 93 93 91 82 91 91 91 91 82 91 91 91 93 91 93 93 93 90 92 90 90 90 90 92 90 90 90 88 83 88 88 88 91 82 91 91 91 94 88 94 94 94 97 93 97 97 97 95 90 95 95 95 29 89 29 29 29 96 94 96 96 96 94 88 94 94 94 96 94 96 96 96 97 93 97 97 97 94 88 94 94 94 31 95 31 31 31 96 94 96 96 96 29 89 29 29 29 28 96 28 28 28 31 95 31 31 31 29 89 29 29 29 28 96 28 28 28 29 89 29 29 29 26 87 26 26 26 69 14 69 69 69 28 96 28 28 28 26 87 26 26 26 69 14 69 69 69 30 97 30 30 30 28 96 28 28 28 30 97 30 30 30 31 95 31 31 31 28 96 28 28 28 31 95 31 31 31 98 98 98 98 98 96 94 96 96 96 33 99 33 33 33 98 98 98 98 98 31 95 31 31 31 30 97 30 30 30 33 99 33 33 33 31 95 31 31 31 96 94 96 96 96 99 100 99 99 99 97 93 97 97 97 98 98 98 98 98 99 100 99 99 99 96 94 96 96 96 35 101 35 35 35 98 98 98 98 98 33 99 33 33 33 101 102 101 101 101 98 98 98 98 98 35 101 35 35 35 101 102 101 101 101 99 100 99 99 99 98 98 98 98 98 33 99 33 33 33 34 103 34 34 34 35 101 35 35 35 32 104 32 32 32 34 103 34 34 34 33 99 33 33 33 32 104 32 32 32 33 99 33 33 33 30 97 30 30 30 69 14 69 69 69 32 104 32 32 32 30 97 30 30 30 69 14 69 69 69 34 103 34 34 34 32 104 32 32 32 69 14 69 69 69 36 105 36 36 36 34 103 34 34 34 69 14 69 69 69 38 106 38 38 38 36 105 36 36 36 69 14 69 69 69 40 107 40 40 40 38 106 38 38 38 69 14 69 69 69 42 108 42 42 42 40 107 40 40 40 69 14 69 69 69 44 109 44 44 44 42 108 42 42 42 69 14 69 69 69 46 110 46 46 46 44 109 44 44 44 69 14 69 69 69 48 111 48 48 48 46 110 46 46 46 69 14 69 69 69 50 112 50 50 50 48 111 48 48 48 34 103 34 34 34 36 105 36 36 36 35 101 35 35 35 37 113 37 37 37 101 102 101 101 101 35 101 35 35 35 35 101 35 35 35 36 105 36 36 36 37 113 37 37 37 103 114 103 103 103 101 102 101 101 101 37 113 37 37 37 103 114 103 103 103 100 115 100 100 100 101 102 101 101 101 100 115 100 100 100 99 100 99 99 99 101 102 101 101 101 39 116 39 39 39 103 114 103 103 103 37 113 37 37 37 37 113 37 37 37 38 106 38 38 38 39 116 39 39 39 36 105 36 36 36 38 106 38 38 38 37 113 37 37 37 38 106 38 38 38 40 107 40 40 40 39 116 39 39 39 40 107 40 40 40 42 108 42 42 42 41 117 41 41 41 39 116 39 39 39 40 107 40 40 40 41 117 41 41 41 42 108 42 42 42 44 109 44 44 44 43 118 43 43 43 41 117 41 41 41 42 108 42 42 42 43 118 43 43 43 44 109 44 44 44 46 110 46 46 46 45 119 45 45 45 43 118 43 43 43 44 109 44 44 44 45 119 45 45 45 46 110 46 46 46 48 111 48 48 48 47 120 47 47 47 45 119 45 45 45 46 110 46 46 46 47 120 47 47 47 48 111 48 48 48 50 112 50 50 50 49 121 49 49 49 47 120 47 47 47 48 111 48 48 48 49 121 49 49 49 49 121 49 49 49 50 112 50 50 50 51 122 51 51 51 49 121 49 49 49 117 123 117 117 117 114 124 114 114 114 51 122 51 51 51 117 123 117 117 117 49 121 49 49 49 49 121 49 49 49 114 124 114 114 114 47 120 47 47 47 47 120 47 47 47 112 125 112 112 112 45 119 45 45 45 47 120 47 47 47 114 124 114 114 114 112 125 112 112 112 45 119 45 45 45 111 126 111 111 111 43 118 43 43 43 45 119 45 45 45 112 125 112 112 112 111 126 111 111 111 43 118 43 43 43 109 127 109 109 109 41 117 41 41 41 43 118 43 43 43 111 126 111 111 111 109 127 109 109 109 41 117 41 41 41 107 128 107 107 107 39 116 39 39 39 41 117 41 41 41 109 127 109 109 109 107 128 107 107 107 105 129 105 105 105 103 114 103 103 103 39 116 39 39 39 39 116 39 39 39 107 128 107 107 107 105 129 105 105 105 105 129 105 105 105 102 130 102 102 102 103 114 103 103 103 102 130 102 102 102 100 115 100 100 100 103 114 103 103 103 107 128 107 107 107 104 131 104 104 104 105 129 105 105 105 104 131 104 104 104 102 130 102 102 102 105 129 105 105 105 109 127 109 109 109 106 132 106 106 106 107 128 107 107 107 106 132 106 106 106 104 131 104 104 104 107 128 107 107 107 111 126 111 111 111 108 133 108 108 108 109 127 109 109 109 108 133 108 108 108 106 132 106 106 106 109 127 109 109 109 111 126 111 111 111 113 134 113 113 113 110 135 110 110 110 112 125 112 112 112 113 134 113 113 113 111 126 111 111 111 110 135 110 110 110 108 133 108 108 108 111 126 111 111 111 112 125 112 112 112 115 136 115 115 115 113 134 113 113 113 114 124 114 114 114 115 136 115 115 115 112 125 112 112 112 117 123 117 117 117 115 136 115 115 115 114 124 114 114 114 116 137 116 116 116 115 136 115 115 115 117 123 117 117 117</p>
        </triangles>
      </mesh>
    </geometry>
    <geometry id="geom-hand_alphaC_ZwriteOFFShape" name="hand_alphaC_ZwriteOFFShape">
      <mesh>
        <source id="geom-hand_alphaC_ZwriteOFFShape-positions">
          <float_array id="geom-hand_alphaC_ZwriteOFFShape-positions-array" count="468">-3.04107 -7.68712 -0.0691523 -6.90353 -7.87637 -0.0423409 -3.0349 -7.63147 -1.62079 -6.96597 -7.87551 -1.61028 -3.07947 -5.70358 -5.85274 -6.48605 -5.8385 -5.99979 -3.08183 -4.63047 -7.19445 -6.46398 -4.74785 -7.34249 -6.28622 -0.844427 11.1222 -6.31314 -3.1047 10.0999 -3.03952 -0.864142 10.8245 -3.01105 -3.07797 9.82995 -6.22282 -0.447691 -9.6589 -6.25536 1.83966 -9.5254 -3.12152 -0.13245 -9.5645 -3.17367 1.96086 -9.29973 -6.41963 -5.80602 7.54749 -6.30535 -6.80808 5.87264 -3.09592 -5.65653 7.34368 -3.12896 -6.60103 5.75342 -6.75774 -7.4549 -3.09277 -6.60812 -6.72935 -4.6902 -3.04591 -7.17813 -3.09432 -3.06076 -6.54323 -4.52543 -3.23541 3.73354 -8.53153 -6.28967 3.81646 -8.74753 -3.35159 5.14137 -7.2036 -6.43584 5.36514 -7.38569 -6.299 -3.35263 -8.51227 -6.25188 -2.06477 -9.23463 -3.07294 -3.21129 -8.40056 -3.0857 -1.8785 -9.1416 -6.32218 7.27895 -2.01045 -6.19141 7.50975 -0.553839 -3.31365 6.96264 -1.95001 -3.28555 7.16586 -0.614412 -6.5606 6.20456 -5.76955 -6.54259 6.87338 -4.05067 -3.3722 5.92797 -5.5632 -3.3715 6.5564 -3.88927 -3.26261 7.20073 0.719872 -5.99796 7.53417 0.83848 -3.26641 6.81104 3.44446 -6.28352 7.12258 3.59195 -6.25204 2.49259 10.9138 -3.15293 2.48221 10.5893 -3.21972 4.00118 9.69446 -6.26926 4.16788 9.98542 -3.15293 2.48221 10.5893 -6.25204 2.49259 10.9138 -6.35478 5.77953 7.4275 -3.26109 5.58907 7.12306 -6.29486 6.07027 6.70289 -3.26945 5.93646 6.1874 -6.31437 6.67761 5.13555 -3.2671 6.34435 5.03577 -6.21677 4.93145 8.97658 -3.26009 4.79989 8.62953 -6.59212 -7.83577 2.08176 -3.0863 -7.60869 1.97293 -6.3453 -7.33892 4.1261 -3.12947 -7.14453 3.98212 -6.37636 -4.59422 8.9902 -3.04567 -4.49463 8.7224 -13.9371 -8.45639 2.42271 -9.9137 -8.1621 2.22104 -13.4114 -7.94644 4.49758 -9.55682 -7.63406 4.28332 -13.3648 -7.38581 6.33266 -9.47661 -7.07291 6.08536 -13.5035 -6.34988 8.01322 -9.56796 -6.04936 7.78539 -13.3945 -4.93761 9.65015 -9.53194 -4.78222 9.33065 -13.1444 -3.21775 10.9085 -9.4401 -3.19487 10.5045 -9.36147 -0.829223 11.4976 -12.9039 -0.789823 11.8308 -9.18739 2.55343 11.2922 -12.5005 2.63642 11.624 -9.15816 4.38691 10.2832 -12.501 4.6496 10.5374 -9.18739 2.55343 11.2922 -12.5005 2.63642 11.624 -12.6376 5.36623 9.67876 -9.17327 5.1402 9.30664 -9.44538 6.006 7.74185 -13.1461 6.27089 8.17967 -13.1976 6.78257 6.95714 -9.48425 6.52563 6.62265 -12.8011 7.50004 5.44128 -9.35445 7.09397 5.30058 -12.3007 7.87092 3.86443 -9.13894 7.51587 3.74398 -8.72531 7.93869 0.988903 -11.8035 8.32051 1.22076 -12.1425 8.32969 -0.350422 -8.94054 7.92216 -0.485405 -12.8789 8.17039 -1.91434 -9.32312 7.71681 -1.99739 -13.5051 7.76062 -4.02277 -9.70678 7.29827 -4.12644 -13.5702 6.96889 -6.0063 -9.74535 6.5703 -5.92706 -13.2204 5.92059 -7.80033 -9.51719 5.63035 -7.57587 -9.34219 3.99668 -8.95891 -12.8787 4.23052 -9.13578 -12.7771 1.87293 -10.0725 -9.33751 1.82095 -9.80577 -12.8569 -0.81725 -10.1751 -9.33176 -0.666644 -9.90762 -13.0934 -2.26291 -9.71071 -9.4177 -2.2045 -9.44773 -13.4545 -3.74422 -8.73418 -9.52419 -3.57422 -8.65258 -13.6274 -5.05087 -7.73325 -9.67191 -4.93524 -7.56518 -13.6287 -6.30405 -6.43162 -9.71645 -6.09821 -6.23169 -13.976 -7.25543 -5.22433 -9.96934 -7.03362 -4.93639 -14.9809 -8.05798 -3.60144 -10.4729 -7.7909 -3.31805 -15.3944 -8.5626 -1.56073 -10.6932 -8.2494 -1.61761 -10.5664 -8.22796 -0.00453891 -15.1366 -8.54167 0.0657561 -1.45252 -7.15893 3.90894 -1.44401 -6.55339 5.78809 -1.45404 -7.63112 1.90681 -1.42313 -7.8021 -0.86672 -1.40166 -3.2575 -8.40195 -1.45339 -5.04359 -6.85453 -1.43146 -6.23258 -5.18465 -1.42118 -7.15587 -3.27615 -1.45816 5.88151 -5.44023 -1.49084 6.51085 -3.79589 -1.41668 6.94017 -1.86228 -1.45816 7.11184 0.644646 -1.45816 6.79128 3.30083 -1.45816 5.0659 -7.10331 -1.47555 3.77742 -8.43333 -1.48667 2.09669 -9.21514 -1.39691 0.0975126 -9.61032 -1.413 -1.78065 -9.16151 -1.42517 -5.67014 7.30689 -1.42199 2.6145 10.5142 -1.46489 -0.932411 10.7973 -1.44934 -3.15784 9.85929 -1.42199 2.6145 10.5142 -1.47971 3.98011 9.58312 -1.46383 4.81661 8.40716 -1.45816 5.52032 6.92684 -1.46268 6.27288 5.07231 -1.41639 -4.55882 8.66502</float_array>
          <technique_common>
            <accessor source="#geom-hand_alphaC_ZwriteOFFShape-positions-array" count="156" stride="3">
              <param name="X" type="float"/>
              <param name="Y" type="float"/>
              <param name="Z" type="float"/>
            </accessor>
          </technique_common>
        </source>
        <source id="geom-hand_alphaC_ZwriteOFFShape-normals">
          <float_array id="geom-hand_alphaC_ZwriteOFFShape-normals-array" count="468">0.05013298 -0.9911797 0.1226762 0.03501438 -0.9993293 0.01072258 -0.01636466 -0.9911612 0.13165 -0.02716432 -0.9962284 -0.0824086 0.04395629 -0.9860862 -0.1603184 0.08131113 -0.9898958 0.1161675 0.07736383 -0.9969982 0.003070205 0.007944433 -0.9616961 0.2740028 0.05365246 -0.9639131 0.2607546 0.08555329 -0.9628868 0.2559882 0.08883309 -0.9900464 0.109164 0.09559283 -0.9620326 0.2556467 0.08045805 -0.9967519 0.003479597 0.08131735 -0.9870412 -0.1383372 -0.006026093 -0.9364526 -0.3507423 0.05014422 -0.9370834 -0.3454854 0.08578824 -0.9383584 -0.3348489 0.08588659 -0.9429823 -0.3215711 0.08002454 -0.9883733 -0.1292845 0.07697831 -0.9933316 0.08582991 0.06897311 -0.9976075 0.004699937 0.08998397 -0.9630848 0.2537133 0.1000242 -0.906202 0.4108441 0.08792236 -0.9090195 0.4073736 0.05599098 -0.9163715 0.3963942 0.01178518 -0.9286479 0.3707753 0.06081827 -0.8138413 0.5778957 0.09133396 -0.8117489 0.5768204 0.1000391 -0.80813 0.5804464 0.09707712 -0.9040994 0.4161495 0.09604927 -0.6882819 0.7190567 0.05888574 -0.6935635 0.7179848 0.002344594 -0.819986 0.5723786 -0.003554744 -0.7151161 0.6989967 -0.03124223 -0.5025618 0.8639765 0.05672167 -0.4984668 0.8650512 0.1014585 -0.6861573 0.7203431 0.1049876 -0.4831871 0.8691996 0.09920653 -0.492797 0.8644705 0.09051049 -0.6893943 0.7187095 0.09394519 -0.8062561 0.5840595 0.09247093 -0.4831682 0.8706306 0.1090853 -0.1440634 0.9835376 0.1103068 -0.1430876 0.9835438 0.09754422 -0.1523594 0.9834997 0.07661098 -0.1415014 0.9869692 0.006144335 -0.1250544 0.9921308 0.01941122 0.2544213 0.9668986 0.08734441 0.2215655 0.9712259 0.1133566 0.217923 0.9693605 0.1141908 0.2181228 0.9692176 0.1012365 0.211754 0.9720655 0.06769978 -0.9899185 -0.1244113 0.07161741 -0.9519682 -0.2977037 0.0798634 -0.8792301 -0.4696554 0.09433038 -0.8708922 -0.4823366 0.07078251 -0.7719507 -0.6317293 0.08620612 -0.7800066 -0.6198049 0.08795776 -0.8760374 -0.474154 0.08114874 -0.7996418 -0.5949687 0.04680607 -0.8807968 -0.471175 0.07089663 -0.6907689 -0.7195916 0.05500145 -0.6832144 -0.7281435 0.07355852 -0.7081152 -0.7022549 0.03791472 -0.8093357 -0.5861212 0.03733883 -0.7112391 -0.7019578 -0.02428942 -0.8583586 -0.5124748 -0.02840051 -0.7369176 -0.6753857 -0.004316006 -0.5460988 -0.8377097 0.03754221 -0.5669789 -0.8228764 0.06690957 -0.5767897 -0.8141478 0.06436379 -0.5774422 -0.8138905 0.05033817 -0.5831779 -0.8107833 0.07337828 -0.4095021 -0.9093534 0.06503338 -0.4403951 -0.8954456 0.06635985 -0.3741059 -0.9250087 0.03348379 -0.3550442 -0.9342497 0.002856266 -0.3404471 -0.9402593 0.03027005 -0.04695444 -0.9984383 0.0666827 -0.07285024 -0.9951111 0.08151893 -0.08957923 -0.992638 0.07822409 -0.1067414 -0.9912049 0.07986312 0.2005126 -0.9764305 0.07599931 0.2007114 -0.976698 0.07032697 0.2161089 -0.9738331 -0.00168679 -0.01231127 -0.9999228 0.03925546 0.2496965 -0.9675281 0.08279827 0.5226794 -0.8484991 0.08624977 0.5063893 -0.8579807 0.08261497 0.5138859 -0.8538712 0.09913199 0.7828009 -0.6143253 0.100509 0.7679226 -0.632608 0.06054331 0.545653 -0.8358213 0.07640012 0.7993004 -0.5960553 0.01073783 0.2871969 -0.9578114 0.03702202 0.5747722 -0.8174756 0.05031067 0.8142513 -0.5783284 0.08296058 0.9137263 -0.3977713 0.1125656 0.905897 -0.4082641 0.1097206 0.8987682 -0.4244726 0.09587795 0.7767946 -0.6224127 0.1194602 0.9488449 -0.2922716 0.121342 0.9512044 -0.2837011 0.04855875 0.9175802 -0.3945741 0.0812659 0.956874 -0.2789051 0.1270949 0.9728068 -0.1936335 0.1238589 0.9737787 -0.1908245 0.1013246 0.8994692 -0.4250749 0.1091798 0.94769 -0.299939 0.1166044 0.9728833 -0.1997536 0.1213432 0.9868598 -0.1066941 0.1321306 0.9862171 -0.09958643 0.1295242 0.9863859 -0.1013243 0.08102143 0.9783628 -0.1903729 0.03473272 0.9600636 -0.2776176 0.09700971 0.9909765 -0.09249195 0.03933788 0.9848815 -0.1687043 0.1370892 0.985382 0.1011384 0.1318935 0.9867586 0.09440153 0.1251726 0.9862376 0.1080148 0.1319818 0.9699013 0.2046267 0.1345491 0.9679723 0.2119576 0.09102507 0.9914468 0.09352811 0.08992258 0.9777325 0.1896127 0.04683039 0.9959549 0.07668706 0.03662142 0.9853603 0.1665054 0.09308749 0.9463793 0.3093557 0.04703307 0.9439577 0.3266982 0.1251472 0.9391536 0.3198885 0.1270018 0.9319979 0.3394856 0.123312 0.9674501 0.220985 0.1160577 0.9079484 0.4026915 0.1145958 0.921651 0.3707118 0.08680589 0.9308132 0.3550373 0.06447387 0.9114262 0.4063808 0.08351956 0.9030857 0.4212609 0.1059209 0.8927881 0.4378471 0.111509 0.8896293 0.4428605 0.1155587 0.9239809 0.3645622 0.1084453 0.9046878 0.4120433 0.1100364 0.8910381 0.4403897 0.1152822 0.8416577 0.5275626 0.1135828 0.8436885 0.5246795 0.1082446 0.8444667 0.524556 0.08949899 0.8532318 0.513795 0.06239678 0.8728223 0.484033 0.09425027 0.6338697 0.7676758 0.1150214 0.6188201 0.7770662 0.1157944 0.6006415 0.7910888 0.1078211 0.6012586 0.7917467 0.1141908 0.2181228 0.9692176 0.08734441 0.2215655 0.9712259 0.03779217 0.6774506 0.7345967 0.01941122 0.2544213 0.9668986 0.1133566 0.217923 0.9693605 0.1012365 0.211754 0.9720655</float_array>
          <technique_common>
            <accessor source="#geom-hand_alphaC_ZwriteOFFShape-normals-array" count="156" stride="3">
              <param name="X" type="float"/>
              <param name="Y" type="float"/>
              <param name="Z" type="float"/>
            </accessor>
          </technique_common>
        </source>
        <source id="geom-hand_alphaC_ZwriteOFFShape-map-2">
          <float_array id="geom-hand_alphaC_ZwriteOFFShape-map-2-array" count="468">1 1 1 1 1 1 1 1 1 1 1 1 1 1 1 1 1 1 1 1 1 1 1 1 1 1 1 1 1 1 1 1 1 1 1 1 1 1 1 1 1 1 1 1 1 1 1 1 1 1 1 1 1 1 1 1 1 1 1 1 1 1 1 1 1 1 1 1 1 1 1 1 1 1 1 1 1 1 1 1 1 1 1 1 1 1 1 1 1 1 1 1 1 1 1 1 1 1 1 1 1 1 1 1 1 1 1 1 1 1 1 1 1 1 1 1 1 1 1 1 1 1 1 1 1 1 1 1 1 1 1 1 1 1 1 1 1 1 1 1 1 1 1 1 1 1 1 1 1 1 1 1 1 1 1 1 1 1 1 1 1 1 1 1 1 1 1 1 1 1 1 1 1 1 1 1 1 1 1 1 1 1 1 1 1 1 1 1 1 1 1 1 1 1 1 1 1 1 1 1 1 1 1 1 1 1 1 1 1 1 1 1 1 1 1 1 1 1 1 1 1 1 1 1 1 1 1 1 1 1 1 1 1 1 1 1 1 1 1 1 1 1 1 1 1 1 1 1 1 1 1 1 1 1 1 1 1 1 1 1 1 1 1 1 1 1 1 1 1 1 1 1 1 1 1 1 1 1 1 1 1 1 1 1 1 1 1 1 1 1 1 1 1 1 1 1 1 1 1 1 1 1 1 1 1 1 1 1 1 1 1 1 1 1 1 1 1 1 1 1 1 1 1 1 1 1 1 1 1 1 1 1 1 1 1 1 1 1 1 1 1 1 1 1 1 1 1 1 1 1 1 1 1 1 1 1 1 1 1 1 1 1 1 1 1 1 1 1 1 1 1 1 1 1 1 1 1 1 1 1 1 1 1 1 1 1 1 1 1 1 1 1 1 1 1 1 1 1 1 1 1 1 1 1 1 1 1 1 1 1 1 1 1 1 1 1 1 1 1 1 1 1 1 1 1 1 1 1 1 1 1 1 1 1 1 1 1 1 1 1 1 1 1 1 1 1 1 1 1 1 1 1 1 1 1 1 1 1 1 1 1 1 1 1 1 1 1 1</float_array>
          <technique_common>
            <accessor source="#geom-hand_alphaC_ZwriteOFFShape-map-2-array" count="156" stride="3">
              <param name="R" type="float"/>
              <param name="G" type="float"/>
              <param name="B" type="float"/>
            </accessor>
          </technique_common>
        </source>
        <source id="geom-hand_alphaC_ZwriteOFFShape-map0">
          <float_array id="geom-hand_alphaC_ZwriteOFFShape-map0-array" count="468">0.5019608 0.5019608 0.5019608 0.5019608 0.5019608 0.5019608 0.5019608 0.5019608 0.5019608 0.5019608 0.5019608 0.5019608 0.5019608 0.5019608 0.5019608 0.5019608 0.5019608 0.5019608 0.5019608 0.5019608 0.5019608 0.5019608 0.5019608 0.5019608 0.5019608 0.5019608 0.5019608 0.5019608 0.5019608 0.5019608 0.5019608 0.5019608 0.5019608 0.5019608 0.5019608 0.5019608 0.5019608 0.5019608 0.5019608 0.5019608 0.5019608 0.5019608 0.5019608 0.5019608 0.5019608 0.5019608 0.5019608 0.5019608 0.5019608 0.5019608 0.5019608 0.5019608 0.5019608 0.5019608 0.5019608 0.5019608 0.5019608 0.5019608 0.5019608 0.5019608 0.5019608 0.5019608 0.5019608 0.5019608 0.5019608 0.5019608 0.5019608 0.5019608 0.5019608 0.5019608 0.5019608 0.5019608 0.5019608 0.5019608 0.5019608 0.5019608 0.5019608 0.5019608 0.5019608 0.5019608 0.5019608 0.5019608 0.5019608 0.5019608 0.5019608 0.5019608 0.5019608 0.5019608 0.5019608 0.5019608 0.5019608 0.5019608 0.5019608 0.5019608 0.5019608 0.5019608 0.5019608 0.5019608 0.5019608 0.5019608 0.5019608 0.5019608 0.5019608 0.5019608 0.5019608 0.5019608 0.5019608 0.5019608 0.5019608 0.5019608 0.5019608 0.5019608 0.5019608 0.5019608 0.5019608 0.5019608 0.5019608 0.5019608 0.5019608 0.5019608 0.5019608 0.5019608 0.5019608 0.5019608 0.5019608 0.5019608 0.5019608 0.5019608 0.5019608 0.5019608 0.5019608 0.5019608 0.5019608 0.5019608 0.5019608 0.5019608 0.5019608 0.5019608 0.5019608 0.5019608 0.5019608 0.5019608 0.5019608 0.5019608 0.5019608 0.5019608 0.5019608 0.5019608 0.5019608 0.5019608 0.5019608 0.5019608 0.5019608 0.5019608 0.5019608 0.5019608 0.5019608 0.5019608 0.5019608 0.5019608 0.5019608 0.5019608 0.5019608 0.5019608 0.5019608 0.5019608 0.5019608 0.5019608 0.5019608 0.5019608 0.5019608 0.5019608 0.5019608 0.5019608 0.5019608 0.5019608 0.5019608 0.5019608 0.5019608 0.5019608 0.5019608 0.5019608 0.5019608 0.5019608 0.5019608 0.5019608 0.5019608 0.5019608 0.5019608 0.5019608 0.5019608 0.5019608 0.5019608 0.5019608 0.5019608 0.5019608 0.5019608 0.5019608 0.5019608 0.5019608 0.5019608 0.5019608 0.5019608 0.5019608 0.5019608 0.5019608 0.5019608 0.5019608 0.5019608 0.5019608 0.5019608 0.5019608 0.5019608 0.5019608 0.5019608 0.5019608 0.5019608 0.5019608 0.5019608 0.5019608 0.5019608 0.5019608 0.5019608 0.5019608 0.5019608 0.5019608 0.5019608 0.5019608 0.5019608 0.5019608 0.5019608 0.5019608 0.5019608 0.5019608 0.5019608 0.5019608 0.5019608 0.5019608 0.5019608 0.5019608 0.5019608 0.5019608 0.5019608 0.5019608 0.5019608 0.5019608 0.5019608 0.5019608 0.5019608 0.5019608 0.5019608 0.5019608 0.5019608 0.5019608 0.5019608 0.5019608 0.5019608 0.5019608 0.5019608 0.5019608 0.5019608 0.5019608 0.5019608 0.5019608 0.5019608 0.5019608 0.5019608 0.5019608 0.5019608 0.5019608 0.5019608 0.5019608 0.5019608 0.5019608 0.5019608 0.5019608 0.5019608 0.5019608 0.5019608 0.5019608 0.5019608 0.5019608 0.5019608 0.5019608 0.5019608 0.5019608 0.5019608 0.5019608 0.5019608 0.5019608 0.5019608 0.5019608 0.5019608 0.5019608 0.5019608 0.5019608 0.5019608 0.5019608 0.5019608 0.5019608 0.5019608 0.5019608 0.5019608 0.5019608 0.5019608 0.5019608 0.5019608 0.5019608 0.5019608 0.5019608 0.5019608 0.5019608 0.5019608 0.5019608 0.5019608 0.5019608 0.5019608 0.5019608 0.5019608 0.5019608 0.5019608 0.5019608 0.5019608 0.5019608 0.5019608 0.5019608 0.5019608 0.5019608 0.5019608 0.5019608 0.5019608 0.5019608 0.5019608 0.5019608 0.5019608 0.5019608 0.5019608 0.5019608 0.5019608 0.5019608 0.5019608 0.5019608 0.5019608 0.5019608 0.5019608 0.5019608 0.5019608 0.5019608 0.5019608 0.5019608 0.5019608 0.5019608 0.5019608 0.5019608 0.5019608 0.5019608 0.5019608 0.5019608 0.5019608 0.5019608 0.5019608 0.5019608 0.5019608 0.5019608 0.5019608 0.5019608 0.5019608 0.5019608 0.5019608 0.5019608 0.5019608 0.5019608 0.5019608 0.5019608 0.5019608 0.5019608 0.5019608 0.5019608 0.5019608 0.5019608 0.5019608 0.5019608 0.5019608 0.5019608 0.5019608 0.5019608 0.5019608 0.5019608 0.5019608 0.5019608 0.5019608 0.5019608 0.5019608 0.5019608 0.5019608 0.5019608 0.5019608 0.5019608 0.5019608 0.5019608 0.5019608 0.5019608 0.5019608 0.5019608 0.5019608 0.5019608 0.5019608 0.5019608 0.5019608 0.5019608 0.5019608 0.5019608 0.5019608 0.5019608 0.5019608 0.5019608 0.5019608 0.5019608 0.5019608 0.5019608 0.5019608 0.5019608 0.5019608 0.5019608 0.5019608 0.5019608 0.5019608 0.5019608 0.5019608 0.5019608 0.5019608 0.5019608 0.5019608 0.5019608 0.5019608 0.5019608 0.5019608 0.5019608 0.5019608 0.5019608 0.5019608 0.5019608 0.5019608 0.5019608 0.5019608 0.5019608 0.5019608 0.5019608 0.5019608 0.5019608 0.5019608 0.5019608 0.5019608 0.5019608 0.5019608 0.5019608 0.5019608 0.5019608 0.5019608 0.5019608 0.5019608 0.5019608 0.5019608 0.5019608 0.5019608 0.5019608 0.5019608 0.5019608</float_array>
          <technique_common>
            <accessor source="#geom-hand_alphaC_ZwriteOFFShape-map0-array" count="156" stride="3">
              <param name="R" type="float"/>
              <param name="G" type="float"/>
              <param name="B" type="float"/>
            </accessor>
          </technique_common>
        </source>
        <source id="geom-hand_alphaC_ZwriteOFFShape-map1">
          <float_array id="geom-hand_alphaC_ZwriteOFFShape-map1-array" count="468">0.166748 0.4228516 0 0.4516602 0.4233398 0 0.166748 0.3964844 0 0.4516602 0.3955078 0 0.166748 0.3203125 0 0.4516602 0.3193359 0 0.166748 0.2929687 0 0.4516602 0.293457 0 0.4516602 0.661377 0 0.4516602 0.6149902 0 0.166748 0.6594238 0 0.166748 0.614502 0 0.4516602 0.2036133 0 0.4516602 0.1577148 0 0.166748 0.1992187 0 0.166748 0.1552734 0 0.4516602 0.550293 0 0.4516602 0.5195313 0 0.166748 0.550293 0 0.166748 0.5197754 0 0.4516602 0.3701172 0 0.4516602 0.3432617 0 0.166748 0.3701172 0 0.166748 0.3452148 0 0.166748 0.1162109 0 0.4516602 0.1157227 0 0.166748 0.07910156 0 0.4516602 0.07763672 0 0.4516602 0.2631836 0 0.4516602 0.2373047 0 0.166748 0.262207 0 0.166748 0.234375 0 0.4516602 -0.01269531 0 0.4516602 -0.03515625 0 0.166748 -0.01367187 0 0.166748 -0.03710937 0 0.4516602 0.04785156 0 0.4516602 0.02001953 0 0.166748 0.04785156 0 0.166748 0.01855469 0 0.166748 -0.06054687 0 0.4516602 -0.05957031 0 0.166748 -0.1142578 0 0.4516602 -0.1142578 0 0.4516602 0.7199707 0 0.166748 0.7199707 0 0.166748 -0.2470703 0 0.4516602 -0.2480469 0 0.166748 -0.2792969 0 0.4516602 -0.2792969 0 0.4516602 -0.1884766 0 0.166748 -0.1904297 0 0.4516602 -0.1777344 0 0.166748 -0.1699219 0 0.4516602 -0.1445312 0 0.166748 -0.1464844 0 0.4516602 -0.2265625 0 0.166748 -0.2226562 0 0.4516602 0.4584961 0 0.166748 0.4570312 0 0.4516602 0.4912109 0 0.166748 0.4902344 0 0.4516602 0.581543 0 0.166748 0.581543 0 0.987793 0.4614258 0 0.7124023 0.4604492 0 0.987793 0.4916992 0 0.7124023 0.4921875 0 0.987793 0.5178223 0 0.7124023 0.519043 0 0.987793 0.5476074 0 0.7124023 0.5488281 0 0.987793 0.5800781 0 0.7124023 0.5805664 0 0.987793 0.6166992 0 0.7124023 0.6152344 0 0.7124023 0.6628418 0 0.987793 0.6652832 0 0.7124023 0.7199707 0 0.987793 0.7199707 0 0.7124023 -0.2480469 0 0.987793 -0.25 0 0.7124023 -0.2792969 0 0.987793 -0.2792969 0 0.987793 -0.2304687 0 0.7124023 -0.2285156 0 0.7124023 -0.1953125 0 0.987793 -0.2011719 0 0.987793 -0.1728516 0 0.7124023 -0.1748047 0 0.987793 -0.1425781 0 0.7124023 -0.1445312 0 0.987793 -0.1181641 0 0.7124023 -0.1142578 0 0.7124023 -0.05761719 0 0.987793 -0.05664062 0 0.987793 -0.03027344 0 0.7124023 -0.03320312 0 0.987793 -0.0078125 0 0.7124023 -0.01074219 0 0.987793 0.02001953 0 0.7124023 0.02001953 0 0.987793 0.04345703 0 0.7124023 0.04638672 0 0.987793 0.07275391 0 0.7124023 0.07519531 0 0.7124023 0.1132812 0 0.987793 0.1118164 0 0.987793 0.1538086 0 0.7124023 0.1557617 0 0.987793 0.2041016 0 0.7124023 0.2050781 0 0.987793 0.2373047 0 0.7124023 0.237793 0 0.987793 0.2680664 0 0.7124023 0.265625 0 0.987793 0.296875 0 0.7124023 0.2939453 0 0.987793 0.3198242 0 0.7124023 0.3188477 0 0.987793 0.340332 0 0.7124023 0.3413086 0 0.987793 0.3657227 0 0.7124023 0.3691406 0 0.987793 0.394043 0 0.7124023 0.3945312 0 0.7124023 0.4243164 0 0.987793 0.4243164 0 3.05176e-5 0.4887695 0 3.05176e-5 0.5205078 0 3.05176e-5 0.4550781 0 3.05176e-5 0.4091797 0 3.05176e-5 0.2636719 0 3.05176e-5 0.3022461 0 3.05176e-5 0.3339844 0 3.05176e-5 0.3676758 0 3.05176e-5 0.04589844 0 3.05176e-5 0.01708984 0 3.05176e-5 -0.01464844 0 3.05176e-5 -0.05957031 0 3.05176e-5 -0.1113281 0 3.05176e-5 0.07861328 0 3.05176e-5 0.1137695 0 3.05176e-5 0.1533203 0 3.05176e-5 0.1962891 0 3.05176e-5 0.2338867 0 3.05176e-5 0.5495605 0 3.05176e-5 0.7199707 0 3.05176e-5 0.657959 0 3.05176e-5 0.6135254 0 3.05176e-5 -0.2792969 0 3.05176e-5 -0.2470703 0 3.05176e-5 -0.2207031 0 3.05176e-5 -0.1884766 0 3.05176e-5 -0.1474609 0 3.05176e-5 0.5800781 0</float_array>
          <technique_common>
            <accessor source="#geom-hand_alphaC_ZwriteOFFShape-map1-array" count="156" stride="3">
              <param name="S" type="float"/>
              <param name="T" type="float"/>
              <param name="P" type="float"/>
            </accessor>
          </technique_common>
        </source>
        <vertices id="geom-hand_alphaC_ZwriteOFFShape-vertices">
          <input semantic="POSITION" source="#geom-hand_alphaC_ZwriteOFFShape-positions"/>
        </vertices>
        <triangles material="EffectA_mat" count="244">
          <input semantic="VERTEX" source="#geom-hand_alphaC_ZwriteOFFShape-vertices" offset="0"/>
          <input semantic="NORMAL" source="#geom-hand_alphaC_ZwriteOFFShape-normals" offset="1"/>
          <input semantic="COLOR" source="#geom-hand_alphaC_ZwriteOFFShape-map0" offset="2" set="0"/>
          <input semantic="TEXCOORD" source="#geom-hand_alphaC_ZwriteOFFShape-map1" offset="3" set="0"/>
          <p>59 0 59 59 0 1 0 0 130 2 130 130 131 3 131 131 0 1 0 0 2 4 2 2 0 1 0 0 131 3 131 131 130 2 130 130 58 5 58 58 0 1 0 0 59 0 59 59 1 6 1 1 0 1 0 0 58 5 58 58 0 1 0 0 1 6 1 1 2 4 2 2 59 0 59 59 128 7 128 128 61 8 61 61 59 0 59 59 130 2 130 130 128 7 128 128 60 9 60 60 59 0 59 59 61 8 61 61 58 5 58 58 59 0 59 59 60 9 60 60 65 10 65 65 1 6 1 1 58 5 58 58 67 11 67 67 58 5 58 58 60 9 60 60 65 10 65 65 58 5 58 58 67 11 67 67 1 6 1 1 126 12 126 126 3 13 3 3 126 12 126 126 1 6 1 1 65 10 65 65 2 4 2 2 1 6 1 1 3 13 3 3 135 14 135 135 2 4 2 2 22 15 22 22 135 14 135 135 131 3 131 131 2 4 2 2 2 4 2 2 20 16 20 20 22 15 22 22 3 13 3 3 20 16 20 20 2 4 2 2 123 17 123 123 3 13 3 3 125 18 125 125 20 16 20 20 3 13 3 3 123 17 123 123 3 13 3 3 126 12 126 126 125 18 125 125 64 19 64 64 126 12 126 126 65 10 65 65 127 20 127 127 126 12 126 126 64 19 64 64 126 12 126 126 127 20 127 127 125 18 125 125 66 21 66 66 65 10 65 65 67 11 67 67 64 19 64 64 65 10 65 65 66 21 66 66 67 11 67 67 60 9 60 60 69 22 69 69 69 22 69 69 66 21 66 66 67 11 67 67 69 22 69 69 60 9 60 60 17 23 17 17 19 24 19 19 60 9 60 60 61 8 61 61 17 23 17 17 60 9 60 60 19 24 19 19 61 8 61 61 129 25 129 129 19 24 19 19 128 7 128 128 129 25 129 129 61 8 61 61 129 25 129 129 18 26 18 18 19 24 19 19 18 26 18 18 17 23 17 17 19 24 19 19 17 23 17 17 16 27 16 16 69 22 69 69 16 27 16 16 17 23 17 17 18 26 18 18 69 22 69 69 16 27 16 16 71 28 71 71 71 28 71 71 68 29 68 68 69 22 69 69 68 29 68 68 66 21 66 66 69 22 69 69 16 27 16 16 62 30 62 62 71 28 71 71 63 31 63 63 16 27 16 16 18 26 18 18 62 30 62 62 16 27 16 16 63 31 63 63 129 25 129 129 146 32 146 146 18 26 18 18 146 32 146 146 63 31 63 63 18 26 18 18 155 33 155 155 149 34 149 149 63 31 63 63 146 32 146 146 155 33 155 155 63 31 63 63 11 35 11 11 63 31 63 63 149 34 149 149 11 35 11 11 62 30 62 62 63 31 63 63 71 28 71 71 62 30 62 62 73 36 73 73 75 37 75 75 62 30 62 62 9 38 9 9 73 36 73 73 62 30 62 62 75 37 75 75 9 38 9 9 62 30 62 62 11 35 11 11 72 39 72 72 71 28 71 71 73 36 73 73 70 40 70 70 71 28 71 71 72 39 72 72 70 40 70 70 68 29 68 68 71 28 71 71 74 41 74 74 73 36 73 73 75 37 75 75 72 39 72 72 73 36 73 73 74 41 74 74 8 42 8 8 75 37 75 75 9 38 9 9 76 43 76 76 75 37 75 75 8 42 8 8 75 37 75 75 77 44 77 77 74 41 74 74 76 43 76 76 77 44 77 77 75 37 75 75 10 45 10 10 9 38 9 9 11 35 11 11 8 42 8 8 9 38 9 9 10 45 10 10 11 35 11 11 149 34 149 149 148 46 148 148 148 46 148 148 10 45 10 10 11 35 11 11 148 46 148 148 147 47 147 147 10 45 10 10 147 47 147 147 45 48 45 45 10 45 10 10 45 48 45 45 8 42 8 8 10 45 10 10 8 42 8 8 78 49 78 78 76 43 76 76 44 50 44 44 78 49 78 78 8 42 8 8 44 50 44 44 8 42 8 8 45 48 45 45 76 43 76 76 79 51 79 79 77 44 77 77 78 49 78 78 79 51 79 79 76 43 76 76 125 18 125 125 127 20 127 127 124 52 124 124 125 18 125 125 122 53 122 122 123 17 123 123 124 52 124 124 122 53 122 122 125 18 125 125 122 53 122 122 120 54 120 120 123 17 123 123 121 55 121 121 20 16 20 20 123 17 123 123 123 17 123 123 120 54 120 120 121 55 121 121 120 54 120 120 118 56 118 118 121 55 121 121 119 57 119 119 21 58 21 21 121 55 121 121 21 58 21 21 20 16 20 20 121 55 121 121 121 55 121 121 118 56 118 118 119 57 119 119 20 16 20 20 21 58 21 21 22 15 22 22 5 59 5 5 21 58 21 21 119 57 119 119 21 58 21 21 5 59 5 5 23 60 23 23 22 15 22 22 21 58 21 21 23 60 23 23 119 57 119 119 117 61 117 117 5 59 5 5 119 57 119 119 116 62 116 116 117 61 117 117 118 56 118 118 116 62 116 116 119 57 119 119 5 59 5 5 117 61 117 117 7 63 7 7 23 60 23 23 5 59 5 5 4 64 4 4 6 65 6 6 5 59 5 5 7 63 7 7 4 64 4 4 5 59 5 5 6 65 6 6 134 66 134 134 135 14 135 135 23 60 23 23 135 14 135 135 22 15 22 22 23 60 23 23 4 64 4 4 134 66 134 134 23 60 23 23 134 66 134 134 4 64 4 4 133 67 133 133 4 64 4 4 6 65 6 6 133 67 133 133 132 68 132 132 133 67 133 133 6 65 6 6 132 68 132 132 6 65 6 6 30 69 30 30 6 65 6 6 28 70 28 28 30 69 30 30 7 63 7 7 28 70 28 28 6 65 6 6 115 71 115 115 7 63 7 7 117 61 117 117 28 70 28 28 7 63 7 7 115 71 115 115 117 61 117 117 114 72 114 114 115 71 115 115 116 62 116 116 114 72 114 114 117 61 117 117 113 73 113 113 28 70 28 28 115 71 115 115 115 71 115 115 112 74 112 112 113 73 113 113 114 72 114 114 112 74 112 112 115 71 115 115 29 75 29 29 28 70 28 28 113 73 113 113 28 70 28 28 29 75 29 29 30 69 30 30 31 76 31 31 132 68 132 132 30 69 30 30 30 69 30 30 29 75 29 29 31 76 31 31 145 77 145 145 132 68 132 132 31 76 31 31 31 76 31 31 14 78 14 14 145 77 145 145 31 76 31 31 12 79 12 12 14 78 14 14 29 75 29 29 12 79 12 12 31 76 31 31 111 80 111 111 29 75 29 29 113 73 113 113 12 79 12 12 29 75 29 29 111 80 111 111 113 73 113 113 110 81 110 110 111 80 111 111 112 74 112 112 110 81 110 110 113 73 113 113 111 80 111 111 109 82 109 109 12 79 12 12 111 80 111 111 108 83 108 108 109 82 109 109 110 81 110 110 108 83 108 108 111 80 111 111 12 79 12 12 109 82 109 109 13 84 13 13 12 79 12 12 13 84 13 13 14 78 14 14 145 77 145 145 14 78 14 14 144 85 144 144 15 86 15 15 144 85 144 144 14 78 14 14 14 78 14 14 13 84 13 13 15 86 15 15 109 82 109 109 25 87 25 25 13 84 13 13 13 84 13 13 25 87 25 25 15 86 15 15 106 88 106 106 25 87 25 25 109 82 109 109 108 83 108 108 106 88 106 106 109 82 109 109 107 89 107 107 106 88 106 106 108 83 108 108 27 90 27 27 106 88 106 106 105 91 105 105 25 87 25 25 106 88 106 106 27 90 27 27 106 88 106 106 107 89 107 107 105 91 105 105 15 86 15 15 25 87 25 25 24 92 24 24 26 93 26 26 25 87 25 25 27 90 27 27 24 92 24 24 25 87 25 25 26 93 26 26 143 94 143 143 144 85 144 144 15 86 15 15 24 92 24 24 143 94 143 143 15 86 15 15 142 95 142 142 143 94 143 143 24 92 24 24 26 93 26 26 142 95 142 142 24 92 24 24 141 96 141 141 142 95 142 142 26 93 26 26 26 93 26 26 38 97 38 38 141 96 141 141 27 90 27 27 38 97 38 38 26 93 26 26 105 91 105 105 36 98 36 36 27 90 27 27 36 98 36 36 38 97 38 38 27 90 27 27 103 99 103 103 36 98 36 36 105 91 105 105 105 91 105 105 107 89 107 107 104 100 104 104 104 100 104 104 103 99 103 103 105 91 105 105 101 101 101 101 36 98 36 36 103 99 103 103 37 102 37 37 36 98 36 36 101 101 101 101 36 98 36 36 37 102 37 37 38 97 38 38 141 96 141 141 38 97 38 38 136 103 136 136 38 97 38 38 39 104 39 39 136 103 136 136 38 97 38 38 37 102 37 37 39 104 39 39 99 105 99 99 37 102 37 37 101 101 101 101 32 106 32 32 37 102 37 37 99 105 99 99 37 102 37 37 32 106 32 32 39 104 39 39 102 107 102 102 101 101 101 101 103 99 103 103 100 108 100 100 101 101 101 101 102 107 102 102 101 101 101 101 98 109 98 98 99 105 99 99 100 108 100 100 98 109 98 98 101 101 101 101 102 107 102 102 103 99 103 103 104 100 104 104 98 109 98 98 96 110 96 96 99 105 99 99 99 105 99 99 97 111 97 97 32 106 32 32 99 105 99 99 96 110 96 96 97 111 97 97 32 106 32 32 97 111 97 97 33 112 33 33 39 104 39 39 32 106 32 32 34 113 34 34 32 106 32 32 33 112 33 33 34 113 34 34 34 113 34 34 137 114 137 137 39 104 39 39 136 103 136 136 39 104 39 39 137 114 137 137 35 115 35 35 138 116 138 138 34 113 34 34 138 116 138 138 137 114 137 137 34 113 34 34 34 113 34 34 33 112 33 33 35 115 35 35 94 117 94 94 33 112 33 33 97 111 97 97 41 118 41 41 33 112 33 33 94 117 94 94 33 112 33 33 41 118 41 41 35 115 35 35 97 111 97 97 95 119 95 95 94 117 94 94 96 110 96 96 95 119 95 95 97 111 97 97 43 120 43 43 94 117 94 94 93 121 93 93 41 118 41 41 94 117 94 94 43 120 43 43 94 117 94 94 95 119 95 95 93 121 93 93 35 115 35 35 41 118 41 41 40 122 40 40 42 123 42 42 41 118 41 41 43 120 43 43 40 122 40 40 41 118 41 41 42 123 42 42 40 122 40 40 139 124 139 139 35 115 35 35 35 115 35 35 139 124 139 139 138 116 138 138 140 125 140 140 40 122 40 40 42 123 42 42 139 124 139 139 40 122 40 40 140 125 140 140 55 126 55 55 154 127 154 154 42 123 42 42 42 123 42 42 154 127 154 154 140 125 140 140 43 120 43 43 55 126 55 55 42 123 42 42 93 121 93 93 54 128 54 54 43 120 43 43 54 128 54 54 55 126 55 55 43 120 43 43 91 129 91 91 54 128 54 54 93 121 93 93 93 121 93 93 95 119 95 95 92 130 92 92 92 130 92 92 91 129 91 91 93 121 93 93 89 131 89 89 54 128 54 54 91 129 91 91 52 132 52 52 54 128 54 54 89 131 89 89 54 128 54 54 53 133 53 53 55 126 55 55 52 132 52 52 53 133 53 53 54 128 54 54 55 126 55 55 53 133 53 53 154 127 154 154 154 127 154 154 53 133 53 53 153 134 153 153 153 134 153 153 53 133 53 53 51 135 51 51 52 132 52 52 51 135 51 51 53 133 53 53 89 131 89 89 50 136 50 50 52 132 52 52 50 136 50 50 51 135 51 51 52 132 52 52 86 137 86 86 50 136 50 50 89 131 89 89 90 138 90 90 89 131 89 89 91 129 91 91 88 139 88 88 89 131 89 89 90 138 90 90 88 139 88 88 86 137 86 86 89 131 89 89 90 138 90 90 91 129 91 91 92 130 92 92 87 140 87 87 86 137 86 86 88 139 88 88 86 137 86 86 85 141 85 85 50 136 50 50 84 142 84 84 86 137 86 86 87 140 87 87 85 141 85 85 86 137 86 86 84 142 84 84 50 136 50 50 85 141 85 85 56 143 56 56 50 136 50 50 57 144 57 57 51 135 51 51 56 143 56 56 57 144 57 57 50 136 50 50 152 145 152 152 51 135 51 51 57 144 57 57 153 134 153 153 51 135 51 51 152 145 152 152 46 146 46 46 152 145 152 152 57 144 57 57 56 143 56 56 46 146 46 46 57 144 57 57 85 141 85 85 47 147 47 47 56 143 56 56 47 147 47 47 46 146 46 46 56 143 56 56 80 148 80 80 47 147 47 47 85 141 85 85 85 141 85 85 81 149 81 81 80 148 80 80 84 142 84 84 81 149 81 81 85 141 85 85 47 147 47 47 80 148 80 80 49 150 49 49 48 151 48 48 47 147 47 47 49 150 49 49 46 146 46 46 47 147 47 47 48 151 48 48 46 146 46 46 48 151 48 48 151 152 151 151 46 146 46 46 151 152 151 151 152 145 152 152 48 151 48 48 150 153 150 150 151 152 151 151 49 150 49 49 80 148 80 80 82 154 82 82 80 148 80 80 81 149 81 81 82 154 82 82 82 154 82 82 81 149 81 81 83 155 83 83</p>
        </triangles>
      </mesh>
    </geometry>
    <geometry id="geom-hand_alphaC_ZwriteONShape" name="hand_alphaC_ZwriteONShape">
      <mesh>
        <source id="geom-hand_alphaC_ZwriteONShape-positions">
          <float_array id="geom-hand_alphaC_ZwriteONShape-positions-array" count="468">-3.04107 -7.68712 -0.0691523 -6.90353 -7.87637 -0.0423409 -3.0349 -7.63147 -1.62079 -6.96597 -7.87551 -1.61028 -3.07947 -5.70358 -5.85274 -6.48605 -5.8385 -5.99979 -3.08183 -4.63047 -7.19445 -6.46398 -4.74785 -7.34249 -6.28622 -0.844427 11.1222 -6.31314 -3.1047 10.0999 -3.03952 -0.864142 10.8245 -3.01105 -3.07797 9.82995 -6.22282 -0.447691 -9.6589 -6.25536 1.83966 -9.5254 -3.12152 -0.13245 -9.5645 -3.17367 1.96086 -9.29973 -6.41963 -5.80602 7.54749 -6.30535 -6.80808 5.87264 -3.09592 -5.65653 7.34368 -3.12896 -6.60103 5.75342 -6.75774 -7.4549 -3.09277 -6.60812 -6.72935 -4.6902 -3.04591 -7.17813 -3.09432 -3.06076 -6.54323 -4.52543 -3.23541 3.73354 -8.53153 -6.28967 3.81646 -8.74753 -3.35159 5.14137 -7.2036 -6.43584 5.36514 -7.38569 -6.299 -3.35263 -8.51227 -6.25188 -2.06477 -9.23463 -3.07294 -3.21129 -8.40056 -3.0857 -1.8785 -9.1416 -6.32218 7.27895 -2.01045 -6.19141 7.50975 -0.553839 -3.31365 6.96264 -1.95001 -3.28555 7.16586 -0.614412 -6.5606 6.20456 -5.76955 -6.54259 6.87338 -4.05067 -3.3722 5.92797 -5.5632 -3.3715 6.5564 -3.88927 -3.26261 7.20073 0.719872 -5.99796 7.53417 0.83848 -3.26641 6.81104 3.44446 -6.28352 7.12258 3.59195 -6.25204 2.49259 10.9138 -3.15293 2.48221 10.5893 -3.21972 4.00118 9.69446 -6.26926 4.16788 9.98542 -3.15293 2.48221 10.5893 -6.25204 2.49259 10.9138 -6.35478 5.77953 7.4275 -3.26109 5.58907 7.12306 -6.29486 6.07027 6.70289 -3.26945 5.93646 6.1874 -6.31437 6.67761 5.13555 -3.2671 6.34435 5.03577 -6.21677 4.93145 8.97658 -3.26009 4.79989 8.62953 -6.59212 -7.83577 2.08176 -3.0863 -7.60869 1.97293 -6.3453 -7.33892 4.1261 -3.12947 -7.14453 3.98212 -6.37636 -4.59422 8.9902 -3.04567 -4.49463 8.7224 -13.9371 -8.45639 2.42271 -9.9137 -8.1621 2.22104 -13.4114 -7.94644 4.49758 -9.55682 -7.63406 4.28332 -13.3648 -7.38581 6.33266 -9.47661 -7.07291 6.08536 -13.5035 -6.34988 8.01322 -9.56796 -6.04936 7.78539 -13.3945 -4.93761 9.65015 -9.53194 -4.78222 9.33065 -13.1444 -3.21775 10.9085 -9.4401 -3.19487 10.5045 -9.36147 -0.829223 11.4976 -12.9039 -0.789823 11.8308 -9.18739 2.55343 11.2922 -12.5005 2.63642 11.624 -9.15816 4.38691 10.2832 -12.501 4.6496 10.5374 -9.18739 2.55343 11.2922 -12.5005 2.63642 11.624 -12.6376 5.36623 9.67876 -9.17327 5.1402 9.30664 -9.44538 6.006 7.74185 -13.1461 6.27089 8.17967 -13.1976 6.78257 6.95714 -9.48425 6.52563 6.62265 -12.8011 7.50004 5.44128 -9.35445 7.09397 5.30058 -12.3007 7.87092 3.86443 -9.13894 7.51587 3.74398 -8.72531 7.93869 0.988903 -11.8035 8.32051 1.22076 -12.1425 8.32969 -0.350422 -8.94054 7.92216 -0.485405 -12.8789 8.17039 -1.91434 -9.32312 7.71681 -1.99739 -13.5051 7.76062 -4.02277 -9.70678 7.29827 -4.12644 -13.5702 6.96889 -6.0063 -9.74535 6.5703 -5.92706 -13.2204 5.92059 -7.80033 -9.51719 5.63035 -7.57587 -9.34219 3.99668 -8.95891 -12.8787 4.23052 -9.13578 -12.7771 1.87293 -10.0725 -9.33751 1.82095 -9.80577 -12.8569 -0.81725 -10.1751 -9.33176 -0.666644 -9.90762 -13.0934 -2.26291 -9.71071 -9.4177 -2.2045 -9.44773 -13.4545 -3.74422 -8.73418 -9.52419 -3.57422 -8.65258 -13.6274 -5.05087 -7.73325 -9.67191 -4.93524 -7.56518 -13.6287 -6.30405 -6.43162 -9.71645 -6.09821 -6.23169 -13.976 -7.25543 -5.22433 -9.96934 -7.03362 -4.93639 -14.9809 -8.05798 -3.60144 -10.4729 -7.7909 -3.31805 -15.3944 -8.5626 -1.56073 -10.6932 -8.2494 -1.61761 -10.5664 -8.22796 -0.00453891 -15.1366 -8.54167 0.0657561 -1.45252 -7.15893 3.90894 -1.44401 -6.55339 5.78809 -1.45404 -7.63112 1.90681 -1.42313 -7.8021 -0.86672 -1.40166 -3.2575 -8.40195 -1.45339 -5.04359 -6.85453 -1.43146 -6.23258 -5.18465 -1.42118 -7.15587 -3.27615 -1.45816 5.88151 -5.44023 -1.49084 6.51085 -3.79589 -1.41668 6.94017 -1.86228 -1.45816 7.11184 0.644646 -1.45816 6.79128 3.30083 -1.45816 5.0659 -7.10331 -1.47555 3.77742 -8.43333 -1.48667 2.09669 -9.21514 -1.39691 0.0975126 -9.61032 -1.413 -1.78065 -9.16151 -1.42517 -5.67014 7.30689 -1.42199 2.6145 10.5142 -1.46489 -0.932411 10.7973 -1.44934 -3.15784 9.85929 -1.42199 2.6145 10.5142 -1.47971 3.98011 9.58312 -1.46383 4.81661 8.40716 -1.45816 5.52032 6.92684 -1.46268 6.27288 5.07231 -1.41639 -4.55882 8.66502</float_array>
          <technique_common>
            <accessor source="#geom-hand_alphaC_ZwriteONShape-positions-array" count="156" stride="3">
              <param name="X" type="float"/>
              <param name="Y" type="float"/>
              <param name="Z" type="float"/>
            </accessor>
          </technique_common>
        </source>
        <source id="geom-hand_alphaC_ZwriteONShape-normals">
          <float_array id="geom-hand_alphaC_ZwriteONShape-normals-array" count="468">0.05013298 -0.9911797 0.1226762 0.03501438 -0.9993293 0.01072258 -0.01636466 -0.9911612 0.13165 -0.02716432 -0.9962284 -0.0824086 0.04395629 -0.9860862 -0.1603184 0.08131113 -0.9898958 0.1161675 0.07736383 -0.9969982 0.003070205 0.007944433 -0.9616961 0.2740028 0.05365246 -0.9639131 0.2607546 0.08555329 -0.9628868 0.2559882 0.08883309 -0.9900464 0.109164 0.09559283 -0.9620326 0.2556467 0.08045805 -0.9967519 0.003479597 0.08131735 -0.9870412 -0.1383372 -0.006026093 -0.9364526 -0.3507423 0.05014422 -0.9370834 -0.3454854 0.08578824 -0.9383584 -0.3348489 0.08588659 -0.9429823 -0.3215711 0.08002454 -0.9883733 -0.1292845 0.07697831 -0.9933316 0.08582991 0.06897311 -0.9976075 0.004699937 0.08998397 -0.9630848 0.2537133 0.1000242 -0.906202 0.4108441 0.08792236 -0.9090195 0.4073736 0.05599098 -0.9163715 0.3963942 0.01178518 -0.9286479 0.3707753 0.06081827 -0.8138413 0.5778957 0.09133396 -0.8117489 0.5768204 0.1000391 -0.80813 0.5804464 0.09707712 -0.9040994 0.4161495 0.09604927 -0.6882819 0.7190567 0.05888574 -0.6935635 0.7179848 0.002344594 -0.819986 0.5723786 -0.003554744 -0.7151161 0.6989967 -0.03124223 -0.5025618 0.8639765 0.05672167 -0.4984668 0.8650512 0.1014585 -0.6861573 0.7203431 0.1049876 -0.4831871 0.8691996 0.09920653 -0.492797 0.8644705 0.09051049 -0.6893943 0.7187095 0.09394519 -0.8062561 0.5840595 0.09247093 -0.4831682 0.8706306 0.1090853 -0.1440634 0.9835376 0.1103068 -0.1430876 0.9835438 0.09754422 -0.1523594 0.9834997 0.07661098 -0.1415014 0.9869692 0.006144335 -0.1250544 0.9921308 0.01941122 0.2544213 0.9668986 0.08734441 0.2215655 0.9712259 0.1133566 0.217923 0.9693605 0.1141908 0.2181228 0.9692176 0.1012365 0.211754 0.9720655 0.06769978 -0.9899185 -0.1244113 0.07161741 -0.9519682 -0.2977037 0.0798634 -0.8792301 -0.4696554 0.09433038 -0.8708922 -0.4823366 0.07078251 -0.7719507 -0.6317293 0.08620612 -0.7800066 -0.6198049 0.08795776 -0.8760374 -0.474154 0.08114874 -0.7996418 -0.5949687 0.04680607 -0.8807968 -0.471175 0.07089663 -0.6907689 -0.7195916 0.05500145 -0.6832144 -0.7281435 0.07355852 -0.7081152 -0.7022549 0.03791472 -0.8093357 -0.5861212 0.03733883 -0.7112391 -0.7019578 -0.02428942 -0.8583586 -0.5124748 -0.02840051 -0.7369176 -0.6753857 -0.004316006 -0.5460988 -0.8377097 0.03754221 -0.5669789 -0.8228764 0.06690957 -0.5767897 -0.8141478 0.06436379 -0.5774422 -0.8138905 0.05033817 -0.5831779 -0.8107833 0.07337828 -0.4095021 -0.9093534 0.06503338 -0.4403951 -0.8954456 0.06635985 -0.3741059 -0.9250087 0.03348379 -0.3550442 -0.9342497 0.002856266 -0.3404471 -0.9402593 0.03027005 -0.04695444 -0.9984383 0.0666827 -0.07285024 -0.9951111 0.08151893 -0.08957923 -0.992638 0.07822409 -0.1067414 -0.9912049 0.07986312 0.2005126 -0.9764305 0.07599931 0.2007114 -0.976698 0.07032697 0.2161089 -0.9738331 -0.00168679 -0.01231127 -0.9999228 0.03925546 0.2496965 -0.9675281 0.08279827 0.5226794 -0.8484991 0.08624977 0.5063893 -0.8579807 0.08261497 0.5138859 -0.8538712 0.09913199 0.7828009 -0.6143253 0.100509 0.7679226 -0.632608 0.06054331 0.545653 -0.8358213 0.07640012 0.7993004 -0.5960553 0.01073783 0.2871969 -0.9578114 0.03702202 0.5747722 -0.8174756 0.05031067 0.8142513 -0.5783284 0.08296058 0.9137263 -0.3977713 0.1125656 0.905897 -0.4082641 0.1097206 0.8987682 -0.4244726 0.09587795 0.7767946 -0.6224127 0.1194602 0.9488449 -0.2922716 0.121342 0.9512044 -0.2837011 0.04855875 0.9175802 -0.3945741 0.0812659 0.956874 -0.2789051 0.1270949 0.9728068 -0.1936335 0.1238589 0.9737787 -0.1908245 0.1013246 0.8994692 -0.4250749 0.1091798 0.94769 -0.299939 0.1166044 0.9728833 -0.1997536 0.1213432 0.9868598 -0.1066941 0.1321306 0.9862171 -0.09958643 0.1295242 0.9863859 -0.1013243 0.08102143 0.9783628 -0.1903729 0.03473272 0.9600636 -0.2776176 0.09700971 0.9909765 -0.09249195 0.03933788 0.9848815 -0.1687043 0.1370892 0.985382 0.1011384 0.1318935 0.9867586 0.09440153 0.1251726 0.9862376 0.1080148 0.1319818 0.9699013 0.2046267 0.1345491 0.9679723 0.2119576 0.09102507 0.9914468 0.09352811 0.08992258 0.9777325 0.1896127 0.04683039 0.9959549 0.07668706 0.03662142 0.9853603 0.1665054 0.09308749 0.9463793 0.3093557 0.04703307 0.9439577 0.3266982 0.1251472 0.9391536 0.3198885 0.1270018 0.9319979 0.3394856 0.123312 0.9674501 0.220985 0.1160577 0.9079484 0.4026915 0.1145958 0.921651 0.3707118 0.08680589 0.9308132 0.3550373 0.06447387 0.9114262 0.4063808 0.08351956 0.9030857 0.4212609 0.1059209 0.8927881 0.4378471 0.111509 0.8896293 0.4428605 0.1155587 0.9239809 0.3645622 0.1084453 0.9046878 0.4120433 0.1100364 0.8910381 0.4403897 0.1152822 0.8416577 0.5275626 0.1135828 0.8436885 0.5246795 0.1082446 0.8444667 0.524556 0.08949899 0.8532318 0.513795 0.06239678 0.8728223 0.484033 0.09425027 0.6338697 0.7676758 0.1150214 0.6188201 0.7770662 0.1157944 0.6006415 0.7910888 0.1078211 0.6012586 0.7917467 0.1141908 0.2181228 0.9692176 0.08734441 0.2215655 0.9712259 0.03779217 0.6774506 0.7345967 0.01941122 0.2544213 0.9668986 0.1133566 0.217923 0.9693605 0.1012365 0.211754 0.9720655</float_array>
          <technique_common>
            <accessor source="#geom-hand_alphaC_ZwriteONShape-normals-array" count="156" stride="3">
              <param name="X" type="float"/>
              <param name="Y" type="float"/>
              <param name="Z" type="float"/>
            </accessor>
          </technique_common>
        </source>
        <source id="geom-hand_alphaC_ZwriteONShape-map-2">
          <float_array id="geom-hand_alphaC_ZwriteONShape-map-2-array" count="468">1 1 1 1 1 1 1 1 1 1 1 1 1 1 1 1 1 1 1 1 1 1 1 1 1 1 1 1 1 1 1 1 1 1 1 1 1 1 1 1 1 1 1 1 1 1 1 1 1 1 1 1 1 1 1 1 1 1 1 1 1 1 1 1 1 1 1 1 1 1 1 1 1 1 1 1 1 1 1 1 1 1 1 1 1 1 1 1 1 1 1 1 1 1 1 1 1 1 1 1 1 1 1 1 1 1 1 1 1 1 1 1 1 1 1 1 1 1 1 1 1 1 1 1 1 1 1 1 1 1 1 1 1 1 1 1 1 1 1 1 1 1 1 1 1 1 1 1 1 1 1 1 1 1 1 1 1 1 1 1 1 1 1 1 1 1 1 1 1 1 1 1 1 1 1 1 1 1 1 1 1 1 1 1 1 1 1 1 1 1 1 1 1 1 1 1 1 1 1 1 1 1 1 1 1 1 1 1 1 1 1 1 1 1 1 1 1 1 1 1 1 1 1 1 1 1 1 1 1 1 1 1 1 1 1 1 1 1 1 1 1 1 1 1 1 1 1 1 1 1 1 1 1 1 1 1 1 1 1 1 1 1 1 1 1 1 1 1 1 1 1 1 1 1 1 1 1 1 1 1 1 1 1 1 1 1 1 1 1 1 1 1 1 1 1 1 1 1 1 1 1 1 1 1 1 1 1 1 1 1 1 1 1 1 1 1 1 1 1 1 1 1 1 1 1 1 1 1 1 1 1 1 1 1 1 1 1 1 1 1 1 1 1 1 1 1 1 1 1 1 1 1 1 1 1 1 1 1 1 1 1 1 1 1 1 1 1 1 1 1 1 1 1 1 1 1 1 1 1 1 1 1 1 1 1 1 1 1 1 1 1 1 1 1 1 1 1 1 1 1 1 1 1 1 1 1 1 1 1 1 1 1 1 1 1 1 1 1 1 1 1 1 1 1 1 1 1 1 1 1 1 1 1 1 1 1 1 1 1 1 1 1 1 1 1 1 1 1 1 1 1 1 1 1 1 1 1 1 1 1 1 1 1 1 1 1 1 1</float_array>
          <technique_common>
            <accessor source="#geom-hand_alphaC_ZwriteONShape-map-2-array" count="156" stride="3">
              <param name="R" type="float"/>
              <param name="G" type="float"/>
              <param name="B" type="float"/>
            </accessor>
          </technique_common>
        </source>
        <source id="geom-hand_alphaC_ZwriteONShape-map0">
          <float_array id="geom-hand_alphaC_ZwriteONShape-map0-array" count="468">0.5019608 0.5019608 0.5019608 0.5019608 0.5019608 0.5019608 0.5019608 0.5019608 0.5019608 0.5019608 0.5019608 0.5019608 0.5019608 0.5019608 0.5019608 0.5019608 0.5019608 0.5019608 0.5019608 0.5019608 0.5019608 0.5019608 0.5019608 0.5019608 0.5019608 0.5019608 0.5019608 0.5019608 0.5019608 0.5019608 0.5019608 0.5019608 0.5019608 0.5019608 0.5019608 0.5019608 0.5019608 0.5019608 0.5019608 0.5019608 0.5019608 0.5019608 0.5019608 0.5019608 0.5019608 0.5019608 0.5019608 0.5019608 0.5019608 0.5019608 0.5019608 0.5019608 0.5019608 0.5019608 0.5019608 0.5019608 0.5019608 0.5019608 0.5019608 0.5019608 0.5019608 0.5019608 0.5019608 0.5019608 0.5019608 0.5019608 0.5019608 0.5019608 0.5019608 0.5019608 0.5019608 0.5019608 0.5019608 0.5019608 0.5019608 0.5019608 0.5019608 0.5019608 0.5019608 0.5019608 0.5019608 0.5019608 0.5019608 0.5019608 0.5019608 0.5019608 0.5019608 0.5019608 0.5019608 0.5019608 0.5019608 0.5019608 0.5019608 0.5019608 0.5019608 0.5019608 0.5019608 0.5019608 0.5019608 0.5019608 0.5019608 0.5019608 0.5019608 0.5019608 0.5019608 0.5019608 0.5019608 0.5019608 0.5019608 0.5019608 0.5019608 0.5019608 0.5019608 0.5019608 0.5019608 0.5019608 0.5019608 0.5019608 0.5019608 0.5019608 0.5019608 0.5019608 0.5019608 0.5019608 0.5019608 0.5019608 0.5019608 0.5019608 0.5019608 0.5019608 0.5019608 0.5019608 0.5019608 0.5019608 0.5019608 0.5019608 0.5019608 0.5019608 0.5019608 0.5019608 0.5019608 0.5019608 0.5019608 0.5019608 0.5019608 0.5019608 0.5019608 0.5019608 0.5019608 0.5019608 0.5019608 0.5019608 0.5019608 0.5019608 0.5019608 0.5019608 0.5019608 0.5019608 0.5019608 0.5019608 0.5019608 0.5019608 0.5019608 0.5019608 0.5019608 0.5019608 0.5019608 0.5019608 0.5019608 0.5019608 0.5019608 0.5019608 0.5019608 0.5019608 0.5019608 0.5019608 0.5019608 0.5019608 0.5019608 0.5019608 0.5019608 0.5019608 0.5019608 0.5019608 0.5019608 0.5019608 0.5019608 0.5019608 0.5019608 0.5019608 0.5019608 0.5019608 0.5019608 0.5019608 0.5019608 0.5019608 0.5019608 0.5019608 0.5019608 0.5019608 0.5019608 0.5019608 0.5019608 0.5019608 0.5019608 0.5019608 0.5019608 0.5019608 0.5019608 0.5019608 0.5019608 0.5019608 0.5019608 0.5019608 0.5019608 0.5019608 0.5019608 0.5019608 0.5019608 0.5019608 0.5019608 0.5019608 0.5019608 0.5019608 0.5019608 0.5019608 0.5019608 0.5019608 0.5019608 0.5019608 0.5019608 0.5019608 0.5019608 0.5019608 0.5019608 0.5019608 0.5019608 0.5019608 0.5019608 0.5019608 0.5019608 0.5019608 0.5019608 0.5019608 0.5019608 0.5019608 0.5019608 0.5019608 0.5019608 0.5019608 0.5019608 0.5019608 0.5019608 0.5019608 0.5019608 0.5019608 0.5019608 0.5019608 0.5019608 0.5019608 0.5019608 0.5019608 0.5019608 0.5019608 0.5019608 0.5019608 0.5019608 0.5019608 0.5019608 0.5019608 0.5019608 0.5019608 0.5019608 0.5019608 0.5019608 0.5019608 0.5019608 0.5019608 0.5019608 0.5019608 0.5019608 0.5019608 0.5019608 0.5019608 0.5019608 0.5019608 0.5019608 0.5019608 0.5019608 0.5019608 0.5019608 0.5019608 0.5019608 0.5019608 0.5019608 0.5019608 0.5019608 0.5019608 0.5019608 0.5019608 0.5019608 0.5019608 0.5019608 0.5019608 0.5019608 0.5019608 0.5019608 0.5019608 0.5019608 0.5019608 0.5019608 0.5019608 0.5019608 0.5019608 0.5019608 0.5019608 0.5019608 0.5019608 0.5019608 0.5019608 0.5019608 0.5019608 0.5019608 0.5019608 0.5019608 0.5019608 0.5019608 0.5019608 0.5019608 0.5019608 0.5019608 0.5019608 0.5019608 0.5019608 0.5019608 0.5019608 0.5019608 0.5019608 0.5019608 0.5019608 0.5019608 0.5019608 0.5019608 0.5019608 0.5019608 0.5019608 0.5019608 0.5019608 0.5019608 0.5019608 0.5019608 0.5019608 0.5019608 0.5019608 0.5019608 0.5019608 0.5019608 0.5019608 0.5019608 0.5019608 0.5019608 0.5019608 0.5019608 0.5019608 0.5019608 0.5019608 0.5019608 0.5019608 0.5019608 0.5019608 0.5019608 0.5019608 0.5019608 0.5019608 0.5019608 0.5019608 0.5019608 0.5019608 0.5019608 0.5019608 0.5019608 0.5019608 0.5019608 0.5019608 0.5019608 0.5019608 0.5019608 0.5019608 0.5019608 0.5019608 0.5019608 0.5019608 0.5019608 0.5019608 0.5019608 0.5019608 0.5019608 0.5019608 0.5019608 0.5019608 0.5019608 0.5019608 0.5019608 0.5019608 0.5019608 0.5019608 0.5019608 0.5019608 0.5019608 0.5019608 0.5019608 0.5019608 0.5019608 0.5019608 0.5019608 0.5019608 0.5019608 0.5019608 0.5019608 0.5019608 0.5019608 0.5019608 0.5019608 0.5019608 0.5019608 0.5019608 0.5019608 0.5019608 0.5019608 0.5019608 0.5019608 0.5019608 0.5019608 0.5019608 0.5019608 0.5019608 0.5019608 0.5019608 0.5019608 0.5019608 0.5019608 0.5019608 0.5019608 0.5019608 0.5019608 0.5019608 0.5019608 0.5019608 0.5019608 0.5019608 0.5019608 0.5019608 0.5019608 0.5019608 0.5019608 0.5019608 0.5019608 0.5019608 0.5019608 0.5019608 0.5019608 0.5019608 0.5019608 0.5019608 0.5019608 0.5019608 0.5019608 0.5019608</float_array>
          <technique_common>
            <accessor source="#geom-hand_alphaC_ZwriteONShape-map0-array" count="156" stride="3">
              <param name="R" type="float"/>
              <param name="G" type="float"/>
              <param name="B" type="float"/>
            </accessor>
          </technique_common>
        </source>
        <source id="geom-hand_alphaC_ZwriteONShape-map1">
          <float_array id="geom-hand_alphaC_ZwriteONShape-map1-array" count="468">0.166748 0.4228516 0 0.4516602 0.4233398 0 0.166748 0.3964844 0 0.4516602 0.3955078 0 0.166748 0.3203125 0 0.4516602 0.3193359 0 0.166748 0.2929687 0 0.4516602 0.293457 0 0.4516602 0.661377 0 0.4516602 0.6149902 0 0.166748 0.6594238 0 0.166748 0.614502 0 0.4516602 0.2036133 0 0.4516602 0.1577148 0 0.166748 0.1992187 0 0.166748 0.1552734 0 0.4516602 0.550293 0 0.4516602 0.5195313 0 0.166748 0.550293 0 0.166748 0.5197754 0 0.4516602 0.3701172 0 0.4516602 0.3432617 0 0.166748 0.3701172 0 0.166748 0.3452148 0 0.166748 0.1162109 0 0.4516602 0.1157227 0 0.166748 0.07910156 0 0.4516602 0.07763672 0 0.4516602 0.2631836 0 0.4516602 0.2373047 0 0.166748 0.262207 0 0.166748 0.234375 0 0.4516602 -0.01269531 0 0.4516602 -0.03515625 0 0.166748 -0.01367187 0 0.166748 -0.03710937 0 0.4516602 0.04785156 0 0.4516602 0.02001953 0 0.166748 0.04785156 0 0.166748 0.01855469 0 0.166748 -0.06054687 0 0.4516602 -0.05957031 0 0.166748 -0.1142578 0 0.4516602 -0.1142578 0 0.4516602 0.7199707 0 0.166748 0.7199707 0 0.166748 -0.2470703 0 0.4516602 -0.2480469 0 0.166748 -0.2792969 0 0.4516602 -0.2792969 0 0.4516602 -0.1884766 0 0.166748 -0.1904297 0 0.4516602 -0.1777344 0 0.166748 -0.1699219 0 0.4516602 -0.1445312 0 0.166748 -0.1464844 0 0.4516602 -0.2265625 0 0.166748 -0.2226562 0 0.4516602 0.4584961 0 0.166748 0.4570312 0 0.4516602 0.4912109 0 0.166748 0.4902344 0 0.4516602 0.581543 0 0.166748 0.581543 0 0.987793 0.4614258 0 0.7124023 0.4604492 0 0.987793 0.4916992 0 0.7124023 0.4921875 0 0.987793 0.5178223 0 0.7124023 0.519043 0 0.987793 0.5476074 0 0.7124023 0.5488281 0 0.987793 0.5800781 0 0.7124023 0.5805664 0 0.987793 0.6166992 0 0.7124023 0.6152344 0 0.7124023 0.6628418 0 0.987793 0.6652832 0 0.7124023 0.7199707 0 0.987793 0.7199707 0 0.7124023 -0.2480469 0 0.987793 -0.25 0 0.7124023 -0.2792969 0 0.987793 -0.2792969 0 0.987793 -0.2304687 0 0.7124023 -0.2285156 0 0.7124023 -0.1953125 0 0.987793 -0.2011719 0 0.987793 -0.1728516 0 0.7124023 -0.1748047 0 0.987793 -0.1425781 0 0.7124023 -0.1445312 0 0.987793 -0.1181641 0 0.7124023 -0.1142578 0 0.7124023 -0.05761719 0 0.987793 -0.05664062 0 0.987793 -0.03027344 0 0.7124023 -0.03320312 0 0.987793 -0.0078125 0 0.7124023 -0.01074219 0 0.987793 0.02001953 0 0.7124023 0.02001953 0 0.987793 0.04345703 0 0.7124023 0.04638672 0 0.987793 0.07275391 0 0.7124023 0.07519531 0 0.7124023 0.1132812 0 0.987793 0.1118164 0 0.987793 0.1538086 0 0.7124023 0.1557617 0 0.987793 0.2041016 0 0.7124023 0.2050781 0 0.987793 0.2373047 0 0.7124023 0.237793 0 0.987793 0.2680664 0 0.7124023 0.265625 0 0.987793 0.296875 0 0.7124023 0.2939453 0 0.987793 0.3198242 0 0.7124023 0.3188477 0 0.987793 0.340332 0 0.7124023 0.3413086 0 0.987793 0.3657227 0 0.7124023 0.3691406 0 0.987793 0.394043 0 0.7124023 0.3945312 0 0.7124023 0.4243164 0 0.987793 0.4243164 0 3.05176e-5 0.4887695 0 3.05176e-5 0.5205078 0 3.05176e-5 0.4550781 0 3.05176e-5 0.4091797 0 3.05176e-5 0.2636719 0 3.05176e-5 0.3022461 0 3.05176e-5 0.3339844 0 3.05176e-5 0.3676758 0 3.05176e-5 0.04589844 0 3.05176e-5 0.01708984 0 3.05176e-5 -0.01464844 0 3.05176e-5 -0.05957031 0 3.05176e-5 -0.1113281 0 3.05176e-5 0.07861328 0 3.05176e-5 0.1137695 0 3.05176e-5 0.1533203 0 3.05176e-5 0.1962891 0 3.05176e-5 0.2338867 0 3.05176e-5 0.5495605 0 3.05176e-5 0.7199707 0 3.05176e-5 0.657959 0 3.05176e-5 0.6135254 0 3.05176e-5 -0.2792969 0 3.05176e-5 -0.2470703 0 3.05176e-5 -0.2207031 0 3.05176e-5 -0.1884766 0 3.05176e-5 -0.1474609 0 3.05176e-5 0.5800781 0</float_array>
          <technique_common>
            <accessor source="#geom-hand_alphaC_ZwriteONShape-map1-array" count="156" stride="3">
              <param name="S" type="float"/>
              <param name="T" type="float"/>
              <param name="P" type="float"/>
            </accessor>
          </technique_common>
        </source>
        <vertices id="geom-hand_alphaC_ZwriteONShape-vertices">
          <input semantic="POSITION" source="#geom-hand_alphaC_ZwriteONShape-positions"/>
        </vertices>
        <triangles material="EffectA_mat_isstencil" count="244">
          <input semantic="VERTEX" source="#geom-hand_alphaC_ZwriteONShape-vertices" offset="0"/>
          <input semantic="NORMAL" source="#geom-hand_alphaC_ZwriteONShape-normals" offset="1"/>
          <input semantic="COLOR" source="#geom-hand_alphaC_ZwriteONShape-map0" offset="2" set="0"/>
          <input semantic="TEXCOORD" source="#geom-hand_alphaC_ZwriteONShape-map1" offset="3" set="0"/>
          <p>59 0 59 59 0 1 0 0 130 2 130 130 131 3 131 131 0 1 0 0 2 4 2 2 0 1 0 0 131 3 131 131 130 2 130 130 58 5 58 58 0 1 0 0 59 0 59 59 1 6 1 1 0 1 0 0 58 5 58 58 0 1 0 0 1 6 1 1 2 4 2 2 59 0 59 59 128 7 128 128 61 8 61 61 59 0 59 59 130 2 130 130 128 7 128 128 60 9 60 60 59 0 59 59 61 8 61 61 58 5 58 58 59 0 59 59 60 9 60 60 65 10 65 65 1 6 1 1 58 5 58 58 67 11 67 67 58 5 58 58 60 9 60 60 65 10 65 65 58 5 58 58 67 11 67 67 1 6 1 1 126 12 126 126 3 13 3 3 126 12 126 126 1 6 1 1 65 10 65 65 2 4 2 2 1 6 1 1 3 13 3 3 135 14 135 135 2 4 2 2 22 15 22 22 135 14 135 135 131 3 131 131 2 4 2 2 2 4 2 2 20 16 20 20 22 15 22 22 3 13 3 3 20 16 20 20 2 4 2 2 123 17 123 123 3 13 3 3 125 18 125 125 20 16 20 20 3 13 3 3 123 17 123 123 3 13 3 3 126 12 126 126 125 18 125 125 64 19 64 64 126 12 126 126 65 10 65 65 127 20 127 127 126 12 126 126 64 19 64 64 126 12 126 126 127 20 127 127 125 18 125 125 66 21 66 66 65 10 65 65 67 11 67 67 64 19 64 64 65 10 65 65 66 21 66 66 67 11 67 67 60 9 60 60 69 22 69 69 69 22 69 69 66 21 66 66 67 11 67 67 69 22 69 69 60 9 60 60 17 23 17 17 19 24 19 19 60 9 60 60 61 8 61 61 17 23 17 17 60 9 60 60 19 24 19 19 61 8 61 61 129 25 129 129 19 24 19 19 128 7 128 128 129 25 129 129 61 8 61 61 129 25 129 129 18 26 18 18 19 24 19 19 18 26 18 18 17 23 17 17 19 24 19 19 17 23 17 17 16 27 16 16 69 22 69 69 16 27 16 16 17 23 17 17 18 26 18 18 69 22 69 69 16 27 16 16 71 28 71 71 71 28 71 71 68 29 68 68 69 22 69 69 68 29 68 68 66 21 66 66 69 22 69 69 16 27 16 16 62 30 62 62 71 28 71 71 63 31 63 63 16 27 16 16 18 26 18 18 62 30 62 62 16 27 16 16 63 31 63 63 129 25 129 129 146 32 146 146 18 26 18 18 146 32 146 146 63 31 63 63 18 26 18 18 155 33 155 155 149 34 149 149 63 31 63 63 146 32 146 146 155 33 155 155 63 31 63 63 11 35 11 11 63 31 63 63 149 34 149 149 11 35 11 11 62 30 62 62 63 31 63 63 71 28 71 71 62 30 62 62 73 36 73 73 75 37 75 75 62 30 62 62 9 38 9 9 73 36 73 73 62 30 62 62 75 37 75 75 9 38 9 9 62 30 62 62 11 35 11 11 72 39 72 72 71 28 71 71 73 36 73 73 70 40 70 70 71 28 71 71 72 39 72 72 70 40 70 70 68 29 68 68 71 28 71 71 74 41 74 74 73 36 73 73 75 37 75 75 72 39 72 72 73 36 73 73 74 41 74 74 8 42 8 8 75 37 75 75 9 38 9 9 76 43 76 76 75 37 75 75 8 42 8 8 75 37 75 75 77 44 77 77 74 41 74 74 76 43 76 76 77 44 77 77 75 37 75 75 10 45 10 10 9 38 9 9 11 35 11 11 8 42 8 8 9 38 9 9 10 45 10 10 11 35 11 11 149 34 149 149 148 46 148 148 148 46 148 148 10 45 10 10 11 35 11 11 148 46 148 148 147 47 147 147 10 45 10 10 147 47 147 147 45 48 45 45 10 45 10 10 45 48 45 45 8 42 8 8 10 45 10 10 8 42 8 8 78 49 78 78 76 43 76 76 44 50 44 44 78 49 78 78 8 42 8 8 44 50 44 44 8 42 8 8 45 48 45 45 76 43 76 76 79 51 79 79 77 44 77 77 78 49 78 78 79 51 79 79 76 43 76 76 125 18 125 125 127 20 127 127 124 52 124 124 125 18 125 125 122 53 122 122 123 17 123 123 124 52 124 124 122 53 122 122 125 18 125 125 122 53 122 122 120 54 120 120 123 17 123 123 121 55 121 121 20 16 20 20 123 17 123 123 123 17 123 123 120 54 120 120 121 55 121 121 120 54 120 120 118 56 118 118 121 55 121 121 119 57 119 119 21 58 21 21 121 55 121 121 21 58 21 21 20 16 20 20 121 55 121 121 121 55 121 121 118 56 118 118 119 57 119 119 20 16 20 20 21 58 21 21 22 15 22 22 5 59 5 5 21 58 21 21 119 57 119 119 21 58 21 21 5 59 5 5 23 60 23 23 22 15 22 22 21 58 21 21 23 60 23 23 119 57 119 119 117 61 117 117 5 59 5 5 119 57 119 119 116 62 116 116 117 61 117 117 118 56 118 118 116 62 116 116 119 57 119 119 5 59 5 5 117 61 117 117 7 63 7 7 23 60 23 23 5 59 5 5 4 64 4 4 6 65 6 6 5 59 5 5 7 63 7 7 4 64 4 4 5 59 5 5 6 65 6 6 134 66 134 134 135 14 135 135 23 60 23 23 135 14 135 135 22 15 22 22 23 60 23 23 4 64 4 4 134 66 134 134 23 60 23 23 134 66 134 134 4 64 4 4 133 67 133 133 4 64 4 4 6 65 6 6 133 67 133 133 132 68 132 132 133 67 133 133 6 65 6 6 132 68 132 132 6 65 6 6 30 69 30 30 6 65 6 6 28 70 28 28 30 69 30 30 7 63 7 7 28 70 28 28 6 65 6 6 115 71 115 115 7 63 7 7 117 61 117 117 28 70 28 28 7 63 7 7 115 71 115 115 117 61 117 117 114 72 114 114 115 71 115 115 116 62 116 116 114 72 114 114 117 61 117 117 113 73 113 113 28 70 28 28 115 71 115 115 115 71 115 115 112 74 112 112 113 73 113 113 114 72 114 114 112 74 112 112 115 71 115 115 29 75 29 29 28 70 28 28 113 73 113 113 28 70 28 28 29 75 29 29 30 69 30 30 31 76 31 31 132 68 132 132 30 69 30 30 30 69 30 30 29 75 29 29 31 76 31 31 145 77 145 145 132 68 132 132 31 76 31 31 31 76 31 31 14 78 14 14 145 77 145 145 31 76 31 31 12 79 12 12 14 78 14 14 29 75 29 29 12 79 12 12 31 76 31 31 111 80 111 111 29 75 29 29 113 73 113 113 12 79 12 12 29 75 29 29 111 80 111 111 113 73 113 113 110 81 110 110 111 80 111 111 112 74 112 112 110 81 110 110 113 73 113 113 111 80 111 111 109 82 109 109 12 79 12 12 111 80 111 111 108 83 108 108 109 82 109 109 110 81 110 110 108 83 108 108 111 80 111 111 12 79 12 12 109 82 109 109 13 84 13 13 12 79 12 12 13 84 13 13 14 78 14 14 145 77 145 145 14 78 14 14 144 85 144 144 15 86 15 15 144 85 144 144 14 78 14 14 14 78 14 14 13 84 13 13 15 86 15 15 109 82 109 109 25 87 25 25 13 84 13 13 13 84 13 13 25 87 25 25 15 86 15 15 106 88 106 106 25 87 25 25 109 82 109 109 108 83 108 108 106 88 106 106 109 82 109 109 107 89 107 107 106 88 106 106 108 83 108 108 27 90 27 27 106 88 106 106 105 91 105 105 25 87 25 25 106 88 106 106 27 90 27 27 106 88 106 106 107 89 107 107 105 91 105 105 15 86 15 15 25 87 25 25 24 92 24 24 26 93 26 26 25 87 25 25 27 90 27 27 24 92 24 24 25 87 25 25 26 93 26 26 143 94 143 143 144 85 144 144 15 86 15 15 24 92 24 24 143 94 143 143 15 86 15 15 142 95 142 142 143 94 143 143 24 92 24 24 26 93 26 26 142 95 142 142 24 92 24 24 141 96 141 141 142 95 142 142 26 93 26 26 26 93 26 26 38 97 38 38 141 96 141 141 27 90 27 27 38 97 38 38 26 93 26 26 105 91 105 105 36 98 36 36 27 90 27 27 36 98 36 36 38 97 38 38 27 90 27 27 103 99 103 103 36 98 36 36 105 91 105 105 105 91 105 105 107 89 107 107 104 100 104 104 104 100 104 104 103 99 103 103 105 91 105 105 101 101 101 101 36 98 36 36 103 99 103 103 37 102 37 37 36 98 36 36 101 101 101 101 36 98 36 36 37 102 37 37 38 97 38 38 141 96 141 141 38 97 38 38 136 103 136 136 38 97 38 38 39 104 39 39 136 103 136 136 38 97 38 38 37 102 37 37 39 104 39 39 99 105 99 99 37 102 37 37 101 101 101 101 32 106 32 32 37 102 37 37 99 105 99 99 37 102 37 37 32 106 32 32 39 104 39 39 102 107 102 102 101 101 101 101 103 99 103 103 100 108 100 100 101 101 101 101 102 107 102 102 101 101 101 101 98 109 98 98 99 105 99 99 100 108 100 100 98 109 98 98 101 101 101 101 102 107 102 102 103 99 103 103 104 100 104 104 98 109 98 98 96 110 96 96 99 105 99 99 99 105 99 99 97 111 97 97 32 106 32 32 99 105 99 99 96 110 96 96 97 111 97 97 32 106 32 32 97 111 97 97 33 112 33 33 39 104 39 39 32 106 32 32 34 113 34 34 32 106 32 32 33 112 33 33 34 113 34 34 34 113 34 34 137 114 137 137 39 104 39 39 136 103 136 136 39 104 39 39 137 114 137 137 35 115 35 35 138 116 138 138 34 113 34 34 138 116 138 138 137 114 137 137 34 113 34 34 34 113 34 34 33 112 33 33 35 115 35 35 94 117 94 94 33 112 33 33 97 111 97 97 41 118 41 41 33 112 33 33 94 117 94 94 33 112 33 33 41 118 41 41 35 115 35 35 97 111 97 97 95 119 95 95 94 117 94 94 96 110 96 96 95 119 95 95 97 111 97 97 43 120 43 43 94 117 94 94 93 121 93 93 41 118 41 41 94 117 94 94 43 120 43 43 94 117 94 94 95 119 95 95 93 121 93 93 35 115 35 35 41 118 41 41 40 122 40 40 42 123 42 42 41 118 41 41 43 120 43 43 40 122 40 40 41 118 41 41 42 123 42 42 40 122 40 40 139 124 139 139 35 115 35 35 35 115 35 35 139 124 139 139 138 116 138 138 140 125 140 140 40 122 40 40 42 123 42 42 139 124 139 139 40 122 40 40 140 125 140 140 55 126 55 55 154 127 154 154 42 123 42 42 42 123 42 42 154 127 154 154 140 125 140 140 43 120 43 43 55 126 55 55 42 123 42 42 93 121 93 93 54 128 54 54 43 120 43 43 54 128 54 54 55 126 55 55 43 120 43 43 91 129 91 91 54 128 54 54 93 121 93 93 93 121 93 93 95 119 95 95 92 130 92 92 92 130 92 92 91 129 91 91 93 121 93 93 89 131 89 89 54 128 54 54 91 129 91 91 52 132 52 52 54 128 54 54 89 131 89 89 54 128 54 54 53 133 53 53 55 126 55 55 52 132 52 52 53 133 53 53 54 128 54 54 55 126 55 55 53 133 53 53 154 127 154 154 154 127 154 154 53 133 53 53 153 134 153 153 153 134 153 153 53 133 53 53 51 135 51 51 52 132 52 52 51 135 51 51 53 133 53 53 89 131 89 89 50 136 50 50 52 132 52 52 50 136 50 50 51 135 51 51 52 132 52 52 86 137 86 86 50 136 50 50 89 131 89 89 90 138 90 90 89 131 89 89 91 129 91 91 88 139 88 88 89 131 89 89 90 138 90 90 88 139 88 88 86 137 86 86 89 131 89 89 90 138 90 90 91 129 91 91 92 130 92 92 87 140 87 87 86 137 86 86 88 139 88 88 86 137 86 86 85 141 85 85 50 136 50 50 84 142 84 84 86 137 86 86 87 140 87 87 85 141 85 85 86 137 86 86 84 142 84 84 50 136 50 50 85 141 85 85 56 143 56 56 50 136 50 50 57 144 57 57 51 135 51 51 56 143 56 56 57 144 57 57 50 136 50 50 152 145 152 152 51 135 51 51 57 144 57 57 153 134 153 153 51 135 51 51 152 145 152 152 46 146 46 46 152 145 152 152 57 144 57 57 56 143 56 56 46 146 46 46 57 144 57 57 85 141 85 85 47 147 47 47 56 143 56 56 47 147 47 47 46 146 46 46 56 143 56 56 80 148 80 80 47 147 47 47 85 141 85 85 85 141 85 85 81 149 81 81 80 148 80 80 84 142 84 84 81 149 81 81 85 141 85 85 47 147 47 47 80 148 80 80 49 150 49 49 48 151 48 48 47 147 47 47 49 150 49 49 46 146 46 46 47 147 47 47 48 151 48 48 46 146 46 46 48 151 48 48 151 152 151 151 46 146 46 46 151 152 151 151 152 145 152 152 48 151 48 48 150 153 150 150 151 152 151 151 49 150 49 49 80 148 80 80 82 154 82 82 80 148 80 80 81 149 81 81 82 154 82 82 82 154 82 82 81 149 81 81 83 155 83 83</p>
        </triangles>
      </mesh>
    </geometry>
    <geometry id="geom-hand_alphaB_ZwriteOFFShape" name="hand_alphaB_ZwriteOFFShape">
      <mesh>
        <source id="geom-hand_alphaB_ZwriteOFFShape-positions">
          <float_array id="geom-hand_alphaB_ZwriteOFFShape-positions-array" count="468">-5.98891 -8.00613 -0.0581802 -5.9868 -8.00022 -1.66051 -3.02815 -7.78672 -0.067687 -3.02043 -7.72938 -1.63795 -5.79731 -5.95899 -6.07885 -5.71191 -4.85585 -7.43932 -3.06617 -5.78453 -5.91066 -3.06802 -4.70128 -7.26431 -5.81055 -0.876162 11.2408 -5.7255 -3.20013 10.1937 -3.02155 -0.880872 10.922 -2.99583 -3.12869 9.91537 -5.80405 -0.450434 -9.77543 -5.89285 1.85505 -9.62853 -3.10933 -0.138291 -9.66398 -3.16031 1.98765 -9.39553 -5.62349 -5.86252 7.59311 -5.5785 -6.86331 5.90125 -3.08015 -5.73777 7.40054 -3.1133 -6.69173 5.7935 -5.95875 -7.56322 -3.14489 -5.95458 -6.86792 -4.72062 -3.03118 -7.2713 -3.12883 -3.04634 -6.63095 -4.57216 -3.21935 3.78854 -8.6139 -5.79814 3.85651 -8.83097 -3.3343 5.22099 -7.26204 -5.80424 5.41701 -7.41249 -5.73627 -2.11762 -9.32002 -3.07241 -1.91461 -9.23433 -5.58974 -3.43396 -8.6159 -3.05878 -3.26729 -8.48269 -5.75536 7.36432 -2.04231 -5.72676 7.60304 -0.599486 -3.29632 7.05969 -1.96834 -3.26646 7.26393 -0.623169 -5.9127 6.26902 -5.81765 -5.90035 6.94022 -4.1327 -3.35418 6.01833 -5.60272 -3.35366 6.65096 -3.91743 -3.24338 7.29904 0.725284 -5.63453 7.63894 0.802477 -3.2477 6.90735 3.4654 -5.96674 7.246 3.62579 -5.86554 2.51973 11.0296 -3.13455 2.51201 10.6833 -3.20038 4.06704 9.76766 -5.80601 4.2119 10.066 -3.13455 2.51201 10.6833 -5.86554 2.51973 11.0296 -5.73008 5.83868 7.38037 -3.24269 5.67894 7.16368 -5.77892 6.18825 6.57415 -3.25107 6.02847 6.22289 -5.89678 6.77251 5.18799 -3.24895 6.43801 5.06677 -5.69856 5.01144 8.97534 -3.2414 4.88347 8.68176 -5.88261 -7.95026 2.06086 -3.07123 -7.70705 1.98642 -5.69293 -7.42708 4.11308 -3.11405 -7.24019 4.0084 -5.66235 -4.68795 9.06091 -3.02988 -4.56414 8.79317 -12.0656 -8.42078 2.23988 -8.9737 -8.19128 2.14888 -11.3802 -7.85378 4.29268 -8.53828 -7.61716 4.20092 -10.9269 -7.19791 6.18615 -8.25446 -7.01304 6.02971 -11.0227 -6.12383 7.96118 -8.32156 -6.00602 7.78945 -11.4286 -4.87376 9.59803 -8.54513 -4.78546 9.33109 -11.8055 -3.30114 10.8153 -8.76553 -3.25481 10.503 -12.032 -0.843107 11.814 -8.92023 -0.8613 11.5376 -8.84885 2.55987 11.3527 -11.8348 2.61369 11.652 -8.60229 4.3941 10.3464 -11.4051 4.55672 10.5734 -8.84885 2.55987 11.3527 -11.8348 2.61369 11.652 -11.1476 5.32318 9.52412 -8.41953 5.18596 9.27223 -8.534 6.0553 7.69023 -11.3468 6.17785 7.97635 -8.81325 6.53705 6.64705 -11.806 6.70181 6.83843 -12.0917 7.45488 5.46591 -8.99358 7.11956 5.32644 -12.0632 7.88661 4.08035 -9.01467 7.57397 3.84421 -8.28281 7.95756 0.91326 -10.9329 8.25835 1.03499 -10.8791 8.195 -0.519723 -8.30201 7.90689 -0.562099 -11.0884 7.94404 -2.12261 -8.42122 7.65869 -2.08898 -11.5358 7.46247 -4.38906 -8.71616 7.20891 -4.27921 -11.6096 6.75648 -6.1354 -8.7599 6.51638 -5.98938 -11.3196 5.82124 -7.69201 -8.55876 5.64352 -7.57357 -11.6608 4.15583 -9.10679 -8.72707 4.00452 -9.00609 -12.184 1.86184 -10.0818 -9.03564 1.83621 -9.8857 -8.96338 -0.665045 -9.99445 -12.1307 -0.808916 -10.1805 -11.9222 -2.33801 -9.69736 -8.82687 -2.26082 -9.52013 -11.3113 -3.69069 -8.80022 -8.44983 -3.57026 -8.71446 -11.3503 -5.02279 -7.73552 -8.5304 -4.95064 -7.59115 -11.6212 -6.29926 -6.42083 -8.70909 -6.1309 -6.25043 -12.3267 -7.36237 -5.02846 -9.14053 -7.1161 -4.87529 -12.84 -8.07098 -3.17571 -9.39851 -7.8276 -3.15899 -12.7496 -8.45569 -1.60199 -9.36754 -8.23704 -1.63992 -9.34698 -8.2543 0.00185893 -12.7049 -8.50204 0.0828707 -1.45252 -7.15893 3.90894 -1.44401 -6.55339 5.78809 -1.45404 -7.63112 1.90681 -1.42313 -7.8021 -0.866716 -1.40166 -3.2575 -8.40195 -1.45339 -5.04359 -6.85453 -1.43146 -6.23258 -5.18465 -1.42118 -7.15587 -3.27614 -1.45816 5.88151 -5.44022 -1.49084 6.51085 -3.79589 -1.41668 6.94017 -1.86227 -1.45816 7.11184 0.64465 -1.45816 6.79128 3.30083 -1.45816 5.0659 -7.10331 -1.47555 3.77742 -8.43333 -1.48667 2.09669 -9.21514 -1.39691 0.0975126 -9.61032 -1.413 -1.78065 -9.16151 -1.42517 -5.67014 7.30689 -1.42199 2.6145 10.5142 -1.46489 -0.932411 10.7973 -1.44934 -3.15784 9.85929 -1.42199 2.6145 10.5142 -1.47971 3.98011 9.58313 -1.46383 4.81661 8.40716 -1.45816 5.52032 6.92685 -1.46268 6.27288 5.07231 -1.41639 -4.55882 8.66502</float_array>
          <technique_common>
            <accessor source="#geom-hand_alphaB_ZwriteOFFShape-positions-array" count="156" stride="3">
              <param name="X" type="float"/>
              <param name="Y" type="float"/>
              <param name="Z" type="float"/>
            </accessor>
          </technique_common>
        </source>
        <source id="geom-hand_alphaB_ZwriteOFFShape-normals">
          <float_array id="geom-hand_alphaB_ZwriteOFFShape-normals-array" count="468">0.07742245 -0.9969667 0.007952898 0.06936249 -0.9881713 -0.1367711 0.07925022 -0.9861706 -0.1455566 0.07283451 -0.9973382 0.003418887 0.0784051 -0.9887347 0.1274999 0.07984259 -0.9883878 0.1292864 0.06477351 -0.997793 0.01460609 0.07381604 -0.9451383 -0.318221 0.07149859 -0.9974389 -0.001914732 0.06708575 -0.9884008 -0.1362469 0.08405022 -0.9370654 -0.3388866 0.07686569 -0.983197 -0.1655757 0.07662434 -0.9886066 0.1295592 0.04524842 -0.9902137 0.1320204 0.03495713 -0.9960187 -0.08200424 0.07965758 -0.9590651 0.2717514 0.07828067 -0.9608616 0.2657391 0.07825804 -0.9913499 0.1053614 0.08449027 -0.9596727 0.2681223 0.0833832 -0.9102564 0.4055622 0.07857972 -0.9099861 0.4071248 0.07765044 -0.9112939 0.4043683 0.0782642 -0.9611478 0.2647064 0.06759574 -0.9594077 0.2738025 0.07136754 -0.926496 0.3694751 0.07840238 -0.9164041 0.3925004 0.08441713 -0.8184127 0.5683964 0.08284495 -0.8161173 0.5719171 0.08043011 -0.8203017 0.5662475 0.07858916 -0.8167899 0.5715575 0.09408755 -0.6911557 0.7165551 0.08760685 -0.6915752 0.7169721 0.0877346 -0.6950387 0.7135991 0.06251776 -0.818592 0.570963 0.05779558 -0.7136976 0.6980656 0.03201982 -0.5025495 0.8639553 0.08743038 -0.4940549 0.8650235 0.09815947 -0.4888439 0.8668312 0.09231655 -0.4791669 0.8728555 0.08641049 -0.6780933 0.7298785 0.1075868 -0.1400705 0.984279 0.1072451 -0.1357502 0.9849215 0.06984707 -0.1258957 0.9895815 0.07789263 0.2541888 0.9640129 0.1152866 0.2241004 0.9677231 0.09736945 -0.1421167 0.9850492 0.113685 0.2168685 0.9695585 0.09115908 -0.4611074 0.8826494 0.1019447 0.2102381 0.9723206 0.09750731 0.1901301 0.9769047 0.09468919 -0.1366308 0.9860863 0.05541077 -0.9349309 -0.350477 0.03672409 -0.8576893 -0.5128552 0.07899132 -0.8800145 -0.4683318 0.0813064 -0.934169 -0.3474444 0.08796444 -0.879034 -0.4685739 0.07155892 -0.8098614 -0.5822405 0.08405671 -0.802354 -0.5908998 0.03260383 -0.7370663 -0.6750336 0.07228285 -0.7091534 -0.7013391 0.07583059 -0.7077522 -0.7023793 0.06338006 -0.6951047 -0.7161093 0.07815956 -0.7884345 -0.610133 0.08302388 -0.8829834 -0.4620035 0.08127058 -0.8978231 -0.4327918 0.07838902 -0.7858438 -0.6134368 0.06096676 -0.6887381 -0.7224423 0.05904799 -0.5725273 -0.8177566 0.05400186 -0.5739033 -0.8171406 0.07117697 -0.5694157 -0.8189625 0.05576519 -0.5450155 -0.8365695 0.07089503 -0.5583671 -0.8265591 0.06985369 -0.3644115 -0.9286144 0.06366725 -0.3484302 -0.9351699 0.06733723 -0.3892495 -0.9186678 0.06185538 -0.382734 -0.9217857 0.06839244 -0.07126249 -0.99511 0.06954826 -0.08359225 -0.99407 0.06208555 -0.3391812 -0.93867 0.05790736 -0.0443234 -0.9973375 0.05732628 -0.01095854 -0.9982954 0.06574175 0.2522237 -0.9654332 0.07002509 0.2159972 -0.9738798 0.06582341 0.2029657 -0.9769709 0.06256448 -0.08179162 -0.9946838 0.07141753 0.507858 -0.8584753 0.05889392 0.1905122 -0.9799166 0.06110176 0.4914999 -0.8687316 0.08176195 0.5212248 -0.8494938 0.06867342 0.287879 -0.9552014 0.08627094 0.5460773 -0.8332808 0.08690145 0.7650748 -0.6380509 0.0981828 0.7800892 -0.6179166 0.101945 0.7970026 -0.5953102 0.07737248 0.7587022 -0.6468266 0.1111104 0.9045119 -0.411719 0.09784876 0.8995005 -0.4258222 0.111996 0.9101354 -0.3988865 0.09327997 0.5738428 -0.8136358 0.1038636 0.8108807 -0.5759207 0.1007549 0.9139996 -0.3930052 0.1114838 0.9539006 -0.2786484 0.1162558 0.9520279 -0.2830683 0.1028883 0.951579 -0.2896747 0.09288402 0.8984284 -0.429184 0.09946242 0.9490754 -0.2989368 0.1063597 0.9749433 -0.1953794 0.1031999 0.9741095 -0.2011482 0.1181725 0.9746789 -0.1898329 0.1097189 0.9754416 -0.1909853 0.08748333 0.9567612 -0.277407 0.111889 0.9883834 -0.1028549 0.1236612 0.9873368 -0.09936847 0.1089763 0.9885406 -0.1044586 0.117327 0.9884284 0.09614468 0.1286716 0.9873776 0.09235302 0.1259907 0.9879037 -0.0904032 0.09243307 0.9812314 -0.1692368 0.1219292 0.988133 0.09341593 0.1017016 0.9918653 0.07655091 0.1273324 0.9712911 0.2009484 0.1206919 0.9748141 0.1875394 0.1184324 0.9713899 0.2058526 0.1146985 0.9874201 0.1088384 0.1132723 0.9306037 0.3480604 0.1235094 0.9377681 0.3245557 0.1181721 0.9429355 0.3113005 0.1021287 0.9400972 0.3252492 0.09171334 0.9818578 0.1659633 0.1136263 0.926106 0.3597453 0.119584 0.9068609 0.4041074 0.1012347 0.9109904 0.39981 0.1144029 0.9201068 0.374587 0.116829 0.9688138 0.2185202 0.1083579 0.9274214 0.3579778 0.09010828 0.9045015 0.4168423 0.08289553 0.8951253 0.43804 0.09872639 0.8928725 0.4393538 0.1070351 0.8953584 0.4322925 0.1087828 0.9020058 0.4177942 0.1178672 0.868225 0.4819674 0.1103356 0.8533759 0.5094855 0.1098453 0.8460347 0.5216888 0.1028332 0.8441607 0.5261348 0.09091205 0.8415928 0.5324064 0.1157194 0.6209153 0.7752892 0.1179933 0.6358084 0.7627748 0.09511518 0.6739869 0.7325945 0.1152866 0.2241004 0.9677231 0.105803 0.6061233 0.7883022 0.113685 0.2168685 0.9695585 0.0986261 0.5794207 0.8090394 0.1019447 0.2102381 0.9723206 0.09750731 0.1901301 0.9769047 0.07789263 0.2541888 0.9640129 0.07136928 -0.9504508 -0.3025716</float_array>
          <technique_common>
            <accessor source="#geom-hand_alphaB_ZwriteOFFShape-normals-array" count="156" stride="3">
              <param name="X" type="float"/>
              <param name="Y" type="float"/>
              <param name="Z" type="float"/>
            </accessor>
          </technique_common>
        </source>
        <source id="geom-hand_alphaB_ZwriteOFFShape-map-2">
          <float_array id="geom-hand_alphaB_ZwriteOFFShape-map-2-array" count="468">1 1 1 1 1 1 1 1 1 1 1 1 1 1 1 1 1 1 1 1 1 1 1 1 1 1 1 1 1 1 1 1 1 1 1 1 1 1 1 1 1 1 1 1 1 1 1 1 1 1 1 1 1 1 1 1 1 1 1 1 1 1 1 1 1 1 1 1 1 1 1 1 1 1 1 1 1 1 1 1 1 1 1 1 1 1 1 1 1 1 1 1 1 1 1 1 1 1 1 1 1 1 1 1 1 1 1 1 1 1 1 1 1 1 1 1 1 1 1 1 1 1 1 1 1 1 1 1 1 1 1 1 1 1 1 1 1 1 1 1 1 1 1 1 1 1 1 1 1 1 1 1 1 1 1 1 1 1 1 1 1 1 1 1 1 1 1 1 1 1 1 1 1 1 1 1 1 1 1 1 1 1 1 1 1 1 1 1 1 1 1 1 1 1 1 1 1 1 1 1 1 1 1 1 1 1 1 1 1 1 1 1 1 1 1 1 1 1 1 1 1 1 1 1 1 1 1 1 1 1 1 1 1 1 1 1 1 1 1 1 1 1 1 1 1 1 1 1 1 1 1 1 1 1 1 1 1 1 1 1 1 1 1 1 1 1 1 1 1 1 1 1 1 1 1 1 1 1 1 1 1 1 1 1 1 1 1 1 1 1 1 1 1 1 1 1 1 1 1 1 1 1 1 1 1 1 1 1 1 1 1 1 1 1 1 1 1 1 1 1 1 1 1 1 1 1 1 1 1 1 1 1 1 1 1 1 1 1 1 1 1 1 1 1 1 1 1 1 1 1 1 1 1 1 1 1 1 1 1 1 1 1 1 1 1 1 1 1 1 1 1 1 1 1 1 1 1 1 1 1 1 1 1 1 1 1 1 1 1 1 1 1 1 1 1 1 1 1 1 1 1 1 1 1 1 1 1 1 1 1 1 1 1 1 1 1 1 1 1 1 1 1 1 1 1 1 1 1 1 1 1 1 1 1 1 1 1 1 1 1 1 1 1 1 1 1 1 1 1 1 1 1 1 1 1 1 1 1 1 1 1 1 1 1 1 1 1 1</float_array>
          <technique_common>
            <accessor source="#geom-hand_alphaB_ZwriteOFFShape-map-2-array" count="156" stride="3">
              <param name="R" type="float"/>
              <param name="G" type="float"/>
              <param name="B" type="float"/>
            </accessor>
          </technique_common>
        </source>
        <source id="geom-hand_alphaB_ZwriteOFFShape-map0">
          <float_array id="geom-hand_alphaB_ZwriteOFFShape-map0-array" count="468">0.5019608 0.5019608 0.5019608 0.5019608 0.5019608 0.5019608 0.5019608 0.5019608 0.5019608 0.5019608 0.5019608 0.5019608 0.5019608 0.5019608 0.5019608 0.5019608 0.5019608 0.5019608 0.5019608 0.5019608 0.5019608 0.5019608 0.5019608 0.5019608 0.5019608 0.5019608 0.5019608 0.5019608 0.5019608 0.5019608 0.5019608 0.5019608 0.5019608 0.5019608 0.5019608 0.5019608 0.5019608 0.5019608 0.5019608 0.5019608 0.5019608 0.5019608 0.5019608 0.5019608 0.5019608 0.5019608 0.5019608 0.5019608 0.5019608 0.5019608 0.5019608 0.5019608 0.5019608 0.5019608 0.5019608 0.5019608 0.5019608 0.5019608 0.5019608 0.5019608 0.5019608 0.5019608 0.5019608 0.5019608 0.5019608 0.5019608 0.5019608 0.5019608 0.5019608 0.5019608 0.5019608 0.5019608 0.5019608 0.5019608 0.5019608 0.5019608 0.5019608 0.5019608 0.5019608 0.5019608 0.5019608 0.5019608 0.5019608 0.5019608 0.5019608 0.5019608 0.5019608 0.5019608 0.5019608 0.5019608 0.5019608 0.5019608 0.5019608 0.5019608 0.5019608 0.5019608 0.5019608 0.5019608 0.5019608 0.5019608 0.5019608 0.5019608 0.5019608 0.5019608 0.5019608 0.5019608 0.5019608 0.5019608 0.5019608 0.5019608 0.5019608 0.5019608 0.5019608 0.5019608 0.5019608 0.5019608 0.5019608 0.5019608 0.5019608 0.5019608 0.5019608 0.5019608 0.5019608 0.5019608 0.5019608 0.5019608 0.5019608 0.5019608 0.5019608 0.5019608 0.5019608 0.5019608 0.5019608 0.5019608 0.5019608 0.5019608 0.5019608 0.5019608 0.5019608 0.5019608 0.5019608 0.5019608 0.5019608 0.5019608 0.5019608 0.5019608 0.5019608 0.5019608 0.5019608 0.5019608 0.5019608 0.5019608 0.5019608 0.5019608 0.5019608 0.5019608 0.5019608 0.5019608 0.5019608 0.5019608 0.5019608 0.5019608 0.5019608 0.5019608 0.5019608 0.5019608 0.5019608 0.5019608 0.5019608 0.5019608 0.5019608 0.5019608 0.5019608 0.5019608 0.5019608 0.5019608 0.5019608 0.5019608 0.5019608 0.5019608 0.5019608 0.5019608 0.5019608 0.5019608 0.5019608 0.5019608 0.5019608 0.5019608 0.5019608 0.5019608 0.5019608 0.5019608 0.5019608 0.5019608 0.5019608 0.5019608 0.5019608 0.5019608 0.5019608 0.5019608 0.5019608 0.5019608 0.5019608 0.5019608 0.5019608 0.5019608 0.5019608 0.5019608 0.5019608 0.5019608 0.5019608 0.5019608 0.5019608 0.5019608 0.5019608 0.5019608 0.5019608 0.5019608 0.5019608 0.5019608 0.5019608 0.5019608 0.5019608 0.5019608 0.5019608 0.5019608 0.5019608 0.5019608 0.5019608 0.5019608 0.5019608 0.5019608 0.5019608 0.5019608 0.5019608 0.5019608 0.5019608 0.5019608 0.5019608 0.5019608 0.5019608 0.5019608 0.5019608 0.5019608 0.5019608 0.5019608 0.5019608 0.5019608 0.5019608 0.5019608 0.5019608 0.5019608 0.5019608 0.5019608 0.5019608 0.5019608 0.5019608 0.5019608 0.5019608 0.5019608 0.5019608 0.5019608 0.5019608 0.5019608 0.5019608 0.5019608 0.5019608 0.5019608 0.5019608 0.5019608 0.5019608 0.5019608 0.5019608 0.5019608 0.5019608 0.5019608 0.5019608 0.5019608 0.5019608 0.5019608 0.5019608 0.5019608 0.5019608 0.5019608 0.5019608 0.5019608 0.5019608 0.5019608 0.5019608 0.5019608 0.5019608 0.5019608 0.5019608 0.5019608 0.5019608 0.5019608 0.5019608 0.5019608 0.5019608 0.5019608 0.5019608 0.5019608 0.5019608 0.5019608 0.5019608 0.5019608 0.5019608 0.5019608 0.5019608 0.5019608 0.5019608 0.5019608 0.5019608 0.5019608 0.5019608 0.5019608 0.5019608 0.5019608 0.5019608 0.5019608 0.5019608 0.5019608 0.5019608 0.5019608 0.5019608 0.5019608 0.5019608 0.5019608 0.5019608 0.5019608 0.5019608 0.5019608 0.5019608 0.5019608 0.5019608 0.5019608 0.5019608 0.5019608 0.5019608 0.5019608 0.5019608 0.5019608 0.5019608 0.5019608 0.5019608 0.5019608 0.5019608 0.5019608 0.5019608 0.5019608 0.5019608 0.5019608 0.5019608 0.5019608 0.5019608 0.5019608 0.5019608 0.5019608 0.5019608 0.5019608 0.5019608 0.5019608 0.5019608 0.5019608 0.5019608 0.5019608 0.5019608 0.5019608 0.5019608 0.5019608 0.5019608 0.5019608 0.5019608 0.5019608 0.5019608 0.5019608 0.5019608 0.5019608 0.5019608 0.5019608 0.5019608 0.5019608 0.5019608 0.5019608 0.5019608 0.5019608 0.5019608 0.5019608 0.5019608 0.5019608 0.5019608 0.5019608 0.5019608 0.5019608 0.5019608 0.5019608 0.5019608 0.5019608 0.5019608 0.5019608 0.5019608 0.5019608 0.5019608 0.5019608 0.5019608 0.5019608 0.5019608 0.5019608 0.5019608 0.5019608 0.5019608 0.5019608 0.5019608 0.5019608 0.5019608 0.5019608 0.5019608 0.5019608 0.5019608 0.5019608 0.5019608 0.5019608 0.5019608 0.5019608 0.5019608 0.5019608 0.5019608 0.5019608 0.5019608 0.5019608 0.5019608 0.5019608 0.5019608 0.5019608 0.5019608 0.5019608 0.5019608 0.5019608 0.5019608 0.5019608 0.5019608 0.5019608 0.5019608 0.5019608 0.5019608 0.5019608 0.5019608 0.5019608 0.5019608 0.5019608 0.5019608 0.5019608 0.5019608 0.5019608 0.5019608 0.5019608 0.5019608 0.5019608 0.5019608 0.5019608 0.5019608 0.5019608 0.5019608 0.5019608 0.5019608 0.5019608 0.5019608 0.5019608</float_array>
          <technique_common>
            <accessor source="#geom-hand_alphaB_ZwriteOFFShape-map0-array" count="156" stride="3">
              <param name="R" type="float"/>
              <param name="G" type="float"/>
              <param name="B" type="float"/>
            </accessor>
          </technique_common>
        </source>
        <source id="geom-hand_alphaB_ZwriteOFFShape-map1">
          <float_array id="geom-hand_alphaB_ZwriteOFFShape-map1-array" count="468">0.4516602 0.7036133 0 0.4516602 0.6757813 0 0.166748 0.7028809 0 0.166748 0.6765137 0 0.4516602 0.5993652 0 0.4516602 0.5734863 0 0.166748 0.6005859 0 0.166748 0.5732422 0 0.4516602 0.9415283 0 0.4516602 0.8952637 0 0.166748 0.9396667 0 0.166748 0.8946533 0 0.4516602 0.4838867 0 0.4516602 0.4379883 0 0.166748 0.4794922 0 0.166748 0.4355469 0 0.4516602 0.8303223 0 0.4516602 0.7998047 0 0.166748 0.8304443 0 0.166748 0.7999268 0 0.4516602 0.6503906 0 0.4516602 0.623291 0 0.166748 0.6503906 0 0.166748 0.6252441 0 0.166748 0.3964844 0 0.4516602 0.3959961 0 0.166748 0.359375 0 0.4516602 0.3579102 0 0.4516602 0.5175781 0 0.166748 0.5144043 0 0.4516602 0.5432129 0 0.166748 0.5422363 0 0.4516602 0.2675781 0 0.4516602 0.2446289 0 0.166748 0.2661133 0 0.166748 0.2431641 0 0.4516602 0.328125 0 0.4516602 0.300293 0 0.166748 0.328125 0 0.166748 0.2988281 0 0.166748 0.2192383 0 0.4516602 0.2202148 0 0.166748 0.1655273 0 0.4516602 0.1660156 0 0.4516602 0.9999695 0 0.166748 0.9999695 0 0.166748 0.03271484 0 0.4516602 0.03222656 0 0.166748 0 0 0.4516602 0 0 0.4516602 0.09130859 0 0.166748 0.08886719 0 0.4516602 0.1020508 0 0.166748 0.1098633 0 0.4516602 0.1357422 0 0.166748 0.1337891 0 0.4516602 0.05371094 0 0.166748 0.05712891 0 0.4516602 0.7385254 0 0.166748 0.7368164 0 0.4516602 0.7714844 0 0.166748 0.7701416 0 0.4516602 0.8618164 0 0.166748 0.8616943 0 0.987793 0.7416992 0 0.7124023 0.7404785 0 0.987793 0.7718506 0 0.7124023 0.7722168 0 0.987793 0.7980957 0 0.7124023 0.7993164 0 0.987793 0.8277588 0 0.7124023 0.8289795 0 0.987793 0.8603516 0 0.7124023 0.8608398 0 0.987793 0.8967896 0 0.7124023 0.8953857 0 0.987793 0.9455261 0 0.7124023 0.9430542 0 0.7124023 0.9999695 0 0.987793 0.9999695 0 0.7124023 0.03173828 0 0.987793 0.02978516 0 0.7124023 0 0 0.987793 0 0 0.987793 0.04931641 0 0.7124023 0.05175781 0 0.7124023 0.08496094 0 0.987793 0.07910156 0 0.7124023 0.1054687 0 0.987793 0.1069336 0 0.987793 0.137207 0 0.7124023 0.1357422 0 0.987793 0.1621094 0 0.7124023 0.1655273 0 0.7124023 0.222168 0 0.987793 0.2231445 0 0.987793 0.25 0 0.7124023 0.2470703 0 0.987793 0.2719727 0 0.7124023 0.2695312 0 0.987793 0.300293 0 0.7124023 0.300293 0 0.987793 0.3237305 0 0.7124023 0.3266602 0 0.987793 0.3530273 0 0.7124023 0.3554687 0 0.987793 0.3920898 0 0.7124023 0.3935547 0 0.987793 0.434082 0 0.7124023 0.4360352 0 0.7124023 0.4853516 0 0.987793 0.484375 0 0.987793 0.517334 0 0.7124023 0.5175781 0 0.987793 0.5480957 0 0.7124023 0.5456543 0 0.987793 0.5769043 0 0.7124023 0.5742188 0 0.987793 0.6000977 0 0.7124023 0.5991211 0 0.987793 0.6203613 0 0.7124023 0.6213379 0 0.987793 0.6459961 0 0.7124023 0.6491699 0 0.987793 0.6740723 0 0.7124023 0.6748047 0 0.7124023 0.7043457 0 0.987793 0.7043457 0 3.05176e-5 0.7686768 0 3.05176e-5 0.8006592 0 3.05176e-5 0.7353516 0 3.05176e-5 0.689209 0 3.05176e-5 0.5437012 0 3.05176e-5 0.5820313 0 3.05176e-5 0.6142578 0 3.05176e-5 0.6479492 0 3.05176e-5 0.3261719 0 3.05176e-5 0.2973633 0 3.05176e-5 0.2651367 0 3.05176e-5 0.2207031 0 3.05176e-5 0.168457 0 3.05176e-5 0.3583984 0 3.05176e-5 0.394043 0 3.05176e-5 0.4331055 0 3.05176e-5 0.4765625 0 3.05176e-5 0.5141602 0 3.05176e-5 0.829834 0 3.05176e-5 0.9999695 0 3.05176e-5 0.9380493 0 3.05176e-5 0.8935547 0 3.05176e-5 0 0 3.05176e-5 0.03271484 0 3.05176e-5 0.05957031 0 3.05176e-5 0.09179687 0 3.05176e-5 0.1323242 0 3.05176e-5 0.8602295 0</float_array>
          <technique_common>
            <accessor source="#geom-hand_alphaB_ZwriteOFFShape-map1-array" count="156" stride="3">
              <param name="S" type="float"/>
              <param name="T" type="float"/>
              <param name="P" type="float"/>
            </accessor>
          </technique_common>
        </source>
        <vertices id="geom-hand_alphaB_ZwriteOFFShape-vertices">
          <input semantic="POSITION" source="#geom-hand_alphaB_ZwriteOFFShape-positions"/>
        </vertices>
        <triangles material="EffectA_mat" count="244">
          <input semantic="VERTEX" source="#geom-hand_alphaB_ZwriteOFFShape-vertices" offset="0"/>
          <input semantic="NORMAL" source="#geom-hand_alphaB_ZwriteOFFShape-normals" offset="1"/>
          <input semantic="COLOR" source="#geom-hand_alphaB_ZwriteOFFShape-map0" offset="2" set="0"/>
          <input semantic="TEXCOORD" source="#geom-hand_alphaB_ZwriteOFFShape-map1" offset="3" set="0"/>
          <p>0 0 0 0 125 1 125 125 1 2 1 1 126 3 126 126 125 1 125 125 0 0 0 0 65 4 65 65 0 0 0 0 58 5 58 58 126 3 126 126 0 0 0 0 65 4 65 65 0 0 0 0 2 6 2 2 58 5 58 58 0 0 0 0 1 2 1 1 2 6 2 2 123 7 123 123 1 2 1 1 125 1 125 125 125 1 125 125 127 8 127 127 124 9 124 124 126 3 126 126 127 8 127 127 125 1 125 125 124 9 124 124 123 7 123 123 125 1 125 125 20 10 20 20 1 2 1 1 123 7 123 123 1 2 1 1 20 10 20 20 3 11 3 3 2 6 2 2 1 2 1 1 3 11 3 3 59 12 59 59 2 6 2 2 130 13 130 130 131 14 131 131 2 6 2 2 3 11 3 3 2 6 2 2 131 14 131 131 130 13 130 130 58 5 58 58 2 6 2 2 59 12 59 59 67 15 67 67 58 5 58 58 60 16 60 60 65 4 65 65 58 5 58 58 67 15 67 67 58 5 58 58 59 12 59 59 60 16 60 60 64 17 64 64 126 3 126 126 65 4 65 65 66 18 66 66 65 4 65 65 67 15 67 67 64 17 64 64 65 4 65 65 66 18 66 66 127 8 127 127 126 3 126 126 64 17 64 64 66 18 66 66 67 15 67 67 68 19 68 68 67 15 67 67 60 16 60 60 69 20 69 69 68 19 68 68 67 15 67 67 69 20 69 69 69 20 69 69 60 16 60 60 17 21 17 17 60 16 60 60 61 22 61 61 17 21 17 17 60 16 60 60 59 12 59 59 61 22 61 61 59 12 59 59 128 23 128 128 61 22 61 61 59 12 59 59 130 13 130 130 128 23 128 128 61 22 61 61 129 24 129 129 19 25 19 19 128 23 128 128 129 24 129 129 61 22 61 61 17 21 17 17 61 22 61 61 19 25 19 19 17 21 17 17 16 26 16 16 69 20 69 69 18 27 18 18 17 21 17 17 19 25 19 19 16 26 16 16 17 21 17 17 18 27 18 18 69 20 69 69 16 26 16 16 71 28 71 71 71 28 71 71 68 19 68 68 69 20 69 69 70 29 70 70 68 19 68 68 71 28 71 71 71 28 71 71 62 30 62 62 73 31 73 73 16 26 16 16 62 30 62 62 71 28 71 71 73 31 73 73 70 29 70 70 71 28 71 71 63 32 63 63 16 26 16 16 18 27 18 18 62 30 62 62 16 26 16 16 63 32 63 63 129 24 129 129 146 33 146 146 18 27 18 18 146 33 146 146 63 32 63 63 18 27 18 18 129 24 129 129 18 27 18 18 19 25 19 19 146 33 146 146 155 34 155 155 63 32 63 63 155 34 155 155 149 35 149 149 63 32 63 63 11 36 11 11 63 32 63 63 149 35 149 149 11 36 11 11 62 30 62 62 63 32 63 63 62 30 62 62 9 37 9 9 73 31 73 73 9 37 9 9 62 30 62 62 11 36 11 11 73 31 73 73 9 37 9 9 75 38 75 75 75 38 75 75 72 39 72 72 73 31 73 73 72 39 72 72 70 29 70 70 73 31 73 73 8 40 8 8 75 38 75 75 9 37 9 9 10 41 10 10 9 37 9 9 11 36 11 11 8 40 8 8 9 37 9 9 10 41 10 10 11 36 11 11 149 35 149 149 148 42 148 148 148 42 148 148 10 41 10 10 11 36 11 11 148 42 148 148 147 43 147 147 10 41 10 10 147 43 147 147 45 44 45 45 10 41 10 10 45 44 45 45 8 40 8 8 10 41 10 10 77 45 77 77 75 38 75 75 8 40 8 8 44 46 44 44 77 45 77 77 8 40 8 8 44 46 44 44 8 40 8 8 45 44 45 45 77 45 77 77 74 47 74 74 75 38 75 75 74 47 74 74 72 39 72 72 75 38 75 75 78 48 78 78 77 45 77 77 44 46 44 44 77 45 77 77 79 49 79 79 76 50 76 76 78 48 78 78 79 49 79 79 77 45 77 77 76 50 76 76 74 47 74 74 77 45 77 77 135 51 135 135 131 14 131 131 3 11 3 3 134 52 134 134 135 51 135 135 23 53 23 23 135 51 135 135 3 11 3 3 22 54 22 22 135 51 135 135 22 54 22 22 23 53 23 23 3 11 3 3 20 10 20 20 22 54 22 22 22 54 22 22 21 55 21 21 23 53 23 23 20 10 20 20 21 55 21 21 22 54 22 22 6 56 6 6 134 52 134 134 23 53 23 23 23 53 23 23 4 57 4 4 6 56 6 6 21 55 21 21 4 57 4 4 23 53 23 23 134 52 134 134 6 56 6 6 133 58 133 133 6 56 6 6 7 59 7 7 133 58 133 133 6 56 6 6 5 60 5 5 7 59 7 7 4 57 4 4 5 60 5 5 6 56 6 6 4 57 4 4 117 61 117 117 5 60 5 5 119 62 119 119 117 61 117 117 4 57 4 4 4 57 4 4 21 55 21 21 119 62 119 119 119 62 119 119 21 55 21 21 121 63 121 121 21 55 21 21 20 10 20 20 121 63 121 121 121 63 121 121 20 10 20 20 123 7 123 123 123 7 123 123 120 64 120 120 121 63 121 121 121 63 121 121 118 65 118 118 119 62 119 119 120 64 120 120 118 65 118 118 121 63 121 121 119 62 119 119 116 66 116 116 117 61 117 117 118 65 118 118 116 66 116 116 119 62 119 119 115 67 115 115 5 60 5 5 117 61 117 117 117 61 117 117 114 68 114 114 115 67 115 115 116 66 116 116 114 68 114 114 117 61 117 117 30 69 30 30 5 60 5 5 115 67 115 115 5 60 5 5 30 69 30 30 7 59 7 7 132 70 132 132 133 58 133 133 7 59 7 7 132 70 132 132 7 59 7 7 31 71 31 31 7 59 7 7 30 69 30 30 31 71 31 31 115 67 115 115 28 72 28 28 30 69 30 30 30 69 30 30 29 73 29 29 31 71 31 31 28 72 28 28 29 73 29 29 30 69 30 30 113 74 113 113 28 72 28 28 115 67 115 115 114 68 114 114 113 74 113 113 115 67 115 115 112 75 112 112 113 74 113 113 114 68 114 114 113 74 113 113 12 76 12 12 28 72 28 28 110 77 110 110 12 76 12 12 113 74 113 113 112 75 112 112 110 77 110 110 113 74 113 113 28 72 28 28 12 76 12 12 29 73 29 29 29 73 29 29 132 70 132 132 31 71 31 31 145 78 145 145 132 70 132 132 29 73 29 29 29 73 29 29 14 79 14 14 145 78 145 145 29 73 29 29 12 76 12 12 14 79 14 14 145 78 145 145 14 79 14 14 144 80 144 144 15 81 15 15 144 80 144 144 14 79 14 14 14 79 14 14 13 82 13 13 15 81 15 15 12 76 12 12 13 82 13 13 14 79 14 14 12 76 12 12 109 83 109 109 13 82 13 13 110 77 110 110 109 83 109 109 12 76 12 12 111 84 111 111 110 77 110 110 112 75 112 112 110 77 110 110 111 84 111 111 109 83 109 109 107 85 107 107 13 82 13 13 109 83 109 109 109 83 109 109 111 84 111 111 108 86 108 108 109 83 109 109 106 87 106 106 107 85 107 107 108 86 108 108 106 87 106 106 109 83 109 109 25 88 25 25 13 82 13 13 107 85 107 107 13 82 13 13 25 88 25 25 15 81 15 15 143 89 143 143 144 80 144 144 15 81 15 15 24 90 24 24 143 89 143 143 15 81 15 15 15 81 15 15 25 88 25 25 24 90 24 24 25 88 25 25 105 91 105 105 27 92 27 27 107 85 107 107 105 91 105 105 25 88 25 25 26 93 26 26 25 88 25 25 27 92 27 27 24 90 24 24 25 88 25 25 26 93 26 26 107 85 107 107 104 94 104 104 105 91 105 105 106 87 106 106 104 94 104 104 107 85 107 107 105 91 105 105 36 95 36 36 27 92 27 27 103 96 103 103 36 95 36 36 105 91 105 105 104 94 104 104 103 96 103 103 105 91 105 105 27 92 27 27 38 97 38 38 26 93 26 26 36 95 36 36 38 97 38 38 27 92 27 27 26 93 26 26 142 98 142 142 24 90 24 24 141 99 141 141 142 98 142 142 26 93 26 26 26 93 26 26 38 97 38 38 141 99 141 141 142 98 142 142 143 89 143 143 24 90 24 24 141 99 141 141 38 97 38 38 136 100 136 136 38 97 38 38 39 101 39 39 136 100 136 136 38 97 38 38 37 102 37 37 39 101 39 39 36 95 36 36 37 102 37 37 38 97 38 38 101 103 101 101 36 95 36 36 103 96 103 103 37 102 37 37 36 95 36 36 101 103 101 101 102 104 102 102 103 96 103 103 104 94 104 104 103 96 103 103 100 105 100 100 101 103 101 101 102 104 102 102 100 105 100 100 103 96 103 103 99 106 99 99 37 102 37 37 101 103 101 101 101 103 101 101 98 107 98 98 99 106 99 99 100 105 100 100 98 107 98 98 101 103 101 101 32 108 32 32 37 102 37 37 99 106 99 99 37 102 37 37 32 108 32 32 39 101 39 39 34 109 34 34 137 110 137 137 39 101 39 39 136 100 136 136 39 101 39 39 137 110 137 137 39 101 39 39 32 108 32 32 34 109 34 34 32 108 32 32 97 111 97 97 33 112 33 33 99 106 99 99 97 111 97 97 32 108 32 32 32 108 32 32 33 112 33 33 34 109 34 34 99 106 99 99 96 113 96 96 97 111 97 97 98 107 98 98 96 113 96 96 99 106 99 99 94 114 94 94 33 112 33 33 97 111 97 97 96 113 96 96 94 114 94 94 97 111 97 97 41 115 41 41 33 112 33 33 94 114 94 94 33 112 33 33 41 115 41 41 35 116 35 35 34 109 34 34 33 112 33 33 35 116 35 35 35 116 35 35 138 117 138 138 34 109 34 34 138 117 138 138 137 110 137 137 34 109 34 34 40 118 40 40 139 119 139 139 35 116 35 35 35 116 35 35 139 119 139 139 138 117 138 138 35 116 35 35 41 115 41 41 40 118 40 40 41 115 41 41 94 114 94 94 43 120 43 43 42 121 42 42 41 115 41 41 43 120 43 43 40 118 40 40 41 115 41 41 42 121 42 42 43 120 43 43 94 114 94 94 93 122 93 93 95 123 95 95 94 114 94 94 96 113 96 96 94 114 94 94 95 123 95 95 93 122 93 93 91 124 91 91 43 120 43 43 93 122 93 93 54 125 54 54 43 120 43 43 91 124 91 91 43 120 43 43 54 125 54 54 42 121 42 42 55 126 55 55 154 127 154 154 42 121 42 42 42 121 42 42 154 127 154 154 140 128 140 140 140 128 140 140 40 118 40 40 42 121 42 42 42 121 42 42 54 125 54 54 55 126 55 55 139 119 139 139 40 118 40 40 140 128 140 140 55 126 55 55 53 129 53 53 154 127 154 154 154 127 154 154 53 129 53 53 153 130 153 153 54 125 54 54 53 129 53 53 55 126 55 55 88 131 88 88 54 125 54 54 91 124 91 91 52 132 52 52 54 125 54 54 88 131 88 88 52 132 52 52 53 129 53 53 54 125 54 54 92 133 92 92 91 124 91 91 93 122 93 93 90 134 90 90 91 124 91 91 92 133 92 92 91 124 91 91 89 135 89 89 88 131 88 88 90 134 90 90 89 135 89 89 91 124 91 91 93 122 93 93 95 123 95 95 92 133 92 92 87 136 87 87 88 131 88 88 89 135 89 89 88 131 88 88 86 137 86 86 52 132 52 52 86 137 86 86 88 131 88 88 87 136 87 87 52 132 52 52 86 137 86 86 50 138 50 50 52 132 52 52 51 139 51 51 53 129 53 53 50 138 50 50 51 139 51 51 52 132 52 52 153 130 153 153 53 129 53 53 51 139 51 51 153 130 153 153 51 139 51 51 152 140 152 152 152 140 152 152 51 139 51 51 57 141 57 57 50 138 50 50 57 141 57 57 51 139 51 51 86 137 86 86 56 142 56 56 50 138 50 50 56 142 56 56 57 141 57 57 50 138 50 50 85 143 85 85 56 142 56 56 86 137 86 86 84 144 84 84 86 137 86 86 87 136 87 87 85 143 85 85 86 137 86 86 84 144 84 84 85 143 85 85 47 145 47 47 56 142 56 56 56 142 56 56 46 146 46 46 57 141 57 57 47 145 47 47 46 146 46 46 56 142 56 56 46 146 46 46 152 140 152 152 57 141 57 57 46 146 46 46 151 147 151 151 152 140 152 152 46 146 46 46 48 148 48 48 151 147 151 151 46 146 46 46 47 145 47 47 48 148 48 48 47 145 47 47 80 149 80 80 49 150 49 49 80 149 80 80 47 145 47 47 85 143 85 85 48 148 48 48 47 145 47 47 49 150 49 49 84 144 84 84 80 149 80 80 85 143 85 85 81 151 81 81 80 149 80 80 84 144 84 84 49 150 49 49 80 149 80 80 82 152 82 82 80 149 80 80 81 151 81 81 82 152 82 82 82 152 82 82 81 151 81 81 83 153 83 83 48 148 48 48 150 154 150 150 151 147 151 151 122 155 122 122 120 64 120 120 123 7 123 123 122 155 122 122 123 7 123 123 124 9 124 124</p>
        </triangles>
      </mesh>
    </geometry>
    <geometry id="geom-hand_alphaB_ZwriteONShape" name="hand_alphaB_ZwriteONShape">
      <mesh>
        <source id="geom-hand_alphaB_ZwriteONShape-positions">
          <float_array id="geom-hand_alphaB_ZwriteONShape-positions-array" count="468">-5.98891 -8.00613 -0.0581802 -5.9868 -8.00022 -1.66051 -3.02815 -7.78672 -0.067687 -3.02043 -7.72938 -1.63795 -5.79731 -5.95899 -6.07885 -5.71191 -4.85585 -7.43932 -3.06617 -5.78453 -5.91066 -3.06802 -4.70128 -7.26431 -5.81055 -0.876162 11.2408 -5.7255 -3.20013 10.1937 -3.02155 -0.880872 10.922 -2.99583 -3.12869 9.91537 -5.80405 -0.450434 -9.77543 -5.89285 1.85505 -9.62853 -3.10933 -0.138291 -9.66398 -3.16031 1.98765 -9.39553 -5.62349 -5.86252 7.59311 -5.5785 -6.86331 5.90125 -3.08015 -5.73777 7.40054 -3.1133 -6.69173 5.7935 -5.95875 -7.56322 -3.14489 -5.95458 -6.86792 -4.72062 -3.03118 -7.2713 -3.12883 -3.04634 -6.63095 -4.57216 -3.21935 3.78854 -8.6139 -5.79814 3.85651 -8.83097 -3.3343 5.22099 -7.26204 -5.80424 5.41701 -7.41249 -5.73627 -2.11762 -9.32002 -3.07241 -1.91461 -9.23433 -5.58974 -3.43396 -8.6159 -3.05878 -3.26729 -8.48269 -5.75536 7.36432 -2.04231 -5.72676 7.60304 -0.599486 -3.29632 7.05969 -1.96834 -3.26646 7.26393 -0.623169 -5.9127 6.26902 -5.81765 -5.90035 6.94022 -4.1327 -3.35418 6.01833 -5.60272 -3.35366 6.65096 -3.91743 -3.24338 7.29904 0.725284 -5.63453 7.63894 0.802477 -3.2477 6.90735 3.4654 -5.96674 7.246 3.62579 -5.86554 2.51973 11.0296 -3.13455 2.51201 10.6833 -3.20038 4.06704 9.76766 -5.80601 4.2119 10.066 -3.13455 2.51201 10.6833 -5.86554 2.51973 11.0296 -5.73008 5.83868 7.38037 -3.24269 5.67894 7.16368 -5.77892 6.18825 6.57415 -3.25107 6.02847 6.22289 -5.89678 6.77251 5.18799 -3.24895 6.43801 5.06677 -5.69856 5.01144 8.97534 -3.2414 4.88347 8.68176 -5.88261 -7.95026 2.06086 -3.07123 -7.70705 1.98642 -5.69293 -7.42708 4.11308 -3.11405 -7.24019 4.0084 -5.66235 -4.68795 9.06091 -3.02988 -4.56414 8.79317 -12.0656 -8.42078 2.23988 -8.9737 -8.19128 2.14888 -11.3802 -7.85378 4.29268 -8.53828 -7.61716 4.20092 -10.9269 -7.19791 6.18615 -8.25446 -7.01304 6.02971 -11.0227 -6.12383 7.96118 -8.32156 -6.00602 7.78945 -11.4286 -4.87376 9.59803 -8.54513 -4.78546 9.33109 -11.8055 -3.30114 10.8153 -8.76553 -3.25481 10.503 -12.032 -0.843107 11.814 -8.92023 -0.8613 11.5376 -8.84885 2.55987 11.3527 -11.8348 2.61369 11.652 -8.60229 4.3941 10.3464 -11.4051 4.55672 10.5734 -8.84885 2.55987 11.3527 -11.8348 2.61369 11.652 -11.1476 5.32318 9.52412 -8.41953 5.18596 9.27223 -8.534 6.0553 7.69023 -11.3468 6.17785 7.97635 -8.81325 6.53705 6.64705 -11.806 6.70181 6.83843 -12.0917 7.45488 5.46591 -8.99358 7.11956 5.32644 -12.0632 7.88661 4.08035 -9.01467 7.57397 3.84421 -8.28281 7.95756 0.91326 -10.9329 8.25835 1.03499 -10.8791 8.195 -0.519723 -8.30201 7.90689 -0.562099 -11.0884 7.94404 -2.12261 -8.42122 7.65869 -2.08898 -11.5358 7.46247 -4.38906 -8.71616 7.20891 -4.27921 -11.6096 6.75648 -6.1354 -8.7599 6.51638 -5.98938 -11.3196 5.82124 -7.69201 -8.55876 5.64352 -7.57357 -11.6608 4.15583 -9.10679 -8.72707 4.00452 -9.00609 -12.184 1.86184 -10.0818 -9.03564 1.83621 -9.8857 -8.96338 -0.665045 -9.99445 -12.1307 -0.808916 -10.1805 -11.9222 -2.33801 -9.69736 -8.82687 -2.26082 -9.52013 -11.3113 -3.69069 -8.80022 -8.44983 -3.57026 -8.71446 -11.3503 -5.02279 -7.73552 -8.5304 -4.95064 -7.59115 -11.6212 -6.29926 -6.42083 -8.70909 -6.1309 -6.25043 -12.3267 -7.36237 -5.02846 -9.14053 -7.1161 -4.87529 -12.84 -8.07098 -3.17571 -9.39851 -7.8276 -3.15899 -12.7496 -8.45569 -1.60199 -9.36754 -8.23704 -1.63992 -9.34698 -8.2543 0.00185893 -12.7049 -8.50204 0.0828707 -1.45252 -7.15893 3.90894 -1.44401 -6.55339 5.78809 -1.45404 -7.63112 1.90681 -1.42313 -7.8021 -0.866716 -1.40166 -3.2575 -8.40195 -1.45339 -5.04359 -6.85453 -1.43146 -6.23258 -5.18465 -1.42118 -7.15587 -3.27614 -1.45816 5.88151 -5.44022 -1.49084 6.51085 -3.79589 -1.41668 6.94017 -1.86227 -1.45816 7.11184 0.64465 -1.45816 6.79128 3.30083 -1.45816 5.0659 -7.10331 -1.47555 3.77742 -8.43333 -1.48667 2.09669 -9.21514 -1.39691 0.0975126 -9.61032 -1.413 -1.78065 -9.16151 -1.42517 -5.67014 7.30689 -1.42199 2.6145 10.5142 -1.46489 -0.932411 10.7973 -1.44934 -3.15784 9.85929 -1.42199 2.6145 10.5142 -1.47971 3.98011 9.58313 -1.46383 4.81661 8.40716 -1.45816 5.52032 6.92685 -1.46268 6.27288 5.07231 -1.41639 -4.55882 8.66502</float_array>
          <technique_common>
            <accessor source="#geom-hand_alphaB_ZwriteONShape-positions-array" count="156" stride="3">
              <param name="X" type="float"/>
              <param name="Y" type="float"/>
              <param name="Z" type="float"/>
            </accessor>
          </technique_common>
        </source>
        <source id="geom-hand_alphaB_ZwriteONShape-normals">
          <float_array id="geom-hand_alphaB_ZwriteONShape-normals-array" count="468">0.07742245 -0.9969667 0.007952898 0.06936249 -0.9881713 -0.1367711 0.07925022 -0.9861706 -0.1455566 0.07283451 -0.9973382 0.003418887 0.0784051 -0.9887347 0.1274999 0.07984259 -0.9883878 0.1292864 0.06477351 -0.997793 0.01460609 0.07381604 -0.9451383 -0.318221 0.07149859 -0.9974389 -0.001914732 0.06708575 -0.9884008 -0.1362469 0.08405022 -0.9370654 -0.3388866 0.07686569 -0.983197 -0.1655757 0.07662434 -0.9886066 0.1295592 0.04524842 -0.9902137 0.1320204 0.03495713 -0.9960187 -0.08200424 0.07965758 -0.9590651 0.2717514 0.07828067 -0.9608616 0.2657391 0.07825804 -0.9913499 0.1053614 0.08449027 -0.9596727 0.2681223 0.0833832 -0.9102564 0.4055622 0.07857972 -0.9099861 0.4071248 0.07765044 -0.9112939 0.4043683 0.0782642 -0.9611478 0.2647064 0.06759574 -0.9594077 0.2738025 0.07136754 -0.926496 0.3694751 0.07840238 -0.9164041 0.3925004 0.08441713 -0.8184127 0.5683964 0.08284495 -0.8161173 0.5719171 0.08043011 -0.8203017 0.5662475 0.07858916 -0.8167899 0.5715575 0.09408755 -0.6911557 0.7165551 0.08760685 -0.6915752 0.7169721 0.0877346 -0.6950387 0.7135991 0.06251776 -0.818592 0.570963 0.05779558 -0.7136976 0.6980656 0.03201982 -0.5025495 0.8639553 0.08743038 -0.4940549 0.8650235 0.09815947 -0.4888439 0.8668312 0.09231655 -0.4791669 0.8728555 0.08641049 -0.6780933 0.7298785 0.1075868 -0.1400705 0.984279 0.1072451 -0.1357502 0.9849215 0.06984707 -0.1258957 0.9895815 0.07789263 0.2541888 0.9640129 0.1152866 0.2241004 0.9677231 0.09736945 -0.1421167 0.9850492 0.113685 0.2168685 0.9695585 0.09115908 -0.4611074 0.8826494 0.1019447 0.2102381 0.9723206 0.09750731 0.1901301 0.9769047 0.09468919 -0.1366308 0.9860863 0.05541077 -0.9349309 -0.350477 0.03672409 -0.8576893 -0.5128552 0.07899132 -0.8800145 -0.4683318 0.0813064 -0.934169 -0.3474444 0.08796444 -0.879034 -0.4685739 0.07155892 -0.8098614 -0.5822405 0.08405671 -0.802354 -0.5908998 0.03260383 -0.7370663 -0.6750336 0.07228285 -0.7091534 -0.7013391 0.07583059 -0.7077522 -0.7023793 0.06338006 -0.6951047 -0.7161093 0.07815956 -0.7884345 -0.610133 0.08302388 -0.8829834 -0.4620035 0.08127058 -0.8978231 -0.4327918 0.07838902 -0.7858438 -0.6134368 0.06096676 -0.6887381 -0.7224423 0.05904799 -0.5725273 -0.8177566 0.05400186 -0.5739033 -0.8171406 0.07117697 -0.5694157 -0.8189625 0.05576519 -0.5450155 -0.8365695 0.07089503 -0.5583671 -0.8265591 0.06985369 -0.3644115 -0.9286144 0.06366725 -0.3484302 -0.9351699 0.06733723 -0.3892495 -0.9186678 0.06185538 -0.382734 -0.9217857 0.06839244 -0.07126249 -0.99511 0.06954826 -0.08359225 -0.99407 0.06208555 -0.3391812 -0.93867 0.05790736 -0.0443234 -0.9973375 0.05732628 -0.01095854 -0.9982954 0.06574175 0.2522237 -0.9654332 0.07002509 0.2159972 -0.9738798 0.06582341 0.2029657 -0.9769709 0.06256448 -0.08179162 -0.9946838 0.07141753 0.507858 -0.8584753 0.05889392 0.1905122 -0.9799166 0.06110176 0.4914999 -0.8687316 0.08176195 0.5212248 -0.8494938 0.06867342 0.287879 -0.9552014 0.08627094 0.5460773 -0.8332808 0.08690145 0.7650748 -0.6380509 0.0981828 0.7800892 -0.6179166 0.101945 0.7970026 -0.5953102 0.07737248 0.7587022 -0.6468266 0.1111104 0.9045119 -0.411719 0.09784876 0.8995005 -0.4258222 0.111996 0.9101354 -0.3988865 0.09327997 0.5738428 -0.8136358 0.1038636 0.8108807 -0.5759207 0.1007549 0.9139996 -0.3930052 0.1114838 0.9539006 -0.2786484 0.1162558 0.9520279 -0.2830683 0.1028883 0.951579 -0.2896747 0.09288402 0.8984284 -0.429184 0.09946242 0.9490754 -0.2989368 0.1063597 0.9749433 -0.1953794 0.1031999 0.9741095 -0.2011482 0.1181725 0.9746789 -0.1898329 0.1097189 0.9754416 -0.1909853 0.08748333 0.9567612 -0.277407 0.111889 0.9883834 -0.1028549 0.1236612 0.9873368 -0.09936847 0.1089763 0.9885406 -0.1044586 0.117327 0.9884284 0.09614468 0.1286716 0.9873776 0.09235302 0.1259907 0.9879037 -0.0904032 0.09243307 0.9812314 -0.1692368 0.1219292 0.988133 0.09341593 0.1017016 0.9918653 0.07655091 0.1273324 0.9712911 0.2009484 0.1206919 0.9748141 0.1875394 0.1184324 0.9713899 0.2058526 0.1146985 0.9874201 0.1088384 0.1132723 0.9306037 0.3480604 0.1235094 0.9377681 0.3245557 0.1181721 0.9429355 0.3113005 0.1021287 0.9400972 0.3252492 0.09171334 0.9818578 0.1659633 0.1136263 0.926106 0.3597453 0.119584 0.9068609 0.4041074 0.1012347 0.9109904 0.39981 0.1144029 0.9201068 0.374587 0.116829 0.9688138 0.2185202 0.1083579 0.9274214 0.3579778 0.09010828 0.9045015 0.4168423 0.08289553 0.8951253 0.43804 0.09872639 0.8928725 0.4393538 0.1070351 0.8953584 0.4322925 0.1087828 0.9020058 0.4177942 0.1178672 0.868225 0.4819674 0.1103356 0.8533759 0.5094855 0.1098453 0.8460347 0.5216888 0.1028332 0.8441607 0.5261348 0.09091205 0.8415928 0.5324064 0.1157194 0.6209153 0.7752892 0.1179933 0.6358084 0.7627748 0.09511518 0.6739869 0.7325945 0.1152866 0.2241004 0.9677231 0.105803 0.6061233 0.7883022 0.113685 0.2168685 0.9695585 0.0986261 0.5794207 0.8090394 0.1019447 0.2102381 0.9723206 0.09750731 0.1901301 0.9769047 0.07789263 0.2541888 0.9640129 0.07136928 -0.9504508 -0.3025716</float_array>
          <technique_common>
            <accessor source="#geom-hand_alphaB_ZwriteONShape-normals-array" count="156" stride="3">
              <param name="X" type="float"/>
              <param name="Y" type="float"/>
              <param name="Z" type="float"/>
            </accessor>
          </technique_common>
        </source>
        <source id="geom-hand_alphaB_ZwriteONShape-map-2">
          <float_array id="geom-hand_alphaB_ZwriteONShape-map-2-array" count="468">1 1 1 1 1 1 1 1 1 1 1 1 1 1 1 1 1 1 1 1 1 1 1 1 1 1 1 1 1 1 1 1 1 1 1 1 1 1 1 1 1 1 1 1 1 1 1 1 1 1 1 1 1 1 1 1 1 1 1 1 1 1 1 1 1 1 1 1 1 1 1 1 1 1 1 1 1 1 1 1 1 1 1 1 1 1 1 1 1 1 1 1 1 1 1 1 1 1 1 1 1 1 1 1 1 1 1 1 1 1 1 1 1 1 1 1 1 1 1 1 1 1 1 1 1 1 1 1 1 1 1 1 1 1 1 1 1 1 1 1 1 1 1 1 1 1 1 1 1 1 1 1 1 1 1 1 1 1 1 1 1 1 1 1 1 1 1 1 1 1 1 1 1 1 1 1 1 1 1 1 1 1 1 1 1 1 1 1 1 1 1 1 1 1 1 1 1 1 1 1 1 1 1 1 1 1 1 1 1 1 1 1 1 1 1 1 1 1 1 1 1 1 1 1 1 1 1 1 1 1 1 1 1 1 1 1 1 1 1 1 1 1 1 1 1 1 1 1 1 1 1 1 1 1 1 1 1 1 1 1 1 1 1 1 1 1 1 1 1 1 1 1 1 1 1 1 1 1 1 1 1 1 1 1 1 1 1 1 1 1 1 1 1 1 1 1 1 1 1 1 1 1 1 1 1 1 1 1 1 1 1 1 1 1 1 1 1 1 1 1 1 1 1 1 1 1 1 1 1 1 1 1 1 1 1 1 1 1 1 1 1 1 1 1 1 1 1 1 1 1 1 1 1 1 1 1 1 1 1 1 1 1 1 1 1 1 1 1 1 1 1 1 1 1 1 1 1 1 1 1 1 1 1 1 1 1 1 1 1 1 1 1 1 1 1 1 1 1 1 1 1 1 1 1 1 1 1 1 1 1 1 1 1 1 1 1 1 1 1 1 1 1 1 1 1 1 1 1 1 1 1 1 1 1 1 1 1 1 1 1 1 1 1 1 1 1 1 1 1 1 1 1 1 1 1 1 1 1 1 1 1 1 1 1 1 1 1 1</float_array>
          <technique_common>
            <accessor source="#geom-hand_alphaB_ZwriteONShape-map-2-array" count="156" stride="3">
              <param name="R" type="float"/>
              <param name="G" type="float"/>
              <param name="B" type="float"/>
            </accessor>
          </technique_common>
        </source>
        <source id="geom-hand_alphaB_ZwriteONShape-map0">
          <float_array id="geom-hand_alphaB_ZwriteONShape-map0-array" count="468">0.5019608 0.5019608 0.5019608 0.5019608 0.5019608 0.5019608 0.5019608 0.5019608 0.5019608 0.5019608 0.5019608 0.5019608 0.5019608 0.5019608 0.5019608 0.5019608 0.5019608 0.5019608 0.5019608 0.5019608 0.5019608 0.5019608 0.5019608 0.5019608 0.5019608 0.5019608 0.5019608 0.5019608 0.5019608 0.5019608 0.5019608 0.5019608 0.5019608 0.5019608 0.5019608 0.5019608 0.5019608 0.5019608 0.5019608 0.5019608 0.5019608 0.5019608 0.5019608 0.5019608 0.5019608 0.5019608 0.5019608 0.5019608 0.5019608 0.5019608 0.5019608 0.5019608 0.5019608 0.5019608 0.5019608 0.5019608 0.5019608 0.5019608 0.5019608 0.5019608 0.5019608 0.5019608 0.5019608 0.5019608 0.5019608 0.5019608 0.5019608 0.5019608 0.5019608 0.5019608 0.5019608 0.5019608 0.5019608 0.5019608 0.5019608 0.5019608 0.5019608 0.5019608 0.5019608 0.5019608 0.5019608 0.5019608 0.5019608 0.5019608 0.5019608 0.5019608 0.5019608 0.5019608 0.5019608 0.5019608 0.5019608 0.5019608 0.5019608 0.5019608 0.5019608 0.5019608 0.5019608 0.5019608 0.5019608 0.5019608 0.5019608 0.5019608 0.5019608 0.5019608 0.5019608 0.5019608 0.5019608 0.5019608 0.5019608 0.5019608 0.5019608 0.5019608 0.5019608 0.5019608 0.5019608 0.5019608 0.5019608 0.5019608 0.5019608 0.5019608 0.5019608 0.5019608 0.5019608 0.5019608 0.5019608 0.5019608 0.5019608 0.5019608 0.5019608 0.5019608 0.5019608 0.5019608 0.5019608 0.5019608 0.5019608 0.5019608 0.5019608 0.5019608 0.5019608 0.5019608 0.5019608 0.5019608 0.5019608 0.5019608 0.5019608 0.5019608 0.5019608 0.5019608 0.5019608 0.5019608 0.5019608 0.5019608 0.5019608 0.5019608 0.5019608 0.5019608 0.5019608 0.5019608 0.5019608 0.5019608 0.5019608 0.5019608 0.5019608 0.5019608 0.5019608 0.5019608 0.5019608 0.5019608 0.5019608 0.5019608 0.5019608 0.5019608 0.5019608 0.5019608 0.5019608 0.5019608 0.5019608 0.5019608 0.5019608 0.5019608 0.5019608 0.5019608 0.5019608 0.5019608 0.5019608 0.5019608 0.5019608 0.5019608 0.5019608 0.5019608 0.5019608 0.5019608 0.5019608 0.5019608 0.5019608 0.5019608 0.5019608 0.5019608 0.5019608 0.5019608 0.5019608 0.5019608 0.5019608 0.5019608 0.5019608 0.5019608 0.5019608 0.5019608 0.5019608 0.5019608 0.5019608 0.5019608 0.5019608 0.5019608 0.5019608 0.5019608 0.5019608 0.5019608 0.5019608 0.5019608 0.5019608 0.5019608 0.5019608 0.5019608 0.5019608 0.5019608 0.5019608 0.5019608 0.5019608 0.5019608 0.5019608 0.5019608 0.5019608 0.5019608 0.5019608 0.5019608 0.5019608 0.5019608 0.5019608 0.5019608 0.5019608 0.5019608 0.5019608 0.5019608 0.5019608 0.5019608 0.5019608 0.5019608 0.5019608 0.5019608 0.5019608 0.5019608 0.5019608 0.5019608 0.5019608 0.5019608 0.5019608 0.5019608 0.5019608 0.5019608 0.5019608 0.5019608 0.5019608 0.5019608 0.5019608 0.5019608 0.5019608 0.5019608 0.5019608 0.5019608 0.5019608 0.5019608 0.5019608 0.5019608 0.5019608 0.5019608 0.5019608 0.5019608 0.5019608 0.5019608 0.5019608 0.5019608 0.5019608 0.5019608 0.5019608 0.5019608 0.5019608 0.5019608 0.5019608 0.5019608 0.5019608 0.5019608 0.5019608 0.5019608 0.5019608 0.5019608 0.5019608 0.5019608 0.5019608 0.5019608 0.5019608 0.5019608 0.5019608 0.5019608 0.5019608 0.5019608 0.5019608 0.5019608 0.5019608 0.5019608 0.5019608 0.5019608 0.5019608 0.5019608 0.5019608 0.5019608 0.5019608 0.5019608 0.5019608 0.5019608 0.5019608 0.5019608 0.5019608 0.5019608 0.5019608 0.5019608 0.5019608 0.5019608 0.5019608 0.5019608 0.5019608 0.5019608 0.5019608 0.5019608 0.5019608 0.5019608 0.5019608 0.5019608 0.5019608 0.5019608 0.5019608 0.5019608 0.5019608 0.5019608 0.5019608 0.5019608 0.5019608 0.5019608 0.5019608 0.5019608 0.5019608 0.5019608 0.5019608 0.5019608 0.5019608 0.5019608 0.5019608 0.5019608 0.5019608 0.5019608 0.5019608 0.5019608 0.5019608 0.5019608 0.5019608 0.5019608 0.5019608 0.5019608 0.5019608 0.5019608 0.5019608 0.5019608 0.5019608 0.5019608 0.5019608 0.5019608 0.5019608 0.5019608 0.5019608 0.5019608 0.5019608 0.5019608 0.5019608 0.5019608 0.5019608 0.5019608 0.5019608 0.5019608 0.5019608 0.5019608 0.5019608 0.5019608 0.5019608 0.5019608 0.5019608 0.5019608 0.5019608 0.5019608 0.5019608 0.5019608 0.5019608 0.5019608 0.5019608 0.5019608 0.5019608 0.5019608 0.5019608 0.5019608 0.5019608 0.5019608 0.5019608 0.5019608 0.5019608 0.5019608 0.5019608 0.5019608 0.5019608 0.5019608 0.5019608 0.5019608 0.5019608 0.5019608 0.5019608 0.5019608 0.5019608 0.5019608 0.5019608 0.5019608 0.5019608 0.5019608 0.5019608 0.5019608 0.5019608 0.5019608 0.5019608 0.5019608 0.5019608 0.5019608 0.5019608 0.5019608 0.5019608 0.5019608 0.5019608 0.5019608 0.5019608 0.5019608 0.5019608 0.5019608 0.5019608 0.5019608 0.5019608 0.5019608 0.5019608 0.5019608 0.5019608 0.5019608 0.5019608 0.5019608 0.5019608 0.5019608 0.5019608 0.5019608 0.5019608 0.5019608 0.5019608 0.5019608 0.5019608 0.5019608</float_array>
          <technique_common>
            <accessor source="#geom-hand_alphaB_ZwriteONShape-map0-array" count="156" stride="3">
              <param name="R" type="float"/>
              <param name="G" type="float"/>
              <param name="B" type="float"/>
            </accessor>
          </technique_common>
        </source>
        <source id="geom-hand_alphaB_ZwriteONShape-map1">
          <float_array id="geom-hand_alphaB_ZwriteONShape-map1-array" count="468">0.4516602 0.7036133 0 0.4516602 0.6757813 0 0.166748 0.7028809 0 0.166748 0.6765137 0 0.4516602 0.5993652 0 0.4516602 0.5734863 0 0.166748 0.6005859 0 0.166748 0.5732422 0 0.4516602 0.9415283 0 0.4516602 0.8952637 0 0.166748 0.9396667 0 0.166748 0.8946533 0 0.4516602 0.4838867 0 0.4516602 0.4379883 0 0.166748 0.4794922 0 0.166748 0.4355469 0 0.4516602 0.8303223 0 0.4516602 0.7998047 0 0.166748 0.8304443 0 0.166748 0.7999268 0 0.4516602 0.6503906 0 0.4516602 0.623291 0 0.166748 0.6503906 0 0.166748 0.6252441 0 0.166748 0.3964844 0 0.4516602 0.3959961 0 0.166748 0.359375 0 0.4516602 0.3579102 0 0.4516602 0.5175781 0 0.166748 0.5144043 0 0.4516602 0.5432129 0 0.166748 0.5422363 0 0.4516602 0.2675781 0 0.4516602 0.2446289 0 0.166748 0.2661133 0 0.166748 0.2431641 0 0.4516602 0.328125 0 0.4516602 0.300293 0 0.166748 0.328125 0 0.166748 0.2988281 0 0.166748 0.2192383 0 0.4516602 0.2202148 0 0.166748 0.1655273 0 0.4516602 0.1660156 0 0.4516602 0.9999695 0 0.166748 0.9999695 0 0.166748 0.03271484 0 0.4516602 0.03222656 0 0.166748 0 0 0.4516602 0 0 0.4516602 0.09130859 0 0.166748 0.08886719 0 0.4516602 0.1020508 0 0.166748 0.1098633 0 0.4516602 0.1357422 0 0.166748 0.1337891 0 0.4516602 0.05371094 0 0.166748 0.05712891 0 0.4516602 0.7385254 0 0.166748 0.7368164 0 0.4516602 0.7714844 0 0.166748 0.7701416 0 0.4516602 0.8618164 0 0.166748 0.8616943 0 0.987793 0.7416992 0 0.7124023 0.7404785 0 0.987793 0.7718506 0 0.7124023 0.7722168 0 0.987793 0.7980957 0 0.7124023 0.7993164 0 0.987793 0.8277588 0 0.7124023 0.8289795 0 0.987793 0.8603516 0 0.7124023 0.8608398 0 0.987793 0.8967896 0 0.7124023 0.8953857 0 0.987793 0.9455261 0 0.7124023 0.9430542 0 0.7124023 0.9999695 0 0.987793 0.9999695 0 0.7124023 0.03173828 0 0.987793 0.02978516 0 0.7124023 0 0 0.987793 0 0 0.987793 0.04931641 0 0.7124023 0.05175781 0 0.7124023 0.08496094 0 0.987793 0.07910156 0 0.7124023 0.1054687 0 0.987793 0.1069336 0 0.987793 0.137207 0 0.7124023 0.1357422 0 0.987793 0.1621094 0 0.7124023 0.1655273 0 0.7124023 0.222168 0 0.987793 0.2231445 0 0.987793 0.25 0 0.7124023 0.2470703 0 0.987793 0.2719727 0 0.7124023 0.2695312 0 0.987793 0.300293 0 0.7124023 0.300293 0 0.987793 0.3237305 0 0.7124023 0.3266602 0 0.987793 0.3530273 0 0.7124023 0.3554687 0 0.987793 0.3920898 0 0.7124023 0.3935547 0 0.987793 0.434082 0 0.7124023 0.4360352 0 0.7124023 0.4853516 0 0.987793 0.484375 0 0.987793 0.517334 0 0.7124023 0.5175781 0 0.987793 0.5480957 0 0.7124023 0.5456543 0 0.987793 0.5769043 0 0.7124023 0.5742188 0 0.987793 0.6000977 0 0.7124023 0.5991211 0 0.987793 0.6203613 0 0.7124023 0.6213379 0 0.987793 0.6459961 0 0.7124023 0.6491699 0 0.987793 0.6740723 0 0.7124023 0.6748047 0 0.7124023 0.7043457 0 0.987793 0.7043457 0 3.05176e-5 0.7686768 0 3.05176e-5 0.8006592 0 3.05176e-5 0.7353516 0 3.05176e-5 0.689209 0 3.05176e-5 0.5437012 0 3.05176e-5 0.5820313 0 3.05176e-5 0.6142578 0 3.05176e-5 0.6479492 0 3.05176e-5 0.3261719 0 3.05176e-5 0.2973633 0 3.05176e-5 0.2651367 0 3.05176e-5 0.2207031 0 3.05176e-5 0.168457 0 3.05176e-5 0.3583984 0 3.05176e-5 0.394043 0 3.05176e-5 0.4331055 0 3.05176e-5 0.4765625 0 3.05176e-5 0.5141602 0 3.05176e-5 0.829834 0 3.05176e-5 0.9999695 0 3.05176e-5 0.9380493 0 3.05176e-5 0.8935547 0 3.05176e-5 0 0 3.05176e-5 0.03271484 0 3.05176e-5 0.05957031 0 3.05176e-5 0.09179687 0 3.05176e-5 0.1323242 0 3.05176e-5 0.8602295 0</float_array>
          <technique_common>
            <accessor source="#geom-hand_alphaB_ZwriteONShape-map1-array" count="156" stride="3">
              <param name="S" type="float"/>
              <param name="T" type="float"/>
              <param name="P" type="float"/>
            </accessor>
          </technique_common>
        </source>
        <vertices id="geom-hand_alphaB_ZwriteONShape-vertices">
          <input semantic="POSITION" source="#geom-hand_alphaB_ZwriteONShape-positions"/>
        </vertices>
        <triangles material="EffectA_mat_isstencil" count="244">
          <input semantic="VERTEX" source="#geom-hand_alphaB_ZwriteONShape-vertices" offset="0"/>
          <input semantic="NORMAL" source="#geom-hand_alphaB_ZwriteONShape-normals" offset="1"/>
          <input semantic="COLOR" source="#geom-hand_alphaB_ZwriteONShape-map0" offset="2" set="0"/>
          <input semantic="TEXCOORD" source="#geom-hand_alphaB_ZwriteONShape-map1" offset="3" set="0"/>
          <p>0 0 0 0 125 1 125 125 1 2 1 1 126 3 126 126 125 1 125 125 0 0 0 0 65 4 65 65 0 0 0 0 58 5 58 58 126 3 126 126 0 0 0 0 65 4 65 65 0 0 0 0 2 6 2 2 58 5 58 58 0 0 0 0 1 2 1 1 2 6 2 2 123 7 123 123 1 2 1 1 125 1 125 125 125 1 125 125 127 8 127 127 124 9 124 124 126 3 126 126 127 8 127 127 125 1 125 125 124 9 124 124 123 7 123 123 125 1 125 125 20 10 20 20 1 2 1 1 123 7 123 123 1 2 1 1 20 10 20 20 3 11 3 3 2 6 2 2 1 2 1 1 3 11 3 3 59 12 59 59 2 6 2 2 130 13 130 130 131 14 131 131 2 6 2 2 3 11 3 3 2 6 2 2 131 14 131 131 130 13 130 130 58 5 58 58 2 6 2 2 59 12 59 59 67 15 67 67 58 5 58 58 60 16 60 60 65 4 65 65 58 5 58 58 67 15 67 67 58 5 58 58 59 12 59 59 60 16 60 60 64 17 64 64 126 3 126 126 65 4 65 65 66 18 66 66 65 4 65 65 67 15 67 67 64 17 64 64 65 4 65 65 66 18 66 66 127 8 127 127 126 3 126 126 64 17 64 64 66 18 66 66 67 15 67 67 68 19 68 68 67 15 67 67 60 16 60 60 69 20 69 69 68 19 68 68 67 15 67 67 69 20 69 69 69 20 69 69 60 16 60 60 17 21 17 17 60 16 60 60 61 22 61 61 17 21 17 17 60 16 60 60 59 12 59 59 61 22 61 61 59 12 59 59 128 23 128 128 61 22 61 61 59 12 59 59 130 13 130 130 128 23 128 128 61 22 61 61 129 24 129 129 19 25 19 19 128 23 128 128 129 24 129 129 61 22 61 61 17 21 17 17 61 22 61 61 19 25 19 19 17 21 17 17 16 26 16 16 69 20 69 69 18 27 18 18 17 21 17 17 19 25 19 19 16 26 16 16 17 21 17 17 18 27 18 18 69 20 69 69 16 26 16 16 71 28 71 71 71 28 71 71 68 19 68 68 69 20 69 69 70 29 70 70 68 19 68 68 71 28 71 71 71 28 71 71 62 30 62 62 73 31 73 73 16 26 16 16 62 30 62 62 71 28 71 71 73 31 73 73 70 29 70 70 71 28 71 71 63 32 63 63 16 26 16 16 18 27 18 18 62 30 62 62 16 26 16 16 63 32 63 63 129 24 129 129 146 33 146 146 18 27 18 18 146 33 146 146 63 32 63 63 18 27 18 18 129 24 129 129 18 27 18 18 19 25 19 19 146 33 146 146 155 34 155 155 63 32 63 63 155 34 155 155 149 35 149 149 63 32 63 63 11 36 11 11 63 32 63 63 149 35 149 149 11 36 11 11 62 30 62 62 63 32 63 63 62 30 62 62 9 37 9 9 73 31 73 73 9 37 9 9 62 30 62 62 11 36 11 11 73 31 73 73 9 37 9 9 75 38 75 75 75 38 75 75 72 39 72 72 73 31 73 73 72 39 72 72 70 29 70 70 73 31 73 73 8 40 8 8 75 38 75 75 9 37 9 9 10 41 10 10 9 37 9 9 11 36 11 11 8 40 8 8 9 37 9 9 10 41 10 10 11 36 11 11 149 35 149 149 148 42 148 148 148 42 148 148 10 41 10 10 11 36 11 11 148 42 148 148 147 43 147 147 10 41 10 10 147 43 147 147 45 44 45 45 10 41 10 10 45 44 45 45 8 40 8 8 10 41 10 10 77 45 77 77 75 38 75 75 8 40 8 8 44 46 44 44 77 45 77 77 8 40 8 8 44 46 44 44 8 40 8 8 45 44 45 45 77 45 77 77 74 47 74 74 75 38 75 75 74 47 74 74 72 39 72 72 75 38 75 75 78 48 78 78 77 45 77 77 44 46 44 44 77 45 77 77 79 49 79 79 76 50 76 76 78 48 78 78 79 49 79 79 77 45 77 77 76 50 76 76 74 47 74 74 77 45 77 77 135 51 135 135 131 14 131 131 3 11 3 3 134 52 134 134 135 51 135 135 23 53 23 23 135 51 135 135 3 11 3 3 22 54 22 22 135 51 135 135 22 54 22 22 23 53 23 23 3 11 3 3 20 10 20 20 22 54 22 22 22 54 22 22 21 55 21 21 23 53 23 23 20 10 20 20 21 55 21 21 22 54 22 22 6 56 6 6 134 52 134 134 23 53 23 23 23 53 23 23 4 57 4 4 6 56 6 6 21 55 21 21 4 57 4 4 23 53 23 23 134 52 134 134 6 56 6 6 133 58 133 133 6 56 6 6 7 59 7 7 133 58 133 133 6 56 6 6 5 60 5 5 7 59 7 7 4 57 4 4 5 60 5 5 6 56 6 6 4 57 4 4 117 61 117 117 5 60 5 5 119 62 119 119 117 61 117 117 4 57 4 4 4 57 4 4 21 55 21 21 119 62 119 119 119 62 119 119 21 55 21 21 121 63 121 121 21 55 21 21 20 10 20 20 121 63 121 121 121 63 121 121 20 10 20 20 123 7 123 123 123 7 123 123 120 64 120 120 121 63 121 121 121 63 121 121 118 65 118 118 119 62 119 119 120 64 120 120 118 65 118 118 121 63 121 121 119 62 119 119 116 66 116 116 117 61 117 117 118 65 118 118 116 66 116 116 119 62 119 119 115 67 115 115 5 60 5 5 117 61 117 117 117 61 117 117 114 68 114 114 115 67 115 115 116 66 116 116 114 68 114 114 117 61 117 117 30 69 30 30 5 60 5 5 115 67 115 115 5 60 5 5 30 69 30 30 7 59 7 7 132 70 132 132 133 58 133 133 7 59 7 7 132 70 132 132 7 59 7 7 31 71 31 31 7 59 7 7 30 69 30 30 31 71 31 31 115 67 115 115 28 72 28 28 30 69 30 30 30 69 30 30 29 73 29 29 31 71 31 31 28 72 28 28 29 73 29 29 30 69 30 30 113 74 113 113 28 72 28 28 115 67 115 115 114 68 114 114 113 74 113 113 115 67 115 115 112 75 112 112 113 74 113 113 114 68 114 114 113 74 113 113 12 76 12 12 28 72 28 28 110 77 110 110 12 76 12 12 113 74 113 113 112 75 112 112 110 77 110 110 113 74 113 113 28 72 28 28 12 76 12 12 29 73 29 29 29 73 29 29 132 70 132 132 31 71 31 31 145 78 145 145 132 70 132 132 29 73 29 29 29 73 29 29 14 79 14 14 145 78 145 145 29 73 29 29 12 76 12 12 14 79 14 14 145 78 145 145 14 79 14 14 144 80 144 144 15 81 15 15 144 80 144 144 14 79 14 14 14 79 14 14 13 82 13 13 15 81 15 15 12 76 12 12 13 82 13 13 14 79 14 14 12 76 12 12 109 83 109 109 13 82 13 13 110 77 110 110 109 83 109 109 12 76 12 12 111 84 111 111 110 77 110 110 112 75 112 112 110 77 110 110 111 84 111 111 109 83 109 109 107 85 107 107 13 82 13 13 109 83 109 109 109 83 109 109 111 84 111 111 108 86 108 108 109 83 109 109 106 87 106 106 107 85 107 107 108 86 108 108 106 87 106 106 109 83 109 109 25 88 25 25 13 82 13 13 107 85 107 107 13 82 13 13 25 88 25 25 15 81 15 15 143 89 143 143 144 80 144 144 15 81 15 15 24 90 24 24 143 89 143 143 15 81 15 15 15 81 15 15 25 88 25 25 24 90 24 24 25 88 25 25 105 91 105 105 27 92 27 27 107 85 107 107 105 91 105 105 25 88 25 25 26 93 26 26 25 88 25 25 27 92 27 27 24 90 24 24 25 88 25 25 26 93 26 26 107 85 107 107 104 94 104 104 105 91 105 105 106 87 106 106 104 94 104 104 107 85 107 107 105 91 105 105 36 95 36 36 27 92 27 27 103 96 103 103 36 95 36 36 105 91 105 105 104 94 104 104 103 96 103 103 105 91 105 105 27 92 27 27 38 97 38 38 26 93 26 26 36 95 36 36 38 97 38 38 27 92 27 27 26 93 26 26 142 98 142 142 24 90 24 24 141 99 141 141 142 98 142 142 26 93 26 26 26 93 26 26 38 97 38 38 141 99 141 141 142 98 142 142 143 89 143 143 24 90 24 24 141 99 141 141 38 97 38 38 136 100 136 136 38 97 38 38 39 101 39 39 136 100 136 136 38 97 38 38 37 102 37 37 39 101 39 39 36 95 36 36 37 102 37 37 38 97 38 38 101 103 101 101 36 95 36 36 103 96 103 103 37 102 37 37 36 95 36 36 101 103 101 101 102 104 102 102 103 96 103 103 104 94 104 104 103 96 103 103 100 105 100 100 101 103 101 101 102 104 102 102 100 105 100 100 103 96 103 103 99 106 99 99 37 102 37 37 101 103 101 101 101 103 101 101 98 107 98 98 99 106 99 99 100 105 100 100 98 107 98 98 101 103 101 101 32 108 32 32 37 102 37 37 99 106 99 99 37 102 37 37 32 108 32 32 39 101 39 39 34 109 34 34 137 110 137 137 39 101 39 39 136 100 136 136 39 101 39 39 137 110 137 137 39 101 39 39 32 108 32 32 34 109 34 34 32 108 32 32 97 111 97 97 33 112 33 33 99 106 99 99 97 111 97 97 32 108 32 32 32 108 32 32 33 112 33 33 34 109 34 34 99 106 99 99 96 113 96 96 97 111 97 97 98 107 98 98 96 113 96 96 99 106 99 99 94 114 94 94 33 112 33 33 97 111 97 97 96 113 96 96 94 114 94 94 97 111 97 97 41 115 41 41 33 112 33 33 94 114 94 94 33 112 33 33 41 115 41 41 35 116 35 35 34 109 34 34 33 112 33 33 35 116 35 35 35 116 35 35 138 117 138 138 34 109 34 34 138 117 138 138 137 110 137 137 34 109 34 34 40 118 40 40 139 119 139 139 35 116 35 35 35 116 35 35 139 119 139 139 138 117 138 138 35 116 35 35 41 115 41 41 40 118 40 40 41 115 41 41 94 114 94 94 43 120 43 43 42 121 42 42 41 115 41 41 43 120 43 43 40 118 40 40 41 115 41 41 42 121 42 42 43 120 43 43 94 114 94 94 93 122 93 93 95 123 95 95 94 114 94 94 96 113 96 96 94 114 94 94 95 123 95 95 93 122 93 93 91 124 91 91 43 120 43 43 93 122 93 93 54 125 54 54 43 120 43 43 91 124 91 91 43 120 43 43 54 125 54 54 42 121 42 42 55 126 55 55 154 127 154 154 42 121 42 42 42 121 42 42 154 127 154 154 140 128 140 140 140 128 140 140 40 118 40 40 42 121 42 42 42 121 42 42 54 125 54 54 55 126 55 55 139 119 139 139 40 118 40 40 140 128 140 140 55 126 55 55 53 129 53 53 154 127 154 154 154 127 154 154 53 129 53 53 153 130 153 153 54 125 54 54 53 129 53 53 55 126 55 55 88 131 88 88 54 125 54 54 91 124 91 91 52 132 52 52 54 125 54 54 88 131 88 88 52 132 52 52 53 129 53 53 54 125 54 54 92 133 92 92 91 124 91 91 93 122 93 93 90 134 90 90 91 124 91 91 92 133 92 92 91 124 91 91 89 135 89 89 88 131 88 88 90 134 90 90 89 135 89 89 91 124 91 91 93 122 93 93 95 123 95 95 92 133 92 92 87 136 87 87 88 131 88 88 89 135 89 89 88 131 88 88 86 137 86 86 52 132 52 52 86 137 86 86 88 131 88 88 87 136 87 87 52 132 52 52 86 137 86 86 50 138 50 50 52 132 52 52 51 139 51 51 53 129 53 53 50 138 50 50 51 139 51 51 52 132 52 52 153 130 153 153 53 129 53 53 51 139 51 51 153 130 153 153 51 139 51 51 152 140 152 152 152 140 152 152 51 139 51 51 57 141 57 57 50 138 50 50 57 141 57 57 51 139 51 51 86 137 86 86 56 142 56 56 50 138 50 50 56 142 56 56 57 141 57 57 50 138 50 50 85 143 85 85 56 142 56 56 86 137 86 86 84 144 84 84 86 137 86 86 87 136 87 87 85 143 85 85 86 137 86 86 84 144 84 84 85 143 85 85 47 145 47 47 56 142 56 56 56 142 56 56 46 146 46 46 57 141 57 57 47 145 47 47 46 146 46 46 56 142 56 56 46 146 46 46 152 140 152 152 57 141 57 57 46 146 46 46 151 147 151 151 152 140 152 152 46 146 46 46 48 148 48 48 151 147 151 151 46 146 46 46 47 145 47 47 48 148 48 48 47 145 47 47 80 149 80 80 49 150 49 49 80 149 80 80 47 145 47 47 85 143 85 85 48 148 48 48 47 145 47 47 49 150 49 49 84 144 84 84 80 149 80 80 85 143 85 85 81 151 81 81 80 149 80 80 84 144 84 84 49 150 49 49 80 149 80 80 82 152 82 82 80 149 80 80 81 151 81 81 82 152 82 82 82 152 82 82 81 151 81 81 83 153 83 83 48 148 48 48 150 154 150 150 151 147 151 151 122 155 122 122 120 64 120 120 123 7 123 123 122 155 122 122 123 7 123 123 124 9 124 124</p>
        </triangles>
      </mesh>
    </geometry>
    <geometry id="geom-hand_alphaA_ZwriteOFFShape" name="hand_alphaA_ZwriteOFFShape">
      <mesh>
        <source id="geom-hand_alphaA_ZwriteOFFShape-positions">
          <float_array id="geom-hand_alphaA_ZwriteOFFShape-positions-array" count="384">-3.02454 -7.82127 -0.0671968 -4.89053 -7.97398 -0.090235 -3.01444 -7.78879 -1.64804 -4.86353 -7.95788 -1.68215 -5.15752 -5.96889 -6.07429 -5.10023 -4.8731 -7.42992 -3.06194 -5.81923 -5.93561 -3.06257 -4.74258 -7.30485 -4.89427 -0.885668 11.1813 -4.82516 -3.21269 10.1406 -3.0152 -0.888432 10.9651 -2.99076 -3.15096 9.95257 -4.88863 -0.416102 -9.78747 -5.08136 1.84527 -9.61481 -3.10805 -0.140392 -9.67443 -3.15718 2.00273 -9.42076 -5.16318 -6.86717 5.92013 -3.10777 -6.73095 5.81096 -5.05319 -5.86776 7.5832 -3.07558 -5.76527 7.41962 -5.10266 -6.84287 -4.70193 -3.04161 -6.66858 -4.59233 -4.95479 -7.4975 -3.21327 -3.02491 -7.32759 -3.15025 -3.2136 3.81361 -8.65089 -5.10404 3.84156 -8.84008 -3.32731 5.26017 -7.29071 -5.23565 5.41788 -7.40425 -4.94312 -3.44962 -8.59007 -4.88448 -2.12388 -9.30756 -3.0533 -3.29962 -8.52847 -3.06878 -1.93503 -9.26297 -5.35 7.36147 -2.02297 -5.25621 7.57305 -0.612416 -3.28955 7.10744 -1.97731 -3.25886 7.31219 -0.627472 -5.35068 6.23423 -5.79764 -5.37854 6.9204 -4.14735 -3.34695 6.06283 -5.62204 -3.34662 6.69749 -3.93126 -5.13152 7.60745 0.761878 -5.03565 7.17862 3.55152 -3.23574 7.34742 0.727952 -3.2403 6.95473 3.4757 -5.09089 2.50243 10.9814 -3.12896 2.52219 10.7159 -3.19342 4.09417 9.79835 -5.16143 4.18763 10.053 -3.12896 2.52219 10.7159 -5.09089 2.50243 10.9814 -5.08308 5.87597 7.31018 -3.23508 5.72311 7.18361 -5.04573 6.25216 6.35128 -3.24357 6.07378 6.24012 -5.00774 6.69453 5.18267 -3.24176 6.48413 5.08187 -5.17646 5.02786 8.9336 -3.23343 4.92568 8.70854 -5.1648 -7.44137 4.09707 -5.0396 -7.91464 2.03756 -3.10863 -7.28167 4.01953 -3.06682 -7.74121 1.991 -4.89803 -4.68842 9.01099 -3.02356 -4.60312 8.83265 -9.66656 -7.76415 4.2073 -9.18607 -8.24331 2.14 -7.6374 -7.63299 4.16613 -7.33212 -8.10811 2.09619 -9.66005 -7.18943 6.10987 -7.6348 -7.03522 6.02401 -9.18534 -6.06229 7.9363 -7.34025 -5.9824 7.77911 -8.52103 -4.85183 9.35528 -6.93005 -4.78131 9.20445 -8.24962 -3.3311 10.4748 -6.75772 -3.2792 10.3309 -8.52608 -0.880322 11.5992 -6.93133 -0.882668 11.4157 -9.14582 2.56595 11.4612 -7.34053 2.49599 11.2602 -9.41081 4.45013 10.4855 -9.14582 2.56595 11.4612 -7.50813 4.3324 10.293 -7.34053 2.49599 11.2602 -9.31583 5.30793 9.32455 -7.46748 5.18242 9.14873 -8.59341 6.18085 7.5493 -7.05798 6.04606 7.44484 -8.32768 6.59285 6.5408 -6.90618 6.44365 6.46005 -8.10688 7.08908 5.34826 -6.77667 6.91701 5.2784 -8.27505 7.59998 3.68168 -6.87495 7.41741 3.62618 -8.85439 8.11657 0.835154 -7.21182 7.90904 0.802868 -9.46678 8.09124 -0.568879 -7.58227 7.87388 -0.588961 -9.86359 7.8667 -2.21041 -7.82944 7.64645 -2.11831 -9.90184 7.33879 -4.42261 -7.86635 7.12833 -4.36151 -9.48241 6.62353 -6.08116 -7.64303 6.42644 -5.96817 -9.01082 5.71065 -7.63174 -7.34465 5.58326 -7.53106 -7.17403 3.92437 -8.97171 -8.80228 4.00892 -9.04731 -8.60199 1.82473 -9.91295 -7.06023 1.77455 -9.80282 -6.76225 -0.647486 -9.89965 -8.16805 -0.772884 -10.0009 -8.23502 -2.40876 -9.50774 -6.78902 -2.36229 -9.41954 -8.58762 -3.62608 -8.75236 -6.9986 -3.59594 -8.65065 -9.42783 -5.10212 -7.7287 -7.48958 -5.00382 -7.59194 -9.83791 -6.30401 -6.44384 -7.72124 -6.15239 -6.27167 -9.63592 -7.22561 -4.96838 -7.59171 -7.05307 -4.84605 -8.88948 -7.84591 -3.33852 -7.14176 -7.69097 -3.28318 -8.4374 -8.28457 -1.74809 -6.86802 -8.14204 -1.71888 -8.55536 -8.2824 -0.190387 -6.94016 -8.14901 -0.140044</float_array>
          <technique_common>
            <accessor source="#geom-hand_alphaA_ZwriteOFFShape-positions-array" count="128" stride="3">
              <param name="X" type="float"/>
              <param name="Y" type="float"/>
              <param name="Z" type="float"/>
            </accessor>
          </technique_common>
        </source>
        <source id="geom-hand_alphaA_ZwriteOFFShape-normals">
          <float_array id="geom-hand_alphaA_ZwriteOFFShape-normals-array" count="384">0.0863802 -0.9874814 0.1319816 0.08582179 -0.9961676 0.01687747 0.08552095 -0.9962183 0.015337 0.09060054 -0.983663 -0.1555594 0.08566507 -0.9871938 0.1345729 0.08474642 -0.9622504 0.2586353 0.09132101 -0.9840205 -0.1528528 0.09122324 -0.9837945 -0.154359 0.08381657 -0.9962757 0.02023685 0.09468067 -0.9303246 -0.3543047 0.09504148 -0.9307595 -0.3530635 0.09541847 -0.9313526 -0.3513939 0.09082691 -0.9829816 -0.1596796 0.08041027 -0.9871476 0.1381079 0.0802927 -0.9964843 0.0239199 0.0833347 -0.9611879 0.263008 0.08414382 -0.9105607 0.4047208 0.07813896 -0.9606208 0.2666492 0.08278915 -0.909948 0.4063751 0.07423456 -0.9850731 0.1553065 0.08121645 -0.9106013 0.4052274 0.07412381 -0.9603125 0.2688973 0.08729956 -0.823424 0.5606707 0.08863738 -0.8199568 0.5655212 0.08932284 -0.8181312 0.5680517 0.09667501 -0.699138 0.7084208 0.0980036 -0.6970773 0.7102665 0.09455086 -0.7100165 0.6978086 0.0861403 -0.8307564 0.5499305 0.08027972 -0.914273 0.3970641 0.1022158 -0.4901961 0.8655978 0.1027537 -0.4911176 0.8650116 0.1038288 -0.4929578 0.8638359 0.09818435 -0.6965716 0.7107375 0.1045593 -0.4953902 0.8623549 0.1175291 -0.1324874 0.984192 0.1142135 -0.1329541 0.9845195 0.1125338 -0.1128391 0.98722 0.1223424 0.227591 0.9660407 0.1180771 0.2274847 0.9665964 0.126477 0.2300026 0.9649364 0.1193256 -0.1365988 0.9834136 0.1175822 0.2515257 0.9606816 0.09590583 -0.9284124 -0.3589601 0.1002023 -0.8748921 -0.4738388 0.1013537 -0.8684666 -0.4852765 0.09840318 -0.8746407 -0.4746794 0.09679295 -0.8060991 -0.5838111 0.09911244 -0.7997391 -0.5921098 0.1000113 -0.7971598 -0.5954276 0.0870703 -0.6965624 -0.7121935 0.0891657 -0.7020882 -0.7064855 0.0872564 -0.707821 -0.7009821 0.09492056 -0.8096632 -0.579168 0.09686905 -0.8745682 -0.4751284 0.08761493 -0.7126422 -0.696035 0.07709658 -0.5811239 -0.810155 0.07956256 -0.5749509 -0.8143103 0.07260274 -0.5847299 -0.8079726 0.0832669 -0.3965555 -0.9142266 0.07388467 -0.4164408 -0.9061557 0.08077714 -0.3685342 -0.926098 0.07631819 -0.56854 -0.8191079 0.07887417 -0.08357488 -0.9933751 0.07539468 -0.08668862 -0.9933783 0.0770966 -0.06732981 -0.9947476 0.072158 -0.349191 -0.9342691 0.07496516 0.2233083 -0.9718609 0.07284976 0.2095728 -0.9750754 0.07105512 0.2247637 -0.9718192 0.08388275 0.5274723 -0.8454209 0.0793904 0.5198239 -0.8505765 0.07611181 0.2438996 -0.9668092 0.07303151 -0.03941626 -0.9965504 0.08700881 0.5368291 -0.8391924 0.09756454 0.7878428 -0.6080994 0.1004331 0.7927198 -0.6012557 0.09559237 0.7774358 -0.6216556 0.07752483 0.5254596 -0.8472793 0.1104224 0.9058417 -0.4089717 0.1168338 0.9092768 -0.3994567 0.1082654 0.9017842 -0.4184064 0.09818882 0.7816025 -0.6160005 0.1166913 0.9516047 -0.284309 0.1262323 0.9532127 -0.2746835 0.1129308 0.9737688 -0.1975374 0.1107555 0.9500306 -0.2918474 0.1196244 0.9745819 -0.1894206 0.1121439 0.9034999 -0.4136564 0.1123175 0.9512803 -0.2871421 0.111525 0.9722883 -0.2054698 0.121656 0.9859444 -0.1145141 0.1146478 0.9850674 -0.1284446 0.1284253 0.9863843 -0.102728 0.1260005 0.9747947 -0.184117 0.1332178 0.9880825 0.07711 0.1255163 0.9904551 0.0569585 0.1357479 0.9873464 0.08197367 0.1289422 0.9870914 -0.09499718 0.1357886 0.9710354 0.1966005 0.1322193 0.9722943 0.1927741 0.1350408 0.971415 0.1952354 0.1330908 0.9875581 0.08376173 0.1317377 0.9376695 0.3215913 0.1327059 0.9351673 0.3284073 0.1288317 0.9412648 0.3121267 0.1266071 0.9435102 0.3062013 0.1319701 0.972257 0.1931329 0.1171138 0.9251871 0.3609891 0.1194163 0.916746 0.3812042 0.1194192 0.9118841 0.3926914 0.1057322 0.8956718 0.4319639 0.1076368 0.8904 0.4422694 0.1153846 0.9299147 0.3492064 0.1042796 0.8991982 0.4249334 0.1071956 0.8458443 0.5225481 0.1075867 0.8435973 0.5260882 0.1080035 0.8420486 0.5284783 0.1079461 0.88506 0.4527873 0.1172308 0.6262078 0.7707924 0.1212492 0.6344518 0.7633935 0.1152801 0.6198747 0.7761867 0.1086983 0.834412 0.5403159 0.1180771 0.2274847 0.9665964 0.1223424 0.227591 0.9660407 0.126477 0.2300026 0.9649364 0.1165533 0.6178727 0.7775915 0.1175822 0.2515257 0.9606816</float_array>
          <technique_common>
            <accessor source="#geom-hand_alphaA_ZwriteOFFShape-normals-array" count="128" stride="3">
              <param name="X" type="float"/>
              <param name="Y" type="float"/>
              <param name="Z" type="float"/>
            </accessor>
          </technique_common>
        </source>
        <source id="geom-hand_alphaA_ZwriteOFFShape-map-2">
          <float_array id="geom-hand_alphaA_ZwriteOFFShape-map-2-array" count="384">1 1 1 1 1 1 1 1 1 1 1 1 1 1 1 1 1 1 1 1 1 1 1 1 1 1 1 1 1 1 1 1 1 1 1 1 1 1 1 1 1 1 1 1 1 1 1 1 1 1 1 1 1 1 1 1 1 1 1 1 1 1 1 1 1 1 1 1 1 1 1 1 1 1 1 1 1 1 1 1 1 1 1 1 1 1 1 1 1 1 1 1 1 1 1 1 1 1 1 1 1 1 1 1 1 1 1 1 1 1 1 1 1 1 1 1 1 1 1 1 1 1 1 1 1 1 1 1 1 1 1 1 1 1 1 1 1 1 1 1 1 1 1 1 1 1 1 1 1 1 1 1 1 1 1 1 1 1 1 1 1 1 1 1 1 1 1 1 1 1 1 1 1 1 1 1 1 1 1 1 1 1 1 1 1 1 1 1 1 1 1 1 1 1 1 1 1 1 1 1 1 1 1 1 1 1 1 1 1 1 1 1 1 1 1 1 1 1 1 1 1 1 1 1 1 1 1 1 1 1 1 1 1 1 1 1 1 1 1 1 1 1 1 1 1 1 1 1 1 1 1 1 1 1 1 1 1 1 1 1 1 1 1 1 1 1 1 1 1 1 1 1 1 1 1 1 1 1 1 1 1 1 1 1 1 1 1 1 1 1 1 1 1 1 1 1 1 1 1 1 1 1 1 1 1 1 1 1 1 1 1 1 1 1 1 1 1 1 1 1 1 1 1 1 1 1 1 1 1 1 1 1 1 1 1 1 1 1 1 1 1 1 1 1 1 1 1 1 1 1 1 1 1 1 1 1 1 1 1 1 1 1 1 1 1 1 1 1 1 1 1 1 1 1 1 1 1 1 1 1 1 1 1 1</float_array>
          <technique_common>
            <accessor source="#geom-hand_alphaA_ZwriteOFFShape-map-2-array" count="128" stride="3">
              <param name="R" type="float"/>
              <param name="G" type="float"/>
              <param name="B" type="float"/>
            </accessor>
          </technique_common>
        </source>
        <source id="geom-hand_alphaA_ZwriteOFFShape-map0">
          <float_array id="geom-hand_alphaA_ZwriteOFFShape-map0-array" count="384">0.5019608 0.5019608 0.5019608 0.5019608 0.5019608 0.5019608 0.5019608 0.5019608 0.5019608 0.5019608 0.5019608 0.5019608 0.5019608 0.5019608 0.5019608 0.5019608 0.5019608 0.5019608 0.5019608 0.5019608 0.5019608 0.5019608 0.5019608 0.5019608 0.5019608 0.5019608 0.5019608 0.5019608 0.5019608 0.5019608 0.5019608 0.5019608 0.5019608 0.5019608 0.5019608 0.5019608 0.5019608 0.5019608 0.5019608 0.5019608 0.5019608 0.5019608 0.5019608 0.5019608 0.5019608 0.5019608 0.5019608 0.5019608 0.5019608 0.5019608 0.5019608 0.5019608 0.5019608 0.5019608 0.5019608 0.5019608 0.5019608 0.5019608 0.5019608 0.5019608 0.5019608 0.5019608 0.5019608 0.5019608 0.5019608 0.5019608 0.5019608 0.5019608 0.5019608 0.5019608 0.5019608 0.5019608 0.5019608 0.5019608 0.5019608 0.5019608 0.5019608 0.5019608 0.5019608 0.5019608 0.5019608 0.5019608 0.5019608 0.5019608 0.5019608 0.5019608 0.5019608 0.5019608 0.5019608 0.5019608 0.5019608 0.5019608 0.5019608 0.5019608 0.5019608 0.5019608 0.5019608 0.5019608 0.5019608 0.5019608 0.5019608 0.5019608 0.5019608 0.5019608 0.5019608 0.5019608 0.5019608 0.5019608 0.5019608 0.5019608 0.5019608 0.5019608 0.5019608 0.5019608 0.5019608 0.5019608 0.5019608 0.5019608 0.5019608 0.5019608 0.5019608 0.5019608 0.5019608 0.5019608 0.5019608 0.5019608 0.5019608 0.5019608 0.5019608 0.5019608 0.5019608 0.5019608 0.5019608 0.5019608 0.5019608 0.5019608 0.5019608 0.5019608 0.5019608 0.5019608 0.5019608 0.5019608 0.5019608 0.5019608 0.5019608 0.5019608 0.5019608 0.5019608 0.5019608 0.5019608 0.5019608 0.5019608 0.5019608 0.5019608 0.5019608 0.5019608 0.5019608 0.5019608 0.5019608 0.5019608 0.5019608 0.5019608 0.5019608 0.5019608 0.5019608 0.5019608 0.5019608 0.5019608 0.5019608 0.5019608 0.5019608 0.5019608 0.5019608 0.5019608 0.5019608 0.5019608 0.5019608 0.5019608 0.5019608 0.5019608 0.5019608 0.5019608 0.5019608 0.5019608 0.5019608 0.5019608 0.5019608 0.5019608 0.5019608 0.5019608 0.5019608 0.5019608 0.5019608 0.5019608 0.5019608 0.5019608 0.5019608 0.5019608 0.5019608 0.5019608 0.5019608 0.5019608 0.5019608 0.5019608 0.5019608 0.5019608 0.5019608 0.5019608 0.5019608 0.5019608 0.5019608 0.5019608 0.5019608 0.5019608 0.5019608 0.5019608 0.5019608 0.5019608 0.5019608 0.5019608 0.5019608 0.5019608 0.5019608 0.5019608 0.5019608 0.5019608 0.5019608 0.5019608 0.5019608 0.5019608 0.5019608 0.5019608 0.5019608 0.5019608 0.5019608 0.5019608 0.5019608 0.5019608 0.5019608 0.5019608 0.5019608 0.5019608 0.5019608 0.5019608 0.5019608 0.5019608 0.5019608 0.5019608 0.5019608 0.5019608 0.5019608 0.5019608 0.5019608 0.5019608 0.5019608 0.5019608 0.5019608 0.5019608 0.5019608 0.5019608 0.5019608 0.5019608 0.5019608 0.5019608 0.5019608 0.5019608 0.5019608 0.5019608 0.5019608 0.5019608 0.5019608 0.5019608 0.5019608 0.5019608 0.5019608 0.5019608 0.5019608 0.5019608 0.5019608 0.5019608 0.5019608 0.5019608 0.5019608 0.5019608 0.5019608 0.5019608 0.5019608 0.5019608 0.5019608 0.5019608 0.5019608 0.5019608 0.5019608 0.5019608 0.5019608 0.5019608 0.5019608 0.5019608 0.5019608 0.5019608 0.5019608 0.5019608 0.5019608 0.5019608 0.5019608 0.5019608 0.5019608 0.5019608 0.5019608 0.5019608 0.5019608 0.5019608 0.5019608 0.5019608 0.5019608 0.5019608 0.5019608 0.5019608 0.5019608 0.5019608 0.5019608 0.5019608 0.5019608 0.5019608 0.5019608 0.5019608 0.5019608 0.5019608 0.5019608 0.5019608 0.5019608 0.5019608 0.5019608 0.5019608 0.5019608 0.5019608 0.5019608 0.5019608 0.5019608 0.5019608 0.5019608 0.5019608 0.5019608 0.5019608 0.5019608 0.5019608 0.5019608 0.5019608 0.5019608 0.5019608 0.5019608 0.5019608 0.5019608 0.5019608 0.5019608 0.5019608 0.5019608 0.5019608 0.5019608 0.5019608 0.5019608 0.5019608 0.5019608 0.5019608 0.5019608 0.5019608 0.5019608 0.5019608 0.5019608 0.5019608 0.5019608 0.5019608 0.5019608 0.5019608 0.5019608 0.5019608 0.5019608 0.5019608 0.5019608 0.5019608 0.5019608 0.5019608 0.5019608 0.5019608</float_array>
          <technique_common>
            <accessor source="#geom-hand_alphaA_ZwriteOFFShape-map0-array" count="128" stride="3">
              <param name="R" type="float"/>
              <param name="G" type="float"/>
              <param name="B" type="float"/>
            </accessor>
          </technique_common>
        </source>
        <source id="geom-hand_alphaA_ZwriteOFFShape-map1">
          <float_array id="geom-hand_alphaA_ZwriteOFFShape-map1-array" count="384">0.02764893 0.7033691 0 0.4511719 0.7038574 0 0.02764893 0.6765137 0 0.4511719 0.6760254 0 0.4511719 0.5993652 0 0.4511719 0.5737305 0 0.02764893 0.6000977 0 0.02764893 0.572998 0 0.4511719 0.942688 0 0.4511719 0.8952637 0 0.02764893 0.9403992 0 0.02764893 0.8945313 0 0.4511719 0.4868164 0 0.4511719 0.4370117 0 0.02764893 0.4819336 0 0.02764893 0.4350586 0 0.4511719 0.7999268 0 0.02764893 0.7998047 0 0.4511719 0.8297119 0 0.02764893 0.829834 0 0.4511719 0.6230469 0 0.02764893 0.6245117 0 0.4511719 0.6484375 0 0.02764893 0.6499023 0 0.02764893 0.3950195 0 0.4511719 0.3955078 0 0.02764893 0.3583984 0 0.4511719 0.3569336 0 0.4511719 0.5446777 0 0.4511719 0.5168457 0 0.02764893 0.5424805 0 0.02764893 0.5153809 0 0.4511719 0.2670898 0 0.4511719 0.2451172 0 0.02764893 0.2670898 0 0.02764893 0.2451172 0 0.4511719 0.328125 0 0.4511719 0.3007812 0 0.02764893 0.3271484 0 0.02764893 0.2988281 0 0.4511719 0.222168 0 0.4511719 0.1621094 0 0.02764893 0.2207031 0 0.02764893 0.1640625 0 0.4511719 0.9999695 0 0.02764893 0.9999695 0 0.02764893 0.03173828 0 0.4511719 0.03222656 0 0.02764893 0 0 0.4511719 0 0 0.4511719 0.08154297 0 0.02764893 0.08691406 0 0.4511719 0.1118164 0 0.02764893 0.1098633 0 0.4511719 0.137207 0 0.02764893 0.1352539 0 0.4511719 0.0546875 0 0.02764893 0.0546875 0 0.4511719 0.7716064 0 0.4511719 0.739502 0 0.02764893 0.7703857 0 0.02764893 0.7375488 0 0.4511719 0.861084 0 0.02764893 0.8612061 0 0.987793 0.7738037 0 0.987793 0.7451172 0 0.7827148 0.772583 0 0.7827148 0.7421875 0 0.987793 0.7978516 0 0.7827148 0.7989502 0 0.987793 0.8261719 0 0.7827148 0.828125 0 0.987793 0.8577881 0 0.7827148 0.8594971 0 0.987793 0.8953857 0 0.7827148 0.8953247 0 0.987793 0.9467163 0 0.7827148 0.9445496 0 0.987793 0.9999695 0 0.7827148 0.9999695 0 0.987793 0.03027344 0 0.987793 0 0 0.7827148 0.03125 0 0.7827148 0 0 0.987793 0.04931641 0 0.7827148 0.05224609 0 0.987793 0.07470703 0 0.7827148 0.07861328 0 0.987793 0.1079102 0 0.7827148 0.1098633 0 0.987793 0.1362305 0 0.7827148 0.1367187 0 0.987793 0.1645508 0 0.7827148 0.1630859 0 0.987793 0.2280273 0 0.7827148 0.2250977 0 0.987793 0.2504883 0 0.7827148 0.2475586 0 0.987793 0.2719727 0 0.7827148 0.2695312 0 0.987793 0.2993164 0 0.7827148 0.300293 0 0.987793 0.3227539 0 0.7827148 0.3256836 0 0.987793 0.3525391 0 0.7827148 0.3549805 0 0.7827148 0.3930664 0 0.987793 0.390625 0 0.987793 0.4321289 0 0.7827148 0.4345703 0 0.7827148 0.4848633 0 0.987793 0.4833984 0 0.987793 0.5202637 0 0.7827148 0.5183105 0 0.987793 0.5495605 0 0.7827148 0.546875 0 0.987793 0.5783691 0 0.7827148 0.5759277 0 0.987793 0.598877 0 0.7827148 0.5991211 0 0.987793 0.6181641 0 0.7827148 0.6208496 0 0.987793 0.6433105 0 0.7827148 0.6459961 0 0.987793 0.6743164 0 0.7827148 0.675293 0 0.987793 0.7053223 0 0.7827148 0.7045898 0</float_array>
          <technique_common>
            <accessor source="#geom-hand_alphaA_ZwriteOFFShape-map1-array" count="128" stride="3">
              <param name="S" type="float"/>
              <param name="T" type="float"/>
              <param name="P" type="float"/>
            </accessor>
          </technique_common>
        </source>
        <vertices id="geom-hand_alphaA_ZwriteOFFShape-vertices">
          <input semantic="POSITION" source="#geom-hand_alphaA_ZwriteOFFShape-positions"/>
        </vertices>
        <triangles material="Hand_matB" count="186">
          <input semantic="VERTEX" source="#geom-hand_alphaA_ZwriteOFFShape-vertices" offset="0"/>
          <input semantic="NORMAL" source="#geom-hand_alphaA_ZwriteOFFShape-normals" offset="1"/>
          <input semantic="COLOR" source="#geom-hand_alphaA_ZwriteOFFShape-map0" offset="2" set="0"/>
          <input semantic="TEXCOORD" source="#geom-hand_alphaA_ZwriteOFFShape-map1" offset="3" set="0"/>
          <p>61 0 61 61 1 1 1 1 0 2 0 0 0 2 0 0 1 1 1 1 2 3 2 2 59 4 59 59 1 1 1 1 61 0 61 61 60 5 60 60 59 4 59 59 61 0 61 61 1 1 1 1 125 6 125 125 3 7 3 3 127 8 127 127 125 6 125 125 1 1 1 1 1 1 1 1 59 4 59 59 127 8 127 127 2 3 2 2 1 1 1 1 3 7 3 3 3 7 3 3 23 9 23 23 2 3 2 2 125 6 125 125 22 10 22 22 3 7 3 3 22 10 22 22 23 9 23 23 3 7 3 3 123 11 123 123 22 10 22 22 125 6 125 125 127 8 127 127 124 12 124 124 125 6 125 125 124 12 124 124 123 11 123 123 125 6 125 125 127 8 127 127 59 4 59 59 67 13 67 67 67 13 67 67 126 14 126 126 127 8 127 127 126 14 126 126 124 12 124 124 127 8 127 127 59 4 59 59 58 15 58 58 67 13 67 67 58 15 58 58 59 4 59 59 60 5 60 60 17 16 17 17 58 15 58 58 60 5 60 60 67 13 67 67 58 15 58 58 66 17 66 66 58 15 58 58 16 18 16 16 66 17 66 66 16 18 16 16 58 15 58 58 17 16 17 17 65 19 65 65 126 14 126 126 67 13 67 67 66 17 66 66 65 19 65 65 67 13 67 67 66 17 66 66 16 18 16 16 69 20 69 69 69 20 69 69 64 21 64 64 66 17 66 66 64 21 64 64 65 19 65 65 66 17 66 66 71 22 71 71 16 18 16 16 18 23 18 18 69 20 69 69 16 18 16 16 71 22 71 71 16 18 16 16 17 16 17 17 18 23 18 18 18 23 18 18 17 16 17 17 19 24 19 19 73 25 73 73 18 23 18 18 62 26 62 62 71 22 71 71 18 23 18 18 73 25 73 73 18 23 18 18 19 24 19 19 62 26 62 62 72 27 72 72 71 22 71 71 73 25 73 73 70 28 70 70 71 22 71 71 72 27 72 72 70 28 70 70 69 20 69 69 71 22 71 71 68 29 68 68 69 20 69 69 70 28 70 70 68 29 68 68 64 21 64 64 69 20 69 69 72 27 72 72 73 25 73 73 74 30 74 74 73 25 73 73 62 26 62 62 75 31 75 75 74 30 74 74 73 25 73 73 75 31 75 75 75 31 75 75 62 26 62 62 9 32 9 9 62 26 62 62 19 24 19 19 63 33 63 63 11 34 11 11 62 26 62 62 63 33 63 63 9 32 9 9 62 26 62 62 11 34 11 11 8 35 8 8 75 31 75 75 9 32 9 9 77 36 77 77 75 31 75 75 8 35 8 8 77 36 77 77 74 30 74 74 75 31 75 75 76 37 76 76 74 30 74 74 77 36 77 77 44 38 44 44 77 36 77 77 8 35 8 8 79 39 79 79 77 36 77 77 44 38 44 44 79 39 79 79 76 37 76 76 77 36 77 77 45 40 45 45 8 35 8 8 10 41 10 10 44 38 44 44 8 35 8 8 45 40 45 45 8 35 8 8 9 32 9 9 10 41 10 10 10 41 10 10 9 32 9 9 11 34 11 11 78 42 78 78 76 37 76 76 79 39 79 79 122 43 122 122 123 11 123 123 124 12 124 124 122 43 122 122 121 44 121 121 123 11 123 123 120 45 120 120 121 44 121 121 122 43 122 122 123 11 123 123 20 46 20 20 22 10 22 22 121 44 121 121 20 46 20 20 123 11 123 123 121 44 121 121 4 47 4 4 20 46 20 20 119 48 119 119 4 47 4 4 121 44 121 121 120 45 120 120 119 48 119 119 121 44 121 121 118 49 118 118 119 48 119 119 120 45 120 120 119 48 119 119 117 50 117 117 4 47 4 4 119 48 119 119 116 51 116 116 117 50 117 117 118 49 118 118 116 51 116 116 119 48 119 119 4 47 4 4 117 50 117 117 5 52 5 5 4 47 4 4 6 53 6 6 20 46 20 20 4 47 4 4 5 52 5 5 6 53 6 6 20 46 20 20 6 53 6 6 21 54 21 21 20 46 20 20 21 54 21 21 22 10 22 22 22 10 22 22 21 54 21 21 23 9 23 23 6 53 6 6 5 52 5 5 7 55 7 7 115 56 115 115 5 52 5 5 117 50 117 117 28 57 28 28 5 52 5 5 115 56 115 115 5 52 5 5 28 57 28 28 7 55 7 7 117 50 117 117 114 58 114 114 115 56 115 115 116 51 116 116 114 58 114 114 117 50 117 117 113 59 113 113 28 57 28 28 115 56 115 115 115 56 115 115 112 60 112 112 113 59 113 113 114 58 114 114 112 60 112 112 115 56 115 115 29 61 29 29 28 57 28 28 113 59 113 113 7 55 7 7 28 57 28 28 30 62 30 30 28 57 28 28 29 61 29 29 30 62 30 30 110 63 110 110 29 61 29 29 113 59 113 113 113 59 113 113 111 64 111 111 110 63 110 110 112 60 112 112 111 64 111 111 113 59 113 113 12 65 12 12 29 61 29 29 110 63 110 110 29 61 29 29 12 65 12 12 31 66 31 31 30 62 30 30 29 61 29 29 31 66 31 31 13 67 13 13 110 63 110 110 109 68 109 109 12 65 12 12 110 63 110 110 13 67 13 13 110 63 110 110 111 64 111 111 109 68 109 109 109 68 109 109 111 64 111 111 108 69 108 108 109 68 109 109 25 70 25 25 13 67 13 13 106 71 106 106 25 70 25 25 109 68 109 109 108 69 108 108 106 71 106 106 109 68 109 109 13 67 13 13 25 70 25 25 15 72 15 15 14 73 14 14 13 67 13 13 15 72 15 15 12 65 12 12 13 67 13 13 14 73 14 14 31 66 31 31 12 65 12 12 14 73 14 14 15 72 15 15 25 70 25 25 24 74 24 24 25 70 25 25 106 71 106 106 27 75 27 27 26 76 26 26 25 70 25 25 27 75 27 27 24 74 24 24 25 70 25 25 26 76 26 26 27 75 27 27 106 71 106 106 105 77 105 105 107 78 107 107 106 71 106 106 108 69 108 108 106 71 106 106 107 78 107 107 105 77 105 105 105 77 105 105 36 79 36 36 27 75 27 27 27 75 27 27 38 80 38 38 26 76 26 26 36 79 36 36 38 80 38 38 27 75 27 27 103 81 103 103 36 79 36 36 105 77 105 105 105 77 105 105 107 78 107 107 104 82 104 104 104 82 104 104 103 81 103 103 105 77 105 105 103 81 103 103 37 83 37 37 36 79 36 36 36 79 36 36 37 83 37 37 38 80 38 38 38 80 38 38 37 83 37 37 39 84 39 39 99 85 99 99 37 83 37 37 101 86 101 101 32 87 32 32 37 83 37 37 99 85 99 99 101 86 101 101 37 83 37 37 103 81 103 103 37 83 37 37 32 87 32 32 39 84 39 39 102 88 102 102 103 81 103 103 104 82 104 104 102 88 102 102 101 86 101 101 103 81 103 103 100 89 100 100 101 86 101 101 102 88 102 102 101 86 101 101 98 90 98 98 99 85 99 99 100 89 100 100 98 90 98 98 101 86 101 101 99 85 99 99 97 91 97 97 32 87 32 32 99 85 99 99 96 92 96 96 97 91 97 97 98 90 98 98 96 92 96 96 99 85 99 99 32 87 32 32 97 91 97 97 33 93 33 33 39 84 39 39 32 87 32 32 34 94 34 34 32 87 32 32 33 93 33 33 34 94 34 34 95 95 95 95 33 93 33 33 97 91 97 97 97 91 97 97 94 96 94 94 95 95 95 95 96 92 96 96 94 96 94 94 97 91 97 97 40 97 40 40 33 93 33 33 95 95 95 95 33 93 33 33 40 97 40 40 35 98 35 35 34 94 34 34 33 93 33 33 35 98 35 35 95 95 95 95 93 99 93 93 40 97 40 40 95 95 95 95 92 100 92 92 93 99 93 93 94 96 94 94 92 100 92 92 95 95 95 95 40 97 40 40 93 99 93 93 41 101 41 41 35 98 35 35 40 97 40 40 42 102 42 42 40 97 40 40 41 101 41 41 42 102 42 42 91 103 91 91 41 101 41 41 93 99 93 93 93 99 93 93 90 104 90 90 91 103 91 91 92 100 92 92 90 104 90 90 93 99 93 93 54 105 54 54 41 101 41 41 91 103 91 91 41 101 41 41 55 106 55 55 43 107 43 43 54 105 54 54 55 106 55 55 41 101 41 41 42 102 42 42 41 101 41 41 43 107 43 43 91 103 91 91 52 108 52 52 54 105 54 54 89 109 89 89 52 108 52 52 91 103 91 91 90 104 90 90 89 109 89 89 91 103 91 91 88 110 88 88 89 109 89 89 90 104 90 90 89 109 89 89 50 111 50 50 52 108 52 52 87 112 87 87 50 111 50 50 89 109 89 89 88 110 88 88 87 112 87 87 89 109 89 89 52 108 52 52 53 113 53 53 54 105 54 54 52 108 52 52 51 114 51 51 53 113 53 53 50 111 50 50 51 114 51 51 52 108 52 52 54 105 54 54 53 113 53 53 55 106 55 55 50 111 50 50 57 115 57 57 51 114 51 51 87 112 87 87 56 116 56 56 50 111 50 50 56 116 56 56 57 115 57 57 50 111 50 50 85 117 85 85 56 116 56 56 87 112 87 87 86 118 86 86 87 112 87 87 88 110 88 88 86 118 86 86 85 117 85 85 87 112 87 87 85 117 85 85 47 119 47 47 56 116 56 56 56 116 56 56 46 120 46 46 57 115 57 57 47 119 47 47 46 120 46 46 56 116 56 56 82 121 82 82 47 119 47 47 85 117 85 85 84 122 84 84 85 117 85 85 86 118 86 86 84 122 84 84 82 121 82 82 85 117 85 85 47 119 47 47 83 123 83 83 49 124 49 49 82 121 82 82 83 123 83 83 47 119 47 47 48 125 48 48 47 119 47 47 49 124 49 49 46 120 46 46 47 119 47 47 48 125 48 48 80 126 80 80 82 121 82 82 84 122 84 84 82 121 82 82 81 127 81 81 83 123 83 83 80 126 80 80 81 127 81 81 82 121 82 82</p>
        </triangles>
      </mesh>
    </geometry>
    <geometry id="geom-hand_alphaA_ZwriteONShape" name="hand_alphaA_ZwriteONShape">
      <mesh>
        <source id="geom-hand_alphaA_ZwriteONShape-positions">
          <float_array id="geom-hand_alphaA_ZwriteONShape-positions-array" count="384">-3.02454 -7.82127 -0.0671968 -4.89053 -7.97398 -0.090235 -3.01444 -7.78879 -1.64804 -4.86353 -7.95788 -1.68215 -5.15752 -5.96889 -6.07429 -5.10023 -4.8731 -7.42992 -3.06194 -5.81923 -5.93561 -3.06257 -4.74258 -7.30485 -4.89427 -0.885668 11.1813 -4.82516 -3.21269 10.1406 -3.0152 -0.888432 10.9651 -2.99076 -3.15096 9.95257 -4.88863 -0.416102 -9.78747 -5.08136 1.84527 -9.61481 -3.10805 -0.140392 -9.67443 -3.15718 2.00273 -9.42076 -5.16318 -6.86717 5.92013 -3.10777 -6.73095 5.81096 -5.05319 -5.86776 7.5832 -3.07558 -5.76527 7.41962 -5.10266 -6.84287 -4.70193 -3.04161 -6.66858 -4.59233 -4.95479 -7.4975 -3.21327 -3.02491 -7.32759 -3.15025 -3.2136 3.81361 -8.65089 -5.10404 3.84156 -8.84008 -3.32731 5.26017 -7.29071 -5.23565 5.41788 -7.40425 -4.94312 -3.44962 -8.59007 -4.88448 -2.12388 -9.30756 -3.0533 -3.29962 -8.52847 -3.06878 -1.93503 -9.26297 -5.35 7.36147 -2.02297 -5.25621 7.57305 -0.612416 -3.28955 7.10744 -1.97731 -3.25886 7.31219 -0.627472 -5.35068 6.23423 -5.79764 -5.37854 6.9204 -4.14735 -3.34695 6.06283 -5.62204 -3.34662 6.69749 -3.93126 -5.13152 7.60745 0.761878 -5.03565 7.17862 3.55152 -3.23574 7.34742 0.727952 -3.2403 6.95473 3.4757 -5.09089 2.50243 10.9814 -3.12896 2.52219 10.7159 -3.19342 4.09417 9.79835 -5.16143 4.18763 10.053 -3.12896 2.52219 10.7159 -5.09089 2.50243 10.9814 -5.08308 5.87597 7.31018 -3.23508 5.72311 7.18361 -5.04573 6.25216 6.35128 -3.24357 6.07378 6.24012 -5.00774 6.69453 5.18267 -3.24176 6.48413 5.08187 -5.17646 5.02786 8.9336 -3.23343 4.92568 8.70854 -5.1648 -7.44137 4.09707 -5.0396 -7.91464 2.03756 -3.10863 -7.28167 4.01953 -3.06682 -7.74121 1.991 -4.89803 -4.68842 9.01099 -3.02356 -4.60312 8.83265 -9.66656 -7.76415 4.2073 -9.18607 -8.24331 2.14 -7.6374 -7.63299 4.16613 -7.33212 -8.10811 2.09619 -9.66005 -7.18943 6.10987 -7.6348 -7.03522 6.02401 -9.18534 -6.06229 7.9363 -7.34025 -5.9824 7.77911 -8.52103 -4.85183 9.35528 -6.93005 -4.78131 9.20445 -8.24962 -3.3311 10.4748 -6.75772 -3.2792 10.3309 -8.52608 -0.880322 11.5992 -6.93133 -0.882668 11.4157 -9.14582 2.56595 11.4612 -7.34053 2.49599 11.2602 -9.41081 4.45013 10.4855 -9.14582 2.56595 11.4612 -7.50813 4.3324 10.293 -7.34053 2.49599 11.2602 -9.31583 5.30793 9.32455 -7.46748 5.18242 9.14873 -8.59341 6.18085 7.5493 -7.05798 6.04606 7.44484 -8.32768 6.59285 6.5408 -6.90618 6.44365 6.46005 -8.10688 7.08908 5.34826 -6.77667 6.91701 5.2784 -8.27505 7.59998 3.68168 -6.87495 7.41741 3.62618 -8.85439 8.11657 0.835154 -7.21182 7.90904 0.802868 -9.46678 8.09124 -0.568879 -7.58227 7.87388 -0.588961 -9.86359 7.8667 -2.21041 -7.82944 7.64645 -2.11831 -9.90184 7.33879 -4.42261 -7.86635 7.12833 -4.36151 -9.48241 6.62353 -6.08116 -7.64303 6.42644 -5.96817 -9.01082 5.71065 -7.63174 -7.34465 5.58326 -7.53106 -7.17403 3.92437 -8.97171 -8.80228 4.00892 -9.04731 -8.60199 1.82473 -9.91295 -7.06023 1.77455 -9.80282 -6.76225 -0.647486 -9.89965 -8.16805 -0.772884 -10.0009 -8.23502 -2.40876 -9.50774 -6.78902 -2.36229 -9.41954 -8.58762 -3.62608 -8.75236 -6.9986 -3.59594 -8.65065 -9.42783 -5.10212 -7.7287 -7.48958 -5.00382 -7.59194 -9.83791 -6.30401 -6.44384 -7.72124 -6.15239 -6.27167 -9.63592 -7.22561 -4.96838 -7.59171 -7.05307 -4.84605 -8.88948 -7.84591 -3.33852 -7.14176 -7.69097 -3.28318 -8.4374 -8.28457 -1.74809 -6.86802 -8.14204 -1.71888 -8.55536 -8.2824 -0.190387 -6.94016 -8.14901 -0.140044</float_array>
          <technique_common>
            <accessor source="#geom-hand_alphaA_ZwriteONShape-positions-array" count="128" stride="3">
              <param name="X" type="float"/>
              <param name="Y" type="float"/>
              <param name="Z" type="float"/>
            </accessor>
          </technique_common>
        </source>
        <source id="geom-hand_alphaA_ZwriteONShape-normals">
          <float_array id="geom-hand_alphaA_ZwriteONShape-normals-array" count="384">0.0863802 -0.9874814 0.1319816 0.08582179 -0.9961676 0.01687747 0.08552095 -0.9962183 0.015337 0.09060054 -0.983663 -0.1555594 0.08566507 -0.9871938 0.1345729 0.08474642 -0.9622504 0.2586353 0.09132101 -0.9840205 -0.1528528 0.09122324 -0.9837945 -0.154359 0.08381657 -0.9962757 0.02023685 0.09468067 -0.9303246 -0.3543047 0.09504148 -0.9307595 -0.3530635 0.09541847 -0.9313526 -0.3513939 0.09082691 -0.9829816 -0.1596796 0.08041027 -0.9871476 0.1381079 0.0802927 -0.9964843 0.0239199 0.0833347 -0.9611879 0.263008 0.08414382 -0.9105607 0.4047208 0.07813896 -0.9606208 0.2666492 0.08278915 -0.909948 0.4063751 0.07423456 -0.9850731 0.1553065 0.08121645 -0.9106013 0.4052274 0.07412381 -0.9603125 0.2688973 0.08729956 -0.823424 0.5606707 0.08863738 -0.8199568 0.5655212 0.08932284 -0.8181312 0.5680517 0.09667501 -0.699138 0.7084208 0.0980036 -0.6970773 0.7102665 0.09455086 -0.7100165 0.6978086 0.0861403 -0.8307564 0.5499305 0.08027972 -0.914273 0.3970641 0.1022158 -0.4901961 0.8655978 0.1027537 -0.4911176 0.8650116 0.1038288 -0.4929578 0.8638359 0.09818435 -0.6965716 0.7107375 0.1045593 -0.4953902 0.8623549 0.1175291 -0.1324874 0.984192 0.1142135 -0.1329541 0.9845195 0.1125338 -0.1128391 0.98722 0.1223424 0.227591 0.9660407 0.1180771 0.2274847 0.9665964 0.126477 0.2300026 0.9649364 0.1193256 -0.1365988 0.9834136 0.1175822 0.2515257 0.9606816 0.09590583 -0.9284124 -0.3589601 0.1002023 -0.8748921 -0.4738388 0.1013537 -0.8684666 -0.4852765 0.09840318 -0.8746407 -0.4746794 0.09679295 -0.8060991 -0.5838111 0.09911244 -0.7997391 -0.5921098 0.1000113 -0.7971598 -0.5954276 0.0870703 -0.6965624 -0.7121935 0.0891657 -0.7020882 -0.7064855 0.0872564 -0.707821 -0.7009821 0.09492056 -0.8096632 -0.579168 0.09686905 -0.8745682 -0.4751284 0.08761493 -0.7126422 -0.696035 0.07709658 -0.5811239 -0.810155 0.07956256 -0.5749509 -0.8143103 0.07260274 -0.5847299 -0.8079726 0.0832669 -0.3965555 -0.9142266 0.07388467 -0.4164408 -0.9061557 0.08077714 -0.3685342 -0.926098 0.07631819 -0.56854 -0.8191079 0.07887417 -0.08357488 -0.9933751 0.07539468 -0.08668862 -0.9933783 0.0770966 -0.06732981 -0.9947476 0.072158 -0.349191 -0.9342691 0.07496516 0.2233083 -0.9718609 0.07284976 0.2095728 -0.9750754 0.07105512 0.2247637 -0.9718192 0.08388275 0.5274723 -0.8454209 0.0793904 0.5198239 -0.8505765 0.07611181 0.2438996 -0.9668092 0.07303151 -0.03941626 -0.9965504 0.08700881 0.5368291 -0.8391924 0.09756454 0.7878428 -0.6080994 0.1004331 0.7927198 -0.6012557 0.09559237 0.7774358 -0.6216556 0.07752483 0.5254596 -0.8472793 0.1104224 0.9058417 -0.4089717 0.1168338 0.9092768 -0.3994567 0.1082654 0.9017842 -0.4184064 0.09818882 0.7816025 -0.6160005 0.1166913 0.9516047 -0.284309 0.1262323 0.9532127 -0.2746835 0.1129308 0.9737688 -0.1975374 0.1107555 0.9500306 -0.2918474 0.1196244 0.9745819 -0.1894206 0.1121439 0.9034999 -0.4136564 0.1123175 0.9512803 -0.2871421 0.111525 0.9722883 -0.2054698 0.121656 0.9859444 -0.1145141 0.1146478 0.9850674 -0.1284446 0.1284253 0.9863843 -0.102728 0.1260005 0.9747947 -0.184117 0.1332178 0.9880825 0.07711 0.1255163 0.9904551 0.0569585 0.1357479 0.9873464 0.08197367 0.1289422 0.9870914 -0.09499718 0.1357886 0.9710354 0.1966005 0.1322193 0.9722943 0.1927741 0.1350408 0.971415 0.1952354 0.1330908 0.9875581 0.08376173 0.1317377 0.9376695 0.3215913 0.1327059 0.9351673 0.3284073 0.1288317 0.9412648 0.3121267 0.1266071 0.9435102 0.3062013 0.1319701 0.972257 0.1931329 0.1171138 0.9251871 0.3609891 0.1194163 0.916746 0.3812042 0.1194192 0.9118841 0.3926914 0.1057322 0.8956718 0.4319639 0.1076368 0.8904 0.4422694 0.1153846 0.9299147 0.3492064 0.1042796 0.8991982 0.4249334 0.1071956 0.8458443 0.5225481 0.1075867 0.8435973 0.5260882 0.1080035 0.8420486 0.5284783 0.1079461 0.88506 0.4527873 0.1172308 0.6262078 0.7707924 0.1212492 0.6344518 0.7633935 0.1152801 0.6198747 0.7761867 0.1086983 0.834412 0.5403159 0.1180771 0.2274847 0.9665964 0.1223424 0.227591 0.9660407 0.126477 0.2300026 0.9649364 0.1165533 0.6178727 0.7775915 0.1175822 0.2515257 0.9606816</float_array>
          <technique_common>
            <accessor source="#geom-hand_alphaA_ZwriteONShape-normals-array" count="128" stride="3">
              <param name="X" type="float"/>
              <param name="Y" type="float"/>
              <param name="Z" type="float"/>
            </accessor>
          </technique_common>
        </source>
        <source id="geom-hand_alphaA_ZwriteONShape-map-2">
          <float_array id="geom-hand_alphaA_ZwriteONShape-map-2-array" count="384">1 1 1 1 1 1 1 1 1 1 1 1 1 1 1 1 1 1 1 1 1 1 1 1 1 1 1 1 1 1 1 1 1 1 1 1 1 1 1 1 1 1 1 1 1 1 1 1 1 1 1 1 1 1 1 1 1 1 1 1 1 1 1 1 1 1 1 1 1 1 1 1 1 1 1 1 1 1 1 1 1 1 1 1 1 1 1 1 1 1 1 1 1 1 1 1 1 1 1 1 1 1 1 1 1 1 1 1 1 1 1 1 1 1 1 1 1 1 1 1 1 1 1 1 1 1 1 1 1 1 1 1 1 1 1 1 1 1 1 1 1 1 1 1 1 1 1 1 1 1 1 1 1 1 1 1 1 1 1 1 1 1 1 1 1 1 1 1 1 1 1 1 1 1 1 1 1 1 1 1 1 1 1 1 1 1 1 1 1 1 1 1 1 1 1 1 1 1 1 1 1 1 1 1 1 1 1 1 1 1 1 1 1 1 1 1 1 1 1 1 1 1 1 1 1 1 1 1 1 1 1 1 1 1 1 1 1 1 1 1 1 1 1 1 1 1 1 1 1 1 1 1 1 1 1 1 1 1 1 1 1 1 1 1 1 1 1 1 1 1 1 1 1 1 1 1 1 1 1 1 1 1 1 1 1 1 1 1 1 1 1 1 1 1 1 1 1 1 1 1 1 1 1 1 1 1 1 1 1 1 1 1 1 1 1 1 1 1 1 1 1 1 1 1 1 1 1 1 1 1 1 1 1 1 1 1 1 1 1 1 1 1 1 1 1 1 1 1 1 1 1 1 1 1 1 1 1 1 1 1 1 1 1 1 1 1 1 1 1 1 1 1 1 1 1 1 1 1 1 1 1 1 1 1</float_array>
          <technique_common>
            <accessor source="#geom-hand_alphaA_ZwriteONShape-map-2-array" count="128" stride="3">
              <param name="R" type="float"/>
              <param name="G" type="float"/>
              <param name="B" type="float"/>
            </accessor>
          </technique_common>
        </source>
        <source id="geom-hand_alphaA_ZwriteONShape-map0">
          <float_array id="geom-hand_alphaA_ZwriteONShape-map0-array" count="384">0.5019608 0.5019608 0.5019608 0.5019608 0.5019608 0.5019608 0.5019608 0.5019608 0.5019608 0.5019608 0.5019608 0.5019608 0.5019608 0.5019608 0.5019608 0.5019608 0.5019608 0.5019608 0.5019608 0.5019608 0.5019608 0.5019608 0.5019608 0.5019608 0.5019608 0.5019608 0.5019608 0.5019608 0.5019608 0.5019608 0.5019608 0.5019608 0.5019608 0.5019608 0.5019608 0.5019608 0.5019608 0.5019608 0.5019608 0.5019608 0.5019608 0.5019608 0.5019608 0.5019608 0.5019608 0.5019608 0.5019608 0.5019608 0.5019608 0.5019608 0.5019608 0.5019608 0.5019608 0.5019608 0.5019608 0.5019608 0.5019608 0.5019608 0.5019608 0.5019608 0.5019608 0.5019608 0.5019608 0.5019608 0.5019608 0.5019608 0.5019608 0.5019608 0.5019608 0.5019608 0.5019608 0.5019608 0.5019608 0.5019608 0.5019608 0.5019608 0.5019608 0.5019608 0.5019608 0.5019608 0.5019608 0.5019608 0.5019608 0.5019608 0.5019608 0.5019608 0.5019608 0.5019608 0.5019608 0.5019608 0.5019608 0.5019608 0.5019608 0.5019608 0.5019608 0.5019608 0.5019608 0.5019608 0.5019608 0.5019608 0.5019608 0.5019608 0.5019608 0.5019608 0.5019608 0.5019608 0.5019608 0.5019608 0.5019608 0.5019608 0.5019608 0.5019608 0.5019608 0.5019608 0.5019608 0.5019608 0.5019608 0.5019608 0.5019608 0.5019608 0.5019608 0.5019608 0.5019608 0.5019608 0.5019608 0.5019608 0.5019608 0.5019608 0.5019608 0.5019608 0.5019608 0.5019608 0.5019608 0.5019608 0.5019608 0.5019608 0.5019608 0.5019608 0.5019608 0.5019608 0.5019608 0.5019608 0.5019608 0.5019608 0.5019608 0.5019608 0.5019608 0.5019608 0.5019608 0.5019608 0.5019608 0.5019608 0.5019608 0.5019608 0.5019608 0.5019608 0.5019608 0.5019608 0.5019608 0.5019608 0.5019608 0.5019608 0.5019608 0.5019608 0.5019608 0.5019608 0.5019608 0.5019608 0.5019608 0.5019608 0.5019608 0.5019608 0.5019608 0.5019608 0.5019608 0.5019608 0.5019608 0.5019608 0.5019608 0.5019608 0.5019608 0.5019608 0.5019608 0.5019608 0.5019608 0.5019608 0.5019608 0.5019608 0.5019608 0.5019608 0.5019608 0.5019608 0.5019608 0.5019608 0.5019608 0.5019608 0.5019608 0.5019608 0.5019608 0.5019608 0.5019608 0.5019608 0.5019608 0.5019608 0.5019608 0.5019608 0.5019608 0.5019608 0.5019608 0.5019608 0.5019608 0.5019608 0.5019608 0.5019608 0.5019608 0.5019608 0.5019608 0.5019608 0.5019608 0.5019608 0.5019608 0.5019608 0.5019608 0.5019608 0.5019608 0.5019608 0.5019608 0.5019608 0.5019608 0.5019608 0.5019608 0.5019608 0.5019608 0.5019608 0.5019608 0.5019608 0.5019608 0.5019608 0.5019608 0.5019608 0.5019608 0.5019608 0.5019608 0.5019608 0.5019608 0.5019608 0.5019608 0.5019608 0.5019608 0.5019608 0.5019608 0.5019608 0.5019608 0.5019608 0.5019608 0.5019608 0.5019608 0.5019608 0.5019608 0.5019608 0.5019608 0.5019608 0.5019608 0.5019608 0.5019608 0.5019608 0.5019608 0.5019608 0.5019608 0.5019608 0.5019608 0.5019608 0.5019608 0.5019608 0.5019608 0.5019608 0.5019608 0.5019608 0.5019608 0.5019608 0.5019608 0.5019608 0.5019608 0.5019608 0.5019608 0.5019608 0.5019608 0.5019608 0.5019608 0.5019608 0.5019608 0.5019608 0.5019608 0.5019608 0.5019608 0.5019608 0.5019608 0.5019608 0.5019608 0.5019608 0.5019608 0.5019608 0.5019608 0.5019608 0.5019608 0.5019608 0.5019608 0.5019608 0.5019608 0.5019608 0.5019608 0.5019608 0.5019608 0.5019608 0.5019608 0.5019608 0.5019608 0.5019608 0.5019608 0.5019608 0.5019608 0.5019608 0.5019608 0.5019608 0.5019608 0.5019608 0.5019608 0.5019608 0.5019608 0.5019608 0.5019608 0.5019608 0.5019608 0.5019608 0.5019608 0.5019608 0.5019608 0.5019608 0.5019608 0.5019608 0.5019608 0.5019608 0.5019608 0.5019608 0.5019608 0.5019608 0.5019608 0.5019608 0.5019608 0.5019608 0.5019608 0.5019608 0.5019608 0.5019608 0.5019608 0.5019608 0.5019608 0.5019608 0.5019608 0.5019608 0.5019608 0.5019608 0.5019608 0.5019608 0.5019608 0.5019608 0.5019608 0.5019608 0.5019608 0.5019608 0.5019608 0.5019608 0.5019608 0.5019608 0.5019608 0.5019608 0.5019608 0.5019608 0.5019608 0.5019608 0.5019608 0.5019608 0.5019608 0.5019608</float_array>
          <technique_common>
            <accessor source="#geom-hand_alphaA_ZwriteONShape-map0-array" count="128" stride="3">
              <param name="R" type="float"/>
              <param name="G" type="float"/>
              <param name="B" type="float"/>
            </accessor>
          </technique_common>
        </source>
        <source id="geom-hand_alphaA_ZwriteONShape-map1">
          <float_array id="geom-hand_alphaA_ZwriteONShape-map1-array" count="384">0.02764893 0.7033691 0 0.4511719 0.7038574 0 0.02764893 0.6765137 0 0.4511719 0.6760254 0 0.4511719 0.5993652 0 0.4511719 0.5737305 0 0.02764893 0.6000977 0 0.02764893 0.572998 0 0.4511719 0.942688 0 0.4511719 0.8952637 0 0.02764893 0.9403992 0 0.02764893 0.8945313 0 0.4511719 0.4868164 0 0.4511719 0.4370117 0 0.02764893 0.4819336 0 0.02764893 0.4350586 0 0.4511719 0.7999268 0 0.02764893 0.7998047 0 0.4511719 0.8297119 0 0.02764893 0.829834 0 0.4511719 0.6230469 0 0.02764893 0.6245117 0 0.4511719 0.6484375 0 0.02764893 0.6499023 0 0.02764893 0.3950195 0 0.4511719 0.3955078 0 0.02764893 0.3583984 0 0.4511719 0.3569336 0 0.4511719 0.5446777 0 0.4511719 0.5168457 0 0.02764893 0.5424805 0 0.02764893 0.5153809 0 0.4511719 0.2670898 0 0.4511719 0.2451172 0 0.02764893 0.2670898 0 0.02764893 0.2451172 0 0.4511719 0.328125 0 0.4511719 0.3007812 0 0.02764893 0.3271484 0 0.02764893 0.2988281 0 0.4511719 0.222168 0 0.4511719 0.1621094 0 0.02764893 0.2207031 0 0.02764893 0.1640625 0 0.4511719 0.9999695 0 0.02764893 0.9999695 0 0.02764893 0.03173828 0 0.4511719 0.03222656 0 0.02764893 0 0 0.4511719 0 0 0.4511719 0.08154297 0 0.02764893 0.08691406 0 0.4511719 0.1118164 0 0.02764893 0.1098633 0 0.4511719 0.137207 0 0.02764893 0.1352539 0 0.4511719 0.0546875 0 0.02764893 0.0546875 0 0.4511719 0.7716064 0 0.4511719 0.739502 0 0.02764893 0.7703857 0 0.02764893 0.7375488 0 0.4511719 0.861084 0 0.02764893 0.8612061 0 0.987793 0.7738037 0 0.987793 0.7451172 0 0.7827148 0.772583 0 0.7827148 0.7421875 0 0.987793 0.7978516 0 0.7827148 0.7989502 0 0.987793 0.8261719 0 0.7827148 0.828125 0 0.987793 0.8577881 0 0.7827148 0.8594971 0 0.987793 0.8953857 0 0.7827148 0.8953247 0 0.987793 0.9467163 0 0.7827148 0.9445496 0 0.987793 0.9999695 0 0.7827148 0.9999695 0 0.987793 0.03027344 0 0.987793 0 0 0.7827148 0.03125 0 0.7827148 0 0 0.987793 0.04931641 0 0.7827148 0.05224609 0 0.987793 0.07470703 0 0.7827148 0.07861328 0 0.987793 0.1079102 0 0.7827148 0.1098633 0 0.987793 0.1362305 0 0.7827148 0.1367187 0 0.987793 0.1645508 0 0.7827148 0.1630859 0 0.987793 0.2280273 0 0.7827148 0.2250977 0 0.987793 0.2504883 0 0.7827148 0.2475586 0 0.987793 0.2719727 0 0.7827148 0.2695312 0 0.987793 0.2993164 0 0.7827148 0.300293 0 0.987793 0.3227539 0 0.7827148 0.3256836 0 0.987793 0.3525391 0 0.7827148 0.3549805 0 0.7827148 0.3930664 0 0.987793 0.390625 0 0.987793 0.4321289 0 0.7827148 0.4345703 0 0.7827148 0.4848633 0 0.987793 0.4833984 0 0.987793 0.5202637 0 0.7827148 0.5183105 0 0.987793 0.5495605 0 0.7827148 0.546875 0 0.987793 0.5783691 0 0.7827148 0.5759277 0 0.987793 0.598877 0 0.7827148 0.5991211 0 0.987793 0.6181641 0 0.7827148 0.6208496 0 0.987793 0.6433105 0 0.7827148 0.6459961 0 0.987793 0.6743164 0 0.7827148 0.675293 0 0.987793 0.7053223 0 0.7827148 0.7045898 0</float_array>
          <technique_common>
            <accessor source="#geom-hand_alphaA_ZwriteONShape-map1-array" count="128" stride="3">
              <param name="S" type="float"/>
              <param name="T" type="float"/>
              <param name="P" type="float"/>
            </accessor>
          </technique_common>
        </source>
        <vertices id="geom-hand_alphaA_ZwriteONShape-vertices">
          <input semantic="POSITION" source="#geom-hand_alphaA_ZwriteONShape-positions"/>
        </vertices>
        <triangles material="Hand_matB_isstencil" count="186">
          <input semantic="VERTEX" source="#geom-hand_alphaA_ZwriteONShape-vertices" offset="0"/>
          <input semantic="NORMAL" source="#geom-hand_alphaA_ZwriteONShape-normals" offset="1"/>
          <input semantic="COLOR" source="#geom-hand_alphaA_ZwriteONShape-map0" offset="2" set="0"/>
          <input semantic="TEXCOORD" source="#geom-hand_alphaA_ZwriteONShape-map1" offset="3" set="0"/>
          <p>61 0 61 61 1 1 1 1 0 2 0 0 0 2 0 0 1 1 1 1 2 3 2 2 59 4 59 59 1 1 1 1 61 0 61 61 60 5 60 60 59 4 59 59 61 0 61 61 1 1 1 1 125 6 125 125 3 7 3 3 127 8 127 127 125 6 125 125 1 1 1 1 1 1 1 1 59 4 59 59 127 8 127 127 2 3 2 2 1 1 1 1 3 7 3 3 3 7 3 3 23 9 23 23 2 3 2 2 125 6 125 125 22 10 22 22 3 7 3 3 22 10 22 22 23 9 23 23 3 7 3 3 123 11 123 123 22 10 22 22 125 6 125 125 127 8 127 127 124 12 124 124 125 6 125 125 124 12 124 124 123 11 123 123 125 6 125 125 127 8 127 127 59 4 59 59 67 13 67 67 67 13 67 67 126 14 126 126 127 8 127 127 126 14 126 126 124 12 124 124 127 8 127 127 59 4 59 59 58 15 58 58 67 13 67 67 58 15 58 58 59 4 59 59 60 5 60 60 17 16 17 17 58 15 58 58 60 5 60 60 67 13 67 67 58 15 58 58 66 17 66 66 58 15 58 58 16 18 16 16 66 17 66 66 16 18 16 16 58 15 58 58 17 16 17 17 65 19 65 65 126 14 126 126 67 13 67 67 66 17 66 66 65 19 65 65 67 13 67 67 66 17 66 66 16 18 16 16 69 20 69 69 69 20 69 69 64 21 64 64 66 17 66 66 64 21 64 64 65 19 65 65 66 17 66 66 71 22 71 71 16 18 16 16 18 23 18 18 69 20 69 69 16 18 16 16 71 22 71 71 16 18 16 16 17 16 17 17 18 23 18 18 18 23 18 18 17 16 17 17 19 24 19 19 73 25 73 73 18 23 18 18 62 26 62 62 71 22 71 71 18 23 18 18 73 25 73 73 18 23 18 18 19 24 19 19 62 26 62 62 72 27 72 72 71 22 71 71 73 25 73 73 70 28 70 70 71 22 71 71 72 27 72 72 70 28 70 70 69 20 69 69 71 22 71 71 68 29 68 68 69 20 69 69 70 28 70 70 68 29 68 68 64 21 64 64 69 20 69 69 72 27 72 72 73 25 73 73 74 30 74 74 73 25 73 73 62 26 62 62 75 31 75 75 74 30 74 74 73 25 73 73 75 31 75 75 75 31 75 75 62 26 62 62 9 32 9 9 62 26 62 62 19 24 19 19 63 33 63 63 11 34 11 11 62 26 62 62 63 33 63 63 9 32 9 9 62 26 62 62 11 34 11 11 8 35 8 8 75 31 75 75 9 32 9 9 77 36 77 77 75 31 75 75 8 35 8 8 77 36 77 77 74 30 74 74 75 31 75 75 76 37 76 76 74 30 74 74 77 36 77 77 44 38 44 44 77 36 77 77 8 35 8 8 79 39 79 79 77 36 77 77 44 38 44 44 79 39 79 79 76 37 76 76 77 36 77 77 45 40 45 45 8 35 8 8 10 41 10 10 44 38 44 44 8 35 8 8 45 40 45 45 8 35 8 8 9 32 9 9 10 41 10 10 10 41 10 10 9 32 9 9 11 34 11 11 78 42 78 78 76 37 76 76 79 39 79 79 122 43 122 122 123 11 123 123 124 12 124 124 122 43 122 122 121 44 121 121 123 11 123 123 120 45 120 120 121 44 121 121 122 43 122 122 123 11 123 123 20 46 20 20 22 10 22 22 121 44 121 121 20 46 20 20 123 11 123 123 121 44 121 121 4 47 4 4 20 46 20 20 119 48 119 119 4 47 4 4 121 44 121 121 120 45 120 120 119 48 119 119 121 44 121 121 118 49 118 118 119 48 119 119 120 45 120 120 119 48 119 119 117 50 117 117 4 47 4 4 119 48 119 119 116 51 116 116 117 50 117 117 118 49 118 118 116 51 116 116 119 48 119 119 4 47 4 4 117 50 117 117 5 52 5 5 4 47 4 4 6 53 6 6 20 46 20 20 4 47 4 4 5 52 5 5 6 53 6 6 20 46 20 20 6 53 6 6 21 54 21 21 20 46 20 20 21 54 21 21 22 10 22 22 22 10 22 22 21 54 21 21 23 9 23 23 6 53 6 6 5 52 5 5 7 55 7 7 115 56 115 115 5 52 5 5 117 50 117 117 28 57 28 28 5 52 5 5 115 56 115 115 5 52 5 5 28 57 28 28 7 55 7 7 117 50 117 117 114 58 114 114 115 56 115 115 116 51 116 116 114 58 114 114 117 50 117 117 113 59 113 113 28 57 28 28 115 56 115 115 115 56 115 115 112 60 112 112 113 59 113 113 114 58 114 114 112 60 112 112 115 56 115 115 29 61 29 29 28 57 28 28 113 59 113 113 7 55 7 7 28 57 28 28 30 62 30 30 28 57 28 28 29 61 29 29 30 62 30 30 110 63 110 110 29 61 29 29 113 59 113 113 113 59 113 113 111 64 111 111 110 63 110 110 112 60 112 112 111 64 111 111 113 59 113 113 12 65 12 12 29 61 29 29 110 63 110 110 29 61 29 29 12 65 12 12 31 66 31 31 30 62 30 30 29 61 29 29 31 66 31 31 13 67 13 13 110 63 110 110 109 68 109 109 12 65 12 12 110 63 110 110 13 67 13 13 110 63 110 110 111 64 111 111 109 68 109 109 109 68 109 109 111 64 111 111 108 69 108 108 109 68 109 109 25 70 25 25 13 67 13 13 106 71 106 106 25 70 25 25 109 68 109 109 108 69 108 108 106 71 106 106 109 68 109 109 13 67 13 13 25 70 25 25 15 72 15 15 14 73 14 14 13 67 13 13 15 72 15 15 12 65 12 12 13 67 13 13 14 73 14 14 31 66 31 31 12 65 12 12 14 73 14 14 15 72 15 15 25 70 25 25 24 74 24 24 25 70 25 25 106 71 106 106 27 75 27 27 26 76 26 26 25 70 25 25 27 75 27 27 24 74 24 24 25 70 25 25 26 76 26 26 27 75 27 27 106 71 106 106 105 77 105 105 107 78 107 107 106 71 106 106 108 69 108 108 106 71 106 106 107 78 107 107 105 77 105 105 105 77 105 105 36 79 36 36 27 75 27 27 27 75 27 27 38 80 38 38 26 76 26 26 36 79 36 36 38 80 38 38 27 75 27 27 103 81 103 103 36 79 36 36 105 77 105 105 105 77 105 105 107 78 107 107 104 82 104 104 104 82 104 104 103 81 103 103 105 77 105 105 103 81 103 103 37 83 37 37 36 79 36 36 36 79 36 36 37 83 37 37 38 80 38 38 38 80 38 38 37 83 37 37 39 84 39 39 99 85 99 99 37 83 37 37 101 86 101 101 32 87 32 32 37 83 37 37 99 85 99 99 101 86 101 101 37 83 37 37 103 81 103 103 37 83 37 37 32 87 32 32 39 84 39 39 102 88 102 102 103 81 103 103 104 82 104 104 102 88 102 102 101 86 101 101 103 81 103 103 100 89 100 100 101 86 101 101 102 88 102 102 101 86 101 101 98 90 98 98 99 85 99 99 100 89 100 100 98 90 98 98 101 86 101 101 99 85 99 99 97 91 97 97 32 87 32 32 99 85 99 99 96 92 96 96 97 91 97 97 98 90 98 98 96 92 96 96 99 85 99 99 32 87 32 32 97 91 97 97 33 93 33 33 39 84 39 39 32 87 32 32 34 94 34 34 32 87 32 32 33 93 33 33 34 94 34 34 95 95 95 95 33 93 33 33 97 91 97 97 97 91 97 97 94 96 94 94 95 95 95 95 96 92 96 96 94 96 94 94 97 91 97 97 40 97 40 40 33 93 33 33 95 95 95 95 33 93 33 33 40 97 40 40 35 98 35 35 34 94 34 34 33 93 33 33 35 98 35 35 95 95 95 95 93 99 93 93 40 97 40 40 95 95 95 95 92 100 92 92 93 99 93 93 94 96 94 94 92 100 92 92 95 95 95 95 40 97 40 40 93 99 93 93 41 101 41 41 35 98 35 35 40 97 40 40 42 102 42 42 40 97 40 40 41 101 41 41 42 102 42 42 91 103 91 91 41 101 41 41 93 99 93 93 93 99 93 93 90 104 90 90 91 103 91 91 92 100 92 92 90 104 90 90 93 99 93 93 54 105 54 54 41 101 41 41 91 103 91 91 41 101 41 41 55 106 55 55 43 107 43 43 54 105 54 54 55 106 55 55 41 101 41 41 42 102 42 42 41 101 41 41 43 107 43 43 91 103 91 91 52 108 52 52 54 105 54 54 89 109 89 89 52 108 52 52 91 103 91 91 90 104 90 90 89 109 89 89 91 103 91 91 88 110 88 88 89 109 89 89 90 104 90 90 89 109 89 89 50 111 50 50 52 108 52 52 87 112 87 87 50 111 50 50 89 109 89 89 88 110 88 88 87 112 87 87 89 109 89 89 52 108 52 52 53 113 53 53 54 105 54 54 52 108 52 52 51 114 51 51 53 113 53 53 50 111 50 50 51 114 51 51 52 108 52 52 54 105 54 54 53 113 53 53 55 106 55 55 50 111 50 50 57 115 57 57 51 114 51 51 87 112 87 87 56 116 56 56 50 111 50 50 56 116 56 56 57 115 57 57 50 111 50 50 85 117 85 85 56 116 56 56 87 112 87 87 86 118 86 86 87 112 87 87 88 110 88 88 86 118 86 86 85 117 85 85 87 112 87 87 85 117 85 85 47 119 47 47 56 116 56 56 56 116 56 56 46 120 46 46 57 115 57 57 47 119 47 47 46 120 46 46 56 116 56 56 82 121 82 82 47 119 47 47 85 117 85 85 84 122 84 84 85 117 85 85 86 118 86 86 84 122 84 84 82 121 82 82 85 117 85 85 47 119 47 47 83 123 83 83 49 124 49 49 82 121 82 82 83 123 83 83 47 119 47 47 48 125 48 48 47 119 47 47 49 124 49 49 46 120 46 46 47 119 47 47 48 125 48 48 80 126 80 80 82 121 82 82 84 122 84 84 82 121 82 82 81 127 81 81 83 123 83 83 80 126 80 80 81 127 81 81 82 121 82 82</p>
        </triangles>
      </mesh>
    </geometry>
    <geometry id="geom-hand_baseShape" name="hand_baseShape">
      <mesh>
        <source id="geom-hand_baseShape-positions">
          <float_array id="geom-hand_baseShape-positions-array" count="5142">-8.82333 52.7732 -3.90875 -9.74712 53.5857 -1.71583 -9.0116 54.1661 -4.13908 -9.99139 55.08 -1.9584 -5.90049 51.8559 -5.99459 -7.65228 52.2921 -5.22915 -5.92292 53.0366 -6.44135 -7.68983 53.4563 -5.47207 -5.92292 53.0366 -6.44135 -4.14802 52.8658 -6.90653 -5.90049 51.8559 -5.99459 -4.15105 51.6212 -6.27377 -9.78865 54.3616 0.396546 -10.0494 55.8054 0.179623 -9.20149 55.0751 2.30523 -9.47326 56.3971 2.20326 0.25607 52.6878 -7.40711 2.24447 52.4798 -7.32879 0.310794 51.4616 -6.61188 2.54529 51.3665 -6.64439 -2.03315 52.9973 -7.28003 -1.85457 51.5341 -6.47051 4.18345 52.2654 -7.03461 4.45091 51.2604 -6.50748 6.54325 51.794 -6.28443 6.69675 51.2131 -6.05663 8.74967 53.4285 -4.08384 7.35253 53.3315 -5.21584 8.73787 54.9625 -4.76024 7.30647 54.9268 -5.69394 9.61219 53.5425 -3.21957 9.71707 54.9869 -3.70989 5.72144 53.2827 -6.14094 5.40722 54.7588 -6.5769 10.354 53.6234 -2.27052 10.5375 54.9373 -2.59514 10.6146 53.8247 -0.369304 10.354 53.6234 -2.27052 10.8262 55.009 -0.608564 10.5375 54.9373 -2.59514 9.68038 54.3848 3.65747 10.5589 54.0103 1.53478 9.56627 55.1518 3.51854 10.7377 55.0086 1.21404 6.85192 56.0639 -5.40154 8.103 56.1472 -4.6569 5.03499 55.8419 -6.08329 9.18694 56.1867 -3.6821 10.3834 56.1256 0.965596 9.39669 56.3844 3.26502 10.3162 56.1555 -0.846763 10.0655 56.1964 -2.62758 10.0655 56.1964 -2.62758 3.90029 53.2964 -6.90049 2.03532 53.2208 -7.3476 3.54176 54.5421 -7.21132 1.77686 54.0556 -7.53198 0.00576831 53.5062 -7.61789 8.38885 51.265 -5.17162 -5.63647 54.4843 -6.06281 -3.98166 54.2586 -6.68469 -5.63647 54.4843 -6.06281 -7.34416 55.0153 -5.05161 -5.45007 55.9525 -5.67888 -7.13623 56.3087 -4.83412 -3.74768 55.705 -6.17239 -5.45007 55.9525 -5.67888 -1.99692 54.1232 -7.23855 -1.81387 55.5126 -6.57242 -0.255527 54.4051 -7.41672 -0.0393632 55.4886 -6.74629 1.0428 55.5103 -6.83035 1.29786 54.8238 -7.27161 3.08651 55.548 -6.62433 -3.66145 51.4016 6.99239 -1.65083 51.6649 7.38261 -4.01139 52.7211 7.4395 -1.82307 53.3216 8.2416 0.341623 51.5891 7.54639 0.337182 52.9047 8.34936 -5.80705 52.2129 6.5555 -5.50858 51.1148 6.37234 -7.48661 51.5369 5.43555 -7.28351 50.7469 5.32321 4.68663 52.2234 7.79662 4.25848 50.9604 7.29855 6.38991 52.068 7.05572 6.20557 50.6985 6.67203 2.65968 52.5355 8.17003 2.34262 51.2656 7.52755 9.10204 50.7746 4.36059 10.0101 50.8008 2.92267 9.40738 52.1748 4.61413 10.7171 52.1731 2.68102 7.71869 50.7454 5.62236 7.98189 52.0137 5.88172 11.075 51.6156 0.560731 10.8851 50.8343 0.777365 10.7481 50.6717 -1.41824 10.7737 51.3261 -1.67859 10.7737 51.3261 -1.67859 10.7481 50.6717 -1.41824 10.2902 51.2107 -2.75962 4.95852 54.8107 6.98261 6.46283 54.2414 6.4036 5.45296 55.692 7.3452 7.05863 55.0676 6.70742 7.84784 53.4731 5.63204 8.38955 54.349 5.7658 9.63207 53.466 4.60438 8.78133 52.8768 5.04031 0.834927 54.2036 7.71151 2.80909 53.7055 7.61664 4.62464 53.2501 7.37944 6.2148 52.9363 6.80318 7.83857 52.8146 5.73174 8.45079 55.3622 4.99386 10.5717 53.3508 2.10496 10.9923 52.7363 0.114661 10.5878 52.3651 -2.0363 7.84603 52.4786 -5.1657 9.09291 52.3013 -3.92559 9.55348 51.1632 -3.8619 9.92739 52.3142 -2.94557 10.5878 52.3651 -2.0363 -10.2538 51.8235 -1.4299 -9.33973 51.4811 -4.03651 -9.73713 50.9305 -1.4826 -9.12627 50.6342 -3.85486 -10.0625 51.9552 1.14189 -9.64697 50.9794 0.957734 -8.33377 50.4777 -4.99672 -8.18287 51.1984 -5.47601 -6.58694 50.144 -6.02993 -6.07185 50.8199 -6.42549 -7.87864 51.742 -5.29602 -5.92309 51.305 -6.27757 -9.79475 52.6272 -1.53959 -8.95052 52.0591 -3.88691 -6.07185 50.8199 -6.42549 -5.92309 51.305 -6.27757 -4.01209 50.5354 -6.47129 -3.95448 51.051 -6.31707 -4.1002 49.7523 -6.41205 -5.13885 49.9538 -6.34266 -8.8069 52.0236 3.30118 -7.84342 55.788 4.03273 -8.27913 57.0056 3.89116 -6.50476 56.3534 5.34147 -6.67363 57.4424 5.36962 -1.63668 54.0332 8.15628 -5.78478 54.2048 5.90548 -3.94516 53.9821 7.18511 -5.6537 55.3681 6.11046 -3.83627 54.8575 7.30797 -5.28646 56.2047 6.12956 -3.22233 55.6393 6.99513 -1.13754 54.9224 7.49642 -5.77443 53.1421 6.17705 -7.49914 52.6795 4.91212 -3.95882 53.4067 7.2979 -8.66552 50.8686 4.06891 -8.52701 50.3165 4.10416 -9.45885 50.3106 2.88514 -9.81831 53.1192 0.684676 -9.06603 53.6485 2.72427 -7.64159 54.0833 4.46129 -3.10902 58.0384 7.04494 -5.1382 57.8003 6.30816 -2.97345 56.9426 6.92823 -5.07604 56.7211 6.16966 1.29471 55.5944 7.51971 3.23846 55.2887 7.35472 1.56839 56.4086 7.7849 3.54761 56.1608 7.71605 -0.951543 55.8398 7.39954 -0.839709 56.547 7.47246 -0.776492 57.2208 7.4379 -0.772096 58.1682 7.48318 -3.08634 56.2395 6.92206 3.66805 57.2267 7.3545 5.56062 56.7942 6.78021 1.67173 57.4425 7.62928 1.71128 58.2737 7.47775 3.64625 58.238 7.09889 5.61617 57.9159 6.4156 7.13396 56.1777 5.99715 7.23641 57.2812 5.45414 8.39862 56.7477 4.43006 -9.5012 56.0476 -1.98138 -9.61467 56.7163 0.039955 -9.07227 57.1898 -2.03558 -9.32022 57.7133 -0.0521603 -8.55952 55.4515 -3.90108 -8.1683 56.6301 -3.81216 -6.64863 58.3438 5.1 -5.12822 58.7484 6.12472 -6.71688 59.2202 5.02573 -5.1226 59.9195 6.10646 -8.11481 57.8857 3.52061 -8.14215 58.6815 3.40567 -8.92232 58.1891 1.82226 -9.1708 57.3176 1.9559 -3.15043 59.1462 6.99989 -0.837111 59.4496 7.58443 1.80658 59.5996 7.42219 3.78124 59.5741 7.05458 5.73134 59.2632 6.35579 -3.27614 61.4212 7.15587 -0.866716 61.4231 7.8021 1.90681 61.454 7.63112 3.90894 61.4525 7.15893 5.78809 61.444 6.55339 7.26176 58.6027 5.37064 8.44368 57.9909 4.31391 9.43431 57.6665 3.09992 10.2915 57.4495 -0.856073 10.0499 57.4603 -2.64243 10.0499 57.4603 -2.64243 9.1775 57.4931 -3.79028 -5.37831 57.5215 -5.60626 -3.62117 57.3503 -6.12235 -1.76526 57.2242 -6.50489 0.568709 57.1232 -6.61925 3.03916 57.1211 -6.37425 4.92427 57.2991 -5.89067 6.74595 57.4348 -5.29147 8.04683 57.5049 -4.60466 -1.82592 59.3376 -6.67681 -3.68578 59.4252 -6.26554 -1.86227 61.4167 -6.94017 -3.79589 61.4908 -6.51085 -5.36057 59.4922 -5.69509 -5.44022 61.4582 -5.88151 0.609761 59.287 -6.802 0.64465 61.4582 -7.11184 6.80811 59.4023 -5.39563 8.21614 59.4398 -4.70477 5.00021 59.3204 -6.00972 3.06292 59.2948 -6.55088 6.92685 61.4582 -5.52032 8.40716 61.4638 -4.81661 5.07231 61.4627 -6.27288 3.30083 61.4582 -6.79128 9.36711 59.4089 -3.9101 10.258 59.4256 -2.65285 10.258 59.4256 -2.65285 10.4856 59.4058 -0.872701 10.5142 61.422 -2.6145 10.7973 61.4649 0.932411 9.58313 61.4797 -3.98011 10.5142 61.422 -2.6145 9.6121 59.5451 3.18624 8.50825 59.6948 4.43406 10.4099 57.4985 0.912666 10.5897 59.5072 0.941631 7.25117 59.9562 5.54318 7.30689 61.4252 5.67014 9.85929 61.4493 3.15784 8.66502 61.4164 4.55882 -9.04257 58.5599 -2.11366 -9.43274 59.1351 -0.141236 -9.06333 60.1271 -2.18697 -9.61032 61.3969 -0.0975126 -8.09665 58.0765 -3.77501 -9.21514 61.4867 -2.09669 -5.37831 57.5215 -5.60626 -7.05796 57.7926 -4.76918 -5.36057 59.4922 -5.69509 -7.03176 59.6279 -4.87038 -8.22518 59.7817 -3.82498 -5.44022 61.4582 -5.88151 -7.10331 61.4582 -5.0659 -8.43333 61.4755 -3.77742 -8.97989 59.5491 1.77472 -8.26362 59.8939 3.27591 -8.40195 61.4017 3.2575 -9.16151 61.413 1.78065 -6.8306 60.4292 4.93583 -6.85453 61.4534 5.04359 -5.18465 61.4315 6.23258 -9.84705 50.5594 0.882151 -9.70565 50.5991 -1.46843 0.394897 50.5108 7.38292 -1.37944 50.4692 7.13081 -2.64645 50.4201 6.98578 -4.3181 50.3872 6.6205 -5.61301 50.3117 5.9179 -6.96131 50.1474 5.0131 2.16163 50.477 7.3977 4.21495 50.5615 7.20109 4.64599 50.6352 -6.44308 6.70336 50.5904 -5.94544 2.6394 50.7244 -6.61281 9.52746 50.634 -3.79068 10.301 50.7206 -2.61965 8.39362 50.6532 -5.09685 0.320311 50.791 -6.35928 -1.89627 50.8474 -6.27283 -2.40944 50.0683 -6.41431 -2.68727 49.2458 -6.41044 4.91742 11.1902 1.74095 4.66102 8.54061 1.87935 4.01787 11.0658 2.60292 3.71951 8.7074 2.74351 7.36871 8.53229 1.78046 5.90717 8.46428 1.52563 7.33262 11.1821 1.66586 5.99992 11.2475 1.38997 3.35749 10.8704 3.88273 3.27665 8.85367 4.21202 3.68074 10.7832 5.71008 3.68387 9.0512 5.76186 7.57302 15.7561 5.81841 8.53298 15.8788 4.59696 7.651 16.9559 5.86908 8.72551 17.1742 4.50212 4.74639 15.7221 5.82801 6.08791 15.7796 6.29455 4.76165 16.9255 5.89467 6.12586 16.9779 6.33006 7.53826 10.7545 6.74505 7.47919 11.5801 6.78385 5.99057 10.7917 7.15289 6.00543 11.6428 7.19287 7.68866 17.979 5.99194 6.13936 18.0344 6.44983 4.88679 11.4774 1.67375 5.9793 11.4514 1.31513 4.54193 6.37481 2.29049 5.88365 6.32734 1.96103 4.57762 4.43077 3.08619 5.92892 4.20798 2.81392 4.02594 11.4575 2.48277 3.37868 11.4651 3.81481 3.35749 10.8704 3.88273 7.29482 6.35433 2.25664 8.26095 6.48141 3.16314 7.3401 4.4349 3.10147 8.16308 4.70858 3.91851 7.30114 11.4754 1.56382 8.21505 11.5503 2.39323 8.22364 11.0654 2.5298 3.80657 11.5951 5.72123 4.80604 11.5217 6.84019 4.72641 10.6815 6.82378 9.05505 17.3914 3.04246 8.78191 18.0444 4.64833 9.12654 18.058 3.16358 3.27665 8.85367 4.21202 8.37905 8.72122 2.63639 8.79259 11.6347 3.61617 8.81924 11.0041 3.67235 3.69166 17.1229 4.57724 3.79829 15.8369 4.63266 6.00661 12.6516 0.918213 4.91462 12.6611 1.24083 7.30072 12.6629 1.17177 7.61795 18.9845 5.8606 8.71942 19.323 4.57458 8.79259 11.6347 3.61617 8.43391 11.6249 5.6685 8.81924 11.0041 3.67235 8.52543 10.8267 5.64502 7.43805 12.4765 6.47525 8.30669 12.4209 5.53149 7.47195 13.6769 6.13564 8.36505 13.6127 5.06302 6.01909 12.4822 6.90017 6.05884 13.6659 6.59292 4.82285 13.6466 6.17562 4.83445 12.4323 6.53034 3.91559 13.5777 5.10511 3.93643 12.3886 5.56639 3.37868 11.4651 3.81481 8.74523 14.0193 3.05021 8.8447 15.9648 3.0236 3.68364 6.51425 3.21935 3.35949 6.80059 4.676 8.88011 8.85192 4.0574 8.77298 6.7536 4.51736 8.56987 4.81804 5.24043 8.77298 6.7536 4.51736 8.27708 7.01192 5.97175 8.56987 4.81804 5.24043 8.05217 4.62087 6.39486 7.45001 7.27188 6.76287 7.3769 4.48547 6.89795 7.57354 9.21493 6.62555 8.44518 9.0902 5.7167 8.88011 8.85192 4.0574 3.8778 4.80264 6.45906 4.04542 3.82769 6.71429 4.65993 4.51638 6.93169 4.71896 3.30991 6.91162 6.0096 4.35835 7.13118 7.27872 3.30755 6.98187 6.01318 3.03658 7.11338 4.57577 7.19335 6.74825 3.76532 7.01117 6.05826 4.57759 9.17293 6.62988 3.35949 6.80059 4.676 5.98984 9.30196 7.02433 5.97434 7.37929 7.03425 8.74523 14.0193 3.05021 8.1736 14.2745 1.65939 8.8447 15.9648 3.0236 8.27441 16.0953 1.3963 7.28071 14.5448 0.82074 6.04051 14.5641 0.563129 7.37963 16.1624 0.753733 6.01885 16.2084 0.399982 4.97783 14.5574 0.828636 4.87953 16.1832 0.779896 8.30446 17.9321 1.28764 9.12654 18.058 3.16358 8.27542 17.6281 1.35877 9.05505 17.3914 3.04246 7.41349 17.8828 0.526407 7.42201 17.6348 0.606764 4.79847 17.9793 6.04617 3.69052 18.0932 4.71976 6.15646 19.0158 6.29675 4.84786 18.9856 5.94235 6.35547 26.2219 7.52766 4.69288 26.1287 7.24344 6.28135 24.6915 7.27164 4.85193 24.5985 6.93278 8.28594 3.66626 5.74894 7.87822 3.74932 6.60921 3.45912 4.93008 5.23732 3.75471 4.72552 3.87936 3.63909 3.714 5.63041 3.45912 4.93008 5.23732 3.88949 3.76323 4.65443 3.63909 3.714 5.63041 4.58174 2.87461 5.91766 4.69867 3.10639 4.45224 6.02947 2.78021 4.27219 4.58174 2.87461 5.91766 7.49033 2.82978 6.02223 7.49033 2.82978 6.02223 7.43167 3.0962 4.5004 8.28594 3.66626 5.74894 7.9641 3.68462 4.63494 6.03064 2.56039 6.06298 6.03064 2.56039 6.06298 10.3636 20.1643 5.64703 10.4136 19.1149 5.62989 11.6331 20.1031 6.112 11.6469 19.067 6.07489 12.8571 15.4517 6.23294 11.4992 15.509 6.54591 12.8812 14.8051 6.43114 11.4888 14.8165 6.76218 13.0237 21.0075 5.61642 11.6153 21.047 6.00523 13.0095 20.1205 5.72156 13.5205 15.5166 2.46522 12.6773 15.5028 1.61533 13.5474 16.3346 2.08693 12.6727 16.3255 1.29178 10.3013 21.0694 5.56106 9.46547 20.4104 4.56801 9.41961 21.2216 4.48577 9.50013 15.5228 5.40379 9.43125 14.8908 5.59106 10.2677 15.5191 6.25075 10.2431 14.7955 6.47587 13.7252 15.5066 5.33277 14.0433 15.539 3.86719 13.6329 16.2011 5.18609 14.044 16.2961 3.63218 11.4236 15.2802 1.3321 11.361 13.1721 1.60824 10.4263 15.2571 1.68017 10.2904 13.0878 1.95329 13.7649 14.8824 5.55759 12.9676 19.0809 5.69715 9.63342 19.2433 4.68885 10.3356 17.2358 5.79776 10.314 16.2378 5.98716 11.5496 17.2145 6.16619 11.5098 16.2456 6.31727 9.60443 17.3612 4.9558 9.58202 16.2259 5.22957 13.0552 28.2407 5.99121 11.8511 27.835 6.45035 13.0328 26.4418 5.8269 11.7942 26.3534 6.25361 10.1538 10.8381 2.4777 9.4328 13.0835 3.03986 9.36547 11.0281 3.52345 11.2789 10.7662 2.10644 12.8251 16.2391 6.00369 14.383 30.5361 3.76048 13.1922 30.1938 5.83499 14.2033 28.6662 4.03315 13.6875 42.5314 -2.14271 12.4703 42.1303 -4.07239 12.3316 46.6374 -2.22312 11.1942 46.3533 -4.31274 12.8619 13.6695 6.22247 13.6879 13.538 5.4528 12.5932 13.2049 1.95373 12.6387 15.2499 1.67554 13.2977 10.9647 3.24861 13.786 11.2189 4.54618 13.2148 9.34289 3.90157 13.5564 9.36546 5.00631 12.4932 10.8184 2.43775 14.0234 13.2945 4.16079 13.4904 13.2274 2.80459 14.0571 15.0807 3.98027 13.5088 15.1981 2.57407 13.786 11.2189 4.54618 13.4474 11.4989 5.65944 13.5564 9.36546 5.00631 13.2124 9.39656 6.05857 14.0234 13.2945 4.16079 14.0571 15.0807 3.98027 12.6433 11.7575 6.26975 12.4646 9.36193 6.45585 11.3696 11.7556 6.59352 11.2907 9.3147 6.65833 10.1735 9.37966 6.56422 10.213 11.7738 6.35784 11.4157 13.6913 6.56606 10.1521 13.6458 6.26612 9.36118 13.4512 5.59482 9.04728 13.185 4.35492 9.06489 11.2992 4.6452 11.5184 24.9824 -0.11388 11.5625 26.2303 -0.134832 12.7326 25.0916 0.112572 12.7356 26.489 0.138472 14.044 16.2961 3.63218 14.0433 15.539 3.86719 12.8525 17.2309 5.83302 13.6551 17.2693 4.9592 13.9279 19.1899 4.55948 11.452 15.5558 1.26464 11.4592 16.3736 0.975018 9.69605 20.7463 1.74091 9.70991 21.1087 1.68716 10.4089 20.7832 0.585997 10.3981 21.0213 0.55706 9.62187 15.1594 2.77389 9.13275 15.5095 3.95052 9.09124 15.0074 4.17305 9.33594 17.6533 3.4875 9.30515 19.4447 3.2625 9.04728 13.185 4.35492 9.09124 15.0074 4.17305 10.4459 19.7671 0.676474 10.4814 17.9 0.991458 9.75983 19.6897 1.82631 9.68641 17.7772 2.1134 10.42 15.5664 1.57338 9.63086 15.5343 2.67177 9.13275 15.5095 3.95052 9.30515 19.4447 3.2625 9.33594 17.6533 3.4875 10.4457 16.365 1.27526 11.574 20.9914 0.238285 11.5707 20.7939 0.251961 12.9128 20.7947 0.648592 12.9519 21.0414 0.563797 11.5872 21.8291 0.0703716 10.4034 21.8363 0.350296 12.9223 21.8443 0.388226 12.6647 17.83 0.953709 11.4603 17.9078 0.621553 12.7994 19.6366 0.720276 11.5294 19.742 0.352886 10.0994 9.36373 3.05091 11.2566 9.29225 2.74953 12.3641 7.86388 4.34669 11.2964 7.67677 4.22218 12.4699 9.32257 3.00467 10.3414 24.7536 0.0101242 10.3823 26.0135 0.0654736 10.4073 28.2703 -1.54103 11.6008 28.3562 -1.50796 8.97473 26.0951 -0.0511549 8.96415 28.1096 -1.4956 10.8696 49.7158 -2.47996 9.87451 49.3105 -4.19787 12.5278 46.8507 -0.825987 11.2451 49.9475 -1.22931 10.9181 47.6573 3.42367 11.066 50.2582 0.76279 12.3234 47.1099 0.768534 12.5278 46.8507 -0.825987 11.2451 49.9475 -1.22931 13.6981 21.1519 1.24824 13.6838 20.7615 1.31894 13.6292 19.4902 1.4949 13.4929 17.7521 1.76074 12.6523 28.4736 -1.12461 14.004 28.6691 0.357241 13.7357 26.5749 1.06265 13.6561 25.1294 0.98789 13.7023 21.864 1.16908 13.9662 42.9439 -0.613276 14.4132 40.5579 -0.457808 14.0332 40.1176 -2.01983 12.7623 39.6746 -3.67426 13.1967 32.9269 5.3152 14.7171 33.1526 2.88695 13.0947 36.3384 4.75507 14.7835 36.4793 2.05517 14.5878 38.1366 -0.15377 14.4132 40.5579 -0.457808 14.6726 38.4547 1.56684 14.4261 40.9421 1.2431 12.1938 43.8203 3.97495 13.8934 43.3357 1.01646 13.9662 42.9439 -0.613276 12.664 41.1447 4.20578 12.992 38.2314 4.47519 12.7167 30.2123 -1.85714 14.1632 30.3868 -0.00596619 12.7017 32.095 -2.24683 12.6736 35.5384 -2.90372 14.1989 32.6665 -0.566387 14.107 36.0168 -1.43643 14.452 28.8114 1.94924 14.6719 30.5488 1.72664 14.2365 26.491 2.18179 12.7608 37.1869 -3.18484 14.117 37.6735 -1.74843 14.8172 33.0366 0.984213 14.6493 36.4445 0.217833 14.6493 36.4445 0.217833 14.8172 33.0366 0.984213 14.5878 38.1366 -0.15377 13.042 24.8895 5.64556 14.065 26.4586 4.19474 13.9374 24.892 4.1727 14.1579 24.9823 2.35818 14.6719 30.5488 1.72664 14.452 28.8114 1.94924 14.2365 26.491 2.18179 14.0647 20.3306 4.39304 14.0286 21.1816 4.33292 13.0114 21.4835 5.5722 14.0214 21.7203 4.28559 14.037 17.5211 3.46639 14.1846 19.2737 3.09643 14.3143 20.5862 2.82045 14.3147 21.3412 2.74802 14.037 17.5211 3.46639 14.1846 19.2737 3.09643 14.3143 20.5862 2.82045 14.3147 21.3412 2.74802 14.1579 24.9823 2.35818 9.47652 9.50539 6.13305 9.68321 8.46349 6.31665 10.2147 8.09626 6.60272 9.42158 11.6814 5.81351 9.06489 11.2992 4.6452 9.11396 9.36799 4.98368 12.2864 8.05821 6.55807 11.3271 7.88945 6.68646 13.1656 8.2354 5.32463 12.9078 8.503 6.24703 12.3967 7.57455 5.51103 13.1656 8.2354 5.32463 12.9219 8.25965 4.49697 12.3967 7.57455 5.51103 9.59923 8.38972 4.51595 10.1309 7.93909 4.31821 9.41418 8.18822 5.30225 10.1054 7.61186 5.43735 9.41418 8.18822 5.30225 10.1054 7.61186 5.43735 9.34711 9.38516 3.82068 9.11396 9.36799 4.98368 11.3265 7.35931 5.55484 11.3265 7.35931 5.55484 -4.22178 3.74348 7.0159 -5.49123 3.52551 7.17865 -4.40813 2.47437 7.08262 -5.51308 2.32418 7.18703 -4.32989 8.20103 1.75108 -5.83773 8.12005 1.37646 -4.46972 10.7335 1.56922 -5.90247 10.7545 1.19673 -7.25728 8.76638 6.50972 -5.71404 8.94523 6.91034 -7.31322 10.4351 6.57526 -5.77279 10.4786 7.00306 -4.19604 8.7652 6.48677 -3.32087 8.55836 5.68295 -4.16929 10.3897 6.58101 -3.23675 10.4438 5.53836 -6.23195 26.4426 7.72441 -6.08318 24.6014 7.30468 -4.67993 26.3323 7.47521 -4.68626 24.5288 7.04888 -8.53484 24.9002 5.78984 -9.02325 25.1491 4.66456 -8.52465 22.1067 4.62973 -4.32602 15.1597 6.02066 -3.32382 15.2601 4.74085 -4.37562 16.5294 5.96043 -3.23807 16.6636 4.71258 -2.84505 15.3688 3.0138 -3.39862 15.0412 1.73191 -2.752 16.9008 2.85428 -3.36143 17.1478 1.69566 -5.83056 15.1528 6.34341 -5.82857 16.4732 6.35454 -7.17083 15.2309 5.95367 -7.23254 16.483 5.9243 -4.46929 24.0119 0.460447 -5.93129 24.2262 0.0531921 -4.36009 25.2742 0.206318 -5.96636 25.6607 -0.182344 -3.20072 24.3983 1.02291 -2.95819 23.645 3.29383 -3.35651 23.3244 1.42984 -2.91205 22.8936 2.83378 -7.41991 24.6281 6.8269 -7.68884 26.5843 7.20963 -6.52945 2.52325 7.00964 -6.82219 3.69312 6.93549 -4.1499 6.5542 6.68589 -5.6068 6.6488 6.94974 -5.77762 11.4044 7.18311 -4.21942 11.3113 6.74041 -4.38712 17.6116 6.0478 -5.8363 17.6344 6.40866 -7.35991 17.2394 0.877565 -7.40526 17.5577 0.816105 -5.91137 17.3126 0.474503 -5.89117 17.5299 0.404581 -7.09157 11.1831 1.55372 -5.91327 11.1838 1.22259 -7.07056 10.7532 1.50819 -7.03109 5.7429 2.29287 -5.72745 5.65644 1.98409 -6.88816 3.55729 3.18335 -5.60714 3.43827 2.96742 -4.51726 17.5439 0.595518 -3.39299 17.5384 1.664 -4.53883 17.2623 0.691813 -4.32106 5.73703 2.27934 -3.23248 5.93303 3.27837 -4.30398 3.51988 3.2047 -3.22705 3.78765 4.00274 -7.23483 17.608 5.99455 -8.37102 16.6572 4.78099 -8.44525 17.546 4.90673 -8.1952 11.2961 5.65635 -8.19648 10.4828 5.46922 -7.27664 11.3776 6.69166 -2.82388 6.03769 4.41893 -3.26921 6.32541 5.91721 -2.86169 3.83236 5.05995 -3.29578 4.11756 6.36972 -2.98738 10.6574 3.75298 -3.29261 11.2733 5.80491 -2.98423 11.226 3.74749 -2.752 16.9008 2.85428 -3.17433 17.6905 4.75625 -2.7173 17.5608 2.93819 -7.04611 6.50647 6.63534 -8.05551 8.56107 5.44322 -7.15638 8.16453 1.76294 -2.82388 6.03769 4.41893 -2.86169 3.83236 5.05995 -2.86915 8.31343 3.89795 -4.48051 11.1643 1.57968 -2.84505 15.3688 3.0138 -8.25716 15.2443 4.86189 -7.643 25.6727 0.284119 -7.46193 23.9931 0.467297 -3.39875 18.6386 1.55137 -2.77809 18.6903 2.79699 -2.7173 17.5608 2.93819 -8.68443 26.1663 5.85704 -7.40687 20.7949 0.512102 -5.86878 20.9184 0.0668144 -4.50876 20.895 0.494638 -3.32978 20.8779 1.58184 -2.79681 20.8181 2.80132 -3.30233 20.259 4.55849 -2.79681 20.8181 2.80132 -3.41511 22.0607 4.86342 -2.91205 22.8936 2.83378 -8.37515 20.2063 4.58597 -7.25759 21.789 6.14038 -7.21198 20.1458 5.85188 -5.91101 18.5293 0.192162 -7.40308 18.5284 0.614635 -4.52626 18.5564 0.463282 -3.27043 18.6014 4.65776 -2.77809 18.6903 2.79699 -8.37275 18.5455 4.7518 -7.18586 18.5475 5.82479 -4.28573 12.329 6.50124 -3.40567 12.247 5.56187 -4.3329 13.5305 6.1396 -3.36217 13.6063 5.07065 -5.81427 12.3466 6.94508 -5.79172 13.4968 6.55162 -7.22687 12.3058 6.50351 -7.21684 13.5125 6.12307 -8.12572 12.3451 5.34721 -8.10862 13.5183 5.05865 -3.29788 8.21938 2.80067 -2.86915 8.31343 3.89795 -7.89074 6.32586 5.73792 -4.34285 2.10266 4.75008 -5.52936 1.87533 4.65572 -2.98738 10.6574 3.75298 -3.51773 10.7524 2.46298 -4.53669 14.9978 0.879568 -5.89968 15.0039 0.642216 -3.53881 11.206 2.42407 -7.2002 14.9909 0.953355 -2.98423 11.226 3.74749 -5.89208 11.9344 0.93441 -7.07671 11.951 1.23391 -4.48299 11.938 1.24942 -5.81973 20.0531 6.24656 -5.88784 21.6847 6.51815 -4.47101 19.9739 5.87373 -4.53923 21.8899 6.23903 -4.43175 18.5507 5.80467 -5.79963 18.5336 6.24987 -6.06188 27.9151 -1.14417 -7.4718 28.177 -0.681568 -7.68111 29.5567 -1.24763 -6.12839 29.433 -1.75518 -8.93351 20.4021 2.78604 -8.94443 22.7775 2.73606 -9.29623 29.8083 1.39464 -9.36917 27.6826 1.93516 -9.60555 30.2712 3.07216 -9.42117 27.9421 3.81016 -8.08784 10.6859 2.35623 -8.21988 8.14651 2.70764 -8.68477 10.6612 3.76304 -8.6934 11.1543 3.75406 -7.89967 3.81577 4.01203 -8.08695 5.91503 3.24814 -8.10074 11.1553 2.34798 -8.69166 8.32078 4.05566 -8.49692 6.10254 4.50692 -8.28579 15.0668 1.66272 -8.37548 17.0863 1.61635 -8.98694 16.857 3.06705 -8.89615 15.2011 3.08617 -8.78199 13.5369 3.19918 -8.49396 23.4376 1.27531 -8.783 25.5775 1.17191 -9.31464 25.3057 2.76618 -8.36131 17.5149 1.51355 -9.01363 17.5264 3.10919 -8.4604 20.5687 1.34134 -8.89248 27.6699 0.535284 -9.36917 27.6826 1.93516 -9.31464 25.3057 2.76618 -8.92221 29.7353 0.0120335 -9.29623 29.8083 1.39464 -8.49692 6.10254 4.50692 -8.69166 8.32078 4.05566 -8.68477 10.6612 3.76304 -8.6934 11.1543 3.75406 -8.89615 15.2011 3.08617 -8.98694 16.857 3.06705 -9.01363 17.5264 3.10919 -8.93351 20.4021 2.78604 -8.94443 22.7775 2.73606 -3.21853 2.68462 5.74435 -3.65957 2.92499 6.81708 -3.48252 2.59253 4.91951 -3.21853 2.68462 5.74435 -4.2612 2.08643 6.03657 -5.54079 1.8254 6.13785 -4.2612 2.08643 6.03657 -6.69947 2.09389 4.75181 -7.7241 4.11593 6.25293 -7.36454 2.89344 6.68385 -7.5555 2.50747 4.98608 -8.21521 3.94823 5.08636 -7.69613 2.59089 5.80889 -8.21521 3.94823 5.08636 -7.69613 2.59089 5.80889 -6.65021 2.07003 6.05613 -6.65021 2.07003 6.05613 -5.54079 1.8254 6.13785 -2.91587 25.1749 0.0633772 -2.93939 24.3655 1.05534 -2.39299 23.5461 1.23329 -2.28904 22.5059 1.45808 -2.66119 22.9698 3.11048 -2.66037 21.7364 3.15022 -2.17912 5.93657 3.20385 -2.0559 8.64729 3.00795 -1.21411 5.79504 2.31169 -1.13394 8.69791 2.12023 1.61923 5.81606 2.33224 0.116519 5.85001 1.92929 1.51484 8.74227 2.20887 0.0829844 8.7546 1.78727 1.79781 25.6583 7.52964 0.049555 25.4362 7.9016 1.59529 23.9544 7.18843 0.0996099 23.7677 7.47887 2.58751 22.5297 5.71803 1.47555 22.3371 6.8594 2.50892 21.1359 5.45701 1.4459 20.8746 6.44927 -2.26188 12.1916 2.3448 -2.35146 14.1705 2.259 -1.18907 12.2675 1.35847 -1.29389 14.3121 1.23345 1.4782 14.291 1.1446 1.38807 12.2682 1.30288 -0.013237 14.2818 0.866755 -0.0112937 12.2654 1.04966 -0.011248 13.7658 6.96924 -0.00635426 15.282 7.05392 -1.39631 13.7748 6.53174 -1.39767 15.3116 6.66178 -2.72439 14.0733 3.70854 -2.66034 12.0691 3.78913 -2.38344 13.8746 5.29443 -2.1783 11.6332 5.59701 -1.49924 24.0433 -0.0297337 -1.44114 22.8983 0.00733185 1.54183 22.984 -0.0687943 0.00383261 22.9756 -0.395477 1.50286 23.9979 -0.138302 0.0248504 24.0493 -0.468252 2.53068 23.3442 1.02322 3.04017 22.8791 3.06877 2.59239 22.1962 1.34584 3.03151 21.7202 3.11938 1.50542 19.2925 6.38187 2.64896 19.5748 5.30097 1.66947 16.4593 6.62585 -0.00871685 16.3067 7.06977 1.67106 15.3657 6.6211 0.0698919 22.2726 7.02033 0.0569542 20.7286 6.74334 -1.46931 16.2501 1.09591 -0.0557182 16.2686 0.641228 -1.44443 15.9242 1.14141 -0.0242908 15.9448 0.697859 -1.17116 9.02089 2.06516 0.0476617 9.07946 1.71638 -2.10266 9.00278 2.9395 -2.64922 9.04015 4.33387 -2.64534 8.64293 4.37167 1.47174 9.06981 2.1069 2.51757 9.09098 2.98431 2.51078 8.69832 3.08014 -1.39143 16.3054 6.69133 -2.53254 15.4849 5.36126 -2.53411 16.4442 5.39994 -2.40199 16.2759 2.09337 -2.36483 15.9126 2.16151 -2.93227 16.4756 3.64 -2.88374 15.7449 3.70361 -1.25517 3.73795 2.77935 -2.23271 4.06916 3.64391 2.64351 5.95898 3.31721 1.71748 9.12903 7.14814 1.85482 8.26482 6.94278 2.79329 9.15883 6.03614 2.82684 8.45684 5.99006 1.65723 13.8325 6.51058 -2.72439 14.0733 3.70854 -2.66034 12.0691 3.78913 3.04017 22.8791 3.06877 3.03151 21.7202 3.11938 1.58796 16.2625 0.919874 1.61433 15.9633 0.984022 -2.88374 15.7449 3.70361 -2.93227 16.4756 3.64 -2.41796 20.4774 1.64583 -2.76393 20.0496 3.24774 -1.50815 20.5368 0.18404 -0.0156813 20.59 -0.217655 1.7072 20.5799 0.116505 0.0236212 19.1293 6.71848 -1.19743 10.3048 1.66446 0.021695 10.3039 1.3654 1.4523 10.3273 1.67302 0.0114327 18.1633 0.149448 -1.49939 18.1451 0.608154 1.73958 18.1354 0.500996 2.87775 16.6845 5.36752 2.88658 15.5716 5.30521 1.54355 17.7892 6.41946 2.7468 18.0913 5.23642 -0.00597281 17.6095 6.79639 -1.39224 17.7437 6.41835 -2.44553 17.9979 5.30137 1.69092 10.0256 6.97293 2.67361 10.0931 5.92727 1.58279 11.6462 6.7144 2.61464 11.6898 5.54044 0.0114197 11.5757 7.15265 -1.26342 11.5885 6.74588 2.94191 24.2703 6.01038 3.30032 25.8857 6.57 -1.70476 25.4228 7.51897 -1.54139 23.6967 7.05315 2.68296 4.07091 3.7061 1.64672 3.74739 2.81487 0.161318 3.59956 2.3992 3.14059 9.07407 4.18808 3.15273 8.54197 4.27191 3.17791 6.10709 4.82557 3.15273 8.54197 4.27191 1.8207 6.51585 6.90497 2.71544 6.36637 6.19164 3.17791 6.10709 4.82557 2.68674 2.27785 6.587 1.80027 1.96351 7.21397 2.5013 1.11955 6.74815 1.63422 0.73988 7.33805 3.17792 4.35514 5.19123 2.69195 4.48728 6.31503 3.17792 4.35514 5.19123 1.78058 4.59911 6.89774 -2.05337 2.28268 6.59953 -1.87985 1.1778 6.75333 -1.1961 1.96733 7.2193 -1.00281 0.697289 7.34137 0.283832 0.54932 7.45718 0.242809 1.66073 7.47553 0.157616 6.50279 7.31386 0.124771 8.21378 7.41214 0.190726 4.64721 7.24369 -2.66577 6.07162 4.83197 -2.69239 4.28563 5.16384 -2.15657 4.43 6.39046 -1.26561 4.56527 6.99427 -2.66577 6.07162 4.83197 -2.69239 4.28563 5.16384 -2.17438 6.23472 6.26501 -1.29082 6.44778 6.97991 -1.23122 8.16313 7.03557 0.111242 9.09897 7.57052 -1.1434 9.05493 7.22631 -2.23916 9.10126 6.09946 -2.29069 8.35347 5.95522 -2.64534 8.64293 4.37167 -2.64922 9.04015 4.33387 0.0896562 9.92088 7.4365 -1.19271 9.97024 7.0464 -2.15328 9.90849 6.04666 3.08472 2.2487 5.61925 2.63952 2.10257 4.32139 3.08472 2.2487 5.61925 2.71294 0.932346 6.07336 2.71294 0.932346 6.07336 2.39059 0.865345 5.02497 1.60857 0.207836 6.38426 1.5078 0.408115 4.80877 1.60857 0.207836 6.38426 -1.06855 1.75957 3.59724 0.194393 1.62722 3.32411 1.55328 1.81179 3.60279 0.290215 -0.0260735 6.45647 0.271933 0.172638 4.76723 0.290215 -0.0260735 6.45647 2.74287 13.9514 5.2562 2.96887 12.0573 3.71008 2.53653 12.191 2.24461 3.02576 14.0482 3.6868 2.46852 14.203 2.17588 2.55053 16.3827 2.02026 2.51309 15.9694 2.10459 3.23724 15.7842 3.77253 3.25894 16.6629 3.62935 3.14059 9.07407 4.18808 3.02576 14.0482 3.6868 2.96887 12.0573 3.71008 3.25894 16.6629 3.62935 3.23724 15.7842 3.77253 2.6401 20.404 1.51253 3.1628 20.0321 3.19638 3.1628 20.0321 3.19638 -2.20736 1.01839 6.06804 -2.46842 2.11623 5.66838 -2.46842 2.11623 5.66838 -2.06776 2.05242 4.30769 -1.75966 0.920635 5.08083 -2.20736 1.01839 6.06804 -0.982399 0.326469 4.88514 -1.0129 0.202599 6.36832 -1.0129 0.202599 6.36832 -7.89497 28.5895 6.98658 -6.19342 28.7 7.54546 -8.86067 28.4534 5.57034 -4.72543 28.3872 7.54173 0.0496315 28.0546 7.885 1.90027 28.1286 7.63978 6.32739 28.3153 7.51455 4.56655 28.1548 7.33855 11.6471 29.8308 6.40783 10.3562 29.4485 6.48516 10.4416 27.3574 6.33808 -5.55065 45.7408 -7.44101 -4.80373 42.6445 -7.54238 -6.96974 41.9125 -7.83393 -7.99543 45.9097 -7.45793 6.06192 48.6391 -6.59433 7.25596 48.7459 -6.27136 7.9084 46.1778 -6.59763 6.28999 46.1398 -6.93274 4.90634 48.3189 7.12062 3.04748 48.2371 7.30865 6.55098 48.2418 6.80343 8.12422 48.1096 6.09664 10.3795 46.2851 -5.19459 9.38549 46.2485 -5.89101 9.18769 49.1238 -5.01022 8.32321 48.9395 -5.67365 11.3574 42.1189 -5.10537 10.0313 42.2838 -5.87703 -3.23156 45.9674 -6.91582 -2.61277 43.1756 -6.71204 2.76139 48.719 -6.84987 4.41096 48.6504 -6.82755 -6.03176 48.7721 -6.36889 -0.75425 48.7828 -6.27929 -3.41756 48.6419 -6.43435 -2.08321 48.705 -6.32522 -1.84142 46.1232 -6.57403 7.95143 26.3925 6.97997 7.92965 28.5049 7.11839 -5.7795 47.9287 5.91115 -4.79561 47.9108 6.35044 -3.36162 47.9262 6.83099 -1.86621 47.9777 7.09093 -0.348127 48.0403 7.264 1.18168 48.1119 7.32831 -7.88661 37.0974 -7.45089 -6.30619 35.0612 -5.87264 -8.69843 35.4597 -6.95474 -7.82864 33.9442 -5.00771 -9.28637 49.9078 3.0045 -7.70965 48.9759 -5.88891 -6.58694 50.144 -6.02993 4.51261 46.1528 -7.06041 2.73082 46.1876 -6.95843 -11.2394 46.4292 -0.139639 -9.9061 45.4086 2.51829 -10.3581 48.9749 0.452932 -9.24779 48.5508 2.80019 -11.481 41.3199 1.76773 -13.294 42.0031 -0.670275 -8.30565 44.5657 4.45996 -6.73585 47.9492 5.3074 -8.28847 48.3182 4.02103 -4.27764 44.2026 6.62423 -5.43182 44.2901 6.22422 5.47256 44.0279 7.15505 3.44916 44.0212 7.37872 1.41944 44.058 7.45618 -0.029389 44.0687 7.43699 -2.88976 44.1334 7.01144 -1.46653 44.0946 7.26746 -9.64775 40.4778 3.85976 7.0614 44.1057 6.92962 8.55536 44.1465 6.43555 9.03218 41.0207 6.48568 7.48846 40.9865 6.95946 1.68401 41.0171 7.58955 0.262676 40.9978 7.5712 5.8602 40.9746 7.1858 3.77475 41.0013 7.46204 -8.42345 40.3621 4.83596 -3.94477 40.8418 6.83248 -5.14126 40.8186 6.53577 -2.55708 40.9 7.1633 -1.15049 40.954 7.40525 10.5584 31.4271 -2.91043 10.4144 35.0064 -4.0256 11.7005 31.7456 -2.73535 11.6078 35.2758 -3.59579 11.6868 30.0065 -2.27127 10.513 29.7575 -2.39122 9.03227 29.5398 -2.39629 7.5214 29.3104 -2.32732 7.51508 27.8762 -1.48112 -4.28499 27.6899 -1.22093 -1.81378 27.3857 -1.50856 -6.23881 32.6802 -3.62097 -7.84404 32.3015 -2.82842 -4.22147 29.1434 -1.8624 -6.05416 30.3137 -2.18896 -7.63952 30.2365 -1.55035 1.45582 31.8401 7.56722 3.09186 31.9335 7.38993 3.3037 28.0512 7.08047 6.34406 32.1722 7.32441 4.72393 32.0282 7.40154 8.09442 32.4223 7.04304 -6.08031 31.5536 6.86144 -7.97401 31.4291 6.17658 -4.77269 31.5775 7.09853 -3.49461 31.6245 7.22929 -3.22954 27.9727 7.24106 6.15913 35.6928 7.2674 4.2697 35.6263 7.49334 6.08929 38.0787 7.22202 4.07277 38.1275 7.48159 0.58452 38.1785 7.65049 2.04931 38.1753 7.62151 -3.76134 37.9891 7.08455 -4.97767 37.9154 6.80148 -4.01325e-4 27.2586 -1.63867 -1.6338 25.0869 -0.0635147 -0.00645375 25.0873 -0.559952 -1.79519 28.8349 -2.06026 1.59922 25.1474 -0.267666 1.8152 27.2965 -1.5581 3.07443 25.2738 -0.318 4.08937 27.4563 -1.46803 1.80413 28.7044 -2.10483 4.05131 28.8296 -2.17106 5.78301 29.0441 -2.22327 5.80289 27.635 -1.4491 8.29468e-4 28.6968 -2.14788 1.68009 30.2094 -2.42025 1.27501 33.486 -3.57191 4.03549 30.3712 -2.47811 3.78581 33.7734 -3.67735 -1.89959 39.6135 -5.65897 -4.25281 38.939 -6.71127 -6.40283 38.122 -7.4672 -3.96722 35.7205 -5.34494 -4.12958 32.8962 -3.72699 -4.19686 30.1711 -2.31309 -1.80632 30.1868 -2.37486 -1.8267 33.2112 -3.69876 -1.78523 36.2878 -4.81234 -0.276403 33.3547 -3.62007 -0.0718986 30.1706 -2.46191 -1.35869 43.5007 -6.32501 -0.44374 46.2259 -6.42417 -0.691576 39.8969 -5.34492 -0.439199 36.5555 -4.57606 11.6016 39.5197 -4.67357 10.2391 39.4703 -5.38021 8.3316 42.5745 -6.50355 6.51993 42.9693 -6.73 4.69908 43.4389 -6.76845 2.86632 43.7626 -6.62695 11.6267 36.8983 -4.01232 10.3379 36.6889 -4.58633 8.53553 36.5411 -4.94888 6.64469 36.557 -4.90691 8.43638 39.451 -5.8021 6.52698 39.5318 -5.78482 8.71198 34.5784 -4.22933 9.00191 31.1405 -2.91018 6.94289 34.1969 -4.08277 7.40352 30.9196 -2.73693 5.36949 33.958 -3.86909 5.72168 30.6235 -2.59785 -0.0692136 43.7284 -6.17029 3.14541 39.8263 -5.39828 0.566007 40.0327 -5.23428 5.05095 36.6933 -4.69413 3.45741 36.8058 -4.48717 4.83493 39.6679 -5.60775 0.93476 36.7206 -4.45726 9.82612 32.6699 6.5971 11.7009 32.7996 6.15731 7.89792 35.7717 7.03499 9.56814 35.897 6.58047 11.0231 41.1101 5.5869 11.346 38.1676 5.73373 7.75588 38.0955 6.98286 9.35079 38.1391 6.51569 11.4883 36.1227 5.89494 -10.4472 26.5822 -6.78624 -10.608 24.2505 -7.07362 -11.3293 26.6446 -7.88173 -11.6734 24.4209 -8.26082 -15.5512 25.4691 -3.01376 -15.3849 23.9258 -3.2642 -14.3056 25.3596 -1.96819 -14.3214 23.6567 -2.28856 -15.431 21.8959 -3.76944 -15.8555 22.09 -5.52445 -15.6072 19.1962 -4.32178 -15.8398 19.3272 -5.98978 -15.5951 26.5958 -2.91841 -16.0826 25.681 -4.88485 -16.1592 26.8606 -4.73433 -9.35818 33.8501 -6.22396 -8.85482 33.2305 -4.55649 -9.65065 32.2192 -5.93526 -9.47244 31.9846 -4.43375 -10.4087 27.0095 -6.67744 -10.09 26.3694 -4.91528 -10.0837 26.852 -4.78667 -10.1898 24.04 -5.30581 -15.9289 24.2403 -5.12414 -9.61452 30.2659 -4.50719 -9.88209 30.5899 -5.99179 -14.4111 26.3917 -1.87563 -10.8443 21.6845 -5.58943 -11.3467 21.9251 -7.34731 -10.1484 28.3704 -6.37747 -11.0394 28.4673 -7.46056 -11.2737 27.0986 -7.83549 -9.83815 28.1884 -4.66881 -10.5047 26.5592 -2.91699 -10.2399 27.9615 -2.94724 -9.53233 41.1466 -8.05596 -13.6114 42.1868 -2.69273 -14.4748 38.2531 -1.33199 -14.9051 38.599 -3.17532 -11.3538 41.6397 -7.42028 -9.3637 46.4557 -6.71014 -15.5143 27.8925 -2.88566 -16.1233 28.1126 -4.59738 -12.7168 28.4583 -7.93846 -12.927 27.1395 -8.30496 -14.5177 26.224 -7.78478 -15.7956 25.9309 -6.60039 -14.4995 27.1997 -7.58936 -15.8563 27.0324 -6.36059 -12.927 27.1395 -8.30496 -13.0091 26.6179 -8.37953 -12.7168 28.4583 -7.93846 -14.4698 28.4154 -7.22674 -15.725 28.3358 -6.10489 -14.2943 27.7657 -1.86472 -15.2781 30.0418 -2.58892 -14.0462 29.8002 -1.51803 -10.5115 26.1605 -2.97954 -12.4472 26.1102 -1.27901 -12.2925 27.5776 -1.33246 -11.3748 26.2529 -1.7638 -11.4765 25.8048 -1.83674 -12.5497 25.5153 -1.38737 -11.165 27.6756 -1.83181 -12.2925 27.5776 -1.33246 -12.4472 26.1102 -1.27901 -10.6496 23.7549 -3.40733 -11.2567 21.4301 -3.89286 -12.1355 21.3627 -2.89752 -13.5062 21.3324 -2.5414 -12.8513 19.5739 -3.47235 -13.9819 19.4605 -3.19119 -14.573 21.5881 -2.88335 -11.7195 23.5979 -2.13761 -13.5062 21.3324 -2.5414 -13.033 23.4641 -1.78824 -12.5497 25.5153 -1.38737 -13.033 23.4641 -1.78824 -14.1309 20.2547 -8.50748 -13.8231 22.2372 -8.54915 -12.8087 20.1039 -8.26549 -12.1959 22.0665 -8.23088 -12.4836 19.6406 -7.63232 -13.387 24.3474 -8.58955 -13.387 24.3474 -8.58955 -14.5452 24.4615 -8.10792 -13.0091 26.6179 -8.37953 -15.4464 30.4332 -5.95226 -15.156 32.9153 -5.78615 -14.1427 30.5822 -7.17597 -13.8311 33.125 -7.11829 -15.8501 30.2512 -4.30127 -14.9388 35.6026 -1.61271 -15.4338 36.1114 -3.65284 -15.6537 32.8125 -3.97512 -15.1334 32.4842 -2.1369 -15.6351 24.3916 -6.88525 -15.616 19.7894 -7.59543 -15.6426 22.3375 -7.16691 -15.0563 20.2761 -8.18872 -14.8009 22.337 -8.17403 -14.1309 20.2547 -8.50748 -13.8231 22.2372 -8.54915 -12.2797 19.1624 -5.97371 -12.454 19.2766 -4.35802 -13.3991 18.7715 -3.74884 -13.3231 18.3068 -4.47102 -14.3372 18.5538 -3.59066 -15.0695 19.2564 -8.15359 -15.4052 18.9474 -7.76299 -15.5895 18.373 -6.15864 -15.3949 18.369 -4.45052 -13.9819 19.4605 -3.19119 -15.0372 19.5127 -3.54649 -14.3372 18.5538 -3.59066 -15.1179 18.7139 -3.8385 -14.4571 17.9836 -4.48028 -14.4571 17.9836 -4.48028 -14.4422 18.5308 -7.84686 -14.5234 17.926 -6.16699 -9.75744 49.1704 -3.97656 -8.92004 49.0986 -5.12161 -10.9626 46.9666 -4.37108 -10.2583 46.7704 -5.72039 -12.4593 41.9291 -6.44908 -13.2514 42.1948 -5.14278 -11.4821 46.9765 -2.16173 -10.3696 49.1303 -1.85735 -9.96811 30.0024 -2.85818 -9.813 31.9807 -2.91393 -9.35543 33.14 -2.81361 -12.0852 29.715 -1.09889 -10.9126 29.9098 -1.63304 -11.7726 32.0199 -0.664486 -10.6938 32.0078 -1.54773 -12.0852 29.715 -1.09889 -13.95 32.2606 -0.966646 -11.7726 32.0199 -0.664486 -8.85811 33.181 -2.63973 -10.4282 34.5875 -7.39192 -10.6295 32.6051 -7.13541 -10.4177 37.6115 -7.94126 -10.7471 30.8279 -7.0395 -12.1843 32.9204 -7.45027 -12.082 35.2687 -7.51413 -12.4205 30.8036 -7.54393 -12.1843 32.9204 -7.45027 -12.3248 38.2097 -7.59502 -12.4205 30.8036 -7.54393 -15.0691 36.2177 -5.59468 -14.5421 38.7133 -5.29877 -13.558 38.4738 -6.80366 -13.7066 35.9377 -7.06622 -12.082 35.2687 -7.51413 -14.2899 19.147 -8.40185 -13.3905 19.2644 -8.33879 -14.2899 19.147 -8.40185 -13.387 18.7632 -7.87728 -14.4422 18.5308 -7.84686 -13.3396 18.1908 -6.13479 -14.5234 17.926 -6.16699 -9.32235 30.4492 1.21449 -9.87025 32.491 0.288544 -8.87462 30.2175 -0.0739021 -9.37783 32.2664 -0.892572 -9.87025 32.491 0.288544 -9.32235 30.4492 1.21449 -10.0607 32.9327 2.1797 -9.64783 30.7381 2.96706 -10.4907 36.3796 2.99585 -12.7386 37.3795 1.15788 -8.1966 34.4204 5.6371 -6.00756 34.875 6.59782 -10.8455 34.0778 1.00065 -9.61195 33.7793 4.18979 -9.09395 31.1315 4.80968 -11.7931 34.0807 0.227077 -10.8191 33.1593 -0.676609 -13.496 34.7438 -0.159636 -9.74893 33.0038 -1.30171 -10.2337 33.231 -0.437334 -10.8191 33.1593 -0.676609 -10.1174 32.8782 -1.41702 -10.2337 33.231 -0.437334 4.09939 16.0583 1.41656 4.11129 14.2607 1.70619 3.47975 15.9096 3.08867 3.51243 13.8337 3.36156 3.51243 13.8337 3.36156 3.47975 15.9096 3.08867 4.74215 17.8539 0.595152 6.00889 17.8232 0.114286 4.78281 17.63 0.627436 6.01305 17.6434 0.161983 7.40074 19.8448 0.110985 6.00688 19.8679 -0.28314 3.72397 19.3202 4.69112 4.06792 17.9047 1.25896 4.0887 17.6126 1.2823 3.34955 18.0584 3.05921 3.38196 17.4154 2.98416 4.72241 19.8817 0.108721 3.38196 17.4154 2.98416 3.34955 18.0584 3.05921 11.6973 24.8591 6.05416 10.4871 26.1174 6.01038 9.18098 26.8954 5.97312 9.49975 25.6301 5.11599 8.88887 23.7842 3.15983 8.38687 24.3956 0.644627 8.89976 24.9669 3.0332 8.56663 25.6084 0.520613 7.54891 20.5231 5.87188 8.60172 20.89 4.58381 7.48831 22.1702 6.09019 8.50867 22.4556 4.71318 9.09389 21.238 2.9449 8.96999 22.7596 3.04039 9.09389 21.238 2.9449 8.33092 21.7023 0.767231 8.96999 22.7596 3.04039 8.31793 23.4712 0.651564 7.33101 21.8248 -0.192013 7.22059 23.7365 -0.282354 7.71352 24.8936 6.80459 7.53663 23.419 6.43135 8.50168 23.6962 4.86852 8.88887 23.7842 3.15983 8.89976 24.9669 3.0332 8.88008 25.4154 5.22926 5.95334 24.6441 -0.635315 5.96846 25.5811 -0.686617 7.23869 24.6099 -0.333847 7.47158 25.712 -0.419455 9.3539 29.112 6.51226 5.99448 21.91 -0.501534 5.99797 23.8366 -0.595707 4.75739 23.6766 -0.153284 4.71918 21.8509 -0.121056 3.58436 24.4179 5.90033 4.93394 23.2918 6.54449 3.83292 23.397 4.81182 4.92694 20.4292 5.95996 6.19176 20.461 6.30677 4.93166 21.9992 6.1748 6.22664 21.9912 6.53317 6.229 23.3521 6.89372 3.26314 24.3441 5.95535 3.88918 22.1588 4.69661 3.83088 20.755 4.65017 3.35006 22.4324 2.93641 3.31706 21.071 2.90228 4.42577 25.4533 -0.376566 3.18654 24.0092 3.19104 3.08383 23.9828 3.20566 3.18654 24.0092 3.19104 3.08383 23.9828 3.20566 3.18591 24.3508 0.581242 2.80474 24.2721 0.507805 3.93203 23.8036 0.7819 3.56707 24.4296 0.654678 4.70286 24.3842 -0.24329 3.27082 24.0309 3.17905 3.38271 23.4214 3.02033 3.31706 21.071 2.90228 3.35006 22.4324 2.93641 3.86673 21.5268 0.954212 3.94248 23.175 0.844957 3.38271 23.4214 3.02033 3.27082 24.0309 3.17905 -2.67806 24.3328 1.08777 11.5602 22.9787 -0.0532227 10.4088 22.9413 0.169458 12.8224 22.9294 0.230726 13.7337 23.0163 1.09516 14.2341 22.983 2.60056 13.9898 22.723 4.21847 14.2341 22.983 2.60056 12.9857 22.3482 5.54604 10.507 24.7383 5.61334 9.53544 24.618 4.65368 9.14848 21.1817 3.05358 9.18315 20.6409 3.12292 11.6223 21.4597 5.94172 10.3015 21.5222 5.51886 9.41816 21.7089 4.47725 9.1347 24.0104 2.82648 9.17103 25.0446 2.89775 9.58523 24.3999 1.10821 9.51839 25.5283 1.064 9.14848 21.1817 3.05358 9.18315 20.6409 3.12292 9.04251 25.5683 0.792309 9.04991 25.0099 2.95823 9.17103 25.0446 2.89775 9.04991 25.0099 2.95823 9.1624 25.5132 5.17765 9.0819 22.9176 2.8696 9.60397 22.8611 1.29502 11.638 22.2096 5.8805 10.3098 22.3448 5.48839 9.42632 22.5941 4.47797 9.1347 24.0104 2.82648 9.0819 22.9176 2.8696 -3.53644 24.0016 6.05404 -3.23584 26.0288 6.98023 -2.86996 23.6444 3.28793 -2.43024 21.2177 5.25014 -2.53771 22.5082 5.41052 -2.66037 21.7364 3.15022 -2.66119 22.9698 3.11048 -1.3423 22.2556 6.65662 -1.31642 20.8767 6.40566 -2.76393 20.0496 3.24774 -2.43686 19.5908 5.2431 -1.36795 19.2702 6.36018 -1.58603 27.7661 7.59112 -2.88129 23.7818 5.83986 -1.77521 31.6811 7.44044 -0.180277 31.7591 7.54395 0.888734 35.5117 7.64719 2.3744 35.5624 7.61929 -3.53011 35.2173 7.17971 -4.78579 35.0676 6.93677 -2.80453 23.644 3.28354 -2.80453 23.644 3.28354 -2.86996 23.6444 3.28793 -3.20886 23.8917 5.94695 -2.95819 23.645 3.29383 -12.3248 38.2097 -7.59502 -11.3538 41.6397 -7.42028 -9.3637 46.4557 -6.71014 -7.70965 48.9759 -5.88891 10.5595 44.052 5.44857 9.74402 47.9355 4.85412 -2.97893 12.299 3.439 -3.55886 12.0824 2.14442 -2.97893 12.299 3.439 -8.14894 12.0645 1.9874 -8.70783 12.2865 3.40133 -8.70783 12.2865 3.40133 -2.96665 13.7057 3.23095 -3.45444 13.514 1.78721 -2.96665 13.7057 3.23095 -4.52182 13.429 0.962839 -5.89685 13.4409 0.709545 -7.14697 13.3998 1.03742 -8.20857 13.421 1.78023 -8.78199 13.5369 3.19918 -8.42515 18.4949 1.43571 -8.97578 18.4926 2.9641 -8.97578 18.4926 2.9641 -2.48451 18.5765 1.82953 -2.84056 18.4221 3.42841 -2.84056 18.4221 3.42841 3.23947 18.4255 3.29475 2.62871 18.4001 1.57773 3.23947 18.4255 3.29475 3.11918 10.2419 3.96966 2.56392 10.367 2.55048 3.11918 10.2419 3.96966 -2.28366 10.3033 2.58701 -2.68953 10.2269 4.08275 -2.68953 10.2269 4.08275 8.7665 12.6456 3.34528 8.21846 12.6661 1.97758 8.7665 12.6456 3.34528 4.04437 12.5488 2.04242 3.42929 12.3487 3.57422 3.42929 12.3487 3.57422 9.13982 19.609 3.00544 8.35581 19.81 1.00292 9.13982 19.609 3.00544 3.88467 19.7255 1.10697 3.31502 19.5706 2.96488 3.31502 19.5706 2.96488 9.64693 16.2858 2.3634 9.18744 16.215 3.75346 9.18744 16.215 3.75346 14.2871 21.924 2.6953 14.2871 21.924 2.6953 9.6613 21.8369 1.51311 9.1219 21.798 2.97913 9.1219 21.798 2.97913 -2.07383 35.352 7.42731 -0.594479 35.4405 7.56611 -0.875106 38.1419 7.54447 -2.32622 38.0817 7.36098 -8.58583 37.016 5.03098 -6.13278 37.7561 6.38769 -6.28486 40.7475 6.12086 -6.53023 44.3936 5.70443 -8.30164 49.8297 3.9646 4.01953 63.1086 7.28167 5.81096 63.1078 6.73095 1.991 63.0668 7.74121 -0.0671968 63.0245 7.82127 -7.30485 63.0626 4.74258 -8.52847 63.0533 3.29962 -5.93561 63.0619 5.81923 -4.59233 63.0416 6.66858 -3.15025 63.0249 7.32759 -1.64804 63.0144 7.78879 -5.62204 63.347 -6.06283 -3.93126 63.3466 -6.69749 -1.97731 63.2896 -7.10744 -0.627472 63.2589 -7.31219 0.727952 63.2357 -7.34742 3.4757 63.2403 -6.95473 -7.29071 63.3273 -5.26017 -5.62204 63.347 -6.06283 -8.65089 63.2136 -3.81361 -9.42076 63.1572 -2.00273 -9.67443 63.1081 0.140392 -9.26297 63.0688 1.93503 7.41962 63.0756 5.76527 8.83265 63.0236 4.60312 10.7159 63.129 -2.52219 10.9651 63.0152 0.888432 9.95257 62.9908 3.15096 10.7159 63.129 -2.52219 9.79835 63.1934 -4.09417 7.18361 63.2351 -5.72311 8.70854 63.2334 -4.92568 6.24012 63.2436 -6.07378 5.08187 63.2418 -6.48413 -9.08364 49.5467 2.97268</float_array>
          <technique_common>
            <accessor source="#geom-hand_baseShape-positions-array" count="1714" stride="3">
              <param name="X" type="float"/>
              <param name="Y" type="float"/>
              <param name="Z" type="float"/>
            </accessor>
          </technique_common>
        </source>
        <source id="geom-hand_baseShape-normals">
          <float_array id="geom-hand_baseShape-normals-array" count="5142">-0.5763654 0.06942028 -0.8142382 -0.8741264 -0.08002651 -0.4790603 -0.8261983 0.06524868 -0.5595883 -0.6063503 -0.05218839 -0.7934834 -0.8084542 0.3417001 -0.4792106 -0.9525892 0.2388801 -0.1884417 -0.9795449 -0.09479271 -0.1774998 -0.497319 0.2923825 -0.8168147 -0.3391897 0.2859547 -0.8962032 -0.3681828 -0.005894007 -0.9297348 -0.7166749 0.3241403 -0.6175031 -0.9651721 0.07100805 -0.2517947 -0.9704973 0.1454281 0.1923167 -0.9839761 -0.06683957 0.1652982 -0.9924918 -0.01779721 -0.1210088 -0.8966372 0.05732178 -0.4390397 -0.5020962 0.4017258 -0.7658432 -0.325833 -0.1188289 -0.9379299 -0.5871213 0.05806493 -0.8074139 -0.1727849 0.3394644 -0.9246131 -0.2679329 0.0636249 -0.9613344 -0.6668035 -0.02005906 -0.7449636 -0.9237612 -0.02708144 -0.3820102 -0.940804 -0.3270344 -0.08908574 -0.9641209 -0.03776018 0.2627645 -0.9671672 -0.1633926 0.1946546 -0.8621866 0.09666015 0.4972838 -0.8771133 -0.03711615 0.4788472 -0.9923174 0.08259138 0.09211411 -0.8617748 0.357363 -0.3600499 -0.5299383 0.1550741 -0.833737 -0.7740186 0.1645705 -0.6114014 -0.3489206 0.1705536 -0.9215021 -0.3677669 -7.18772e-4 -0.9299178 -0.551989 0.00314272 -0.8338453 -0.8003065 -0.01061915 -0.599497 -0.9277751 0.1445376 -0.3440092 -0.9325637 0.3588099 -0.03975242 -0.906116 0.06728705 0.4176438 -0.7283776 -0.0323642 0.6844112 -0.8618912 0.1751861 0.4758714 -0.7215706 0.09416569 0.6859073 -0.9237403 0.20016 0.3265576 -0.9562842 0.2805849 0.08241724 -0.9354018 0.3411897 -0.09280749 -0.5960306 0.4572825 -0.6600305 -0.8152779 0.4535564 -0.3600119 -0.9032183 0.4218113 -0.07919647 -0.4001949 -0.0642778 -0.9141731 -0.3250075 0.4170645 -0.8487799 -0.4563952 0.387533 -0.8009504 -0.6852058 0.4510246 -0.5719002 -0.8333412 0.461122 -0.3048095 -0.9040208 0.4273464 -0.0110118 -0.8738814 0.2940618 0.3871163 -0.9371444 0.246739 0.246739 -0.7643918 -0.3497154 0.5416681 -0.6520292 -0.3096528 0.6920789 -0.8435634 0.1592366 0.5128787 -0.7170538 0.2063728 0.6657659 -0.5719858 0.09494428 0.8147501 -0.6140009 0.08267275 0.7849637 -0.6177461 -0.08887731 0.7813389 -0.7674736 0.06741653 0.6375259 -0.9045598 0.3260225 0.2747381 -0.9941212 0.1082664 -0.001188839 -0.7984692 0.2314828 0.5557541 -0.947973 0.07496849 0.3093977 -0.6281333 0.05540736 0.7761305 -0.3975253 0.2834932 0.8727 -0.4021444 -0.08906022 0.9112344 -0.3616584 0.2446872 0.8996284 -0.4988662 0.06269403 0.8644084 -0.5801597 0.2444191 0.7769647 -0.6695892 0.07960834 0.7384529 -0.4942443 -3.33379e-4 0.869323 -0.5049614 -0.3462453 0.7906504 -0.6676802 -0.117711 0.7350832 -0.5519022 -0.1665475 0.8171083 -0.8129821 -0.1492584 0.5628338 -0.8502219 0.1126263 0.5142353 -0.7972803 0.1641459 0.5808616 -0.6980333 0.07430953 0.7121992 -0.5837101 0.06472099 0.8093787 -0.4793589 -0.1885202 0.8571319 -0.3773457 -0.3214155 0.8685058 -0.3154516 -0.1945936 0.9287754 -0.2211412 -0.3365351 0.9153364 -0.487198 0.2279696 0.8430113 -0.1977861 -0.2905746 0.9361874 -0.07985999 0.3687724 0.9260827 -0.1981648 0.3741077 0.9059658 -0.2505678 0.08150781 0.9646617 -0.2635047 -0.07540045 0.9617068 -0.4338759 0.005199887 0.9009577 -0.661401 0.1461774 0.7356499 -0.2779014 -0.04151427 0.9597121 -0.4763558 0.04693973 0.8779988 -0.1540719 -0.0168478 0.987916 -0.1305331 0.02880214 0.9910254 -0.1309884 0.03473086 0.9907755 -0.02212943 0.3494313 0.9367006 0.08493988 0.295305 0.9516197 0.01353699 -0.09071459 0.9957849 -0.1362489 -0.3875034 0.9117441 -0.323494 -0.073366 0.9433817 -0.1678522 -0.06848368 0.9834306 -0.468948 0.04237629 0.8822085 -0.3626293 0.01265998 0.9318474 -0.5172244 0.06666774 0.8532493 -0.663867 0.1006303 0.7410495 -0.5608691 0.0728568 0.8246925 -0.6896325 0.08681457 0.718937 -0.373565 0.0483437 0.9263434 -0.4691545 0.0587359 0.8811606 -0.2406916 0.006224124 0.9705817 -0.2927634 0.03067422 0.9556928 -0.1181577 -0.09183937 0.9887387 -0.1420321 0.01755556 0.9897064 -0.07523229 -0.3837335 0.9203742 0.09892206 -0.06252851 0.9931287 -6.77192e-4 -0.02701139 0.9996349 0.1605829 0.2623057 0.9515297 -0.01646908 -0.03306027 0.9993177 0.03415803 0.1534822 0.9875609 -0.09714841 -0.02074555 0.9950538 -0.3140603 -0.0406923 0.9485306 0.08456925 0.05223754 0.9950473 -0.09121506 -0.07521884 0.9929864 0.2656814 0.1060406 0.9582112 0.2437527 0.2664671 0.9325127 0.1497242 -0.004659798 0.9887168 0.1115643 -0.07132301 0.9911944 0.28895 0.2584185 0.9218068 0.2506133 -0.08500333 0.9643481 0.01842061 -0.3711593 0.9283865 0.1649548 -0.36019 0.9181792 -0.06807398 -0.09689094 0.9929643 -0.0849121 0.01738226 0.9962369 -0.1455266 0.03007895 0.9888971 -0.2189462 0.02454445 0.9754281 -0.2392465 0.0496751 0.9696873 -0.2974626 0.058247 0.952955 -0.2848039 0.04585929 0.9574882 -0.1996819 0.0412798 0.9789909 -0.2121093 0.04038868 0.976411 -0.06647447 0.03488536 0.9971781 -0.1408846 0.03613678 0.9893663 -0.01221914 0.00971578 0.9998781 0.03238412 -0.08027355 0.9962467 0.1578465 -0.04608433 0.9863877 0.4247371 -0.1400729 0.8944148 0.4660479 -0.08359796 0.8808013 0.4575443 0.2389045 0.8564917 0.2296879 -0.09036098 0.9690605 0.4295254 0.3252575 0.8424461 0.3160815 0.03041124 0.9482445 0.4439629 0.1273524 0.886949 0.6223941 0.1607281 0.7660235 0.6107105 0.3407764 0.7147756 0.4972966 0.04112589 0.8666053 0.3678036 -0.1302943 0.9207301 0.4744371 -0.1533435 0.8668305 0.5714141 0.1993845 0.7960727 0.6197443 -0.1032907 0.7779769 0.1524691 0.03123542 0.9878145 0.3157627 0.08956377 0.9446017 0.6148942 -0.05323548 0.7868106 0.0604282 0.01179571 0.9981029 0.01463739 0.03409796 0.9993113 -0.06246423 0.03382716 0.9974737 -0.1004792 0.01773343 0.9947811 -0.1606766 0.03084417 0.9865251 -0.177404 0.01015678 0.9840856 -0.1325075 -0.001636308 0.9911807 -0.02765068 0.009239782 0.999575 -0.07283328 -0.006734637 0.9973215 0.02986296 0.03097691 0.9990739 0.07556981 0.02992577 0.9966913 0.1281766 0.03207467 0.9912326 0.2334548 0.0610499 0.9704491 0.5216073 0.1648338 0.8371114 0.7595295 -0.02147625 0.6501182 0.553878 -0.06770841 0.8298401 0.7427803 -0.2141414 0.6343666 0.6588014 0.09559702 0.7462184 0.7422734 0.331093 0.5825869 0.7404884 0.1665611 0.6511023 0.8761048 0.2536992 0.4099721 0.8595039 0.2102366 0.4658902 0.8246415 0.1795354 0.5364078 0.9376327 -0.04047203 0.3452637 0.8869703 0.01578206 0.4615567 0.6773419 0.2400242 0.6954109 0.40398 0.1252973 0.9061461 0.1339708 0.02477605 0.9906755 0.2177044 0.03641634 0.9753351 0.09532208 0.02583039 0.9951112 0.04743791 0.01026448 0.9988214 -0.01513382 -0.01106608 0.9998242 -0.0430455 0.03635971 0.9984113 -0.1130672 0.0177507 0.9934288 -0.09718305 0.03101067 0.9947833 -0.01826544 -0.02386562 0.9995483 -0.208261 0.00258457 0.9780699 -0.01537481 0.0231347 0.9996142 0.05358166 0.01281533 0.9984813 0.0524498 -0.01918784 0.9984391 0.09939571 0.01506504 0.994934 0.1330777 0.02118255 0.9908792 0.2113782 0.0311847 0.9769067 0.363355 0.06489355 0.929388 0.5656992 0.2030997 0.7992089 0.821555 0.3189509 0.4725651 0.9715765 -0.1493512 0.1836665 0.9085885 0.3478038 0.2312993 0.9956737 -0.05646139 0.07379656 0.9427459 0.2275046 0.2438683 0.9695937 0.05895105 0.2375138 0.9881417 0.1492226 -0.0361761 0.9736763 -0.01097156 -0.2276713 0.9830948 0.1045729 -0.1502968 0.9096012 0.3978895 -0.1196233 0.8882493 0.3681913 0.2746785 0.7903858 0.2803965 0.5446725 0.5269881 0.1117225 0.8424973 0.3275563 0.06109622 0.9428542 0.1224011 0.01303373 0.9923951 0.1953956 0.0253251 0.9803975 0.08841646 -0.01047198 0.9960286 0.06257503 -0.02271016 0.9977818 0.2426254 -0.03397611 0.9695249 0.005636001 -0.100433 0.9949278 0.3916881 -0.1301557 0.9108457 0.1020877 -0.2803748 0.9544466 0.08460896 -0.1178177 0.9894242 0.01627165 0.001231631 0.9998669 -0.1309164 -0.0379804 0.9906657 0.1094846 0.0276154 0.9936048 0.2120799 1.94113e-4 0.9772523 0.2863997 0.05344051 0.9566188 0.2266322 0.009654155 0.9739325 0.4860154 0.109903 0.8670124 0.4417132 0.1070098 0.8907515 0.7785991 0.1676626 0.6047087 0.904399 0.3115586 0.2915368 0.9251557 0.3734327 -0.06808003 0.9281314 0.181352 0.3250902 0.9525828 0.273318 -0.133728 0.7659855 0.1450878 0.6262713 0.9367797 0.12711 0.3260169 0.7488229 0.1287116 0.6501521 0.3473303 0.08866448 0.9335417 0.7258438 0.1161912 0.6779752 0.2601278 -0.07883216 0.9623508 0.04056681 -0.02901336 0.9987555 0.2148917 0.04035325 0.9758038 0.337063 -0.03462223 0.9408453 0.08039419 0.009591447 0.996717 -0.2663813 -0.1493054 0.9522337 0.09206556 -0.074788 0.9929405 -0.3783577 -0.281631 0.8817762 0.06783317 -0.2249302 0.9720109 0.6359921 -0.2331238 0.7356406 0.5407306 -0.1373807 0.8299018 0.3170526 -0.3207166 0.8925349 -0.1094895 -0.166341 0.9799708 0.1673913 -0.05103543 0.9845687 0.6775028 0.06435543 0.7326995 0.6932069 -0.01586157 0.7205639 0.9293497 -6.23804e-4 0.3692004 0.9314826 0.04893703 0.3604794 0.9446543 0.096407 0.3135822 0.9819394 -0.006389656 -0.189088 0.9854776 0.02304372 -0.1682344 0.9831188 0.1110465 -0.1454166 0.9876527 -0.04063322 -0.1512984 0.9929408 -0.1086716 -0.04752856 0.9462292 -0.04424 0.3204576 0.9909959 -0.124485 -0.04929949 0.6805629 -0.08317719 0.7279531 0.9473428 -0.05362375 0.3156995 0.1140298 -0.1468714 0.982561 -0.293351 -0.3016557 0.9071653 0.8323966 -0.3724779 0.4103364 0.3658483 -0.8308517 0.4193334 -0.4752194 -0.5543413 0.6832805 0.6490406 -0.2328293 0.7242492 0.9295693 -0.1547247 0.3346059 0.05209478 -0.2717352 0.9609611 0.6238872 -0.1393609 0.7689886 0.9051079 -0.01385992 0.4249562 0.9997382 0.02046667 -0.01021807 0.9231116 -0.3812109 -0.05042925 0.2084072 -0.9762294 -0.05951874 -0.8972625 -0.05033974 0.4386182 -0.8239771 -0.5631568 -0.06257976 -0.4978914 -0.1078683 0.8605048 0.006016117 -0.102789 0.994685 0.6363084 -0.05280188 0.7696255 0.9952267 -0.01366575 -0.09662928 0.992395 -0.07569942 -0.09706619 0.9439364 -0.01315431 0.329865 0.9167536 0.01828501 0.3990345 0.997091 0.02272081 -0.07275542 0.5666171 -0.02669756 0.8235487 -0.01852516 -0.02295044 0.999565 -0.5227322 -0.002566716 0.8524931 -0.9994993 0.02593703 -0.01812081 -0.9032043 0.008227878 0.429132 -0.5474507 0.05399421 0.8350942 -0.9062718 0.008110242 0.4226176 0.5671086 0.06453852 0.8211107 -0.02277648 0.1060053 0.9941047 0.908913 0.05244198 0.413675 0.9940226 0.03345973 -0.1039205 0.9940491 0.008952853 -0.1085638 0.9098231 0.0577491 0.4109587 -0.02821185 0.1175494 0.9926662 0.5720292 0.08982226 0.8153003 -0.5704771 0.0534517 0.8195724 -0.9103213 -0.002712741 0.4138934 -0.995442 -0.04921039 -0.0816917 -0.9940498 -0.06035739 -0.09067347 -0.9981833 -3.35501e-4 -0.06024993 -0.9922622 -0.09070507 -0.08478422 -0.9099024 -0.05058066 0.4117272 -0.5700479 3.15313e-4 0.8216113 -0.02655154 0.03396766 0.9990702 0.5617369 0.02376697 0.8269744 0.9191567 -0.001386961 0.3938894 0.9883689 -0.07044081 -0.1347776 0.9869211 -0.1116451 -0.1162843 0.9075233 -0.0372131 0.4183497 0.5528747 0.008676824 0.8332193 -0.01813332 0.03124486 0.9993473 -0.5612723 0.05141333 0.8260326 -0.9094089 0.004731417 0.4158763 -0.9968191 -0.0519838 -0.06040866 -0.9992716 0.02635848 -0.02759475 -0.9039644 0.09858877 0.4160873 -0.5226111 0.1206401 0.8439926 -0.01608389 0.09149812 0.9956754 0.4920662 0.06807119 0.8678925 0.8873487 0.009004123 0.4610111 0.9964284 -0.06722228 -0.05110359 0.998773 -0.01723128 -0.04642829 0.8824885 0.1239855 0.4536977 0.4655433 0.1954012 0.8631848 -0.001225795 0.2249129 0.9743782 -0.4896366 0.2370036 0.8390979 -0.8830093 0.1544534 0.443214 -0.9967905 0.06678643 -0.04413765 -0.9971114 0.06122079 -0.04495425 -0.8724027 0.2210315 0.4359571 -0.472528 0.299634 0.8288166 0.4561466 0.2749577 0.8463619 0.01274719 0.2977501 0.9545588 0.8790207 0.2029073 0.4314526 0.9992509 0.009248932 -0.03757569 0.9943444 -0.01633025 -0.1049409 0.8944438 0.02485245 0.4464892 0.4542303 -0.003468543 0.8908776 -0.4730333 0.02739722 0.8806185 0.02357909 0.007695635 0.9996924 -0.8905656 0.08549039 0.4467484 -0.996736 0.05048387 -0.06299801 -0.9994198 0.001148679 -0.0340406 -0.8693901 0.02846581 0.4933056 -0.4590429 -0.01442903 0.8882969 0.02086869 -0.05911015 0.9980333 0.4462208 -0.08395643 0.8909761 0.8707973 -0.07924108 0.4852143 0.9923788 -0.08894537 -0.08528255 0.4079189 0.02873142 0.9125659 0.8367177 -0.009364534 0.5475543 -0.3711669 0.06947169 0.9259637 0.03849982 0.03914097 0.9984917 -0.841987 0.05445566 0.5367423 -0.999041 -0.00760664 0.04312209 -0.8223228 0.01236048 0.5688872 -0.2667367 0.05132606 0.9624017 0.04154345 0.02771598 0.9987522 0.2924912 0.03570687 0.9556014 0.7914634 -0.04922219 0.6092314 0.9923598 -0.1201991 -0.0278216 0.9816852 -0.1874237 0.03415751 0.7214824 -0.3265477 0.6105978 0.8420309 -0.5348166 0.0703931 0.3465543 -0.456211 0.8196167 -0.310935 -0.4973006 0.8099453 0.007898284 -0.5230725 0.8522516 -0.7753933 -0.2929101 0.5594363 -0.9924248 -0.103113 0.06678843 -0.8709745 -0.4845803 0.08115011 -0.3836673 -0.9211922 0.06484001 -0.01747646 -0.9958987 0.08877126 0.4105883 -0.9076419 0.0871981 0.9961815 0.06513025 -0.05814111 0.9957588 0.04077777 -0.0824712 0.8866517 0.02706669 0.4616451 0.9937121 -0.002170693 -0.1119452 0.8834737 0.05552234 0.4651789 0.5919147 -0.03272136 0.8053361 0.05364507 -0.1943069 0.9794728 0.03239385 0.06243679 0.9975231 0.5631459 0.06898904 0.8234727 0.0336348 -0.08002764 0.9962251 0.9929196 -0.03605011 -0.113187 0.8856281 -0.009014124 0.4643075 0.02145747 0.01339184 0.9996801 0.5616497 0.008211074 0.8273344 -0.5715389 -0.038011 0.8196942 -0.5633352 0.05731679 0.8242381 -0.6206654 -0.1395398 0.7715589 -0.5641999 -0.3082339 0.7659441 -0.8923054 -0.2962141 0.3406585 -0.5490512 -0.6052263 0.576406 -0.8907161 0.0285979 0.4536597 -0.9005513 -0.02692131 0.4339153 -0.890488 0.04701562 0.4525711 -0.8929473 -0.004636774 0.4501373 -0.56893 0.00140115 0.8223847 0.01524171 -0.07638409 0.996962 0.580175 -0.09254475 0.8092172 0.9064026 -0.1163526 0.4060743 0.9849364 -0.09564919 -0.1440537 0.9906304 -0.09909968 -0.09397067 0.9191699 -0.03629427 0.3921857 0.5783311 0.04154923 0.8147434 -0.5929108 -0.06144612 0.8029204 0.006908484 0.07605055 0.9970801 -0.9120104 -0.05529093 0.4064235 -0.9951459 -0.02894676 -0.09405789 -0.9900405 -0.05088793 -0.1312646 -0.9980944 -0.02058509 -0.05816928 -0.9997344 0.007348744 -0.02184019 -0.9995674 0.01995961 -0.02160765 -0.9981527 -0.04611695 -0.03955497 -0.5914424 -0.8063347 -0.004475652 0.2365346 -0.9715381 -0.01284485 0.2737657 -0.873315 0.4029557 0.9060201 -0.4232164 -0.003918812 0.7903987 -0.3607598 0.4950983 0.9107902 -0.1715362 0.3755484 0.4771344 -0.2296545 0.8482932 0.9995192 -0.02337664 -0.02037064 0.4596507 -0.2355649 0.8562887 0.9029818 -0.0426096 0.4275611 0.9997351 0.02179442 0.007383089 -0.02573183 -0.260798 0.9650503 -0.0521045 -0.2512738 0.9665126 0.4730994 -0.1190687 0.8729259 0.9986087 0.05209734 -0.008164054 0.8849485 0.03711705 0.4642073 0.4826022 0.006491226 0.8758156 -0.01299788 -0.09384729 0.9955018 -0.5029648 -0.2456226 0.8286712 -0.5216704 -0.07961823 0.8494239 -0.4504062 -0.3265689 0.8309554 -0.2977065 -0.1378633 0.9446505 -0.07943474 -0.2315269 0.9695801 -0.7188559 -0.486644 0.496411 -0.9250411 -0.2257657 0.305498 -0.9244633 -0.04401334 0.3787223 -0.9065121 0.01898742 0.4217528 -0.5166502 0.0164963 0.8560376 -0.006197215 0.01567621 0.999858 0.4834571 0.1033451 0.8692462 0.8796025 0.07295426 0.4700819 0.9983802 0.007803662 -0.05635427 0.9969001 -0.007360899 -0.07833309 0.8683656 0.0725266 0.4905924 -0.001438616 0.1260182 0.9920268 0.5002316 0.09422088 0.8607501 -0.5269971 0.09566781 0.8444653 -0.8971437 0.05289705 0.4385602 -0.9996615 0.02215908 -0.01363577 -0.9990275 0.04208391 -0.01315313 -0.9986094 0.02382074 -0.04703109 -0.8471417 -0.5227461 -0.09532788 -0.9931141 -0.08530376 -0.08029667 -0.1754277 -0.9795629 -0.09839578 -0.0945878 -0.8715024 0.4811826 0.2068488 -0.1312647 0.9695272 0.6779312 -0.3299298 0.656929 0.3235634 -0.2761889 0.9050007 0.9138613 -0.3970974 0.08468236 0.9128953 -0.08474443 0.3993001 0.5270675 -0.2189602 0.8211311 -0.03712144 -0.2340849 0.9715073 -0.08328366 -0.2459432 0.9656996 0.1099632 0.05269195 0.9925381 -0.118536 -0.07910537 0.9897938 -0.1307433 0.1134085 0.9849085 -0.1700795 0.1538407 0.9733478 -0.5607147 -0.06514401 0.8254424 -0.5498984 -0.2434497 0.7989643 -0.5875873 -0.1965951 0.784915 -0.01108127 -0.09493869 0.9954215 -0.541692 -0.08047227 0.8367162 0.5625644 -0.06952701 0.8238248 0.8923663 -2.88576e-4 0.4513117 0.9985461 0.03829998 -0.03793377 0.9995788 0.02391213 -0.01645008 0.9975812 0.02294974 -0.06561428 0.8801216 0.06966002 0.4696099 0.5437673 0.07975742 0.8354376 -0.005418565 0.07210507 0.9973823 -0.502638 0.05660173 0.862642 -0.87855 -0.02244905 0.4771225 -0.8522525 0.07173329 0.5181891 -0.9030542 -0.1295485 0.4095246 -0.7976542 -0.2132125 0.5641705 -0.8907087 -0.0531361 0.4514584 -0.5935169 0.1327475 0.7937984 -0.2905549 0.1652989 0.9424723 -0.3789551 0.07361789 0.9224823 -0.2305297 0.03528766 0.9724252 -0.4522305 0.05344598 0.8902983 -0.6208476 0.05437301 0.7820433 -0.5617339 0.08847309 0.8225738 -0.5733494 0.148099 0.8058147 -0.8956358 0.03482553 0.4434227 -0.986249 -0.03953667 0.160467 -0.9657485 -0.1173602 0.231423 -0.995104 -0.08634493 -0.04808814 -0.9999124 -0.008510185 -0.0101359 -0.9997642 0.02121507 -0.004632212 -0.8370963 0.008195754 0.5469941 -0.5017137 0.04784478 0.8637097 -0.02338401 0.0520798 0.998369 0.5241612 0.06655822 0.8490142 0.8760764 0.03677787 0.4807677 0.5493723 -0.008522902 0.8355343 0.8868595 -0.052407 0.4590572 -0.01447563 -0.01996217 0.9996959 -0.5353957 -0.02828719 0.8441276 -0.8578066 -0.07119893 0.5090173 -0.999945 0.007190006 0.007632703 -0.9978557 -0.05397115 -0.03702885 -0.9980557 -0.06222589 -0.003603013 -0.8600937 -0.0271374 0.5094138 -0.5240706 0.03812699 0.850821 0.535767 0.06330792 0.8419892 -0.02319449 0.0571622 0.9980954 0.9020581 0.01022569 0.4314934 0.9970961 -0.07184023 -0.02526921 0.9941561 -0.0442817 -0.09845124 0.9993082 0.01491972 -0.03406733 0.998758 -0.04120792 -0.02800613 0.9107037 0.07184304 0.4067647 0.5046027 0.1620542 0.8480062 -0.5465481 0.1648436 0.8210431 -0.00207801 0.2110296 0.9774776 -0.8799821 0.04141703 0.4731979 -0.9980691 -0.05905283 0.01925702 -0.9994072 -0.03361276 0.007445333 -0.8953253 0.1453133 0.4210422 -0.5367714 0.2401796 0.8088202 -0.01070754 0.2854936 0.9583207 0.4822342 0.2585752 0.8370121 0.9075891 0.1491074 0.3924907 0.9984864 -0.01512812 -0.05287972 0.9031236 0.0765628 0.4224997 0.9996938 0.006745613 -0.02380805 0.4686889 0.05431199 0.8816921 -0.01050118 0.03528886 0.999322 -0.5206112 0.04303833 0.8527084 -0.8878925 0.05784366 0.4564002 -0.9997896 0.003689838 0.02017773 -0.9984543 0.002240141 -0.05553413 -0.8951743 -0.0399239 0.4439244 -0.5485314 -0.06874959 0.8332987 -0.01205734 -0.1051888 0.9943792 0.4962375 -0.06844023 0.865485 0.9325542 0.004262961 0.3610045 0.9945655 0.03514075 -0.09800329 0.002171326 -0.01640896 0.9998631 0.4473775 0.01185141 0.8942667 0.8943298 0.02558193 0.4466764 -0.8557103 -0.03516617 0.516259 -0.5324181 -0.0283305 0.8460074 -0.9981934 -0.04724815 0.03711483 -0.9918483 -0.08668295 0.09339783 -0.8326813 0.03174445 0.5528418 -0.4599019 0.05760986 0.8860989 -0.0151039 0.07015412 0.9974219 0.3987426 0.1071331 0.9107837 0.8762943 0.08859414 0.4735604 0.999306 0.01674363 -0.03327357 0.9999179 0.004602395 0.01195249 0.8100803 0.04629641 0.5844883 0.9937014 -0.1048025 0.03967481 0.2850065 0.08321849 0.9549062 -0.3284867 0.05809574 0.9427202 -0.02923335 0.05614635 0.9979945 -0.7950186 0.008957998 0.606519 -0.9808412 -0.1602171 0.1108209 -0.8191731 -0.5231571 0.2350788 -0.684837 -0.3079813 0.6604134 -0.3235501 -0.464447 0.8243812 -0.0370701 -0.5423105 0.8393599 0.2979543 -0.513849 0.8044764 0.6955926 -0.303589 0.6511411 0.8454239 -0.4984143 0.191942 0.3578326 -0.9179079 0.1714666 -0.009501156 -0.9851288 0.171555 -0.3301943 -0.9226879 0.1990447 -0.9908696 -0.120135 -0.06119682 -0.9825368 -0.07239616 -0.1714068 -0.992928 -0.02637389 0.1157521 -0.9730002 -0.04899803 -0.2255436 -0.9832457 -0.1433595 0.1125873 -0.8766558 0.007363969 0.4810618 -0.8459519 -0.04441613 0.5314062 -0.952895 -0.2517773 -0.1691132 -0.9537257 -0.2561337 0.1574893 -0.7468429 -0.1061162 0.6564793 -0.7864548 -0.4147206 0.4577069 -0.9098902 -0.398779 -0.1143468 -0.6443281 -0.758148 0.1002641 -0.3353756 -0.4172044 0.8446678 -0.7391595 -0.03306798 0.6727182 -0.7483733 0.1762243 0.6394391 -0.6037102 -0.152515 0.7824788 -0.8701494 0.1450249 0.4709647 -0.8483235 0.2700765 0.4554183 0.335586 -0.5597984 0.757633 -0.4694539 -0.1924712 0.8617238 0.09031617 -0.2904285 0.9526249 -0.8711427 -0.04135365 0.4892853 -0.8668693 0.03690299 0.4971679 -0.9587011 0.2800892 0.04941852 -0.9916147 0.1222422 0.0419177 -0.9248858 0.3801603 0.008019197 -0.8650786 0.4044523 -0.2967449 -0.894928 0.2984722 -0.33169 -0.9982873 0.05268603 0.02542727 -0.8892585 0.1258684 -0.4397459 -0.8467686 -0.01333758 0.5317941 -0.4370318 -0.1287901 0.8901777 0.03988908 -0.1624862 0.9859042 -0.006663163 -0.06344125 0.9979632 -0.4510505 -0.04514778 0.8913558 -0.9940586 0.08701066 0.06539538 -0.8402045 0.02404292 0.5417365 -0.867044 0.082186 -0.4914064 -0.8587518 0.1329893 -0.4948325 -0.55092 0.04728363 -0.8332176 -0.6691416 0.2296816 -0.7067503 -0.6808103 0.3394284 -0.6490652 -0.4319255 0.2352517 -0.8706877 -0.3369831 0.07911777 -0.9381805 -0.1380064 -0.05749251 -0.9887612 -0.5040548 0.05256676 -0.8620705 -0.4903613 0.1142874 -0.8639932 -0.8582757 0.1572935 -0.4884893 -0.5382631 0.1626512 -0.8269324 -0.994052 0.08029351 0.07357694 -0.8542334 -0.01508737 0.5196708 -0.9973415 -0.00820383 0.07240738 -0.4657573 -0.02269864 0.8846213 -0.04754882 -0.02375915 0.9985864 0.007229386 -0.1641967 0.9864011 -0.4706638 -0.1378774 0.8714731 -0.8542003 -0.1351629 0.5020686 -0.9938837 -0.09200139 0.06107989 -0.8743494 0.1183913 -0.4706344 -0.04029462 0.1834016 -0.9822119 -0.5406561 0.2227093 -0.8112283 0.02972085 0.1000159 -0.9945418 -0.01678796 -0.01739843 -0.9997077 -0.07498536 0.2405882 -0.9677265 -0.04132732 0.1319788 -0.9903907 -0.5530073 0.1463124 -0.820229 -0.8804356 0.02173011 -0.4736675 -0.9962967 -0.06764073 0.05308088 -0.8649892 -0.1181362 0.4876859 -0.05119682 -0.2601055 0.964222 -0.5386874 -0.166661 0.8258571 -0.9095369 -0.05455634 0.4120271 -0.5558724 -0.1624144 0.8152469 -0.9988565 -0.01137909 0.04643217 -0.9020841 0.03898082 -0.4297964 -0.5894902 0.1219151 -0.7985224 -0.04689039 0.04499767 -0.997886 -0.600962 0.083243 -0.794931 -0.9373785 0.0489083 -0.3448615 -0.9540709 -0.008510857 -0.29946 -0.9973173 -0.07258878 -0.009439899 -0.9551215 -0.08185186 0.2846809 -0.6033095 -0.1535142 0.7825925 -0.05847433 -0.3320463 0.9414489 -0.0357199 -0.3216622 0.9461804 -0.04666672 -0.6426517 0.7647359 -0.5249175 -0.4839007 0.7002155 -0.6906065 -0.6915833 0.211602 -0.7181556 -0.5637766 -0.4079319 -0.7224675 -0.6814349 -0.1169919 -0.4812784 -0.2318487 -0.8453504 -0.5919496 0.05754048 -0.8039184 -0.04016662 -0.008141675 -0.9991598 -0.06662065 -0.02186085 -0.9975389 -0.1011088 -0.3494847 -0.9314706 -0.07783745 -0.88985 -0.4495647 -0.07984883 -0.9840697 -0.158843 -0.02617865 -0.9764407 0.2141917 -0.9990889 0.01355069 -0.04046896 -0.8868822 0.04740253 0.4595573 -0.9966893 -0.06903819 -0.04294286 -0.5367875 0.0830946 0.8396157 -0.897604 -0.06898072 0.4353721 0.01467546 0.1044606 0.9944208 -0.5607352 -0.05800289 0.8259611 -0.9975769 -0.065614 -0.02313275 -0.9065372 -0.04856886 0.4193223 0.01336274 -0.0469184 0.9988094 -0.5871837 -2.07758e-4 0.8094537 0.5244688 -0.04599479 0.8501864 0.5362749 0.01085951 0.8439736 0.005871588 0.02608069 0.9996427 -0.9022184 0.03495669 0.4298604 -0.5655473 0.09254856 0.8195065 -0.99979 -0.01927722 0.006967576 -0.9996668 -0.01329247 0.02212868 -0.8845573 0.09365758 0.4569317 -0.519825 0.1337426 0.8437386 0.008790254 0.1233688 0.992322 0.5055917 0.1129033 0.8553537 0.9030234 0.06654242 0.4244063 0.9040712 -0.03550225 0.425905 0.8863417 -0.06763544 0.4580653 0.9943981 -0.05671634 -0.08919545 0.9932009 -0.07483187 -0.08917567 0.9991738 0.004025111 -0.04044187 0.998363 0.03266415 -0.0469509 0.8870848 0.13763 0.4406115 0.4882551 0.1754934 0.8548738 0.02415824 0.1708017 0.9850092 -0.5065696 -0.002969135 0.8621941 -0.8751152 0.04569083 0.4817528 -0.9997021 -0.02243469 -0.009607238 -0.9945319 0.01201339 -0.1037396 -0.8981461 0.02780761 0.4388169 -0.5104207 -0.03608357 0.8591675 0.02873094 -0.01267092 0.9995068 0.02662861 -0.09424545 0.9951929 0.4736831 0.020159 0.8804646 0.891524 0.09531979 0.442831 0.9978759 0.01744634 -0.06276409 0.9050932 0.02909315 0.4242167 0.9896293 0.01227267 -0.1431201 0.4839311 -0.04187396 0.8741037 0.02219371 -0.04203678 0.9988695 0.4025382 -0.02740277 0.9149929 -0.8371098 0.02385507 0.5465145 -0.406075 -0.0141702 0.9137298 -0.999842 -0.003234024 -0.01747709 -0.3448753 0.04808593 0.9374161 -0.7900766 0.02874892 0.6123337 -0.9982594 -0.05030368 0.03078353 0.02523957 0.04657266 0.998596 0.3530689 0.06671929 0.9332154 0.833235 0.006116628 0.5528851 0.9991446 -0.01441367 -0.03876202 0.77509 0.0539071 0.629547 0.9994426 -0.03227061 0.008540875 0.3118547 0.08235944 0.9465536 0.7595839 0.03984152 0.6491878 -0.3184102 0.06156379 0.9459519 0.001872954 0.06265189 0.9980336 -0.7546303 0.01552304 0.6559666 -0.987106 -0.1580053 0.02561176 -0.8318412 -0.5529326 0.04802136 -0.7091523 -0.3135508 0.6314972 -0.356076 -0.4425306 0.8230288 0.01136927 -0.5318071 0.8467892 0.3386826 -0.4160887 0.8438982 0.7278624 -0.3158141 0.6086688 0.8302994 -0.5553238 0.04710117 0.9925809 -0.121386 0.006972215 0.3306881 -0.9354028 0.1251681 0.01672884 -0.9885892 0.1497048 -0.3653113 -0.9210923 0.1346719 -0.9932262 -0.05005196 -0.104865 -0.9119341 0.005693482 0.4102971 -0.9982513 -0.002419013 -0.05906361 -0.905405 0.0807002 0.4168086 -0.5989287 0.0639354 0.798246 -0.5582215 0.1623873 0.8136456 -0.9977142 0.0305376 -0.06028162 -0.8859584 0.1736264 0.4300366 0.01268846 0.1859245 0.9824822 -0.5308831 0.2561621 0.807802 0.5396479 0.1480979 0.8287624 0.01446906 0.2871834 0.9577664 0.5050675 0.2535107 0.8250086 0.0159465 0.1513773 0.9883475 -0.5237067 0.1593837 0.836856 -0.8856202 0.1769531 0.4293768 -0.9982008 0.04984289 -0.03333034 -0.9915974 0.06069259 -0.1142413 -0.9102672 0.06119521 0.4094737 -0.5173331 -0.02621166 0.8553827 0.02808443 -0.06691419 0.9973634 0.5075474 0.1469152 0.8490062 0.9047325 0.1488754 0.3991179 0.9022038 0.1484948 0.4049415 0.9216176 0.04810775 0.3851062 0.999056 -0.001914087 -0.04339741 0.9967328 -0.03140734 -0.07441311 0.9989737 0.03428629 -0.02959979 0.5074697 -0.03168633 0.8610867 0.9230549 0.03687336 0.3828968 0.9928773 0.03812419 -0.1128769 0.009722328 -0.03672201 0.9992783 -0.4999478 9.47362e-4 0.8660551 -0.8844282 0.02228163 0.466144 -0.9997431 -0.003325278 -0.02242035 -0.00141732 0.0415391 0.9991359 -0.4036455 0.06922777 0.9122926 0.4752553 -0.01686656 0.8796863 0.8908927 -0.01413388 0.4539938 0.9985415 -0.03292868 -0.04278592 0.4118223 0.04579874 0.9101126 0.8542482 0.01388184 0.5196799 0.9967183 -0.08094368 -9.06114e-4 -0.2620008 0.03323846 0.9644951 0.006276586 0.02209969 0.9997361 0.31034 0.03909772 0.9498213 -0.8590727 0.05018177 0.5093877 -0.7926819 0.02690808 0.6090415 -0.998593 -0.04144527 0.03308297 -0.9941666 -0.07599075 0.07654008 -0.8897716 -0.4500135 0.07612137 -0.7256606 -0.3030097 0.6177393 -0.3308781 -0.5113348 0.7931307 -0.02267957 -0.5435772 0.8390527 0.3223865 -0.4562257 0.8294125 0.7478127 -0.2596097 0.6110474 0.7935613 0.003830459 0.6084784 0.9870491 -0.1340648 0.0880945 0.8933906 -0.4430318 0.07467309 0.4126698 -0.9068968 0.08509789 -0.008318975 -0.9959568 0.08944806 -0.4097954 -0.9089741 0.07637874 0.9338584 0.08651134 -0.3470222 0.997825 -0.0215359 -0.06230301 0.9246652 -0.09091564 -0.3697684 0.9621858 0.1427405 0.2319991 0.9935654 0.0960471 -0.06002181 0.9363374 0.05784948 -0.3463032 0.962158 0.194141 0.1912106 0.978316 0.1880438 -0.08681761 0.8489859 0.1807392 0.4965444 0.8590047 -0.0517344 0.5093473 0.9807334 -0.06593576 0.1838875 0.9939725 -0.05617044 -0.09414653 0.9142272 0.1793536 -0.3633467 0.991369 -0.0961457 -0.08912554 0.9646327 -0.1015917 0.243234 0.8658822 -0.0966975 0.4908131 0.7177186 -0.02891761 0.6957327 0.7004304 -0.09207191 0.7077571 0.5998427 -0.02801078 0.7996275 0.8770466 -0.08960916 0.4719741 0.9774823 -0.09989762 0.1858731 0.9174455 -0.1077192 -0.3830017 0.9444042 -0.09986073 -0.313255 0.9315014 -0.06545421 -0.3578001 0.9881688 -0.1044709 0.1122864 0.9666371 -0.1138693 -0.2294481 0.8704057 -0.05778893 0.4889316 0.6973904 -0.1039615 0.7091112 0.7064783 -0.08122546 0.7030583 0.5690348 -0.09188813 0.8171633 0.581673 -0.09126797 0.8082862 0.4003061 -0.04231424 0.915404 0.3687456 -0.09127064 0.9250386 0.570042 -0.08957279 0.8167183 0.3680248 -0.09853882 0.9245799 0.273272 -0.09426542 0.9573069 0.267426 -0.09054631 0.9593146 0.2644628 -0.04990728 0.9631037 0.1276965 -0.0935749 0.9873892 0.1161973 -0.06454048 0.9911269 0.1380817 -0.07667134 0.9874488 0.03683672 -0.0382406 0.9985895 -0.08771126 -0.09357089 0.9917415 -0.197309 -0.07759275 0.9772658 -0.324765 -0.08393832 0.9420626 -0.5156983 -0.0672703 0.8541253 -0.4636556 -0.06189399 0.8838511 -0.35122 -0.07235669 0.9334929 -0.4947616 -0.04410973 0.8679086 -0.6833487 -0.05131831 0.7282865 -0.6648682 -0.005740045 0.7469386 -0.5772063 -0.04211848 0.8155115 -0.6891912 -0.07253359 0.7209399 -0.8312431 -0.08131726 0.5499293 -0.8267924 -0.05146087 0.5601482 -0.8225611 0.0261477 0.5680752 -0.9406474 -0.08357647 0.3289336 -0.9429926 -0.06714732 0.3259697 -0.7110069 -0.06403213 0.7002637 -0.9365825 -0.08148707 0.3408418 -0.842617 -0.08383428 0.5319478 -0.9967818 -0.0700824 0.03891771 -0.9968088 -0.0733199 0.03156236 -0.9981439 -0.05911829 0.01462697 -0.9470228 -0.03571482 -0.3191745 -0.9429598 -0.06647354 -0.3262025 -0.9582976 -0.0835824 -0.273276 -0.9474749 -0.08729956 -0.3076851 -0.8096579 -0.1035268 -0.5776992 -0.7963936 -0.07104554 -0.6005912 -0.5656241 -0.1144192 -0.8166869 -0.5544879 -0.07230327 -0.8290448 -0.817058 -0.1169668 -0.5645661 -0.5752328 -0.1295251 -0.8076699 -0.3941063 -0.1266073 -0.9103026 -0.3912993 -0.118953 -0.9125431 -0.3835917 -0.07996581 -0.9200342 -0.3681828 -0.005894007 -0.9297348 -0.2321022 0.27569 -0.9328042 -0.2077966 -0.1686058 -0.9635314 -0.3391897 0.2859547 -0.8962032 -0.325833 -0.1188289 -0.9379299 -0.1463761 -0.2573484 -0.9551679 -0.1771944 0.2808732 -0.9432456 -0.1457632 0.2428166 -0.9590586 -0.2296305 0.2059471 -0.951239 -0.08747625 -0.4207162 -0.9029649 -0.1306624 -0.2930745 -0.9471192 -0.1727849 0.3394644 -0.9246131 -0.00151282 0.1150735 -0.9933559 -0.008339458 -0.07520009 -0.9971337 -0.09931092 -0.06781465 -0.992743 -0.06483822 -0.4466633 -0.8923497 -0.05144223 -0.4662468 -0.8831578 -0.06130578 0.03511038 -0.9975013 -0.1027059 0.3421901 -0.9340007 -0.1252667 -0.02206818 -0.9918776 -0.08547816 0.2708437 -0.9588207 -0.2458345 -0.0164714 -0.9691719 -0.3489206 0.1705536 -0.9215021 0.02688736 -0.1087702 -0.9937033 -0.126753 -0.1066655 -0.9861826 0.02098559 -0.009081039 -0.9997385 0.04044911 0.2828079 -0.9583232 0.01828623 0.4320313 -0.9016731 0.1770138 -0.0728198 -0.9815108 0.1146013 0.1608203 -0.9803078 0.05712952 -0.3295934 -0.9423929 0.006192759 -0.3926736 -0.9196571 -0.0918357 0.03797992 -0.9950496 -0.09320448 0.06234995 -0.9936929 -0.02042541 0.02529515 -0.9994714 0.06519522 0.07209322 -0.9952649 0.01064669 0.08364711 -0.9964386 -0.2679329 0.0636249 -0.9613344 -0.02836713 -0.0549947 -0.9980837 -0.07441459 -0.03076698 -0.9967526 0.03595899 -0.0334559 -0.9987931 0.05247993 0.05748674 -0.996966 -0.08138333 -0.02452794 -0.996381 0.162378 0.03821376 -0.9859884 -0.1214166 -0.03879348 -0.9918433 0.07520784 0.1159861 -0.9903994 0.1548285 0.0863279 -0.9841624 0.1360129 -0.2974213 -0.9450085 0.2282156 -0.09921091 -0.9685426 0.3060246 0.001549357 -0.9520224 0.2320284 0.1823255 -0.9554685 0.1516674 0.3001598 -0.9417543 0.1675306 0.02084974 -0.9856464 0.1735917 -0.1064501 -0.9790477 0.285017 0.01761513 -0.9583606 0.2673862 0.2954679 -0.9171714 0.355349 0.12309 -0.9265938 0.4258457 0.02559286 -0.9044338 0.4110278 0.06911519 -0.908999 0.3040241 -0.2177008 -0.9274566 0.3247512 0.09943978 -0.9405575 0.1840396 0.169507 -0.9681926 0.008533278 -0.007510507 -0.9999354 -0.1239256 -0.2247755 -0.966498 -0.06217659 -0.1980372 -0.9782205 0.2340189 -0.1506413 -0.9604908 0.3616785 -0.103485 -0.9265417 0.2341683 0.1054246 -0.9664631 0.06673232 0.1959842 -0.9783338 -0.07583709 0.313118 -0.9466814 0.0872374 0.1831436 -0.9792078 0.2524533 -0.06567693 -0.9653776 0.3906549 -0.1934962 -0.8999711 0.3846797 -0.201621 -0.900761 0.1996545 -0.211011 -0.9568764 -0.03381794 -0.2546723 -0.966436 -0.09694208 -0.2876518 -0.9528161 -0.06709954 -0.2099074 -0.9754161 0.1298056 0.03066551 -0.9910651 0.3330621 0.2189078 -0.9171417 0.5906702 0.1207967 -0.7978201 0.4747827 0.2574182 -0.8416159 0.6333172 0.1591838 -0.7573439 0.5973002 0.2717887 -0.7545616 0.5496242 -0.1138943 -0.8276119 0.4874588 0.03736533 -0.8723461 0.3895193 0.2515391 -0.8860039 0.5603467 0.2043287 -0.8026589 0.6370013 -0.00450334 -0.7708497 0.675029 -0.1019626 -0.7307116 0.7211261 0.207397 -0.6610323 0.7689622 0.1305624 -0.6258199 0.7773562 0.1710086 -0.6053704 0.6271577 0.3064964 -0.7160538 0.4798312 0.1413854 -0.8658938 0.3109202 0.08438565 -0.9466824 0.0328513 -0.167676 -0.9852948 -0.1274853 -0.2913601 -0.9480805 0.02693325 -0.2539202 -0.9668501 -0.05742212 -0.2798756 -0.9583174 0.1626344 -0.2430969 -0.9562708 0.01975365 -0.3021362 -0.9530601 0.06502838 -0.3326522 -0.9408049 0.2879362 -0.2908669 -0.9124085 0.1048402 -0.4010429 -0.9100401 0.3016006 -0.4041693 -0.8635302 -0.008831421 -0.2994592 -0.9540682 -0.009426256 -0.350733 -0.936428 0.009114257 -0.2914119 -0.9565542 -0.03300288 -0.3087189 -0.9505805 -0.009636788 -0.2927508 -0.9561403 -0.139902 -0.2912794 -0.9463529 -0.06379479 -0.2686096 -0.9611342 0.2149001 -0.1005513 -0.9714461 0.4107337 -0.02782281 -0.9113307 0.6334577 0.1990239 -0.7477438 0.7347804 0.3566421 -0.5769785 0.785866 0.2608157 -0.5607048 0.5969358 0.04320091 -0.801125 0.3314189 -0.1946506 -0.9231861 0.1056201 -0.2376148 -0.9656001 -0.07923472 -0.3025326 -0.9498399 -0.07399724 -0.3445878 -0.9358332 -0.02553073 -0.3132665 -0.949322 0.005337386 -0.3328026 -0.9429815 0.007829781 -0.3614215 -0.9323697 0.01967381 -0.2932909 -0.9558208 -0.02385974 -0.2759975 -0.9608622 -0.08658727 -0.3101998 -0.94672 -0.04938117 -0.4431487 -0.8950871 0.07400767 -0.503643 -0.8607361 0.2455466 -0.5445737 -0.8019642 -0.05421529 -0.6300696 -0.7746437 0.265434 -0.2049971 -0.9420833 0.1209052 -0.006300963 -0.9926441 0.1831732 -0.2544887 -0.94957 -0.07352043 0.06625388 -0.9950905 0.1588565 -0.7585062 -0.6320071 0.3079858 -0.4196031 -0.8538607 -0.1902668 -0.4963057 -0.8470414 -0.4678869 -0.5934055 -0.6549439 -0.1135551 -0.3956112 -0.911371 -0.1274583 -0.4622195 -0.8775577 -0.1040405 -0.4469345 -0.888496 -0.03189494 -0.4426835 -0.8961105 0.05396371 -0.4512441 -0.8907675 0.03018437 -0.4458375 -0.8946049 0.06081308 -0.417632 -0.906579 0.01094481 -0.3829616 -0.9236994 0.08779912 -0.4930916 -0.8655357 -0.03645365 -0.3409668 -0.9393684 0.02650759 -0.4077621 -0.9127034 0.05513572 -0.5588064 -0.8274633 0.2935383 -0.357765 -0.8864759 0.1425493 -0.6224775 -0.7695464 0.04887699 -0.3021154 -0.9520175 -0.1173541 -0.4635546 -0.8782626 0.06111146 -0.570455 -0.8190523 0.1317319 -0.4309672 -0.8927004 -0.05159921 -0.3495312 -0.9355028 -0.2402807 -0.4463752 -0.8619828 -0.1265169 -0.6032758 -0.7874336 0.06251155 -0.4539413 -0.8888361 -0.1005725 -0.3453783 -0.9330589 -0.214663 -0.385856 -0.8972374 -0.2136519 -0.3945846 -0.8936755 -0.5538564 -0.4417664 -0.7057518 -0.4498318 -0.7883046 -0.4197942 -0.757502 -0.4524988 -0.4705694 -0.819537 -0.3269845 -0.4705745 -0.5417254 -0.3568353 -0.7610533 -0.4721911 -0.320084 -0.8213293 -0.4293567 -0.2477715 -0.8684826 -0.01788816 -0.06337171 -0.9978297 0.2984559 -0.6472244 -0.7014447 0.4104432 -0.08612959 -0.9078096 -0.4762619 -0.6653013 -0.5749336 -0.09230422 -0.8317147 -0.5474764 -0.5254105 -0.09747683 -0.8452468 -0.03345736 -0.07796543 -0.9963945 0.3861014 -0.1392016 -0.9118929 0.4173841 -0.6457365 -0.6393865 -0.2464401 -0.77327 -0.5842267 0.1509222 -0.8288509 -0.5387287 -0.02789114 -0.07138423 -0.9970588 -0.4649479 -0.2080544 -0.8605444 0.2365346 -0.9715381 -0.01284485 -0.5914424 -0.8063347 -0.004475652 -0.8585749 -0.31232 -0.4065777 0.9060201 -0.4232164 -0.003918812 0.8859289 -0.2267323 -0.4046263 0.4975188 -0.04881766 -0.8660784 -0.02632479 -0.07001632 -0.9971985 -0.8875322 -0.2491147 -0.3875932 -0.5816734 -0.05985839 -0.811217 -0.1754277 -0.9795629 -0.09839578 -0.8471417 -0.5227461 -0.09532788 0.9138613 -0.3970974 0.08468236 0.8242714 -0.08289104 -0.5600944 0.4922636 -0.01840494 -0.8702516 -0.003515439 -0.02920694 -0.9995673 -0.4144098 -0.06251556 -0.9079408 -0.4324947 -0.03014459 -0.9011325 -0.04141323 -0.08374201 -0.9956266 0.4615131 -0.03610913 -0.8863983 0.8116475 -0.009286393 -0.5840737 0.9985461 0.03829998 -0.03793377 0.7982212 -0.02509707 -0.6018413 0.9995788 0.02391213 -0.01645008 0.4585939 -0.1512774 -0.875675 -0.05676414 -0.2120415 -0.9756107 -0.433749 -0.08718941 -0.8968054 -0.8229182 -0.02745604 -0.5674961 -0.8113517 -0.07430878 -0.579816 -0.8251767 -0.1724614 -0.5379038 -0.9908696 -0.120135 -0.06119682 -0.995104 -0.08634493 -0.04808814 -0.9999124 -0.008510185 -0.0101359 -0.8283263 -0.05772277 -0.5572643 -0.4244289 -0.1844971 -0.8864654 0.420235 -0.09895424 -0.9020036 -0.06689541 -0.09552127 -0.9931771 0.7937163 -0.03748783 -0.6071319 0.9975812 0.02294974 -0.06561428 0.9993082 0.01491972 -0.03406733 0.7584478 -0.03081347 -0.6510051 0.4066094 -0.05607668 -0.9118795 -0.0359822 -0.05893267 -0.9976133 -0.4075487 -0.08870105 -0.9088653 -0.8130928 -0.09522708 -0.5742925 -0.9997642 0.02121507 -0.004632212 -0.999945 0.007190006 0.007632703 -0.7870264 -0.06393673 -0.6135972 -0.3963695 -0.05708649 -0.9163145 -0.02748915 -0.0968302 -0.9949212 0.8224983 -0.103667 -0.5592403 0.4029381 -0.09853667 -0.9099074 0.7826756 -0.05511585 -0.6199846 0.9941561 -0.0442817 -0.09845124 0.9970961 -0.07184023 -0.02526921 0.998758 -0.04120792 -0.02800613 0.8305924 -0.16905 -0.530602 0.443205 -0.2426028 -0.8629677 -0.002250952 -0.225492 -0.9742424 -0.4163406 -0.1017653 -0.9034956 -0.7922643 -0.09799508 -0.6022576 -0.7780376 -0.06660695 -0.6246768 -0.9978557 -0.05397115 -0.03702885 -0.9980691 -0.05905283 0.01925702 -0.9980557 -0.06222589 -0.003603013 -0.7892571 -0.1800981 -0.5870588 -0.4180661 -0.2133065 -0.8830181 0.004475568 -0.2292956 -0.9733465 0.4759823 -0.2089291 -0.8542771 0.9984864 -0.01512812 -0.05287972 0.8341956 -0.106167 -0.5411527 0.4524528 -0.03149834 -0.891232 0.01873855 -0.04995929 -0.9985755 -0.4625422 -0.2130771 -0.8606119 -0.4532985 -0.04939635 -0.8899891 -0.9994072 -0.03361276 0.007445333 -0.8263301 -0.1659253 -0.5381889 -0.8001087 -0.0345285 -0.5988604 -0.4814058 -0.1408069 -0.8651138 0.003529193 -0.1515149 -0.9884487 0.4817535 -0.1147003 -0.8687678 0.8188186 -1.20648e-4 -0.5740524 0.9996938 0.006745613 -0.02380805 0.9945655 0.03514075 -0.09800329 0.8217262 -0.05526622 -0.5671962 0.004640612 -0.311898 -0.9501042 0.4596228 -0.2593621 -0.8493987 -0.4672701 -0.2909141 -0.8348819 -0.823534 -0.110757 -0.5563495 -0.9984543 0.002240141 -0.05553413 -0.9997896 0.003689838 0.02017773 -0.9981934 -0.04724815 0.03711483 -0.824195 -0.2224154 -0.5208014 -0.4032995 -0.5144451 -0.7567667 0.006190116 -0.5671398 -0.8235983 0.8106727 -0.1534662 -0.5650291 0.3927053 -0.4925911 -0.7766187 0.999306 0.01674363 -0.03327357 0.9999179 0.004602395 0.01195249 0.776749 -0.3119209 -0.5471439 0.648592 -0.6642208 -0.3716706 0.3282828 -0.8475755 -0.4169485 0.002524145 -0.89088 -0.4542316 -0.3123413 -0.8459346 -0.4322472 -0.6682674 -0.6721753 -0.3187459 -0.7961382 -0.3621696 -0.4847651 -0.9918483 -0.08668295 0.09339783 -0.9808412 -0.1602171 0.1108209 -0.3301943 -0.9226879 0.1990447 -0.8191731 -0.5231571 0.2350788 -0.009501156 -0.9851288 0.171555 0.3578326 -0.9179079 0.1714666 0.8454239 -0.4984143 0.191942 0.9937014 -0.1048025 0.03967481 -0.9825368 -0.07239616 -0.1714068 -0.7786996 -0.1868586 -0.5989245 -0.9730002 -0.04899803 -0.2255436 -0.8268061 -0.1535916 -0.5411111 -0.952895 -0.2517773 -0.1691132 -0.9098902 -0.398779 -0.1143468 -0.6443281 -0.758148 0.1002641 -0.467825 -0.827728 -0.3098486 0.6140544 -0.6355487 0.4679905 0.335586 -0.5597984 0.757633 0.7156159 -0.6662799 0.2096779 0.7463642 -0.6520918 -0.1331049 0.9109399 -0.2006266 0.3604684 0.9672794 -0.2506133 0.03953999 0.7151285 -0.2372771 0.6574883 0.09031617 -0.2904285 0.9526249 0.6502458 -0.1437527 0.7459996 0.9114863 -0.1071583 0.3971267 0.9956954 -0.09217142 0.009751247 0.9127324 -0.0633028 -0.403624 0.8722212 -0.2026718 -0.4451453 0.6438003 -0.4195936 -0.6398925 0.2615258 -0.1940077 -0.9454975 0.4635574 -0.1343291 -0.8758255 0.5220524 0.02040412 -0.8526694 0.9118987 -0.06080953 -0.4058853 0.9902484 -0.1391621 0.006481262 0.904887 -0.1528492 0.3972615 0.634315 -0.1167672 0.7642055 0.03988908 -0.1624862 0.9859042 0.9065495 -0.1324901 0.4007671 0.9907097 -0.1349525 0.01679273 0.5239373 0.09704804 -0.8462101 0.9195475 -0.05252726 -0.3894525 0.02972085 0.1000159 -0.9945418 -0.01678796 -0.01739843 -0.9997077 -0.1380064 -0.05749251 -0.9887612 0.02063028 -0.08563399 -0.9961131 -0.3369831 0.07911777 -0.9381805 -0.4319255 0.2352517 -0.8706877 -0.1357682 0.2573736 -0.9567266 -0.4563952 0.387533 -0.8009504 -0.3250075 0.4170645 -0.8487799 -0.4001949 -0.0642778 -0.9141731 -0.04029462 0.1834016 -0.9822119 0.512314 0.1206917 -0.8502752 0.9205276 -0.001518443 -0.3906748 0.9987022 -0.04639448 0.02101487 0.9163067 -0.116431 0.3831784 0.6237186 -0.1007376 0.7751303 0.8951449 -0.215118 0.3904355 0.6585008 -0.1817228 0.7303106 0.9873382 -0.1583306 -0.009727809 0.551554 0.06008958 -0.831972 0.8868356 -0.11586 -0.4473245 -0.07498536 0.2405882 -0.9677265 -0.04132732 0.1319788 -0.9903907 0.4791916 -0.02694232 -0.8772967 0.844139 -0.2982332 -0.4455178 0.9234616 -0.3765145 -0.07386228 0.5694831 -0.2764386 0.7741258 0.8502676 -0.4041335 0.3372256 0.007229386 -0.1641967 0.9864011 -0.04754882 -0.02375915 0.9985864 -0.006663163 -0.06344125 0.9979632 -0.05119682 -0.2601055 0.964222 0.5021701 -0.3986097 0.7674214 0.5021576 -0.4767566 0.7214852 0.7944194 -0.5574616 0.2411107 0.8241522 -0.5603454 -0.08237858 0.8155419 -0.4614893 -0.3491691 0.432729 -0.1141042 -0.8942741 0.454088 -0.1706189 -0.8744675 -0.04689039 0.04499767 -0.997886 -0.04016662 -0.008141675 -0.9991598 0.3396397 -0.337198 -0.8780333 -0.06662065 -0.02186085 -0.9975389 0.4729915 -0.7862843 -0.3975375 0.481732 -0.8662875 -0.1322138 0.5079324 -0.835158 0.2109873 0.422048 -0.6267217 0.6550537 -0.05847433 -0.3320463 0.9414489 -0.0357199 -0.3216622 0.9461804 -0.04666672 -0.6426517 0.7647359 -0.02617865 -0.9764407 0.2141917 -0.07783745 -0.88985 -0.4495647 -0.07984883 -0.9840697 -0.158843 -0.1011088 -0.3494847 -0.9314706 -0.9931141 -0.08530376 -0.08029667 -0.9248763 -0.04184284 -0.377959 -0.9986094 0.02382074 -0.04703109 -0.5999262 -0.08671572 -0.795342 -0.9187935 -0.007040695 -0.3946758 -0.9990275 0.04208391 -0.01315313 -0.5716546 -0.1673433 -0.803248 -0.9032403 -0.05199493 -0.4259738 -0.02570707 -0.1977185 -0.9799218 -0.02046552 -0.1090884 -0.9938214 0.5225022 -0.0818546 -0.8486998 0.490371 -0.1702134 -0.8547302 -0.05428136 -0.2365422 -0.9701037 -0.5661674 -0.1814764 -0.8040652 -0.9996615 0.02215908 -0.01363577 -0.8730675 -0.08014105 -0.4809684 -0.5308036 -0.1094447 -0.8403984 0.4718092 -0.2085534 -0.8566805 -0.03927881 -0.1136552 -0.9927436 0.9030445 -0.0205279 -0.429056 0.8771511 -0.07710481 -0.4739839 0.9019522 -0.01841933 -0.4314428 0.9997351 0.02179442 0.007383089 0.9995192 -0.02337664 -0.02037064 0.9986087 0.05209734 -0.008164054 0.9983802 0.007803662 -0.05635427 0.8599882 -0.134541 -0.492259 0.4923019 -0.127471 -0.8610399 -0.5103834 -0.08046475 -0.8561743 -0.0310259 -0.09205519 -0.9952704 0.466635 -0.09297294 -0.8795497 -0.8616153 -0.07412139 -0.5021205 -0.9990889 0.01355069 -0.04046896 -0.9966893 -0.06903819 -0.04294286 -0.856287 -0.06093657 -0.512893 -0.4881223 -0.1056092 -0.8663621 -0.02223953 -0.1240041 -0.9920325 0.4229178 -0.10518 -0.9000432 0.8556029 -0.08369232 -0.5108222 0.8404369 -0.03772444 -0.5405948 0.9969001 -0.007360899 -0.07833309 0.9932009 -0.07483187 -0.08917567 0.9943981 -0.05671634 -0.08919545 0.8236765 -0.04540358 -0.5652394 0.422995 -0.2029497 -0.8831119 -0.001536868 -0.2069763 -0.9783447 -0.8461862 -0.06332961 -0.5291107 -0.4661482 -0.1815512 -0.8658782 -0.9975769 -0.065614 -0.02313275 -0.99979 -0.01927722 0.006967576 -0.8453894 -0.1296654 -0.5181734 0.01022734 -0.2786721 -0.9603318 -0.4810012 -0.2671144 -0.8350376 0.4473434 -0.2759269 -0.8507339 0.8108785 -0.1213265 -0.5724998 0.9991738 0.004025111 -0.04044187 0.998363 0.03266415 -0.0469509 0.7946431 -0.1877936 -0.5773006 0.4603682 -0.04582312 -0.8865446 0.03601232 -0.06683642 -0.9971139 -0.4797096 -0.05965839 -0.8753968 -0.8370245 -0.2198776 -0.5010427 -0.9996668 -0.01329247 0.02212868 -0.9997021 -0.02243469 -0.009607238 -0.8210942 -0.02953631 -0.5700279 0.01218027 -0.1134383 -0.9934704 -0.4763995 -0.1068908 -0.8727072 0.4710041 -0.0988889 -0.8765707 0.7756721 -0.02601041 -0.6305999 0.9978759 0.01744634 -0.06276409 0.9896293 0.01227267 -0.1431201 0.8319254 -0.06527659 -0.5510346 0.01052228 -0.30961 -0.9508054 0.4704263 -0.260371 -0.8431525 -0.4740342 -0.2742609 -0.8367034 -0.8522973 -0.05488648 -0.52017 -0.9945319 0.01201339 -0.1037396 -0.8606165 -0.1575192 -0.4842799 -0.999842 -0.003234024 -0.01747709 -0.8170371 -0.3294032 -0.4732271 -0.4026658 -0.4961897 -0.7691917 0.3910272 -0.4716261 -0.7903584 0.007216337 -0.5490369 -0.835767 0.8054552 -0.2857437 -0.5192231 0.8427948 -0.1376565 -0.5203342 0.9991446 -0.01441367 -0.03876202 0.9994426 -0.03227061 0.008540875 0.679302 -0.618746 -0.394591 0.9925809 -0.121386 0.006972215 0.3098696 -0.8253421 -0.4720078 -0.3447694 -0.8321346 -0.4343801 0.01552494 -0.8851505 -0.465046 -0.6981364 -0.6165487 -0.3639689 -0.987106 -0.1580053 0.02561176 -0.9982594 -0.05030368 0.03078353 -0.8318412 -0.5529326 0.04802136 -0.3653113 -0.9210923 0.1346719 0.01672884 -0.9885892 0.1497048 0.3306881 -0.9354028 0.1251681 0.8302994 -0.5553238 0.04710117 -0.9036084 4.12834e-4 -0.4283592 -0.9981527 -0.04611695 -0.03955497 -0.5342925 -0.05604211 -0.8434399 -0.9995674 0.01995961 -0.02160765 -0.5445717 -0.05158779 -0.8371264 -0.9029822 -0.01871039 -0.4292706 -0.0376978 -0.05479153 -0.9977859 -0.03135644 -0.06997952 -0.9970555 0.4379165 -0.112471 -0.8919526 0.453171 -0.03552607 -0.8907155 -0.005927102 -0.1557152 -0.9877842 0.4630888 -0.06826653 -0.883679 -0.5363613 -0.1394637 -0.832386 -0.8898247 -0.0899226 -0.4473542 -0.9997344 0.007348744 -0.02184019 -0.528038 -0.1930685 -0.8269827 -0.02187216 -0.21283 -0.9768444 0.4731178 -0.1445977 -0.8690518 0.8756266 -0.02663079 -0.4822539 0.8816288 -0.02382657 -0.4713417 0.9024412 -0.1204964 -0.4136189 0.9997382 0.02046667 -0.01021807 0.7131388 -0.5021278 -0.4891839 0.9231116 -0.3812109 -0.05042925 0.9961815 0.06513025 -0.05814111 0.855122 -0.07294909 -0.5132686 0.9957588 0.04077777 -0.0824712 0.4652172 -0.1835227 -0.8659633 -0.00631735 -0.1757871 -0.984408 -0.4901779 -0.1465405 -0.8592157 -0.8744112 -0.1064925 -0.4733545 -0.8507922 -0.0677044 -0.5211224 -0.9980944 -0.02058509 -0.05816928 -0.9951459 -0.02894676 -0.09405789 -0.9900405 -0.05088793 -0.1312646 -0.8456247 -0.07077405 -0.529065 -0.4640855 -0.08933645 -0.8812739 -0.01014105 -0.1190982 -0.9928307 0.4551012 -0.1395335 -0.8794392 0.8425077 -0.1092818 -0.527483 0.9937121 -0.002170693 -0.1119452 0.9929196 -0.03605011 -0.113187 0.8257816 -0.06162231 -0.5606135 0.4095595 -0.07741822 -0.9089925 -0.002428891 -0.1296833 -0.9915524 -0.4719724 -0.1219608 -0.8731367 -0.9932262 -0.05005196 -0.104865 -0.8515662 -0.08452149 -0.5173888 -0.4822336 -0.2092528 -0.8506845 -0.02383517 -0.2369479 -0.97123 0.4193019 -0.1286966 -0.8986786 0.8279907 -0.07712037 -0.5554132 0.9849364 -0.09564919 -0.1440537 0.9906304 -0.09909968 -0.09397067 0.824841 -0.1011517 -0.5562426 0.4146828 -0.2114931 -0.8850473 -0.04333884 -0.3230269 -0.945397 -0.834788 -0.1156443 -0.5382892 -0.4980138 -0.2872311 -0.8182179 -0.9982513 -0.002419013 -0.05906361 -0.9977142 0.0305376 -0.06028162 -0.8240674 -0.1764638 -0.538306 -0.4898503 -0.03032566 -0.871279 -0.02569197 -0.07266416 -0.9970255 0.4235398 -0.2852909 -0.8597809 0.8148176 -0.1392224 -0.5627517 0.9967328 -0.03140734 -0.07441311 0.999056 -0.001914087 -0.04339741 0.8191397 -0.1754776 -0.5460932 0.4322222 -0.06236087 -0.8996083 -0.03439439 -0.1155432 -0.9927069 -0.7966881 0.02794942 -0.603744 -0.4820017 -0.06629355 -0.8736587 -0.9982008 0.04984289 -0.03333034 -0.8478189 -0.02057279 -0.5298868 -0.9915974 0.06069259 -0.1142413 -0.01622561 -0.2835436 -0.958822 -0.4896075 -0.2423618 -0.8375829 0.415468 -0.1154078 -0.9022568 0.435761 -0.2708851 -0.8583319 0.7918323 -0.01277691 -0.6106048 0.9989737 0.03428629 -0.02959979 0.8212798 -0.08409445 -0.5642939 0.9928773 0.03812419 -0.1128769 0.8312411 -0.1987751 -0.5191594 0.4368269 -0.4898126 -0.7544971 -0.003011072 -0.5534571 -0.8328723 -0.4426581 -0.4853857 -0.7539593 -0.8864607 -0.1462782 -0.4390789 -0.9997431 -0.003325278 -0.02242035 -0.8772758 -0.265967 -0.399561 -0.998593 -0.04144527 0.03308297 -0.3970884 -0.8166443 -0.4188233 -0.7721201 -0.5420957 -0.3316063 0.00564667 -0.8907698 -0.4544196 0.8000486 -0.4754868 -0.3658342 0.4056496 -0.8117877 -0.4200586 0.8467711 -0.3125337 -0.4304664 0.9985415 -0.03292868 -0.04278592 0.9967183 -0.08094368 -9.06114e-4 0.9870491 -0.1340648 0.0880945 0.8933906 -0.4430318 0.07467309 -0.008318975 -0.9959568 0.08944806 0.4126698 -0.9068968 0.08509789 -0.4097954 -0.9089741 0.07637874 -0.8897716 -0.4500135 0.07612137 -0.9941666 -0.07599075 0.07654008 0.1213174 -0.9383019 -0.3238387 0.2084072 -0.9762294 -0.05951874 -0.6286799 -0.579343 -0.5187709 -0.8239771 -0.5631568 -0.06257976 -0.1285851 -0.4840563 -0.8655376 -0.4980208 -0.031569 -0.8665903 -0.9104331 -0.05815367 -0.4095483 0.04436233 -0.5441942 -0.8377856 0.1103812 -0.3953697 -0.9118656 0.04596682 -0.02226613 -0.9986948 -0.5471848 -0.1038185 -0.8305483 0.04026588 -0.06746596 -0.9969087 -0.9005601 -0.08119204 -0.4270823 -0.9994993 0.02593703 -0.01812081 -0.5807745 -0.1626559 -0.7976491 0.02000522 -0.1541821 -0.9878399 0.4660163 -0.04417752 -0.8836725 0.4605864 -0.01596545 -0.8874713 0.5480467 -0.2916077 -0.7839705 0.207225 -0.4921135 -0.8455071 0.1011544 -0.3877689 -0.9161895 0.289373 -0.3323516 -0.8976668 0.6101679 -0.3644398 -0.7034762 0.829434 -0.1577781 -0.5358593 0.8318435 -0.01164666 -0.554888 0.8468257 -0.2394212 -0.4749354 0.857349 -0.01831942 -0.5144094 0.4656624 -0.1246569 -0.8761389 0.01076573 -0.1860465 -0.982482 -0.8971084 -0.1356406 -0.4204738 -0.6168008 -0.1821589 -0.7657511 -0.9981833 -3.35501e-4 -0.06024993 -0.995442 -0.04921039 -0.0816917 -0.8953241 -0.1149683 -0.4303221 -0.6201941 -0.09309016 -0.7789052 0.4469147 -0.2127119 -0.8689194 0.4521023 -0.1439839 -0.8802683 0.02996885 -0.08850272 -0.9956251 0.8605848 -0.05354234 -0.5064849 0.997091 0.02272081 -0.07275542 0.9952267 -0.01366575 -0.09662928 0.992395 -0.07569942 -0.09706619 0.9909959 -0.124485 -0.04929949 0.8693617 -0.1687441 -0.4644736 0.9929408 -0.1086716 -0.04752856 0.6764867 -0.2320081 -0.6989549 0.3547862 -0.2331871 -0.9054008 0.1397822 -0.3052012 -0.941973 0.00890719 -0.3468232 -0.9378881 0.08002015 -0.3303349 -0.9404657 -0.0380345 -0.3582447 -0.9328527 0.2615132 -0.2742104 -0.9254294 0.4702618 -0.2025349 -0.8589724 0.6764472 -0.1435924 -0.7223576 0.8512036 -0.1049354 -0.5142383 0.9876527 -0.04063322 -0.1512984 0.9819394 -0.006389656 -0.189088 0.8539315 -0.1080849 -0.509037 0.6808978 -0.1514192 -0.7165545 0.5166826 -0.2053545 -0.831185 0.3042578 -0.2590831 -0.9166805 0.08748405 -0.2984103 -0.9504198 0.5558764 -0.1384806 -0.8196491 0.6911606 -0.1508098 -0.706791 0.8659543 -0.06788926 -0.4954939 0.9854776 0.02304372 -0.1682344 0.888615 0.03254754 -0.4574975 0.7349947 -0.06525825 -0.6749253 0.7682121 0.13589 -0.6256069 0.9831188 0.1110465 -0.1454166 0.8750942 0.2153552 -0.4333963 0.8673571 0.3137821 -0.386306 0.9525828 0.273318 -0.133728 0.9251557 0.3734327 -0.06808003 0.8239927 0.3648622 -0.4334876 0.8583263 0.197972 -0.473374 0.9830948 0.1045729 -0.1502968 0.9096012 0.3978895 -0.1196233 0.8412328 0.07162936 -0.5359073 0.9736763 -0.01097156 -0.2276713 0.7913437 0.1180909 -0.599858 0.9338584 0.08651134 -0.3470222 0.7581708 -0.1250591 -0.6399509 0.9246652 -0.09091564 -0.3697684 0.9363374 0.05784948 -0.3463032 0.755464 0.02061716 -0.6548657 0.9142272 0.1793536 -0.3633467 0.7130889 0.1631313 -0.6818302 0.701878 -0.06630476 -0.7092044 0.9315014 -0.06545421 -0.3578001 0.5295359 -0.03535531 -0.8475505 0.3838161 0.00299284 -0.9234048 0.7052782 -0.09988184 -0.7018592 0.5053807 -0.08783127 -0.8584148 0.9174455 -0.1077192 -0.3830017 0.4938846 -0.1124796 -0.8622218 0.7199 -0.1042732 -0.6862004 0.394617 -0.117274 -0.9113309 0.3838982 -0.08235984 -0.9196951 0.3008914 -0.09335693 -0.9490779 0.1769614 -0.1266453 -0.9760357 0.3153071 -0.1207131 -0.941281 0.3575622 -0.1408023 -0.923214 0.4066435 -0.1469046 -0.9016985 0.7505949 -0.1429646 -0.6451112 0.4924889 -0.1486989 -0.8575217 0.9666371 -0.1138693 -0.2294481 0.9444042 -0.09986073 -0.313255 0.3013863 -0.1140579 -0.9466558 0.1696083 -0.1187502 -0.978331 0.09969153 -0.1219741 -0.987514 0.04729263 -0.1315279 -0.9901837 -0.078031 -0.135791 -0.9876599 -0.1444769 -0.1262799 -0.9814172 -0.1985681 -0.104291 -0.9745224 -0.2768768 -0.1175628 -0.9536867 -0.2663899 -0.09571479 -0.9591012 -0.3677669 -7.18772e-4 -0.9299178 -0.3835917 -0.07996581 -0.9200342 -0.2817574 -0.1138993 -0.9527013 -0.3912993 -0.118953 -0.9125431 -0.3941063 -0.1266073 -0.9103026 0.9940226 0.03345973 -0.1039205 0.8493695 -0.08352052 -0.5211485 0.9940491 0.008952853 -0.1085638 0.8334078 -0.1067407 -0.5422524 0.9883689 -0.07044081 -0.1347776 0.8391528 -0.1362769 -0.5265464 0.4556721 -0.1334538 -0.880087 0.0108118 -0.1274525 -0.9917858 0.4589217 -0.1731642 -0.8714384 -0.02033028 -0.1841325 -0.9826911 0.9869211 -0.1116451 -0.1162843 0.8556676 -0.127471 -0.5015814 -0.004106207 -0.2503412 -0.9681489 0.4559619 -0.2357961 -0.8581951 -0.636444 -0.1287053 -0.760509 -0.6319864 -0.1156892 -0.7662957 -0.8962828 -0.07466988 -0.4371516 -0.8998402 -0.07113965 -0.4303796 -0.9024804 -0.04804194 -0.4280433 -0.5969998 -0.1740435 -0.7831347 0.01056226 -0.3194319 -0.9475504 0.8566752 -0.1383428 -0.4969595 0.4808515 -0.3191838 -0.8166417 0.9964284 -0.06722228 -0.05110359 0.998773 -0.01723128 -0.04642829 0.8542693 -0.2202833 -0.4708494 0.4899173 -0.1447039 -0.8596755 -0.6017619 -0.2657131 -0.7531793 0.001681491 -0.1455219 -0.9893537 -0.8928696 -0.07662413 -0.4437484 -0.9992716 0.02635848 -0.02759475 -0.9968191 -0.0519838 -0.06040866 -0.9922622 -0.09070507 -0.08478422 -0.9940498 -0.06035739 -0.09067347 -0.9967905 0.06678643 -0.04413765 -0.8825254 -0.1339417 -0.4507864 -0.5987322 -0.09700096 -0.7950538 0.004621494 -0.1652289 -0.9862444 0.8370718 -0.09559907 -0.5386757 0.4869886 -0.1596023 -0.8587021 0.9992509 0.009248932 -0.03757569 0.9943444 -0.01633025 -0.1049409 0.833743 -0.1231444 -0.5382453 0.4786105 -0.2539566 -0.8404986 -0.01239331 -0.2840083 -0.9587418 -0.5821815 -0.1041529 -0.8063604 -0.870786 -0.01017209 -0.491557 -0.9971114 0.06122079 -0.04495425 -0.996736 0.05048387 -0.06299801 -0.8816131 -0.03596054 -0.4706007 -0.5866891 -0.2118871 -0.7816008 -0.01918826 -0.5427056 -0.8397038 0.4395899 -0.4901428 -0.7526757 0.8464378 -0.1980557 -0.4942845 0.9923788 -0.08894537 -0.08528255 0.8311744 -0.3376951 -0.441714 0.9923598 -0.1201991 -0.0278216 0.3604909 -0.777156 -0.5158244 -0.01457496 -0.8229128 -0.5679808 -0.3601379 -0.7485984 -0.5566877 -0.4769481 -0.4398277 -0.7609679 -0.8948745 -0.08865705 -0.4374236 -0.9994198 0.001148679 -0.0340406 -0.999041 -0.00760664 0.04312209 -0.8546004 -0.2522292 -0.4539149 -0.3836673 -0.9211922 0.06484001 -0.80256 -0.4769932 -0.3582944 -0.8709745 -0.4845803 0.08115011 -0.01747646 -0.9958987 0.08877126 0.4105883 -0.9076419 0.0871981 0.748731 -0.5318774 -0.3956113 0.8420309 -0.5348166 0.0703931 0.9816852 -0.1874237 0.03415751 -0.9924248 -0.103113 0.06678843</float_array>
          <technique_common>
            <accessor source="#geom-hand_baseShape-normals-array" count="1714" stride="3">
              <param name="X" type="float"/>
              <param name="Y" type="float"/>
              <param name="Z" type="float"/>
            </accessor>
          </technique_common>
        </source>
        <source id="geom-hand_baseShape-map-2">
          <float_array id="geom-hand_baseShape-map-2-array" count="5142">1 1 1 1 1 1 1 1 1 1 1 1 1 1 1 1 1 1 1 1 1 1 1 1 1 1 1 1 1 1 1 1 1 1 1 1 1 1 1 1 1 1 1 1 1 1 1 1 1 1 1 1 1 1 1 1 1 1 1 1 1 1 1 1 1 1 1 1 1 1 1 1 1 1 1 1 1 1 1 1 1 1 1 1 1 1 1 1 1 1 1 1 1 1 1 1 1 1 1 1 1 1 1 1 1 1 1 1 1 1 1 1 1 1 1 1 1 1 1 1 1 1 1 1 1 1 1 1 1 1 1 1 1 1 1 1 1 1 1 1 1 1 1 1 1 1 1 1 1 1 1 1 1 1 1 1 1 1 1 1 1 1 1 1 1 1 1 1 1 1 1 1 1 1 1 1 1 1 1 1 1 1 1 1 1 1 1 1 1 1 1 1 1 1 1 1 1 1 1 1 1 1 1 1 1 1 1 1 1 1 1 1 1 1 1 1 1 1 1 1 1 1 1 1 1 1 1 1 1 1 1 1 1 1 1 1 1 1 1 1 1 1 1 1 1 1 1 1 1 1 1 1 1 1 1 1 1 1 1 1 1 1 1 1 1 1 1 1 1 1 1 1 1 1 1 1 1 1 1 1 1 1 1 1 1 1 1 1 1 1 1 1 1 1 1 1 1 1 1 1 1 1 1 1 1 1 1 1 1 1 1 1 1 1 1 1 1 1 1 1 1 1 1 1 1 1 1 1 1 1 1 1 1 1 1 1 1 1 1 1 1 1 1 1 1 1 1 1 1 1 1 1 1 1 1 1 1 1 1 1 1 1 1 1 1 1 1 1 1 1 1 1 1 1 1 1 1 1 1 1 1 1 1 1 1 1 1 1 1 1 1 1 1 1 1 1 1 1 1 1 1 1 1 1 1 1 1 1 1 1 1 1 1 1 1 1 1 1 1 1 1 1 1 1 1 1 1 1 1 1 1 1 1 1 1 1 1 1 1 1 1 1 1 1 1 1 1 1 1 1 1 1 1 1 1 1 1 1 1 1 1 1 1 1 1 1 1 1 1 1 1 1 1 1 1 1 1 1 1 1 1 1 1 1 1 1 1 1 1 1 1 1 1 1 1 1 1 1 1 1 1 1 1 1 1 1 1 1 1 1 1 1 1 1 1 1 1 1 1 1 1 1 1 1 1 1 1 1 1 1 1 1 1 1 1 1 1 1 1 1 1 1 1 1 1 1 1 1 1 1 1 1 1 1 1 1 1 1 1 1 1 1 1 1 1 1 1 1 1 1 1 1 1 1 1 1 1 1 1 1 1 1 1 1 1 1 1 1 1 1 1 1 1 1 1 1 1 1 1 1 1 1 1 1 1 1 1 1 1 1 1 1 1 1 1 1 1 1 1 1 1 1 1 1 1 1 1 1 1 1 1 1 1 1 1 1 1 1 1 1 1 1 1 1 1 1 1 1 1 1 1 1 1 1 1 1 1 1 1 1 1 1 1 1 1 1 1 1 1 1 1 1 1 1 1 1 1 1 1 1 1 1 1 1 1 1 1 1 1 1 1 1 1 1 1 1 1 1 1 1 1 1 1 1 1 1 1 1 1 1 1 1 1 1 1 1 1 1 1 1 1 1 1 1 1 1 1 1 1 1 1 1 1 1 1 1 1 1 1 1 1 1 1 1 1 1 1 1 1 1 1 1 1 1 1 1 1 1 1 1 1 1 1 1 1 1 1 1 1 1 1 1 1 1 1 1 1 1 1 1 1 1 1 1 1 1 1 1 1 1 1 1 1 1 1 1 1 1 1 1 1 1 1 1 1 1 1 1 1 1 1 1 1 1 1 1 1 1 1 1 1 1 1 1 1 1 1 1 1 1 1 1 1 1 1 1 1 1 1 1 1 1 1 1 1 1 1 1 1 1 1 1 1 1 1 1 1 1 1 1 1 1 1 1 1 1 1 1 1 1 1 1 1 1 1 1 1 1 1 1 1 1 1 1 1 1 1 1 1 1 1 1 1 1 1 1 1 1 1 1 1 1 1 1 1 1 1 1 1 1 1 1 1 1 1 1 1 1 1 1 1 1 1 1 1 1 1 1 1 1 1 1 1 1 1 1 1 1 1 1 1 1 1 1 1 1 1 1 1 1 1 1 1 1 1 1 1 1 1 1 1 1 1 1 1 1 1 1 1 1 1 1 1 1 1 1 1 1 1 1 1 1 1 1 1 1 1 1 1 1 1 1 1 1 1 1 1 1 1 1 1 1 1 1 1 1 1 1 1 1 1 1 1 1 1 1 1 1 1 1 1 1 1 1 1 1 1 1 1 1 1 1 1 1 1 1 1 1 1 1 1 1 1 1 1 1 1 1 1 1 1 1 1 1 1 1 1 1 1 1 1 1 1 1 1 1 1 1 1 1 1 1 1 1 1 1 1 1 1 1 1 1 1 1 1 1 1 1 1 1 1 1 1 1 1 1 1 1 1 1 1 1 1 1 1 1 1 1 1 1 1 1 1 1 1 1 1 1 1 1 1 1 1 1 1 1 1 1 1 1 1 1 1 1 1 1 1 1 1 1 1 1 1 1 1 1 1 1 1 1 1 1 1 1 1 1 1 1 1 1 1 1 1 1 1 1 1 1 1 1 1 1 1 1 1 1 1 1 1 1 1 1 1 1 1 1 1 1 1 1 1 1 1 1 1 1 1 1 1 1 1 1 1 1 1 1 1 1 1 1 1 1 1 1 1 1 1 1 1 1 1 1 1 1 1 1 1 1 1 1 1 1 1 1 1 1 1 1 1 1 1 1 1 1 1 1 1 1 1 1 1 1 1 1 1 1 1 1 1 1 1 1 1 1 1 1 1 1 1 1 1 1 1 1 1 1 1 1 1 1 1 1 1 1 1 1 1 1 1 1 1 1 1 1 1 1 1 1 1 1 1 1 1 1 1 1 1 1 1 1 1 1 1 1 1 1 1 1 1 1 1 1 1 1 1 1 1 1 1 1 1 1 1 1 1 1 1 1 1 1 1 1 1 1 1 1 1 1 1 1 1 1 1 1 1 1 1 1 1 1 1 1 1 1 1 1 1 1 1 1 1 1 1 1 1 1 1 1 1 1 1 1 1 1 1 1 1 1 1 1 1 1 1 1 1 1 1 1 1 1 1 1 1 1 1 1 1 1 1 1 1 1 1 1 1 1 1 1 1 1 1 1 1 1 1 1 1 1 1 1 1 1 1 1 1 1 1 1 1 1 1 1 1 1 1 1 1 1 1 1 1 1 1 1 1 1 1 1 1 1 1 1 1 1 1 1 1 1 1 1 1 1 1 1 1 1 1 1 1 1 1 1 1 1 1 1 1 1 1 1 1 1 1 1 1 1 1 1 1 1 1 1 1 1 1 1 1 1 1 1 1 1 1 1 1 1 1 1 1 1 1 1 1 1 1 1 1 1 1 1 1 1 1 1 1 1 1 1 1 1 1 1 1 1 1 1 1 1 1 1 1 1 1 1 1 1 1 1 1 1 1 1 1 1 1 1 1 1 1 1 1 1 1 1 1 1 1 1 1 1 1 1 1 1 1 1 1 1 1 1 1 1 1 1 1 1 1 1 1 1 1 1 1 1 1 1 1 1 1 1 1 1 1 1 1 1 1 1 1 1 1 1 1 1 1 1 1 1 1 1 1 1 1 1 1 1 1 1 1 1 1 1 1 1 1 1 1 1 1 1 1 1 1 1 1 1 1 1 1 1 1 1 1 1 1 1 1 1 1 1 1 1 1 1 1 1 1 1 1 1 1 1 1 1 1 1 1 1 1 1 1 1 1 1 1 1 1 1 1 1 1 1 1 1 1 1 1 1 1 1 1 1 1 1 1 1 1 1 1 1 1 1 1 1 1 1 1 1 1 1 1 1 1 1 1 1 1 1 1 1 1 1 1 1 1 1 1 1 1 1 1 1 1 1 1 1 1 1 1 1 1 1 1 1 1 1 1 1 1 1 1 1 1 1 1 1 1 1 1 1 1 1 1 1 1 1 1 1 1 1 1 1 1 1 1 1 1 1 1 1 1 1 1 1 1 1 1 1 1 1 1 1 1 1 1 1 1 1 1 1 1 1 1 1 1 1 1 1 1 1 1 1 1 1 1 1 1 1 1 1 1 1 1 1 1 1 1 1 1 1 1 1 1 1 1 1 1 1 1 1 1 1 1 1 1 1 1 1 1 1 1 1 1 1 1 1 1 1 1 1 1 1 1 1 1 1 1 1 1 1 1 1 1 1 1 1 1 1 1 1 1 1 1 1 1 1 1 1 1 1 1 1 1 1 1 1 1 1 1 1 1 1 1 1 1 1 1 1 1 1 1 1 1 1 1 1 1 1 1 1 1 1 1 1 1 1 1 1 1 1 1 1 1 1 1 1 1 1 1 1 1 1 1 1 1 1 1 1 1 1 1 1 1 1 1 1 1 1 1 1 1 1 1 1 1 1 1 1 1 1 1 1 1 1 1 1 1 1 1 1 1 1 1 1 1 1 1 1 1 1 1 1 1 1 1 1 1 1 1 1 1 1 1 1 1 1 1 1 1 1 1 1 1 1 1 1 1 1 1 1 1 1 1 1 1 1 1 1 1 1 1 1 1 1 1 1 1 1 1 1 1 1 1 1 1 1 1 1 1 1 1 1 1 1 1 1 1 1 1 1 1 1 1 1 1 1 1 1 1 1 1 1 1 1 1 1 1 1 1 1 1 1 1 1 1 1 1 1 1 1 1 1 1 1 1 1 1 1 1 1 1 1 1 1 1 1 1 1 1 1 1 1 1 1 1 1 1 1 1 1 1 1 1 1 1 1 1 1 1 1 1 1 1 1 1 1 1 1 1 1 1 1 1 1 1 1 1 1 1 1 1 1 1 1 1 1 1 1 1 1 1 1 1 1 1 1 1 1 1 1 1 1 1 1 1 1 1 1 1 1 1 1 1 1 1 1 1 1 1 1 1 1 1 1 1 1 1 1 1 1 1 1 1 1 1 1 1 1 1 1 1 1 1 1 1 1 1 1 1 1 1 1 1 1 1 1 1 1 1 1 1 1 1 1 1 1 1 1 1 1 1 1 1 1 1 1 1 1 1 1 1 1 1 1 1 1 1 1 1 1 1 1 1 1 1 1 1 1 1 1 1 1 1 1 1 1 1 1 1 1 1 1 1 1 1 1 1 1 1 1 1 1 1 1 1 1 1 1 1 1 1 1 1 1 1 1 1 1 1 1 1 1 1 1 1 1 1 1 1 1 1 1 1 1 1 1 1 1 1 1 1 1 1 1 1 1 1 1 1 1 1 1 1 1 1 1 1 1 1 1 1 1 1 1 1 1 1 1 1 1 1 1 1 1 1 1 1 1 1 1 1 1 1 1 1 1 1 1 1 1 1 1 1 1 1 1 1 1 1 1 1 1 1 1 1 1 1 1 1 1 1 1 1 1 1 1 1 1 1 1 1 1 1 1 1 1 1 1 1 1 1 1 1 1 1 1 1 1 1 1 1 1 1 1 1 1 1 1 1 1 1 1 1 1 1 1 1 1 1 1 1 1 1 1 1 1 1 1 1 1 1 1 1 1 1 1 1 1 1 1 1 1 1 1 1 1 1 1 1 1 1 1 1 1 1 1 1 1 1 1 1 1 1 1 1 1 1 1 1 1 1 1 1 1 1 1 1 1 1 1 1 1 1 1 1 1 1 1 1 1 1 1 1 1 1 1 1 1 1 1 1 1 1 1 1 1 1 1 1 1 1 1 1 1 1 1 1 1 1 1 1 1 1 1 1 1 1 1 1 1 1 1 1 1 1 1 1 1 1 1 1 1 1 1 1 1 1 1 1 1 1 1 1 1 1 1 1 1 1 1 1 1 1 1 1 1 1 1 1 1 1 1 1 1 1 1 1 1 1 1 1 1 1 1 1 1 1 1 1 1 1 1 1 1 1 1 1 1 1 1 1 1 1 1 1 1 1 1 1 1 1 1 1 1 1 1 1 1 1 1 1 1 1 1 1 1 1 1 1 1 1 1 1 1 1 1 1 1 1 1 1 1 1 1 1 1 1 1 1 1 1 1 1 1 1 1 1 1 1 1 1 1 1 1 1 1 1 1 1 1 1 1 1 1 1 1 1 1 1 1 1 1 1 1 1 1 1 1 1 1 1 1 1 1 1 1 1 1 1 1 1 1 1 1 1 1 1 1 1 1 1 1 1 1 1 1 1 1 1 1 1 1 1 1 1 1 1 1 1 1 1 1 1 1 1 1 1 1 1 1 1 1 1 1 1 1 1 1 1 1 1 1 1 1 1 1 1 1 1 1 1 1 1 1 1 1 1 1 1 1 1 1 1 1 1 1 1 1 1 1 1 1 1 1 1 1 1 1 1 1 1 1 1 1 1 1 1 1 1 1 1 1 1 1 1 1 1 1 1 1 1 1 1 1 1 1 1 1 1 1 1 1 1 1 1 1 1 1 1 1 1 1 1 1 1 1 1 1 1 1 1 1 1 1 1 1 1 1 1 1 1 1 1 1 1 1 1 1 1 1 1 1 1 1 1 1 1 1 1 1 1 1 1 1 1 1 1 1 1 1 1 1 1 1 1 1 1 1 1 1 1 1 1 1 1 1 1 1 1 1 1 1 1 1 1 1 1 1 1 1 1 1 1 1 1 1 1 1 1 1 1 1 1 1 1 1 1 1 1 1 1 1 1 1 1 1 1 1 1 1 1 1 1 1 1 1 1 1 1 1 1 1 1 1 1 1 1 1 1 1 1 1 1 1 1 1 1 1 1 1 1 1 1 1 1 1 1 1 1 1 1 1 1 1 1 1 1 1 1 1 1 1 1 1 1 1 1 1 1 1 1 1 1 1 1 1 1 1 1 1 1 1 1 1 1 1 1 1 1 1 1 1 1 1 1 1 1 1 1 1 1 1 1 1 1 1 1 1 1 1 1 1 1 1 1 1 1 1 1 1 1 1 1 1 1 1 1 1 1 1 1 1 1 1 1 1 1 1 1 1 1 1 1 1 1 1 1 1 1 1 1 1 1 1 1 1 1 1 1 1 1 1 1 1 1 1 1 1 1 1 1 1 1 1 1 1 1 1 1 1 1 1 1 1 1 1 1 1 1 1 1 1 1 1 1 1 1 1 1 1 1 1 1 1 1 1 1 1 1 1 1 1 1 1 1 1 1 1 1 1 1 1 1 1 1 1 1 1 1 1 1 1 1 1 1 1 1 1 1 1 1 1 1 1 1 1 1 1 1 1 1 1 1 1 1 1 1 1 1 1 1 1 1 1 1 1 1 1 1 1 1 1 1 1 1 1 1 1 1 1 1 1 1 1 1 1 1 1 1 1 1 1 1 1 1 1 1 1 1 1 1 1 1 1 1 1 1 1 1 1 1 1 1 1 1 1 1 1 1 1 1 1 1 1 1 1 1 1 1 1 1 1 1 1 1 1 1 1 1 1 1 1 1 1 1 1 1 1 1 1 1 1 1 1 1 1 1 1 1 1 1 1 1 1 1 1 1 1 1 1 1 1 1 1 1 1 1 1 1 1 1 1 1 1 1 1 1 1 1 1 1 1 1 1 1 1 1 1 1 1 1 1 1 1 1 1 1 1 1 1 1 1 1 1 1 1 1 1 1 1 1 1 1 1 1 1 1 1 1 1 1 1 1 1 1 1 1 1 1 1 1 1 1 1 1 1 1 1 1 1 1 1 1 1 1 1 1 1 1 1 1 1 1 1 1 1 1 1 1 1 1 1 1 1 1 1 1 1 1 1 1 1 1 1 1 1 1 1 1 1 1 1 1 1 1 1 1 1 1 1 1 1 1 1 1 1 1 1 1 1 1 1 1 1 1 1 1 1 1 1 1 1 1 1 1 1 1 1 1 1 1 1 1 1 1 1 1 1 1 1 1 1 1 1 1 1 1 1 1 1 1 1 1 1 1 1 1 1 1 1 1 1 1 1 1 1 1 1 1 1 1 1 1 1 1 1 1 1 1 1 1 1 1 1 1 1 1 1 1 1 1 1 1 1 1 1 1 1 1 1 1 1 1 1 1 1 1 1 1 1 1 1 1 1 1 1 1 1 1 1 1 1 1 1 1 1 1 1 1 1 1 1 1 1 1 1 1 1 1 1 1 1 1 1 1 1 1 1 1 1 1 1 1 1 1 1 1 1 1 1 1 1 1 1 1 1 1 1 1 1 1 1 1 1 1 1 1 1 1 1 1 1 1 1 1 1 1 1 1 1 1 1 1 1 1 1 1 1 1 1 1 1 1 1 1 1 1 1 1 1 1 1 1 1 1 1 1 1 1 1 1 1 1 1 1 1 1 1 1 1 1 1 1 1 1 1 1 1 1 1 1 1 1 1 1 1 1 1 1 1 1 1 1 1 1 1 1 1 1 1 1 1 1 1 1 1 1 1 1 1 1 1 1 1 1 1 1 1 1 1 1 1 1 1 1 1 1 1 1 1 1 1 1 1 1 1 1 1 1 1 1 1 1 1 1 1 1 1 1 1 1 1 1 1 1 1 1 1 1 1 1 1 1 1 1 1 1 1 1 1 1 1 1 1 1 1 1 1 1 1 1 1 1 1 1 1 1 1 1 1 1 1 1 1 1 1 1 1 1 1 1 1 1 1 1 1 1 1 1 1 1 1 1 1 1 1 1 1 1 1 1 1 1 1 1 1 1 1 1 1 1 1 1 1 1 1 1 1 1 1 1 1 1 1 1 1 1 1 1 1 1 1 1 1 1 1 1 1 1 1 1 1 1 1 1 1 1 1 1 1 1 1 1 1 1 1 1 1 1 1 1 1 1 1 1 1 1 1 1 1 1 1 1 1 1 1 1 1 1 1 1 1 1 1 1 1 1 1 1 1 1 1 1 1 1 1 1 1 1 1 1 1 1 1 1 1 1 1 1 1 1 1 1 1 1 1 1 1 1 1 1 1 1 1 1 1 1 1 1 1 1 1 1 1 1 1 1 1 1 1 1 1 1 1 1 1 1 1 1 1 1 1 1 1 1 1 1 1 1 1 1 1 1 1 1 1 1 1 1 1 1 1 1 1 1 1 1 1 1 1 1 1 1 1 1 1 1 1 1 1 1 1 1 1 1 1 1 1 1 1 1 1 1 1 1 1 1 1 1 1 1 1 1 1 1 1 1 1 1 1 1 1 1 1 1 1 1 1 1 1 1 1 1 1 1 1 1 1 1 1 1 1 1 1 1 1 1 1 1 1 1 1 1 1 1 1 1 1 1 1 1 1 1 1 1 1 1 1 1 1 1 1 1 1 1 1 1 1 1 1 1 1 1 1 1 1 1 1 1 1 1 1 1 1 1 1 1 1 1 1 1 1 1 1 1 1 1 1 1 1 1 1 1 1 1 1 1 1 1 1 1 1 1 1 1 1 1 1 1 1 1 1 1 1 1 1 1 1 1 1 1 1 1 1 1 1 1 1 1 1 1 1 1 1 1 1 1 1 1 1 1 1 1 1 1 1 1 1 1 1 1 1 1 1 1 1 1 1 1 1 1 1 1 1 1 1 1 1 1 1 1 1 1 1 1 1 1 1 1 1 1 1 1 1 1 1 1 1 1 1 1 1 1 1 1 1 1 1 1 1 1 1 1 1 1 1 1 1 1 1 1 1 1 1 1 1 1 1 1 1 1 1 1 1 1 1 1 1 1 1 1 1 1 1 1 1 1 1 1 1 1 1 1 1 1 1 1 1 1 1 1 1 1 1 1 1 1 1 1 1 1 1 1 1 1 1 1 1 1 1 1 1 1 1 1 1 1 1 1 1 1 1 1 1 1 1 1 1 1 1 1 1 1 1 1 1 1 1 1 1 1 1 1 1 1 1 1 1 1 1 1 1 1 1 1 1 1 1 1 1 1 1 1 1 1 1 1 1 1 1 1 1 1 1 1 1 1 1 1 1 1 1 1 1 1 1 1 1 1 1 1 1 1 1 1 1 1 1 1 1 1 1 1 1 1 1 1 1 1 1 1 1 1 1 1 1 1 1 1 1 1 1 1 1 1 1 1 1 1 1 1 1 1 1 1 1 1 1 1 1 1 1 1 1 1 1 1 1 1 1 1 1 1 1 1 1 1 1 1 1 1 1 1 1 1 1 1 1 1 1 1 1 1 1 1 1 1 1 1 1 1 1 1 1 1 1 1 1 1 1 1 1 1 1 1 1 1 1 1 1 1 1 1 1 1 1 1 1 1 1 1 1 1 1 1 1 1 1 1 1 1 1 1 1 1 1 1 1 1 1 1 1 1 1 1 1 1 1 1 1 1 1 1 1 1 1 1 1 1 1 1 1 1 1 1 1 1 1 1 1 1 1 1 1 1 1 1 1 1 1 1 1 1 1 1 1 1 1 1 1 1 1 1 1 1 1 1 1 1 1 1 1 1 1 1 1 1 1 1 1 1 1 1 1 1 1 1 1 1 1 1 1 1 1 1 1 1 1 1 1 1 1 1 1 1 1 1 1 1 1 1 1 1 1 1 1 1 1 1 1 1 1 1 1 1 1 1 1 1 1 1 1 1 1 1 1 1 1 1 1 1 1 1 1 1 1 1 1 1 1 1 1 1 1 1 1 1 1 1 1 1 1 1 1 1 1 1 1 1 1 1 1 1 1 1 1 1 1 1 1 1 1 1 1 1 1 1 1 1 1 1 1 1 1 1 1 1 1 1 1 1 1 1 1 1 1 1 1 1 1 1 1 1 1 1 1 1 1 1 1 1 1 1 1 1 1 1 1 1 1 1 1 1 1 1 1 1 1 1 1 1 1 1 1 1 1 1 1 1 1 1 1 1 1 1 1 1 1 1 1 1 1 1 1 1 1 1 1 1 1 1 1 1 1 1 1 1 1 1 1 1 1 1 1 1 1 1 1 1 1 1 1 1 1 1 1 1 1 1 1 1 1 1 1 1 1 1 1 1 1 1 1 1 1 1 1 1 1 1 1 1 1 1 1 1 1 1 1 1 1 1 1 1 1 1 1 1 1 1 1 1 1 1 1 1 1 1 1 1 1 1 1 1 1 1 1 1 1 1 1 1 1 1 1 1 1 1 1 1 1 1 1 1 1 1 1 1 1 1 1 1 1 1 1 1 1 1 1 1 1 1 1 1 1 1 1 1 1 1 1 1 1 1 1 1 1 1 1 1 1 1 1 1 1 1 1 1 1 1 1 1 1 1 1 1 1 1 1 1 1 1 1 1 1 1 1 1 1 1 1 1 1 1 1 1 1 1 1 1 1 1 1 1 1 1 1 1 1 1 1 1 1 1 1 1 1 1 1 1 1 1 1 1 1 1 1 1 1 1 1 1 1 1 1 1 1 1 1 1 1 1 1 1 1 1 1 1 1 1 1 1 1 1 1 1 1 1 1 1 1 1 1 1 1 1 1 1 1 1 1 1 1 1 1 1 1 1 1 1 1 1 1 1 1 1 1 1 1 1 1 1 1 1 1 1 1 1 1 1 1 1 1 1 1 1 1 1 1 1 1 1 1 1 1 1 1 1 1 1 1 1 1 1 1 1 1 1 1 1 1 1 1</float_array>
          <technique_common>
            <accessor source="#geom-hand_baseShape-map-2-array" count="1714" stride="3">
              <param name="R" type="float"/>
              <param name="G" type="float"/>
              <param name="B" type="float"/>
            </accessor>
          </technique_common>
        </source>
        <source id="geom-hand_baseShape-map0">
          <float_array id="geom-hand_baseShape-map0-array" count="5142">0.5019608 0.5019608 0.5019608 0.5019608 0.5019608 0.5019608 0.5019608 0.5019608 0.5019608 0.5019608 0.5019608 0.5019608 0.5019608 0.5019608 0.5019608 0.5019608 0.5019608 0.5019608 0.5019608 0.5019608 0.5019608 0.5019608 0.5019608 0.5019608 0.5019608 0.5019608 0.5019608 0.5019608 0.5019608 0.5019608 0.5019608 0.5019608 0.5019608 0.5019608 0.5019608 0.5019608 0.5019608 0.5019608 0.5019608 0.5019608 0.5019608 0.5019608 0.5019608 0.5019608 0.5019608 0.5019608 0.5019608 0.5019608 0.5019608 0.5019608 0.5019608 0.5019608 0.5019608 0.5019608 0.5019608 0.5019608 0.5019608 0.5019608 0.5019608 0.5019608 0.5019608 0.5019608 0.5019608 0.5019608 0.5019608 0.5019608 0.5019608 0.5019608 0.5019608 0.5019608 0.5019608 0.5019608 0.5019608 0.5019608 0.5019608 0.5019608 0.5019608 0.5019608 0.5019608 0.5019608 0.5019608 0.5019608 0.5019608 0.5019608 0.5019608 0.5019608 0.5019608 0.5019608 0.5019608 0.5019608 0.5019608 0.5019608 0.5019608 0.5019608 0.5019608 0.5019608 0.5019608 0.5019608 0.5019608 0.5019608 0.5019608 0.5019608 0.5019608 0.5019608 0.5019608 0.5019608 0.5019608 0.5019608 0.5019608 0.5019608 0.5019608 0.5019608 0.5019608 0.5019608 0.5019608 0.5019608 0.5019608 0.5019608 0.5019608 0.5019608 0.5019608 0.5019608 0.5019608 0.5019608 0.5019608 0.5019608 0.5019608 0.5019608 0.5019608 0.5019608 0.5019608 0.5019608 0.5019608 0.5019608 0.5019608 0.5019608 0.5019608 0.5019608 0.5019608 0.5019608 0.5019608 0.5019608 0.5019608 0.5019608 0.5019608 0.5019608 0.5019608 0.5019608 0.5019608 0.5019608 0.5019608 0.5019608 0.5019608 0.5019608 0.5019608 0.5019608 0.5019608 0.5019608 0.5019608 0.5019608 0.5019608 0.5019608 0.5019608 0.5019608 0.5019608 0.5019608 0.5019608 0.5019608 0.5019608 0.5019608 0.5019608 0.5019608 0.5019608 0.5019608 0.5019608 0.5019608 0.5019608 0.5019608 0.5019608 0.5019608 0.5019608 0.5019608 0.5019608 0.5019608 0.5019608 0.5019608 0.5019608 0.5019608 0.5019608 0.5019608 0.5019608 0.5019608 0.5019608 0.5019608 0.5019608 0.5019608 0.5019608 0.5019608 0.5019608 0.5019608 0.5019608 0.5019608 0.5019608 0.5019608 0.5019608 0.5019608 0.5019608 0.5019608 0.5019608 0.5019608 0.5019608 0.5019608 0.5019608 0.5019608 0.5019608 0.5019608 0.5019608 0.5019608 0.5019608 0.5019608 0.5019608 0.5019608 0.5019608 0.5019608 0.5019608 0.5019608 0.5019608 0.5019608 0.5019608 0.5019608 0.5019608 0.5019608 0.5019608 0.5019608 0.5019608 0.5019608 0.5019608 0.5019608 0.5019608 0.5019608 0.5019608 0.5019608 0.5019608 0.5019608 0.5019608 0.5019608 0.5019608 0.5019608 0.5019608 0.5019608 0.5019608 0.5019608 0.5019608 0.5019608 0.5019608 0.5019608 0.5019608 0.5019608 0.5019608 0.5019608 0.5019608 0.5019608 0.5019608 0.5019608 0.5019608 0.5019608 0.5019608 0.5019608 0.5019608 0.5019608 0.5019608 0.5019608 0.5019608 0.5019608 0.5019608 0.5019608 0.5019608 0.5019608 0.5019608 0.5019608 0.5019608 0.5019608 0.5019608 0.5019608 0.5019608 0.5019608 0.5019608 0.5019608 0.5019608 0.5019608 0.5019608 0.5019608 0.5019608 0.5019608 0.5019608 0.5019608 0.5019608 0.5019608 0.5019608 0.5019608 0.5019608 0.5019608 0.5019608 0.5019608 0.5019608 0.5019608 0.5019608 0.5019608 0.5019608 0.5019608 0.5019608 0.5019608 0.5019608 0.5019608 0.5019608 0.5019608 0.5019608 0.5019608 0.5019608 0.5019608 0.5019608 0.5019608 0.5019608 0.5019608 0.5019608 0.5019608 0.5019608 0.5019608 0.5019608 0.5019608 0.5019608 0.5019608 0.5019608 0.5019608 0.5019608 0.5019608 0.5019608 0.5019608 0.5019608 0.5019608 0.5019608 0.5019608 0.5019608 0.5019608 0.5019608 0.5019608 0.5019608 0.5019608 0.5019608 0.5019608 0.5019608 0.5019608 0.5019608 0.5019608 0.5019608 0.5019608 0.5019608 0.5019608 0.5019608 0.5019608 0.5019608 0.5019608 0.5019608 0.5019608 0.5019608 0.5019608 0.5019608 0.5019608 0.5019608 0.5019608 0.5019608 0.5019608 0.5019608 0.5019608 0.5019608 0.5019608 0.5019608 0.5019608 0.5019608 0.5019608 0.5019608 0.5019608 0.5019608 0.5019608 0.5019608 0.5019608 0.5019608 0.5019608 0.5019608 0.5019608 0.5019608 0.5019608 0.5019608 0.5019608 0.5019608 0.5019608 0.5019608 0.5019608 0.5019608 0.5019608 0.5019608 0.5019608 0.5019608 0.5019608 0.5019608 0.5019608 0.5019608 0.5019608 0.5019608 0.5019608 0.5019608 0.5019608 0.5019608 0.5019608 0.5019608 0.5019608 0.5019608 0.5019608 0.5019608 0.5019608 0.5019608 0.5019608 0.5019608 0.5019608 0.5019608 0.5019608 0.5019608 0.5019608 0.5019608 0.5019608 0.5019608 0.5019608 0.5019608 0.5019608 0.5019608 0.5019608 0.5019608 0.5019608 0.5019608 0.5019608 0.5019608 0.5019608 0.5019608 0.5019608 0.5019608 0.5019608 0.5019608 0.5019608 0.5019608 0.5019608 0.5019608 0.5019608 0.5019608 0.5019608 0.5019608 0.5019608 0.5019608 0.5019608 0.5019608 0.5019608 0.5019608 0.5019608 0.5019608 0.5019608 0.5019608 0.5019608 0.5019608 0.5019608 0.5019608 0.5019608 0.5019608 0.5019608 0.5019608 0.5019608 0.5019608 0.5019608 0.5019608 0.5019608 0.5019608 0.5019608 0.5019608 0.5019608 0.5019608 0.5019608 0.5019608 0.5019608 0.5019608 0.5019608 0.5019608 0.5019608 0.5019608 0.5019608 0.5019608 0.5019608 0.5019608 0.5019608 0.5019608 0.5019608 0.5019608 0.5019608 0.5019608 0.5019608 0.5019608 0.5019608 0.5019608 0.5019608 0.5019608 0.5019608 0.5019608 0.5019608 0.5019608 0.5019608 0.5019608 0.5019608 0.5019608 0.5019608 0.5019608 0.5019608 0.5019608 0.5019608 0.5019608 0.5019608 0.5019608 0.5019608 0.5019608 0.5019608 0.5019608 0.5019608 0.5019608 0.5019608 0.5019608 0.5019608 0.5019608 0.5019608 0.5019608 0.5019608 0.5019608 0.5019608 0.5019608 0.5019608 0.5019608 0.5019608 0.5019608 0.5019608 0.5019608 0.5019608 0.5019608 0.5019608 0.5019608 0.5019608 0.5019608 0.5019608 0.5019608 0.5019608 0.5019608 0.5019608 0.5019608 0.5019608 0.5019608 0.5019608 0.5019608 0.5019608 0.5019608 0.5019608 0.5019608 0.5019608 0.5019608 0.5019608 0.5019608 0.5019608 0.5019608 0.5019608 0.5019608 0.5019608 0.5019608 0.5019608 0.5019608 0.5019608 0.5019608 0.5019608 0.5019608 0.5019608 0.5019608 0.5019608 0.5019608 0.5019608 0.5019608 0.5019608 0.5019608 0.5019608 0.5019608 0.5019608 0.5019608 0.5019608 0.5019608 0.5019608 0.5019608 0.5019608 0.5019608 0.5019608 0.5019608 0.5019608 0.5019608 0.5019608 0.5019608 0.5019608 0.5019608 0.5019608 0.5019608 0.5019608 0.5019608 0.5019608 0.5019608 0.5019608 0.5019608 0.5019608 0.5019608 0.5019608 0.5019608 0.5019608 0.5019608 0.5019608 0.5019608 0.5019608 0.5019608 0.5019608 0.5019608 0.5019608 0.5019608 0.5019608 0.5019608 0.5019608 0.5019608 0.5019608 0.5019608 0.5019608 0.5019608 0.5019608 0.5019608 0.5019608 0.5019608 0.5019608 0.5019608 0.5019608 0.5019608 0.5019608 0.5019608 0.5019608 0.5019608 0.5019608 0.5019608 0.5019608 0.5019608 0.5019608 0.5019608 0.5019608 0.5019608 0.5019608 0.5019608 0.5019608 0.5019608 0.5019608 0.5019608 0.5019608 0.5019608 0.5019608 0.5019608 0.5019608 0.5019608 0.5019608 0.5019608 0.5019608 0.5019608 0.5019608 0.5019608 0.5019608 0.5019608 0.5019608 0.5019608 0.5019608 0.5019608 0.5019608 0.5019608 0.5019608 0.5019608 0.5019608 0.5019608 0.5019608 0.5019608 0.5019608 0.5019608 0.5019608 0.5019608 0.5019608 0.5019608 0.5019608 0.5019608 0.5019608 0.5019608 0.5019608 0.5019608 0.5019608 0.5019608 0.5019608 0.5019608 0.5019608 0.5019608 0.5019608 0.5019608 0.5019608 0.5019608 0.5019608 0.5019608 0.5019608 0.5019608 0.5019608 0.5019608 0.5019608 0.5019608 0.5019608 0.5019608 0.5019608 0.5019608 0.5019608 0.5019608 0.5019608 0.5019608 0.5019608 0.5019608 0.5019608 0.5019608 0.5019608 0.5019608 0.5019608 0.5019608 0.5019608 0.5019608 0.5019608 0.5019608 0.5019608 0.5019608 0.5019608 0.5019608 0.5019608 0.5019608 0.5019608 0.5019608 0.5019608 0.5019608 0.5019608 0.5019608 0.5019608 0.5019608 0.5019608 0.5019608 0.5019608 0.5019608 0.5019608 0.5019608 0.5019608 0.5019608 0.5019608 0.5019608 0.5019608 0.5019608 0.5019608 0.5019608 0.5019608 0.5019608 0.5019608 0.5019608 0.5019608 0.5019608 0.5019608 0.5019608 0.5019608 0.5019608 0.5019608 0.5019608 0.5019608 0.5019608 0.5019608 0.5019608 0.5019608 0.5019608 0.5019608 0.5019608 0.5019608 0.5019608 0.5019608 0.5019608 0.5019608 0.5019608 0.5019608 0.5019608 0.5019608 0.5019608 0.5019608 0.5019608 0.5019608 0.5019608 0.5019608 0.5019608 0.5019608 0.5019608 0.5019608 0.5019608 0.5019608 0.5019608 0.5019608 0.5019608 0.5019608 0.5019608 0.5019608 0.5019608 0.5019608 0.5019608 0.5019608 0.5019608 0.5019608 0.5019608 0.5019608 0.5019608 0.5019608 0.5019608 0.5019608 0.5019608 0.5019608 0.5019608 0.5019608 0.5019608 0.5019608 0.5019608 0.5019608 0.5019608 0.5019608 0.5019608 0.5019608 0.5019608 0.5019608 0.5019608 0.5019608 0.5019608 0.5019608 0.5019608 0.5019608 0.5019608 0.5019608 0.5019608 0.5019608 0.5019608 0.5019608 0.5019608 0.5019608 0.5019608 0.5019608 0.5019608 0.5019608 0.5019608 0.5019608 0.5019608 0.5019608 0.5019608 0.5019608 0.5019608 0.5019608 0.5019608 0.5019608 0.5019608 0.5019608 0.5019608 0.5019608 0.5019608 0.5019608 0.5019608 0.5019608 0.5019608 0.5019608 0.5019608 0.5019608 0.5019608 0.5019608 0.5019608 0.5019608 0.5019608 0.5019608 0.5019608 0.5019608 0.5019608 0.5019608 0.5019608 0.5019608 0.5019608 0.5019608 0.5019608 0.5019608 0.5019608 0.5019608 0.5019608 0.5019608 0.5019608 0.5019608 0.5019608 0.5019608 0.5019608 0.5019608 0.5019608 0.5019608 0.5019608 0.5019608 0.5019608 0.5019608 0.5019608 0.5019608 0.5019608 0.5019608 0.5019608 0.5019608 0.5019608 0.5019608 0.5019608 0.5019608 0.5019608 0.5019608 0.5019608 0.5019608 0.5019608 0.5019608 0.5019608 0.5019608 0.5019608 0.5019608 0.5019608 0.5019608 0.5019608 0.5019608 0.5019608 0.5019608 0.5019608 0.5019608 0.5019608 0.5019608 0.5019608 0.5019608 0.5019608 0.5019608 0.5019608 0.5019608 0.5019608 0.5019608 0.5019608 0.5019608 0.5019608 0.5019608 0.5019608 0.5019608 0.5019608 0.5019608 0.5019608 0.5019608 0.5019608 0.5019608 0.5019608 0.5019608 0.5019608 0.5019608 0.5019608 0.5019608 0.5019608 0.5019608 0.5019608 0.5019608 0.5019608 0.5019608 0.5019608 0.5019608 0.5019608 0.5019608 0.5019608 0.5019608 0.5019608 0.5019608 0.5019608 0.5019608 0.5019608 0.5019608 0.5019608 0.5019608 0.5019608 0.5019608 0.5019608 0.5019608 0.5019608 0.5019608 0.5019608 0.5019608 0.5019608 0.5019608 0.5019608 0.5019608 0.5019608 0.5019608 0.5019608 0.5019608 0.5019608 0.5019608 0.5019608 0.5019608 0.5019608 0.5019608 0.5019608 0.5019608 0.5019608 0.5019608 0.5019608 0.5019608 0.5019608 0.5019608 0.5019608 0.5019608 0.5019608 0.5019608 0.5019608 0.5019608 0.5019608 0.5019608 0.5019608 0.5019608 0.5019608 0.5019608 0.5019608 0.5019608 0.5019608 0.5019608 0.5019608 0.5019608 0.5019608 0.5019608 0.5019608 0.5019608 0.5019608 0.5019608 0.5019608 0.5019608 0.5019608 0.5019608 0.5019608 0.5019608 0.5019608 0.5019608 0.5019608 0.5019608 0.5019608 0.5019608 0.5019608 0.5019608 0.5019608 0.5019608 0.5019608 0.5019608 0.5019608 0.5019608 0.5019608 0.5019608 0.5019608 0.5019608 0.5019608 0.5019608 0.5019608 0.5019608 0.5019608 0.5019608 0.5019608 0.5019608 0.5019608 0.5019608 0.5019608 0.5019608 0.5019608 0.5019608 0.5019608 0.5019608 0.5019608 0.5019608 0.5019608 0.5019608 0.5019608 0.5019608 0.5019608 0.5019608 0.5019608 0.5019608 0.5019608 0.5019608 0.5019608 0.5019608 0.5019608 0.5019608 0.5019608 0.5019608 0.5019608 0.5019608 0.5019608 0.5019608 0.5019608 0.5019608 0.5019608 0.5019608 0.5019608 0.5019608 0.5019608 0.5019608 0.5019608 0.5019608 0.5019608 0.5019608 0.5019608 0.5019608 0.5019608 0.5019608 0.5019608 0.5019608 0.5019608 0.5019608 0.5019608 0.5019608 0.5019608 0.5019608 0.5019608 0.5019608 0.5019608 0.5019608 0.5019608 0.5019608 0.5019608 0.5019608 0.5019608 0.5019608 0.5019608 0.5019608 0.5019608 0.5019608 0.5019608 0.5019608 0.5019608 0.5019608 0.5019608 0.5019608 0.5019608 0.5019608 0.5019608 0.5019608 0.5019608 0.5019608 0.5019608 0.5019608 0.5019608 0.5019608 0.5019608 0.5019608 0.5019608 0.5019608 0.5019608 0.5019608 0.5019608 0.5019608 0.5019608 0.5019608 0.5019608 0.5019608 0.5019608 0.5019608 0.5019608 0.5019608 0.5019608 0.5019608 0.5019608 0.5019608 0.5019608 0.5019608 0.5019608 0.5019608 0.5019608 0.5019608 0.5019608 0.5019608 0.5019608 0.5019608 0.5019608 0.5019608 0.5019608 0.5019608 0.5019608 0.5019608 0.5019608 0.5019608 0.5019608 0.5019608 0.5019608 0.5019608 0.5019608 0.5019608 0.5019608 0.5019608 0.5019608 0.5019608 0.5019608 0.5019608 0.5019608 0.5019608 0.5019608 0.5019608 0.5019608 0.5019608 0.5019608 0.5019608 0.5019608 0.5019608 0.5019608 0.5019608 0.5019608 0.5019608 0.5019608 0.5019608 0.5019608 0.5019608 0.5019608 0.5019608 0.5019608 0.5019608 0.5019608 0.5019608 0.5019608 0.5019608 0.5019608 0.5019608 0.5019608 0.5019608 0.5019608 0.5019608 0.5019608 0.5019608 0.5019608 0.5019608 0.5019608 0.5019608 0.5019608 0.5019608 0.5019608 0.5019608 0.5019608 0.5019608 0.5019608 0.5019608 0.5019608 0.5019608 0.5019608 0.5019608 0.5019608 0.5019608 0.5019608 0.5019608 0.5019608 0.5019608 0.5019608 0.5019608 0.5019608 0.5019608 0.5019608 0.5019608 0.5019608 0.5019608 0.5019608 0.5019608 0.5019608 0.5019608 0.5019608 0.5019608 0.5019608 0.5019608 0.5019608 0.5019608 0.5019608 0.5019608 0.5019608 0.5019608 0.5019608 0.5019608 0.5019608 0.5019608 0.5019608 0.5019608 0.5019608 0.5019608 0.5019608 0.5019608 0.5019608 0.5019608 0.5019608 0.5019608 0.5019608 0.5019608 0.5019608 0.5019608 0.5019608 0.5019608 0.5019608 0.5019608 0.5019608 0.5019608 0.5019608 0.5019608 0.5019608 0.5019608 0.5019608 0.5019608 0.5019608 0.5019608 0.5019608 0.5019608 0.5019608 0.5019608 0.5019608 0.5019608 0.5019608 0.5019608 0.5019608 0.5019608 0.5019608 0.5019608 0.5019608 0.5019608 0.5019608 0.5019608 0.5019608 0.5019608 0.5019608 0.5019608 0.5019608 0.5019608 0.5019608 0.5019608 0.5019608 0.5019608 0.5019608 0.5019608 0.5019608 0.5019608 0.5019608 0.5019608 0.5019608 0.5019608 0.5019608 0.5019608 0.5019608 0.5019608 0.5019608 0.5019608 0.5019608 0.5019608 0.5019608 0.5019608 0.5019608 0.5019608 0.5019608 0.5019608 0.5019608 0.5019608 0.5019608 0.5019608 0.5019608 0.5019608 0.5019608 0.5019608 0.5019608 0.5019608 0.5019608 0.5019608 0.5019608 0.5019608 0.5019608 0.5019608 0.5019608 0.5019608 0.5019608 0.5019608 0.5019608 0.5019608 0.5019608 0.5019608 0.5019608 0.5019608 0.5019608 0.5019608 0.5019608 0.5019608 0.5019608 0.5019608 0.5019608 0.5019608 0.5019608 0.5019608 0.5019608 0.5019608 0.5019608 0.5019608 0.5019608 0.5019608 0.5019608 0.5019608 0.5019608 0.5019608 0.5019608 0.5019608 0.5019608 0.5019608 0.5019608 0.5019608 0.5019608 0.5019608 0.5019608 0.5019608 0.5019608 0.5019608 0.5019608 0.5019608 0.5019608 0.5019608 0.5019608 0.5019608 0.5019608 0.5019608 0.5019608 0.5019608 0.5019608 0.5019608 0.5019608 0.5019608 0.5019608 0.5019608 0.5019608 0.5019608 0.5019608 0.5019608 0.5019608 0.5019608 0.5019608 0.5019608 0.5019608 0.5019608 0.5019608 0.5019608 0.5019608 0.5019608 0.5019608 0.5019608 0.5019608 0.5019608 0.5019608 0.5019608 0.5019608 0.5019608 0.5019608 0.5019608 0.5019608 0.5019608 0.5019608 0.5019608 0.5019608 0.5019608 0.5019608 0.5019608 0.5019608 0.5019608 0.5019608 0.5019608 0.5019608 0.5019608 0.5019608 0.5019608 0.5019608 0.5019608 0.5019608 0.5019608 0.5019608 0.5019608 0.5019608 0.5019608 0.5019608 0.5019608 0.5019608 0.5019608 0.5019608 0.5019608 0.5019608 0.5019608 0.5019608 0.5019608 0.5019608 0.5019608 0.5019608 0.5019608 0.5019608 0.5019608 0.5019608 0.5019608 0.5019608 0.5019608 0.5019608 0.5019608 0.5019608 0.5019608 0.5019608 0.5019608 0.5019608 0.5019608 0.5019608 0.5019608 0.5019608 0.5019608 0.5019608 0.5019608 0.5019608 0.5019608 0.5019608 0.5019608 0.5019608 0.5019608 0.5019608 0.5019608 0.5019608 0.5019608 0.5019608 0.5019608 0.5019608 0.5019608 0.5019608 0.5019608 0.5019608 0.5019608 0.5019608 0.5019608 0.5019608 0.5019608 0.5019608 0.5019608 0.5019608 0.5019608 0.5019608 0.5019608 0.5019608 0.5019608 0.5019608 0.5019608 0.5019608 0.5019608 0.5019608 0.5019608 0.5019608 0.5019608 0.5019608 0.5019608 0.5019608 0.5019608 0.5019608 0.5019608 0.5019608 0.5019608 0.5019608 0.5019608 0.5019608 0.5019608 0.5019608 0.5019608 0.5019608 0.5019608 0.5019608 0.5019608 0.5019608 0.5019608 0.5019608 0.5019608 0.5019608 0.5019608 0.5019608 0.5019608 0.5019608 0.5019608 0.5019608 0.5019608 0.5019608 0.5019608 0.5019608 0.5019608 0.5019608 0.5019608 0.5019608 0.5019608 0.5019608 0.5019608 0.5019608 0.5019608 0.5019608 0.5019608 0.5019608 0.5019608 0.5019608 0.5019608 0.5019608 0.5019608 0.5019608 0.5019608 0.5019608 0.5019608 0.5019608 0.5019608 0.5019608 0.5019608 0.5019608 0.5019608 0.5019608 0.5019608 0.5019608 0.5019608 0.5019608 0.5019608 0.5019608 0.5019608 0.5019608 0.5019608 0.5019608 0.5019608 0.5019608 0.5019608 0.5019608 0.5019608 0.5019608 0.5019608 0.5019608 0.5019608 0.5019608 0.5019608 0.5019608 0.5019608 0.5019608 0.5019608 0.5019608 0.5019608 0.5019608 0.5019608 0.5019608 0.5019608 0.5019608 0.5019608 0.5019608 0.5019608 0.5019608 0.5019608 0.5019608 0.5019608 0.5019608 0.5019608 0.5019608 0.5019608 0.5019608 0.5019608 0.5019608 0.5019608 0.5019608 0.5019608 0.5019608 0.5019608 0.5019608 0.5019608 0.5019608 0.5019608 0.5019608 0.5019608 0.5019608 0.5019608 0.5019608 0.5019608 0.5019608 0.5019608 0.5019608 0.5019608 0.5019608 0.5019608 0.5019608 0.5019608 0.5019608 0.5019608 0.5019608 0.5019608 0.5019608 0.5019608 0.5019608 0.5019608 0.5019608 0.5019608 0.5019608 0.5019608 0.5019608 0.5019608 0.5019608 0.5019608 0.5019608 0.5019608 0.5019608 0.5019608 0.5019608 0.5019608 0.5019608 0.5019608 0.5019608 0.5019608 0.5019608 0.5019608 0.5019608 0.5019608 0.5019608 0.5019608 0.5019608 0.5019608 0.5019608 0.5019608 0.5019608 0.5019608 0.5019608 0.5019608 0.5019608 0.5019608 0.5019608 0.5019608 0.5019608 0.5019608 0.5019608 0.5019608 0.5019608 0.5019608 0.5019608 0.5019608 0.5019608 0.5019608 0.5019608 0.5019608 0.5019608 0.5019608 0.5019608 0.5019608 0.5019608 0.5019608 0.5019608 0.5019608 0.5019608 0.5019608 0.5019608 0.5019608 0.5019608 0.5019608 0.5019608 0.5019608 0.5019608 0.5019608 0.5019608 0.5019608 0.5019608 0.5019608 0.5019608 0.5019608 0.5019608 0.5019608 0.5019608 0.5019608 0.5019608 0.5019608 0.5019608 0.5019608 0.5019608 0.5019608 0.5019608 0.5019608 0.5019608 0.5019608 0.5019608 0.5019608 0.5019608 0.5019608 0.5019608 0.5019608 0.5019608 0.5019608 0.5019608 0.5019608 0.5019608 0.5019608 0.5019608 0.5019608 0.5019608 0.5019608 0.5019608 0.5019608 0.5019608 0.5019608 0.5019608 0.5019608 0.5019608 0.5019608 0.5019608 0.5019608 0.5019608 0.5019608 0.5019608 0.5019608 0.5019608 0.5019608 0.5019608 0.5019608 0.5019608 0.5019608 0.5019608 0.5019608 0.5019608 0.5019608 0.5019608 0.5019608 0.5019608 0.5019608 0.5019608 0.5019608 0.5019608 0.5019608 0.5019608 0.5019608 0.5019608 0.5019608 0.5019608 0.5019608 0.5019608 0.5019608 0.5019608 0.5019608 0.5019608 0.5019608 0.5019608 0.5019608 0.5019608 0.5019608 0.5019608 0.5019608 0.5019608 0.5019608 0.5019608 0.5019608 0.5019608 0.5019608 0.5019608 0.5019608 0.5019608 0.5019608 0.5019608 0.5019608 0.5019608 0.5019608 0.5019608 0.5019608 0.5019608 0.5019608 0.5019608 0.5019608 0.5019608 0.5019608 0.5019608 0.5019608 0.5019608 0.5019608 0.5019608 0.5019608 0.5019608 0.5019608 0.5019608 0.5019608 0.5019608 0.5019608 0.5019608 0.5019608 0.5019608 0.5019608 0.5019608 0.5019608 0.5019608 0.5019608 0.5019608 0.5019608 0.5019608 0.5019608 0.5019608 0.5019608 0.5019608 0.5019608 0.5019608 0.5019608 0.5019608 0.5019608 0.5019608 0.5019608 0.5019608 0.5019608 0.5019608 0.5019608 0.5019608 0.5019608 0.5019608 0.5019608 0.5019608 0.5019608 0.5019608 0.5019608 0.5019608 0.5019608 0.5019608 0.5019608 0.5019608 0.5019608 0.5019608 0.5019608 0.5019608 0.5019608 0.5019608 0.5019608 0.5019608 0.5019608 0.5019608 0.5019608 0.5019608 0.5019608 0.5019608 0.5019608 0.5019608 0.5019608 0.5019608 0.5019608 0.5019608 0.5019608 0.5019608 0.5019608 0.5019608 0.5019608 0.5019608 0.5019608 0.5019608 0.5019608 0.5019608 0.5019608 0.5019608 0.5019608 0.5019608 0.5019608 0.5019608 0.5019608 0.5019608 0.5019608 0.5019608 0.5019608 0.5019608 0.5019608 0.5019608 0.5019608 0.5019608 0.5019608 0.5019608 0.5019608 0.5019608 0.5019608 0.5019608 0.5019608 0.5019608 0.5019608 0.5019608 0.5019608 0.5019608 0.5019608 0.5019608 0.5019608 0.5019608 0.5019608 0.5019608 0.5019608 0.5019608 0.5019608 0.5019608 0.5019608 0.5019608 0.5019608 0.5019608 0.5019608 0.5019608 0.5019608 0.5019608 0.5019608 0.5019608 0.5019608 0.5019608 0.5019608 0.5019608 0.5019608 0.5019608 0.5019608 0.5019608 0.5019608 0.5019608 0.5019608 0.5019608 0.5019608 0.5019608 0.5019608 0.5019608 0.5019608 0.5019608 0.5019608 0.5019608 0.5019608 0.5019608 0.5019608 0.5019608 0.5019608 0.5019608 0.5019608 0.5019608 0.5019608 0.5019608 0.5019608 0.5019608 0.5019608 0.5019608 0.5019608 0.5019608 0.5019608 0.5019608 0.5019608 0.5019608 0.5019608 0.5019608 0.5019608 0.5019608 0.5019608 0.5019608 0.5019608 0.5019608 0.5019608 0.5019608 0.5019608 0.5019608 0.5019608 0.5019608 0.5019608 0.5019608 0.5019608 0.5019608 0.5019608 0.5019608 0.5019608 0.5019608 0.5019608 0.5019608 0.5019608 0.5019608 0.5019608 0.5019608 0.5019608 0.5019608 0.5019608 0.5019608 0.5019608 0.5019608 0.5019608 0.5019608 0.5019608 0.5019608 0.5019608 0.5019608 0.5019608 0.5019608 0.5019608 0.5019608 0.5019608 0.5019608 0.5019608 0.5019608 0.5019608 0.5019608 0.5019608 0.5019608 0.5019608 0.5019608 0.5019608 0.5019608 0.5019608 0.5019608 0.5019608 0.5019608 0.5019608 0.5019608 0.5019608 0.5019608 0.5019608 0.5019608 0.5019608 0.5019608 0.5019608 0.5019608 0.5019608 0.5019608 0.5019608 0.5019608 0.5019608 0.5019608 0.5019608 0.5019608 0.5019608 0.5019608 0.5019608 0.5019608 0.5019608 0.5019608 0.5019608 0.5019608 0.5019608 0.5019608 0.5019608 0.5019608 0.5019608 0.5019608 0.5019608 0.5019608 0.5019608 0.5019608 0.5019608 0.5019608 0.5019608 0.5019608 0.5019608 0.5019608 0.5019608 0.5019608 0.5019608 0.5019608 0.5019608 0.5019608 0.5019608 0.5019608 0.5019608 0.5019608 0.5019608 0.5019608 0.5019608 0.5019608 0.5019608 0.5019608 0.5019608 0.5019608 0.5019608 0.5019608 0.5019608 0.5019608 0.5019608 0.5019608 0.5019608 0.5019608 0.5019608 0.5019608 0.5019608 0.5019608 0.5019608 0.5019608 0.5019608 0.5019608 0.5019608 0.5019608 0.5019608 0.5019608 0.5019608 0.5019608 0.5019608 0.5019608 0.5019608 0.5019608 0.5019608 0.5019608 0.5019608 0.5019608 0.5019608 0.5019608 0.5019608 0.5019608 0.5019608 0.5019608 0.5019608 0.5019608 0.5019608 0.5019608 0.5019608 0.5019608 0.5019608 0.5019608 0.5019608 0.5019608 0.5019608 0.5019608 0.5019608 0.5019608 0.5019608 0.5019608 0.5019608 0.5019608 0.5019608 0.5019608 0.5019608 0.5019608 0.5019608 0.5019608 0.5019608 0.5019608 0.5019608 0.5019608 0.5019608 0.5019608 0.5019608 0.5019608 0.5019608 0.5019608 0.5019608 0.5019608 0.5019608 0.5019608 0.5019608 0.5019608 0.5019608 0.5019608 0.5019608 0.5019608 0.5019608 0.5019608 0.5019608 0.5019608 0.5019608 0.5019608 0.5019608 0.5019608 0.5019608 0.5019608 0.5019608 0.5019608 0.5019608 0.5019608 0.5019608 0.5019608 0.5019608 0.5019608 0.5019608 0.5019608 0.5019608 0.5019608 0.5019608 0.5019608 0.5019608 0.5019608 0.5019608 0.5019608 0.5019608 0.5019608 0.5019608 0.5019608 0.5019608 0.5019608 0.5019608 0.5019608 0.5019608 0.5019608 0.5019608 0.5019608 0.5019608 0.5019608 0.5019608 0.5019608 0.5019608 0.5019608 0.5019608 0.5019608 0.5019608 0.5019608 0.5019608 0.5019608 0.5019608 0.5019608 0.5019608 0.5019608 0.5019608 0.5019608 0.5019608 0.5019608 0.5019608 0.5019608 0.5019608 0.5019608 0.5019608 0.5019608 0.5019608 0.5019608 0.5019608 0.5019608 0.5019608 0.5019608 0.5019608 0.5019608 0.5019608 0.5019608 0.5019608 0.5019608 0.5019608 0.5019608 0.5019608 0.5019608 0.5019608 0.5019608 0.5019608 0.5019608 0.5019608 0.5019608 0.5019608 0.5019608 0.5019608 0.5019608 0.5019608 0.5019608 0.5019608 0.5019608 0.5019608 0.5019608 0.5019608 0.5019608 0.5019608 0.5019608 0.5019608 0.5019608 0.5019608 0.5019608 0.5019608 0.5019608 0.5019608 0.5019608 0.5019608 0.5019608 0.5019608 0.5019608 0.5019608 0.5019608 0.5019608 0.5019608 0.5019608 0.5019608 0.5019608 0.5019608 0.5019608 0.5019608 0.5019608 0.5019608 0.5019608 0.5019608 0.5019608 0.5019608 0.5019608 0.5019608 0.5019608 0.5019608 0.5019608 0.5019608 0.5019608 0.5019608 0.5019608 0.5019608 0.5019608 0.5019608 0.5019608 0.5019608 0.5019608 0.5019608 0.5019608 0.5019608 0.5019608 0.5019608 0.5019608 0.5019608 0.5019608 0.5019608 0.5019608 0.5019608 0.5019608 0.5019608 0.5019608 0.5019608 0.5019608 0.5019608 0.5019608 0.5019608 0.5019608 0.5019608 0.5019608 0.5019608 0.5019608 0.5019608 0.5019608 0.5019608 0.5019608 0.5019608 0.5019608 0.5019608 0.5019608 0.5019608 0.5019608 0.5019608 0.5019608 0.5019608 0.5019608 0.5019608 0.5019608 0.5019608 0.5019608 0.5019608 0.5019608 0.5019608 0.5019608 0.5019608 0.5019608 0.5019608 0.5019608 0.5019608 0.5019608 0.5019608 0.5019608 0.5019608 0.5019608 0.5019608 0.5019608 0.5019608 0.5019608 0.5019608 0.5019608 0.5019608 0.5019608 0.5019608 0.5019608 0.5019608 0.5019608 0.5019608 0.5019608 0.5019608 0.5019608 0.5019608 0.5019608 0.5019608 0.5019608 0.5019608 0.5019608 0.5019608 0.5019608 0.5019608 0.5019608 0.5019608 0.5019608 0.5019608 0.5019608 0.5019608 0.5019608 0.5019608 0.5019608 0.5019608 0.5019608 0.5019608 0.5019608 0.5019608 0.5019608 0.5019608 0.5019608 0.5019608 0.5019608 0.5019608 0.5019608 0.5019608 0.5019608 0.5019608 0.5019608 0.5019608 0.5019608 0.5019608 0.5019608 0.5019608 0.5019608 0.5019608 0.5019608 0.5019608 0.5019608 0.5019608 0.5019608 0.5019608 0.5019608 0.5019608 0.5019608 0.5019608 0.5019608 0.5019608 0.5019608 0.5019608 0.5019608 0.5019608 0.5019608 0.5019608 0.5019608 0.5019608 0.5019608 0.5019608 0.5019608 0.5019608 0.5019608 0.5019608 0.5019608 0.5019608 0.5019608 0.5019608 0.5019608 0.5019608 0.5019608 0.5019608 0.5019608 0.5019608 0.5019608 0.5019608 0.5019608 0.5019608 0.5019608 0.5019608 0.5019608 0.5019608 0.5019608 0.5019608 0.5019608 0.5019608 0.5019608 0.5019608 0.5019608 0.5019608 0.5019608 0.5019608 0.5019608 0.5019608 0.5019608 0.5019608 0.5019608 0.5019608 0.5019608 0.5019608 0.5019608 0.5019608 0.5019608 0.5019608 0.5019608 0.5019608 0.5019608 0.5019608 0.5019608 0.5019608 0.5019608 0.5019608 0.5019608 0.5019608 0.5019608 0.5019608 0.5019608 0.5019608 0.5019608 0.5019608 0.5019608 0.5019608 0.5019608 0.5019608 0.5019608 0.5019608 0.5019608 0.5019608 0.5019608 0.5019608 0.5019608 0.5019608 0.5019608 0.5019608 0.5019608 0.5019608 0.5019608 0.5019608 0.5019608 0.5019608 0.5019608 0.5019608 0.5019608 0.5019608 0.5019608 0.5019608 0.5019608 0.5019608 0.5019608 0.5019608 0.5019608 0.5019608 0.5019608 0.5019608 0.5019608 0.5019608 0.5019608 0.5019608 0.5019608 0.5019608 0.5019608 0.5019608 0.5019608 0.5019608 0.5019608 0.5019608 0.5019608 0.5019608 0.5019608 0.5019608 0.5019608 0.5019608 0.5019608 0.5019608 0.5019608 0.5019608 0.5019608 0.5019608 0.5019608 0.5019608 0.5019608 0.5019608 0.5019608 0.5019608 0.5019608 0.5019608 0.5019608 0.5019608 0.5019608 0.5019608 0.5019608 0.5019608 0.5019608 0.5019608 0.5019608 0.5019608 0.5019608 0.5019608 0.5019608 0.5019608 0.5019608 0.5019608 0.5019608 0.5019608 0.5019608 0.5019608 0.5019608 0.5019608 0.5019608 0.5019608 0.5019608 0.5019608 0.5019608 0.5019608 0.5019608 0.5019608 0.5019608 0.5019608 0.5019608 0.5019608 0.5019608 0.5019608 0.5019608 0.5019608 0.5019608 0.5019608 0.5019608 0.5019608 0.5019608 0.5019608 0.5019608 0.5019608 0.5019608 0.5019608 0.5019608 0.5019608 0.5019608 0.5019608 0.5019608 0.5019608 0.5019608 0.5019608 0.5019608 0.5019608 0.5019608 0.5019608 0.5019608 0.5019608 0.5019608 0.5019608 0.5019608 0.5019608 0.5019608 0.5019608 0.5019608 0.5019608 0.5019608 0.5019608 0.5019608 0.5019608 0.5019608 0.5019608 0.5019608 0.5019608 0.5019608 0.5019608 0.5019608 0.5019608 0.5019608 0.5019608 0.5019608 0.5019608 0.5019608 0.5019608 0.5019608 0.5019608 0.5019608 0.5019608 0.5019608 0.5019608 0.5019608 0.5019608 0.5019608 0.5019608 0.5019608 0.5019608 0.5019608 0.5019608 0.5019608 0.5019608 0.5019608 0.5019608 0.5019608 0.5019608 0.5019608 0.5019608 0.5019608 0.5019608 0.5019608 0.5019608 0.5019608 0.5019608 0.5019608 0.5019608 0.5019608 0.5019608 0.5019608 0.5019608 0.5019608 0.5019608 0.5019608 0.5019608 0.5019608 0.5019608 0.5019608 0.5019608 0.5019608 0.5019608 0.5019608 0.5019608 0.5019608 0.5019608 0.5019608 0.5019608 0.5019608 0.5019608 0.5019608 0.5019608 0.5019608 0.5019608 0.5019608 0.5019608 0.5019608 0.5019608 0.5019608 0.5019608 0.5019608 0.5019608 0.5019608 0.5019608 0.5019608 0.5019608 0.5019608 0.5019608 0.5019608 0.5019608 0.5019608 0.5019608 0.5019608 0.5019608 0.5019608 0.5019608 0.5019608 0.5019608 0.5019608 0.5019608 0.5019608 0.5019608 0.5019608 0.5019608 0.5019608 0.5019608 0.5019608 0.5019608 0.5019608 0.5019608 0.5019608 0.5019608 0.5019608 0.5019608 0.5019608 0.5019608 0.5019608 0.5019608 0.5019608 0.5019608 0.5019608 0.5019608 0.5019608 0.5019608 0.5019608 0.5019608 0.5019608 0.5019608 0.5019608 0.5019608 0.5019608 0.5019608 0.5019608 0.5019608 0.5019608 0.5019608 0.5019608 0.5019608 0.5019608 0.5019608 0.5019608 0.5019608 0.5019608 0.5019608 0.5019608 0.5019608 0.5019608 0.5019608 0.5019608 0.5019608 0.5019608 0.5019608 0.5019608 0.5019608 0.5019608 0.5019608 0.5019608 0.5019608 0.5019608 0.5019608 0.5019608 0.5019608 0.5019608 0.5019608 0.5019608 0.5019608 0.5019608 0.5019608 0.5019608 0.5019608 0.5019608 0.5019608 0.5019608 0.5019608 0.5019608 0.5019608 0.5019608 0.5019608 0.5019608 0.5019608 0.5019608 0.5019608 0.5019608 0.5019608 0.5019608 0.5019608 0.5019608 0.5019608 0.5019608 0.5019608 0.5019608 0.5019608 0.5019608 0.5019608 0.5019608 0.5019608 0.5019608 0.5019608 0.5019608 0.5019608 0.5019608 0.5019608 0.5019608 0.5019608 0.5019608 0.5019608 0.5019608 0.5019608 0.5019608 0.5019608 0.5019608 0.5019608 0.5019608 0.5019608 0.5019608 0.5019608 0.5019608 0.5019608 0.5019608 0.5019608 0.5019608 0.5019608 0.5019608 0.5019608 0.5019608 0.5019608 0.5019608 0.5019608 0.5019608 0.5019608 0.5019608 0.5019608 0.5019608 0.5019608 0.5019608 0.5019608 0.5019608 0.5019608 0.5019608 0.5019608 0.5019608 0.5019608 0.5019608 0.5019608 0.5019608 0.5019608 0.5019608 0.5019608 0.5019608 0.5019608 0.5019608 0.5019608 0.5019608 0.5019608 0.5019608 0.5019608 0.5019608 0.5019608 0.5019608 0.5019608 0.5019608 0.5019608 0.5019608 0.5019608 0.5019608 0.5019608 0.5019608 0.5019608 0.5019608 0.5019608 0.5019608 0.5019608 0.5019608 0.5019608 0.5019608 0.5019608 0.5019608 0.5019608 0.5019608 0.5019608 0.5019608 0.5019608 0.5019608 0.5019608 0.5019608 0.5019608 0.5019608 0.5019608 0.5019608 0.5019608 0.5019608 0.5019608 0.5019608 0.5019608 0.5019608 0.5019608 0.5019608 0.5019608 0.5019608 0.5019608 0.5019608 0.5019608 0.5019608 0.5019608 0.5019608 0.5019608 0.5019608 0.5019608 0.5019608 0.5019608 0.5019608 0.5019608 0.5019608 0.5019608 0.5019608 0.5019608 0.5019608 0.5019608 0.5019608 0.5019608 0.5019608 0.5019608 0.5019608 0.5019608 0.5019608 0.5019608 0.5019608 0.5019608 0.5019608 0.5019608 0.5019608 0.5019608 0.5019608 0.5019608 0.5019608 0.5019608 0.5019608 0.5019608 0.5019608 0.5019608 0.5019608 0.5019608 0.5019608 0.5019608 0.5019608 0.5019608 0.5019608 0.5019608 0.5019608 0.5019608 0.5019608 0.5019608 0.5019608 0.5019608 0.5019608 0.5019608 0.5019608 0.5019608 0.5019608 0.5019608 0.5019608 0.5019608 0.5019608 0.5019608 0.5019608 0.5019608 0.5019608 0.5019608 0.5019608 0.5019608 0.5019608 0.5019608 0.5019608 0.5019608 0.5019608 0.5019608 0.5019608 0.5019608 0.5019608 0.5019608 0.5019608 0.5019608 0.5019608 0.5019608 0.5019608 0.5019608 0.5019608 0.5019608 0.5019608 0.5019608 0.5019608 0.5019608 0.5019608 0.5019608 0.5019608 0.5019608 0.5019608 0.5019608 0.5019608 0.5019608 0.5019608 0.5019608 0.5019608 0.5019608 0.5019608 0.5019608 0.5019608 0.5019608 0.5019608 0.5019608 0.5019608 0.5019608 0.5019608 0.5019608 0.5019608 0.5019608 0.5019608 0.5019608 0.5019608 0.5019608 0.5019608 0.5019608 0.5019608 0.5019608 0.5019608 0.5019608 0.5019608 0.5019608 0.5019608 0.5019608 0.5019608 0.5019608 0.5019608 0.5019608 0.5019608 0.5019608 0.5019608 0.5019608 0.5019608 0.5019608 0.5019608 0.5019608 0.5019608 0.5019608 0.5019608 0.5019608 0.5019608 0.5019608 0.5019608 0.5019608 0.5019608 0.5019608 0.5019608 0.5019608 0.5019608 0.5019608 0.5019608 0.5019608 0.5019608 0.5019608 0.5019608 0.5019608 0.5019608 0.5019608 0.5019608 0.5019608 0.5019608 0.5019608 0.5019608 0.5019608 0.5019608 0.5019608 0.5019608 0.5019608 0.5019608 0.5019608 0.5019608 0.5019608 0.5019608 0.5019608 0.5019608 0.5019608 0.5019608 0.5019608 0.5019608 0.5019608 0.5019608 0.5019608 0.5019608 0.5019608 0.5019608 0.5019608 0.5019608 0.5019608 0.5019608 0.5019608 0.5019608 0.5019608 0.5019608 0.5019608 0.5019608 0.5019608 0.5019608 0.5019608 0.5019608 0.5019608 0.5019608 0.5019608 0.5019608 0.5019608 0.5019608 0.5019608 0.5019608 0.5019608 0.5019608 0.5019608 0.5019608 0.5019608 0.5019608 0.5019608 0.5019608 0.5019608 0.5019608 0.5019608 0.5019608 0.5019608 0.5019608 0.5019608 0.5019608 0.5019608 0.5019608 0.5019608 0.5019608 0.5019608 0.5019608 0.5019608 0.5019608 0.5019608 0.5019608 0.5019608 0.5019608 0.5019608 0.5019608 0.5019608 0.5019608 0.5019608 0.5019608 0.5019608 0.5019608 0.5019608 0.5019608 0.5019608 0.5019608 0.5019608 0.5019608 0.5019608 0.5019608 0.5019608 0.5019608 0.5019608 0.5019608 0.5019608 0.5019608 0.5019608 0.5019608 0.5019608 0.5019608 0.5019608 0.5019608 0.5019608 0.5019608 0.5019608 0.5019608 0.5019608 0.5019608 0.5019608 0.5019608 0.5019608 0.5019608 0.5019608 0.5019608 0.5019608 0.5019608 0.5019608 0.5019608 0.5019608 0.5019608 0.5019608 0.5019608 0.5019608 0.5019608 0.5019608 0.5019608 0.5019608 0.5019608 0.5019608 0.5019608 0.5019608 0.5019608 0.5019608 0.5019608 0.5019608 0.5019608 0.5019608 0.5019608 0.5019608 0.5019608 0.5019608 0.5019608 0.5019608 0.5019608 0.5019608 0.5019608 0.5019608 0.5019608 0.5019608 0.5019608 0.5019608 0.5019608 0.5019608 0.5019608 0.5019608 0.5019608 0.5019608 0.5019608 0.5019608 0.5019608 0.5019608 0.5019608 0.5019608 0.5019608 0.5019608 0.5019608 0.5019608 0.5019608 0.5019608 0.5019608 0.5019608 0.5019608 0.5019608 0.5019608 0.5019608 0.5019608 0.5019608 0.5019608 0.5019608 0.5019608 0.5019608 0.5019608 0.5019608 0.5019608 0.5019608 0.5019608 0.5019608 0.5019608 0.5019608 0.5019608 0.5019608 0.5019608 0.5019608 0.5019608 0.5019608 0.5019608 0.5019608 0.5019608 0.5019608 0.5019608 0.5019608 0.5019608 0.5019608 0.5019608 0.5019608 0.5019608 0.5019608 0.5019608 0.5019608 0.5019608 0.5019608 0.5019608 0.5019608 0.5019608 0.5019608 0.5019608 0.5019608 0.5019608 0.5019608 0.5019608 0.5019608 0.5019608 0.5019608 0.5019608 0.5019608 0.5019608 0.5019608 0.5019608 0.5019608 0.5019608 0.5019608 0.5019608 0.5019608 0.5019608 0.5019608 0.5019608 0.5019608 0.5019608 0.5019608 0.5019608 0.5019608 0.5019608 0.5019608 0.5019608 0.5019608 0.5019608 0.5019608 0.5019608 0.5019608 0.5019608 0.5019608 0.5019608 0.5019608 0.5019608 0.5019608 0.5019608 0.5019608 0.5019608 0.5019608 0.5019608 0.5019608 0.5019608 0.5019608 0.5019608 0.5019608 0.5019608 0.5019608 0.5019608 0.5019608 0.5019608 0.5019608 0.5019608 0.5019608 0.5019608 0.5019608 0.5019608 0.5019608 0.5019608 0.5019608 0.5019608 0.5019608 0.5019608 0.5019608 0.5019608 0.5019608 0.5019608 0.5019608 0.5019608 0.5019608 0.5019608 0.5019608 0.5019608 0.5019608 0.5019608 0.5019608 0.5019608 0.5019608 0.5019608 0.5019608 0.5019608 0.5019608 0.5019608 0.5019608 0.5019608 0.5019608 0.5019608 0.5019608 0.5019608 0.5019608 0.5019608 0.5019608 0.5019608 0.5019608 0.5019608 0.5019608 0.5019608 0.5019608 0.5019608 0.5019608 0.5019608 0.5019608 0.5019608 0.5019608 0.5019608 0.5019608 0.5019608 0.5019608 0.5019608 0.5019608 0.5019608 0.5019608 0.5019608 0.5019608 0.5019608 0.5019608 0.5019608 0.5019608 0.5019608 0.5019608 0.5019608 0.5019608 0.5019608 0.5019608 0.5019608 0.5019608 0.5019608 0.5019608 0.5019608 0.5019608 0.5019608 0.5019608 0.5019608 0.5019608 0.5019608 0.5019608 0.5019608 0.5019608 0.5019608 0.5019608 0.5019608 0.5019608 0.5019608 0.5019608 0.5019608 0.5019608 0.5019608 0.5019608 0.5019608 0.5019608 0.5019608 0.5019608 0.5019608 0.5019608 0.5019608 0.5019608 0.5019608 0.5019608 0.5019608 0.5019608 0.5019608 0.5019608 0.5019608 0.5019608 0.5019608 0.5019608 0.5019608 0.5019608 0.5019608 0.5019608 0.5019608 0.5019608 0.5019608 0.5019608 0.5019608 0.5019608 0.5019608 0.5019608 0.5019608 0.5019608 0.5019608 0.5019608 0.5019608 0.5019608 0.5019608 0.5019608 0.5019608 0.5019608 0.5019608 0.5019608 0.5019608 0.5019608 0.5019608 0.5019608 0.5019608 0.5019608 0.5019608 0.5019608 0.5019608 0.5019608 0.5019608 0.5019608 0.5019608 0.5019608 0.5019608 0.5019608 0.5019608 0.5019608 0.5019608 0.5019608 0.5019608 0.5019608 0.5019608 0.5019608 0.5019608 0.5019608 0.5019608 0.5019608 0.5019608 0.5019608 0.5019608 0.5019608 0.5019608 0.5019608 0.5019608 0.5019608 0.5019608 0.5019608 0.5019608 0.5019608 0.5019608 0.5019608 0.5019608 0.5019608 0.5019608 0.5019608 0.5019608 0.5019608 0.5019608 0.5019608 0.5019608 0.5019608 0.5019608 0.5019608 0.5019608 0.5019608 0.5019608 0.5019608 0.5019608 0.5019608 0.5019608 0.5019608 0.5019608 0.5019608 0.5019608 0.5019608 0.5019608 0.5019608 0.5019608 0.5019608 0.5019608 0.5019608 0.5019608 0.5019608 0.5019608 0.5019608 0.5019608 0.5019608 0.5019608 0.5019608 0.5019608 0.5019608 0.5019608 0.5019608 0.5019608 0.5019608 0.5019608 0.5019608 0.5019608 0.5019608 0.5019608 0.5019608 0.5019608 0.5019608 0.5019608 0.5019608 0.5019608 0.5019608 0.5019608 0.5019608 0.5019608 0.5019608 0.5019608 0.5019608 0.5019608 0.5019608 0.5019608 0.5019608 0.5019608 0.5019608 0.5019608 0.5019608 0.5019608 0.5019608 0.5019608 0.5019608 0.5019608 0.5019608 0.5019608 0.5019608 0.5019608 0.5019608 0.5019608 0.5019608 0.5019608 0.5019608 0.5019608 0.5019608 0.5019608 0.5019608 0.5019608 0.5019608 0.5019608 0.5019608 0.5019608 0.5019608 0.5019608 0.5019608 0.5019608 0.5019608 0.5019608 0.5019608 0.5019608 0.5019608 0.5019608 0.5019608 0.5019608 0.5019608 0.5019608 0.5019608 0.5019608 0.5019608 0.5019608 0.5019608 0.5019608 0.5019608 0.5019608 0.5019608 0.5019608 0.5019608 0.5019608 0.5019608 0.5019608 0.5019608 0.5019608 0.5019608 0.5019608 0.5019608 0.5019608 0.5019608 0.5019608 0.5019608 0.5019608 0.5019608 0.5019608 0.5019608 0.5019608 0.5019608 0.5019608 0.5019608 0.5019608 0.5019608 0.5019608 0.5019608 0.5019608 0.5019608 0.5019608 0.5019608 0.5019608 0.5019608 0.5019608 0.5019608 0.5019608 0.5019608 0.5019608 0.5019608 0.5019608 0.5019608 0.5019608 0.5019608 0.5019608 0.5019608 0.5019608 0.5019608 0.5019608 0.5019608 0.5019608 0.5019608 0.5019608 0.5019608 0.5019608 0.5019608 0.5019608 0.5019608 0.5019608 0.5019608 0.5019608 0.5019608 0.5019608 0.5019608 0.5019608 0.5019608 0.5019608 0.5019608 0.5019608 0.5019608 0.5019608 0.5019608 0.5019608 0.5019608 0.5019608 0.5019608 0.5019608 0.5019608 0.5019608 0.5019608 0.5019608 0.5019608 0.5019608 0.5019608 0.5019608 0.5019608 0.5019608 0.5019608 0.5019608 0.5019608 0.5019608 0.5019608 0.5019608 0.5019608 0.5019608 0.5019608 0.5019608 0.5019608 0.5019608 0.5019608 0.5019608 0.5019608 0.5019608 0.5019608 0.5019608 0.5019608 0.5019608 0.5019608 0.5019608 0.5019608 0.5019608 0.5019608 0.5019608 0.5019608 0.5019608 0.5019608 0.5019608 0.5019608 0.5019608 0.5019608 0.5019608 0.5019608 0.5019608 0.5019608 0.5019608 0.5019608 0.5019608 0.5019608 0.5019608 0.5019608 0.5019608 0.5019608 0.5019608 0.5019608 0.5019608 0.5019608 0.5019608 0.5019608 0.5019608 0.5019608 0.5019608 0.5019608 0.5019608 0.5019608 0.5019608 0.5019608 0.5019608 0.5019608 0.5019608 0.5019608 0.5019608 0.5019608 0.5019608 0.5019608 0.5019608 0.5019608 0.5019608 0.5019608 0.5019608 0.5019608 0.5019608 0.5019608 0.5019608 0.5019608 0.5019608 0.5019608 0.5019608 0.5019608 0.5019608 0.5019608 0.5019608 0.5019608 0.5019608 0.5019608 0.5019608 0.5019608 0.5019608 0.5019608 0.5019608 0.5019608 0.5019608 0.5019608 0.5019608 0.5019608 0.5019608 0.5019608 0.5019608 0.5019608 0.5019608 0.5019608 0.5019608 0.5019608 0.5019608 0.5019608 0.5019608 0.5019608 0.5019608 0.5019608 0.5019608 0.5019608 0.5019608 0.5019608 0.5019608 0.5019608 0.5019608 0.5019608 0.5019608 0.5019608 0.5019608 0.5019608 0.5019608 0.5019608 0.5019608 0.5019608 0.5019608 0.5019608 0.5019608 0.5019608 0.5019608 0.5019608 0.5019608 0.5019608 0.5019608 0.5019608 0.5019608 0.5019608 0.5019608 0.5019608 0.5019608 0.5019608 0.5019608 0.5019608 0.5019608 0.5019608 0.5019608 0.5019608 0.5019608 0.5019608 0.5019608 0.5019608 0.5019608 0.5019608 0.5019608 0.5019608 0.5019608 0.5019608 0.5019608 0.5019608 0.5019608 0.5019608 0.5019608 0.5019608 0.5019608 0.5019608 0.5019608 0.5019608 0.5019608 0.5019608 0.5019608 0.5019608 0.5019608 0.5019608 0.5019608 0.5019608 0.5019608 0.5019608 0.5019608 0.5019608 0.5019608 0.5019608 0.5019608 0.5019608 0.5019608 0.5019608 0.5019608 0.5019608 0.5019608 0.5019608 0.5019608 0.5019608 0.5019608 0.5019608 0.5019608 0.5019608 0.5019608 0.5019608 0.5019608 0.5019608 0.5019608 0.5019608 0.5019608 0.5019608 0.5019608 0.5019608 0.5019608 0.5019608 0.5019608 0.5019608 0.5019608 0.5019608 0.5019608 0.5019608 0.5019608 0.5019608 0.5019608 0.5019608 0.5019608 0.5019608 0.5019608 0.5019608 0.5019608 0.5019608 0.5019608 0.5019608 0.5019608 0.5019608 0.5019608 0.5019608 0.5019608 0.5019608 0.5019608 0.5019608 0.5019608 0.5019608 0.5019608 0.5019608 0.5019608 0.5019608 0.5019608 0.5019608 0.5019608 0.5019608 0.5019608 0.5019608 0.5019608 0.5019608 0.5019608 0.5019608 0.5019608 0.5019608 0.5019608 0.5019608 0.5019608 0.5019608 0.5019608 0.5019608 0.5019608 0.5019608 0.5019608 0.5019608 0.5019608 0.5019608 0.5019608 0.5019608 0.5019608 0.5019608 0.5019608 0.5019608 0.5019608 0.5019608 0.5019608 0.5019608 0.5019608 0.5019608 0.5019608 0.5019608 0.5019608 0.5019608 0.5019608 0.5019608 0.5019608 0.5019608 0.5019608 0.5019608 0.5019608 0.5019608 0.5019608 0.5019608 0.5019608 0.5019608 0.5019608 0.5019608 0.5019608 0.5019608 0.5019608 0.5019608 0.5019608 0.5019608 0.5019608 0.5019608 0.5019608 0.5019608 0.5019608 0.5019608 0.5019608 0.5019608 0.5019608 0.5019608 0.5019608 0.5019608 0.5019608 0.5019608 0.5019608 0.5019608 0.5019608 0.5019608 0.5019608 0.5019608 0.5019608 0.5019608 0.5019608 0.5019608 0.5019608 0.5019608 0.5019608 0.5019608 0.5019608 0.5019608 0.5019608 0.5019608 0.5019608 0.5019608 0.5019608 0.5019608 0.5019608 0.5019608 0.5019608 0.5019608 0.5019608 0.5019608 0.5019608 0.5019608 0.5019608 0.5019608 0.5019608 0.5019608 0.5019608 0.5019608 0.5019608 0.5019608 0.5019608 0.5019608 0.5019608 0.5019608 0.5019608 0.5019608 0.5019608 0.5019608 0.5019608 0.5019608 0.5019608 0.5019608 0.5019608 0.5019608 0.5019608 0.5019608 0.5019608 0.5019608 0.5019608 0.5019608 0.5019608 0.5019608 0.5019608 0.5019608 0.5019608 0.5019608 0.5019608 0.5019608 0.5019608 0.5019608 0.5019608 0.5019608 0.5019608 0.5019608 0.5019608 0.5019608 0.5019608 0.5019608 0.5019608 0.5019608 0.5019608 0.5019608 0.5019608 0.5019608 0.5019608 0.5019608 0.5019608 0.5019608 0.5019608 0.5019608 0.5019608 0.5019608 0.5019608 0.5019608 0.5019608 0.5019608 0.5019608 0.5019608 0.5019608 0.5019608 0.5019608 0.5019608 0.5019608 0.5019608 0.5019608 0.5019608 0.5019608 0.5019608 0.5019608 0.5019608 0.5019608 0.5019608 0.5019608 0.5019608 0.5019608 0.5019608 0.5019608 0.5019608 0.5019608 0.5019608 0.5019608 0.5019608 0.5019608 0.5019608 0.5019608 0.5019608 0.5019608 0.5019608 0.5019608 0.5019608 0.5019608 0.5019608 0.5019608 0.5019608 0.5019608 0.5019608 0.5019608 0.5019608 0.5019608 0.5019608 0.5019608 0.5019608 0.5019608 0.5019608 0.5019608 0.5019608 0.5019608 0.5019608 0.5019608 0.5019608 0.5019608 0.5019608 0.5019608 0.5019608 0.5019608 0.5019608 0.5019608 0.5019608 0.5019608 0.5019608 0.5019608 0.5019608 0.5019608 0.5019608 0.5019608 0.5019608 0.5019608 0.5019608 0.5019608 0.5019608 0.5019608 0.5019608 0.5019608 0.5019608 0.5019608 0.5019608 0.5019608 0.5019608 0.5019608 0.5019608 0.5019608 0.5019608 0.5019608 0.5019608 0.5019608 0.5019608 0.5019608 0.5019608 0.5019608 0.5019608 0.5019608 0.5019608 0.5019608 0.5019608 0.5019608 0.5019608 0.5019608 0.5019608 0.5019608 0.5019608 0.5019608 0.5019608 0.5019608 0.5019608 0.5019608 0.5019608 0.5019608 0.5019608 0.5019608 0.5019608 0.5019608 0.5019608 0.5019608 0.5019608 0.5019608 0.5019608 0.5019608 0.5019608 0.5019608 0.5019608 0.5019608 0.5019608 0.5019608 0.5019608 0.5019608 0.5019608 0.5019608 0.5019608 0.5019608 0.5019608 0.5019608 0.5019608 0.5019608 0.5019608 0.5019608 0.5019608 0.5019608 0.5019608 0.5019608 0.5019608 0.5019608 0.5019608 0.5019608 0.5019608 0.5019608 0.5019608 0.5019608 0.5019608 0.5019608 0.5019608 0.5019608 0.5019608 0.5019608 0.5019608 0.5019608 0.5019608 0.5019608 0.5019608 0.5019608 0.5019608 0.5019608 0.5019608 0.5019608 0.5019608 0.5019608 0.5019608 0.5019608 0.5019608 0.5019608 0.5019608 0.5019608 0.5019608 0.5019608 0.5019608 0.5019608 0.5019608 0.5019608 0.5019608 0.5019608 0.5019608 0.5019608 0.5019608 0.5019608 0.5019608 0.5019608 0.5019608 0.5019608 0.5019608 0.5019608 0.5019608 0.5019608 0.5019608 0.5019608 0.5019608 0.5019608 0.5019608 0.5019608 0.5019608 0.5019608 0.5019608 0.5019608 0.5019608 0.5019608 0.5019608 0.5019608 0.5019608 0.5019608 0.5019608 0.5019608 0.5019608 0.5019608 0.5019608 0.5019608 0.5019608 0.5019608 0.5019608 0.5019608 0.5019608 0.5019608 0.5019608 0.5019608 0.5019608 0.5019608 0.5019608 0.5019608 0.5019608 0.5019608 0.5019608 0.5019608 0.5019608 0.5019608 0.5019608 0.5019608 0.5019608 0.5019608 0.5019608 0.5019608 0.5019608 0.5019608 0.5019608 0.5019608 0.5019608 0.5019608 0.5019608 0.5019608 0.5019608 0.5019608 0.5019608 0.5019608 0.5019608 0.5019608 0.5019608 0.5019608 0.5019608 0.5019608 0.5019608 0.5019608 0.5019608 0.5019608 0.5019608 0.5019608 0.5019608 0.5019608 0.5019608 0.5019608 0.5019608 0.5019608 0.5019608 0.5019608 0.5019608 0.5019608 0.5019608 0.5019608 0.5019608 0.5019608 0.5019608 0.5019608 0.5019608 0.5019608 0.5019608 0.5019608 0.5019608 0.5019608 0.5019608 0.5019608 0.5019608 0.5019608 0.5019608 0.5019608 0.5019608 0.5019608 0.5019608 0.5019608 0.5019608 0.5019608 0.5019608 0.5019608 0.5019608 0.5019608 0.5019608 0.5019608 0.5019608 0.5019608 0.5019608 0.5019608 0.5019608 0.5019608 0.5019608 0.5019608 0.5019608 0.5019608 0.5019608 0.5019608 0.5019608 0.5019608 0.5019608 0.5019608 0.5019608 0.5019608 0.5019608 0.5019608 0.5019608 0.5019608 0.5019608 0.5019608 0.5019608 0.5019608 0.5019608 0.5019608 0.5019608 0.5019608 0.5019608 0.5019608 0.5019608 0.5019608 0.5019608 0.5019608 0.5019608 0.5019608 0.5019608 0.5019608 0.5019608 0.5019608 0.5019608 0.5019608 0.5019608 0.5019608 0.5019608 0.5019608 0.5019608 0.5019608 0.5019608 0.5019608 0.5019608 0.5019608 0.5019608 0.5019608 0.5019608 0.5019608 0.5019608 0.5019608 0.5019608 0.5019608 0.5019608 0.5019608 0.5019608 0.5019608 0.5019608 0.5019608 0.5019608 0.5019608 0.5019608 0.5019608 0.5019608 0.5019608 0.5019608 0.5019608 0.5019608 0.5019608 0.5019608 0.5019608 0.5019608 0.5019608 0.5019608 0.5019608 0.5019608 0.5019608 0.5019608 0.5019608 0.5019608 0.5019608 0.5019608 0.5019608 0.5019608 0.5019608 0.5019608 0.5019608 0.5019608 0.5019608 0.5019608 0.5019608 0.5019608 0.5019608 0.5019608 0.5019608 0.5019608 0.5019608 0.5019608 0.5019608 0.5019608 0.5019608 0.5019608 0.5019608 0.5019608 0.5019608 0.5019608 0.5019608 0.5019608 0.5019608 0.5019608 0.5019608 0.5019608 0.5019608 0.5019608 0.5019608 0.5019608 0.5019608 0.5019608 0.5019608 0.5019608 0.5019608 0.5019608 0.5019608 0.5019608 0.5019608 0.5019608 0.5019608 0.5019608 0.5019608 0.5019608 0.5019608 0.5019608 0.5019608 0.5019608 0.5019608 0.5019608 0.5019608 0.5019608 0.5019608 0.5019608 0.5019608 0.5019608 0.5019608 0.5019608 0.5019608 0.5019608 0.5019608 0.5019608 0.5019608 0.5019608 0.5019608 0.5019608 0.5019608 0.5019608 0.5019608 0.5019608 0.5019608 0.5019608 0.5019608 0.5019608 0.5019608 0.5019608 0.5019608 0.5019608 0.5019608 0.5019608 0.5019608 0.5019608 0.5019608 0.5019608 0.5019608 0.5019608 0.5019608 0.5019608 0.5019608 0.5019608 0.5019608 0.5019608 0.5019608 0.5019608 0.5019608 0.5019608 0.5019608 0.5019608 0.5019608 0.5019608 0.5019608 0.5019608 0.5019608 0.5019608 0.5019608 0.5019608 0.5019608 0.5019608 0.5019608 0.5019608 0.5019608 0.5019608 0.5019608 0.5019608 0.5019608 0.5019608 0.5019608 0.5019608 0.5019608 0.5019608 0.5019608 0.5019608 0.5019608 0.5019608 0.5019608 0.5019608 0.5019608 0.5019608 0.5019608 0.5019608 0.5019608 0.5019608 0.5019608 0.5019608 0.5019608 0.5019608 0.5019608 0.5019608 0.5019608 0.5019608 0.5019608 0.5019608 0.5019608 0.5019608 0.5019608 0.5019608 0.5019608 0.5019608 0.5019608 0.5019608 0.5019608 0.5019608 0.5019608 0.5019608 0.5019608 0.5019608 0.5019608 0.5019608 0.5019608 0.5019608 0.5019608 0.5019608 0.5019608 0.5019608 0.5019608 0.5019608 0.5019608 0.5019608 0.5019608 0.5019608 0.5019608 0.5019608 0.5019608 0.5019608 0.5019608 0.5019608 0.5019608 0.5019608 0.5019608 0.5019608 0.5019608 0.5019608 0.5019608 0.5019608 0.5019608 0.5019608 0.5019608 0.5019608 0.5019608 0.5019608 0.5019608 0.5019608 0.5019608 0.5019608 0.5019608 0.5019608 0.5019608 0.5019608 0.5019608 0.5019608 0.5019608 0.5019608 0.5019608 0.5019608 0.5019608 0.5019608 0.5019608 0.5019608 0.5019608 0.5019608 0.5019608 0.5019608 0.5019608 0.5019608 0.5019608 0.5019608 0.5019608 0.5019608 0.5019608 0.5019608 0.5019608 0.5019608 0.5019608 0.5019608 0.5019608 0.5019608 0.5019608 0.5019608 0.5019608 0.5019608 0.5019608 0.5019608 0.5019608 0.5019608 0.5019608 0.5019608 0.5019608 0.5019608 0.5019608 0.5019608 0.5019608 0.5019608 0.5019608 0.5019608 0.5019608 0.5019608 0.5019608 0.5019608 0.5019608 0.5019608 0.5019608 0.5019608 0.5019608 0.5019608 0.5019608 0.5019608 0.5019608 0.5019608 0.5019608 0.5019608 0.5019608 0.5019608 0.5019608 0.5019608 0.5019608 0.5019608 0.5019608 0.5019608 0.5019608 0.5019608 0.5019608 0.5019608 0.5019608 0.5019608 0.5019608 0.5019608 0.5019608 0.5019608 0.5019608 0.5019608 0.5019608 0.5019608 0.5019608 0.5019608 0.5019608 0.5019608 0.5019608 0.5019608 0.5019608 0.5019608 0.5019608 0.5019608 0.5019608 0.5019608 0.5019608 0.5019608 0.5019608 0.5019608 0.5019608 0.5019608 0.5019608 0.5019608 0.5019608 0.5019608 0.5019608 0.5019608 0.5019608 0.5019608 0.5019608 0.5019608 0.5019608 0.5019608 0.5019608 0.5019608 0.5019608 0.5019608 0.5019608 0.5019608 0.5019608 0.5019608 0.5019608 0.5019608 0.5019608 0.5019608 0.5019608 0.5019608 0.5019608 0.5019608 0.5019608 0.5019608 0.5019608 0.5019608 0.5019608 0.5019608 0.5019608 0.5019608 0.5019608 0.5019608 0.5019608 0.5019608 0.5019608 0.5019608 0.5019608 0.5019608 0.5019608 0.5019608 0.5019608 0.5019608 0.5019608 0.5019608 0.5019608 0.5019608 0.5019608 0.5019608 0.5019608 0.5019608 0.5019608 0.5019608 0.5019608 0.5019608 0.5019608 0.5019608 0.5019608 0.5019608 0.5019608 0.5019608 0.5019608 0.5019608 0.5019608 0.5019608 0.5019608 0.5019608 0.5019608 0.5019608 0.5019608 0.5019608 0.5019608 0.5019608 0.5019608 0.5019608 0.5019608 0.5019608 0.5019608 0.5019608 0.5019608 0.5019608 0.5019608 0.5019608 0.5019608 0.5019608 0.5019608 0.5019608 0.5019608 0.5019608 0.5019608 0.5019608 0.5019608 0.5019608 0.5019608 0.5019608 0.5019608 0.5019608 0.5019608 0.5019608 0.5019608 0.5019608 0.5019608 0.5019608 0.5019608 0.5019608 0.5019608 0.5019608 0.5019608 0.5019608 0.5019608 0.5019608 0.5019608 0.5019608 0.5019608 0.5019608 0.5019608 0.5019608 0.5019608 0.5019608 0.5019608 0.5019608 0.5019608 0.5019608 0.5019608 0.5019608 0.5019608 0.5019608 0.5019608 0.5019608 0.5019608 0.5019608 0.5019608 0.5019608 0.5019608 0.5019608 0.5019608 0.5019608 0.5019608 0.5019608 0.5019608 0.5019608 0.5019608 0.5019608 0.5019608 0.5019608 0.5019608 0.5019608 0.5019608 0.5019608 0.5019608 0.5019608 0.5019608 0.5019608 0.5019608 0.5019608 0.5019608 0.5019608 0.5019608 0.5019608 0.5019608 0.5019608 0.5019608 0.5019608 0.5019608 0.5019608 0.5019608 0.5019608 0.5019608 0.5019608 0.5019608 0.5019608 0.5019608 0.5019608 0.5019608 0.5019608 0.5019608 0.5019608 0.5019608 0.5019608 0.5019608 0.5019608 0.5019608 0.5019608 0.5019608 0.5019608 0.5019608 0.5019608 0.5019608 0.5019608 0.5019608 0.5019608 0.5019608</float_array>
          <technique_common>
            <accessor source="#geom-hand_baseShape-map0-array" count="1714" stride="3">
              <param name="R" type="float"/>
              <param name="G" type="float"/>
              <param name="B" type="float"/>
            </accessor>
          </technique_common>
        </source>
        <source id="geom-hand_baseShape-map1">
          <float_array id="geom-hand_baseShape-map1-array" count="5142">0.8730469 0.0703125 0 0.8803711 0.09716797 0 0.8886719 0.07080078 0 0.8964844 0.09619141 0 0.8691406 0.03369141 0 0.8706055 0.05126953 0 0.8818359 0.03515625 0 0.8842773 0.05371094 0 0.09832764 0.722168 0 0.1013184 0.7412109 0 0.1116333 0.7197266 0 0.1157227 0.7382813 0 0.8876953 0.121582 0 0.9038086 0.1191406 0 0.8955078 0.1445312 0 0.9106445 0.1420898 0 0.1055908 0.7861328 0 0.1091309 0.8061523 0 0.1211548 0.7850342 0 0.1235962 0.8087158 0 0.1010132 0.7633057 0 0.1187744 0.7625732 0 0.1130981 0.826416 0 0.1256104 0.8294678 0 0.1201782 0.852417 0 0.1269531 0.8546143 0 0.1021729 0.8872681 0 0.1027222 0.8665771 0 0.08416748 0.8809204 0 0.08441162 0.8632813 0 0.1005249 0.9042358 0 0.08392334 0.895813 0 0.1025391 0.8459473 0 0.08587646 0.8411865 0 0.09899902 0.9210815 0 0.08453369 0.9171753 0 0.890625 0.440918 0 0.8901367 0.4575195 0 0.9033203 0.4418945 0 0.9042969 0.4594727 0 0.894043 0.3974609 0 0.8911133 0.4267578 0 0.9023438 0.3974609 0 0.9018555 0.4267578 0 0.07092285 0.8603516 0 0.0703125 0.8757935 0 0.0723877 0.8393555 0 0.07012939 0.8915405 0 0.9140625 0.4267578 0 0.9155273 0.3984375 0 0.9160156 0.4428711 0 0.9174805 0.4589844 0 0.07086182 0.9119263 0 0.1014404 0.824707 0 0.1009521 0.8045654 0 0.08758545 0.8206787 0 0.0916748 0.8022461 0 0.09637451 0.7843018 0 0.1270752 0.8758545 0 0.0826416 0.7263184 0 0.08660889 0.7438965 0 0.8979492 0.03710937 0 0.9003906 0.05517578 0 0.9135742 0.0390625 0 0.9145508 0.05419922 0 0.07073975 0.7468262 0 0.06713867 0.7302246 0 0.08917236 0.7645264 0 0.07305908 0.7664795 0 0.08673096 0.7822266 0 0.0736084 0.78479 0 0.07403564 0.7960205 0 0.08282471 0.7980957 0 0.07458496 0.817627 0 0.8540039 0.230957 0 0.8569336 0.2539062 0 0.8696289 0.2285156 0 0.8769531 0.253418 0 0.855957 0.2763672 0 0.8730469 0.2768555 0 0.8632813 0.206543 0 0.8505859 0.2084961 0 0.8549805 0.1845703 0 0.8461914 0.1855469 0 0.8652344 0.3242187 0 0.8500977 0.3212891 0 0.8637695 0.3447266 0 0.847168 0.3452148 0 0.8686523 0.3017578 0 0.8530273 0.2988281 0 0.8491211 0.3896484 0 0.8510742 0.409668 0 0.8666992 0.3881836 0 0.8686523 0.4140625 0 0.8481445 0.3671875 0 0.8637695 0.3666992 0 0.8632813 0.4360352 0 0.8540039 0.4370117 0 0.855957 0.4570312 0 0.8618164 0.4570312 0 0.1242065 0.9298096 0 0.1295166 0.9313965 0 0.1262207 0.9138184 0 0.8955078 0.3300781 0 0.8891602 0.3481445 0 0.9057617 0.3344727 0 0.8989258 0.3530273 0 0.8808594 0.3662109 0 0.8916016 0.3701172 0 0.8818359 0.3886719 0 0.8745117 0.3789062 0 0.8886719 0.2827148 0 0.8833008 0.3046875 0 0.8774414 0.3251953 0 0.8740234 0.34375 0 0.8730469 0.3657227 0 0.9038086 0.3769531 0 0.8823242 0.4165039 0 0.8764648 0.4375 0 0.875 0.4575195 0 0.112793 0.8713379 0 0.1148071 0.8911743 0 0.1279297 0.8955078 0 0.1141357 0.9100952 0 0.1122437 0.9254761 0 0.8588867 0.1000977 0 0.8569336 0.06982422 0 0.8476563 0.09814453 0 0.847168 0.06982422 0 0.8598633 0.1279297 0 0.8476563 0.1269531 0 0.8481445 0.05371094 0 0.8574219 0.05078125 0 0.8500977 0.03662109 0 0.8579102 0.03417969 0 0.8637695 0.04980469 0 0.8632813 0.03466797 0 0.8691406 0.09863281 0 0.8647461 0.0703125 0 0.1235352 0.7177734 0 0.1186523 0.7209473 0 0.1281738 0.7385254 0 0.1222534 0.7397461 0 0.1368408 0.7365723 0 0.133667 0.7258301 0 0.8598633 0.15625 0 0.9038086 0.1699219 0 0.9179688 0.1655273 0 0.9106445 0.1918945 0 0.9233398 0.1904297 0 0.8842773 0.2553711 0 0.8862305 0.2021484 0 0.8837891 0.2280273 0 0.8994141 0.2050781 0 0.8935547 0.2299805 0 0.9091797 0.2089844 0 0.9038086 0.2353516 0 0.8964844 0.2602539 0 0.8740234 0.2041016 0 0.8681641 0.1801758 0 0.8774414 0.2280273 0 0.8466797 0.1645508 0 0.840332 0.1660156 0 0.8393555 0.1489258 0 0.8735352 0.1240234 0 0.8789063 0.1489258 0 0.8842773 0.175293 0 0.9306641 0.2363281 0 0.9277344 0.2114258 0 0.918457 0.237793 0 0.9150391 0.2114258 0 0.9042969 0.2880859 0 0.9003906 0.3100586 0 0.9130859 0.2915039 0 0.9106445 0.3134766 0 0.9067383 0.262207 0 0.9145508 0.2636719 0 0.921875 0.2641602 0 0.9326172 0.2641602 0 0.9106445 0.2368164 0 0.9223633 0.3154297 0 0.9179688 0.3378906 0 0.9248047 0.2924805 0 0.934082 0.2929687 0 0.934082 0.315918 0 0.9306641 0.340332 0 0.9116211 0.3579102 0 0.9243164 0.3623047 0 0.9189453 0.3803711 0 0.9082031 0.09472656 0 0.9150391 0.1181641 0 0.921875 0.09375 0 0.9267578 0.1176758 0 0.9033203 0.07128906 0 0.9169922 0.0703125 0 0.9335938 0.1884766 0 0.9384766 0.2099609 0 0.9438477 0.1875 0 0.9521484 0.2099609 0 0.9287109 0.1630859 0 0.9375 0.1616211 0 0.9321289 0.140625 0 0.9213867 0.1411133 0 0.9433594 0.2358398 0 0.9467773 0.2636719 0 0.9487305 0.2939453 0 0.9487305 0.3168945 0 0.9453125 0.3413086 0 0.9697266 0.234375 0 0.9697266 0.2636719 0 0.9697266 0.2944336 0 0.9697266 0.3183594 0 0.9697266 0.340332 0 0.9384766 0.3623047 0 0.9321289 0.3808594 0 0.9291992 0.3984375 0 0.9296875 0.4414062 0 0.9301758 0.4570312 0 0.05630493 0.9087524 0 0.05566406 0.8890991 0 0.05233765 0.7351074 0 0.05438232 0.7509766 0 0.05566406 0.769165 0 0.05688477 0.7924805 0 0.05761719 0.8182373 0 0.05639648 0.8388672 0 0.05575562 0.8592529 0 0.0553894 0.8746338 0 0.0380249 0.7706299 0 0.0380249 0.7532959 0 0.02044678 0.7714844 0 0.02044678 0.7539063 0 0.0380249 0.7382813 0 0.02044678 0.7390137 0 0.0380249 0.7941895 0 0.02044678 0.7950439 0 0.0380249 0.8585205 0 0.0380249 0.8742676 0 0.0380249 0.8392334 0 0.0380249 0.8188477 0 0.02044678 0.8586426 0 0.02044678 0.8747559 0 0.02044678 0.8391113 0 0.02044678 0.8209229 0 0.0380249 0.8877563 0 0.0380249 0.9059448 0 0.9487305 0.4575195 0 0.9492188 0.4414062 0 0.9697266 0.4594727 0 0.9697266 0.425293 0 0.02044678 0.8880615 0 0.02044678 0.9053345 0 0.949707 0.3984375 0 0.9506836 0.3798828 0 0.9291992 0.4257812 0 0.9492188 0.425293 0 0.9536133 0.3608398 0 0.9697266 0.3598633 0 0.9697266 0.3994141 0 0.9697266 0.3793945 0 0.9370117 0.09326172 0 0.9433594 0.1166992 0 0.9545898 0.09326172 0 0.9697266 0.1171875 0 0.9326172 0.07128906 0 0.9697266 0.09472656 0 0.9296875 0.04052734 0 0.9306641 0.05517578 0 0.9492188 0.0390625 0 0.9501953 0.05566406 0 0.9516602 0.07275391 0 0.9697266 0.03857422 0 0.9697266 0.05517578 0 0.9697266 0.07470703 0 0.9477539 0.1401367 0 0.9516602 0.159668 0 0.9697266 0.1586914 0 0.9697266 0.1396484 0 0.9575195 0.1855469 0 0.9697266 0.1865234 0 0.9697266 0.2099609 0 0.8417969 0.1254883 0 0.84375 0.09765625 0 0.8442383 0.2768555 0 0.8432617 0.2563477 0 0.8427734 0.2416992 0 0.8422852 0.222168 0 0.8408203 0.2050781 0 0.8383789 0.1865234 0 0.84375 0.296875 0 0.8452148 0.3208008 0 0.1326904 0.8312988 0 0.1341553 0.8548584 0 0.1308594 0.8093262 0 0.1337891 0.8963013 0 0.1315918 0.9150391 0 0.1340332 0.8764038 0 0.1290283 0.7844238 0 0.1265869 0.7612305 0 0.1348877 0.7548828 0 0.1437988 0.7510986 0 0.5722656 0.8447266 0 0.5981445 0.8439941 0 0.5751953 0.8321533 0 0.5986328 0.8321533 0 0.5981445 0.8696289 0 0.5981445 0.855957 0 0.5722656 0.8704834 0 0.5712891 0.8564453 0 0.4196777 0.3046875 0 0.4003906 0.3046875 0 0.4160156 0.3212891 0 0.3996582 0.3208008 0 0.4619141 0.3618164 0 0.4641113 0.3759766 0 0.4733887 0.3618164 0 0.4758301 0.3774414 0 0.4614258 0.3330078 0 0.4616699 0.3466797 0 0.4726562 0.3334961 0 0.4731445 0.3466797 0 0.4152832 0.3608398 0 0.4226074 0.3598633 0 0.4150391 0.3466797 0 0.4223633 0.3466797 0 0.482666 0.3618164 0 0.4831543 0.3466797 0 0.5693359 0.8444824 0 0.5688477 0.8562012 0 0.6176758 0.8439941 0 0.6171875 0.8557129 0 0.6352539 0.8441162 0 0.6362305 0.8553467 0 0.5712891 0.8325195 0 0.5737305 0.8173828 0 0.5800781 0.8173828 0 0.6186523 0.8682861 0 0.6206055 0.8804932 0 0.6367188 0.8674316 0 0.6391602 0.8776855 0 0.5688477 0.8699951 0 0.5698242 0.8828125 0 0.5751953 0.8832397 0 0.4233398 0.3222656 0 0.4216309 0.3354492 0 0.4140625 0.3349609 0 0.4780273 0.3911133 0 0.4836426 0.3774414 0 0.4838867 0.3911133 0 0.6005859 0.8173828 0 0.5986328 0.8820801 0 0.5712891 0.8970947 0 0.578125 0.8970947 0 0.4750977 0.3183594 0 0.4633789 0.3188477 0 0.5566406 0.8563232 0 0.5571289 0.8452148 0 0.5566406 0.8693848 0 0.4919434 0.3608398 0 0.494873 0.3764648 0 0.4274902 0.3911133 0 0.4243164 0.3725586 0 0.421875 0.3911133 0 0.4172363 0.3740234 0 0.4306641 0.3598633 0 0.4313965 0.371582 0 0.4421387 0.3603516 0 0.4428711 0.3735352 0 0.4301758 0.3461914 0 0.4414062 0.3466797 0 0.4416504 0.3339844 0 0.4299316 0.3354492 0 0.4421387 0.3208008 0 0.4306641 0.3232422 0 0.4250488 0.3046875 0 0.4484863 0.3911133 0 0.465332 0.3911133 0 0.6191406 0.8328857 0 0.621582 0.8173828 0 0.6010742 0.8970947 0 0.6245117 0.8970947 0 0.6474609 0.8904419 0 0.3793945 0.3911133 0 0.3798828 0.3740234 0 0.3566895 0.3842773 0 0.354248 0.3706055 0 0.3818359 0.3623047 0 0.3530273 0.3623047 0 0.4008789 0.3623047 0 0.401123 0.3745117 0 0.4018555 0.3911133 0 0.3549805 0.3256836 0 0.3457031 0.3291016 0 0.3527832 0.3349609 0 0.3413086 0.3359375 0 0.3518066 0.3481445 0 0.3417969 0.3603516 0 0.3395996 0.3486328 0 0.380127 0.3325195 0 0.3786621 0.3212891 0 0.3999023 0.3325195 0 0.3776855 0.3046875 0 0.401123 0.3466797 0 0.3823242 0.347168 0 0.5454102 0.8970947 0 0.5415039 0.8804932 0 0.5253906 0.8970947 0 0.5234375 0.8798218 0 0.5380859 0.8681641 0 0.5375977 0.8562012 0 0.5224609 0.8685303 0 0.5219727 0.8553467 0 0.5385742 0.8460693 0 0.5234375 0.8442383 0 0.5063477 0.8786621 0 0.5058594 0.8970947 0 0.5092773 0.8789673 0 0.5117188 0.8970947 0 0.5063477 0.8676758 0 0.5087891 0.8681641 0 0.4824219 0.3334961 0 0.4833984 0.3183594 0 0.4921875 0.3461914 0 0.4914551 0.3339844 0 0.565918 0.3432617 0 0.5654297 0.3251953 0 0.5498047 0.3442383 0 0.5473633 0.3286133 0 0.3422852 0.3779297 0 0.3452148 0.3676758 0 0.6420898 0.8208008 0 0.6367188 0.8341064 0 0.3408203 0.3173828 0 0.3554687 0.3110352 0 0.6479492 0.8342285 0 0.6557617 0.8269043 0 0.6650391 0.8383789 0 0.6513672 0.8433838 0 0.6523438 0.8552246 0 0.3308105 0.3305664 0 0.3320312 0.3666992 0 0.668457 0.8706055 0 0.6533203 0.8679199 0 0.6606445 0.8822632 0 0.6508789 0.875 0 0.3276367 0.3486328 0 0.6694336 0.854126 0 0.5126953 0.4208984 0 0.5029297 0.4208984 0 0.5131836 0.4321289 0 0.5029297 0.4331055 0 0.46875 0.4472656 0 0.4680176 0.434082 0 0.4624023 0.4477539 0 0.4614258 0.4345703 0 0.5239258 0.4443359 0 0.5219727 0.4316406 0 0.5151367 0.4453125 0 0.5375977 0.9702454 0 0.5361328 0.9570923 0 0.5283203 0.9694214 0 0.5273438 0.956604 0 0.5209961 0.4204102 0 0.5141602 0.4106445 0 0.5209961 0.4111328 0 0.46875 0.4116211 0 0.4626465 0.4116211 0 0.4677734 0.4223633 0 0.4609375 0.4228516 0 0.4709473 0.4589844 0 0.4741211 0.4731445 0 0.4777832 0.4580078 0 0.4814453 0.4731445 0 0.5385742 0.9430237 0 0.5615234 0.9432068 0 0.5400391 0.9315186 0 0.5639648 0.9313965 0 0.4648437 0.4589844 0 0.5048828 0.4462891 0 0.5043945 0.4101562 0 0.4846191 0.4213867 0 0.4748535 0.421875 0 0.4848633 0.4335937 0 0.4753418 0.434082 0 0.4865723 0.4111328 0 0.4755859 0.4121094 0 0.5961914 0.4311523 0 0.5888672 0.4160156 0 0.5776367 0.434082 0 0.5722656 0.418457 0 0.5878906 0.9309692 0 0.5668945 0.9163818 0 0.590332 0.9158936 0 0.5869141 0.9428406 0 0.4763184 0.4467773 0 0.6245117 0.4536133 0 0.6166992 0.4301758 0 0.6040039 0.4536133 0 0.229126 0.9396362 0 0.2320557 0.9146118 0 0.1801758 0.9314575 0 0.1842041 0.9052124 0 0.4516602 0.4487305 0 0.4519043 0.4599609 0 0.5620117 0.9569397 0 0.5390625 0.9568787 0 0.5893555 0.9689941 0 0.5917969 0.987114 0 0.6088867 0.9652405 0 0.6166992 0.977829 0 0.5878906 0.955719 0 0.565918 0.987114 0 0.5634766 0.9703217 0 0.5458984 0.987114 0 0.5415039 0.9706421 0 0.4296875 0.4731445 0 0.4304199 0.4599609 0 0.4055176 0.4731445 0 0.4055176 0.4589844 0 0.4519043 0.4731445 0 0.4697266 0.4731445 0 0.4318848 0.4487305 0 0.4047852 0.4487305 0 0.4306641 0.4350586 0 0.4038086 0.4355469 0 0.4038086 0.4228516 0 0.4304199 0.4223633 0 0.4506836 0.4345703 0 0.4499512 0.4213867 0 0.4484863 0.4111328 0 0.5693359 0.9043579 0 0.5913086 0.9043579 0 0.4377441 0.9338379 0 0.4208984 0.9276123 0 0.4326172 0.9472961 0 0.4155273 0.9427795 0 0.5317383 0.987114 0 0.5405273 0.987114 0 0.4863281 0.4467773 0 0.4887695 0.4584961 0 0.5083008 0.4594727 0 0.5356445 0.9432068 0 0.5263672 0.9429626 0 0.4846191 0.9165649 0 0.4812012 0.9163818 0 0.4814453 0.9295044 0 0.479248 0.9290771 0 0.5439453 0.9170532 0 0.4711914 0.3984375 0 0.4663086 0.3984375 0 0.4909668 0.3984375 0 0.5073242 0.3984375 0 0.447998 0.3984375 0 0.5488281 0.9043579 0 0.4916992 0.9310913 0 0.5112305 0.9316406 0 0.4951172 0.9176636 0 0.5146484 0.916687 0 0.5366211 0.9315796 0 0.5395508 0.9172363 0 0.543457 0.9043579 0 0.4995117 0.9043579 0 0.5185547 0.9043579 0 0.527832 0.9315796 0 0.4777832 0.9416809 0 0.4797363 0.9418945 0 0.479248 0.9571533 0 0.4763184 0.9570313 0 0.46875 0.9407043 0 0.4707031 0.928833 0 0.4675293 0.9552002 0 0.5107422 0.9555969 0 0.5097656 0.9425049 0 0.4916992 0.9562988 0 0.4909668 0.9424438 0 0.6035156 0.9309692 0 0.6025391 0.9424133 0 0.6240234 0.9537964 0 0.6240234 0.9425354 0 0.6035156 0.9543457 0 0.4433594 0.9213257 0 0.4299316 0.9135132 0 0.3928223 0.9034424 0 0.3896484 0.9204102 0 0.4289551 0.8945923 0 0.3959961 0.8874512 0 0.144165 0.9179077 0 0.1499023 0.895874 0 0.1751709 0.947052 0 0.1390381 0.9342651 0 0.8115234 0.4140625 0 0.8466797 0.4389648 0 0.8081055 0.4487305 0 0.809082 0.4667969 0 0.8461914 0.4594727 0 0.4758301 0.9685669 0 0.4802246 0.9687653 0 0.4941406 0.9683533 0 0.5126953 0.9678345 0 0.3867187 0.9324341 0 0.3830566 0.9579773 0 0.4116211 0.9625244 0 0.4294434 0.9640198 0 0.4677734 0.9681396 0 0.2243652 0.9573975 0 0.2529297 0.9588623 0 0.2558594 0.9407349 0 0.2585449 0.9179688 0 0.6464844 0.4306641 0 0.6533203 0.4584961 0 0.6835938 0.4272461 0 0.6884766 0.4599609 0 0.7094727 0.4794922 0 0.7363281 0.4794922 0 0.7099609 0.4619141 0 0.7373047 0.4604492 0 0.765625 0.4199219 0 0.7636719 0.4570312 0 0.7636719 0.4755859 0 0.7363281 0.4233398 0 0.7045898 0.4262695 0 0.3662109 0.928833 0 0.3623047 0.9547424 0 0.3422852 0.9237671 0 0.3034668 0.9196167 0 0.3366699 0.9492188 0 0.2998047 0.9423218 0 0.3806152 0.9777985 0 0.3608398 0.9750366 0 0.409668 0.9814758 0 0.2854004 0.9193726 0 0.2822266 0.94104 0 0.3337402 0.9674377 0 0.2973633 0.9611511 0 0.6914063 0.4785156 0 0.6557617 0.4775391 0 0.279541 0.9592285 0 0.5615234 0.4375 0 0.5805664 0.4541016 0 0.5644531 0.4555664 0 0.4291992 0.9846191 0 0.6279297 0.4746094 0 0.6083984 0.4750977 0 0.5825195 0.4750977 0 0.5200195 0.4594727 0 0.527832 0.4584961 0 0.5283203 0.4438477 0 0.5332031 0.4584961 0 0.5180664 0.987114 0 0.4990234 0.987114 0 0.5244141 0.4731445 0 0.5317383 0.4731445 0 0.4938965 0.4731445 0 0.512207 0.4731445 0 0.4841309 0.987114 0 0.4755859 0.987114 0 0.5668945 0.4736328 0 0.4047852 0.4140625 0 0.3933105 0.4179687 0 0.3908691 0.4248047 0 0.4296875 0.4116211 0 0.427002 0.3984375 0 0.4020996 0.3984375 0 0.3908691 0.4458008 0 0.3891602 0.4360352 0 0.3876953 0.465332 0 0.3947754 0.4541016 0 0.6376953 0.9562378 0 0.6303711 0.9678955 0 0.6220703 0.9611816 0 0.3779297 0.4516602 0 0.6201172 0.9227295 0 0.6225586 0.9302368 0 0.6289063 0.9172974 0 0.6357422 0.9273682 0 0.3852539 0.4067383 0 0.3771973 0.4189453 0 0.6083984 0.9195557 0 0.6147461 0.9085083 0 0.3745117 0.4360352 0 0.6391602 0.9425659 0 0.3791504 0.1826172 0 0.3779297 0.1708984 0 0.3684082 0.1801758 0 0.3674316 0.1708984 0 0.6054688 0.6865234 0 0.6049805 0.6713867 0 0.5800781 0.6867676 0 0.5791016 0.6713867 0 0.427002 0.1577148 0 0.4274902 0.1713867 0 0.440918 0.1586914 0 0.4401855 0.171875 0 0.4257812 0.1860352 0 0.4238281 0.1948242 0 0.439209 0.1855469 0 0.4401855 0.1967773 0 0.5795898 0.1948242 0 0.5615234 0.1904297 0 0.574707 0.2104492 0 0.5566406 0.2011719 0 0.5722656 0.1635742 0 0.578125 0.1508789 0 0.5463867 0.1518555 0 0.4755859 0.1860352 0 0.4768066 0.1987305 0 0.4846191 0.1865234 0 0.486084 0.1992187 0 0.5371094 0.7148438 0 0.5375977 0.7004395 0 0.5239258 0.7148438 0 0.5200195 0.7016602 0 0.4758301 0.1733398 0 0.4853516 0.1738281 0 0.4775391 0.1611328 0 0.4868164 0.1611328 0 0.4567871 0.6958008 0 0.451416 0.6816406 0 0.4406738 0.7028809 0 0.4326172 0.6843262 0 0.4555664 0.7163086 0 0.4763184 0.7177734 0 0.4675293 0.7094727 0 0.4807129 0.7148438 0 0.565918 0.1772461 0 0.5844727 0.1816406 0 0.3688965 0.1616211 0 0.3796387 0.1586914 0 0.4052734 0.1850586 0 0.4067383 0.1713867 0 0.4477539 0.171875 0 0.4467773 0.1850586 0 0.4941406 0.1870117 0 0.4956055 0.1748047 0 0.515625 0.6584473 0 0.512207 0.6584473 0 0.5151367 0.6733398 0 0.5131836 0.6738281 0 0.574707 0.6586914 0 0.5742188 0.6713867 0 0.5791016 0.6589355 0 0.6289063 0.6586914 0 0.6293945 0.6716309 0 0.6523438 0.6584473 0 0.652832 0.6716309 0 0.5136719 0.6870117 0 0.5161133 0.7006836 0 0.5166016 0.6870117 0 0.6298828 0.6855469 0 0.6313477 0.7004395 0 0.6542969 0.6850586 0 0.65625 0.699707 0 0.4970703 0.1625977 0 0.4902344 0.1479492 0 0.4985352 0.1484375 0 0.449707 0.1484375 0 0.4428711 0.1474609 0 0.4487305 0.1591797 0 0.4013672 0.2128906 0 0.4030762 0.1953125 0 0.3781738 0.2055664 0 0.3820801 0.1923828 0 0.4440918 0.2128906 0 0.4470215 0.1958008 0 0.4489746 0.2128906 0 0.4885254 0.2128906 0 0.4936523 0.1992187 0 0.4931641 0.2128906 0 0.4064941 0.1577148 0 0.4265137 0.1469727 0 0.6049805 0.6584473 0 0.6342773 0.7148438 0 0.6630859 0.7148438 0 0.423584 0.2128906 0 0.5751953 0.6867676 0 0.4794922 0.2128906 0 0.4797363 0.1479492 0 0.432373 0.6645508 0 0.4526367 0.6652832 0 0.5063477 0.7006836 0 0.5073242 0.7148438 0 0.5175781 0.7148438 0 0.5844727 0.1660156 0 0.480957 0.6630859 0 0.4807129 0.6772461 0 0.4833984 0.6889648 0 0.4868164 0.7023926 0 0.4914551 0.7148438 0 0.5166016 0.1992187 0 0.5146484 0.2128906 0 0.5297852 0.1992187 0 0.5253906 0.2128906 0 0.527832 0.1508789 0 0.5390625 0.1689453 0 0.5244141 0.1655273 0 0.5029297 0.6743164 0 0.5029297 0.6601563 0 0.5043945 0.6870117 0 0.5029297 0.199707 0 0.5029297 0.2128906 0 0.5097656 0.1494141 0 0.5078125 0.1635742 0 0.4553223 0.1850586 0 0.4553223 0.1958008 0 0.4655762 0.1855469 0 0.467041 0.1977539 0 0.4555664 0.1723633 0 0.4655762 0.1728516 0 0.4562988 0.1601562 0 0.4667969 0.1601562 0 0.4584961 0.1489258 0 0.4685059 0.1484375 0 0.6079102 0.7006836 0 0.609375 0.7148438 0 0.4057617 0.1469727 0 0.6767578 0.6850586 0 0.6772461 0.6708984 0 0.5844727 0.7148438 0 0.581543 0.7004395 0 0.5366211 0.6865234 0 0.5356445 0.6726074 0 0.5766602 0.6999512 0 0.5356445 0.6589355 0 0.5786133 0.7148438 0 0.5664063 0.671875 0 0.5664063 0.6594238 0 0.5668945 0.6862793 0 0.5219727 0.1767578 0 0.5361328 0.1796875 0 0.5185547 0.1879883 0 0.5322266 0.1899414 0 0.5039063 0.1879883 0 0.5058594 0.1762695 0 0.4050293 0.6848145 0 0.4047852 0.6660156 0 0.3864746 0.6645508 0 0.3815918 0.6853027 0 0.53125 0.1323242 0 0.5546875 0.1323242 0 0.6328125 0.1323242 0 0.609375 0.1323242 0 0.6328125 0.1494141 0 0.6079102 0.1523437 0 0.5810547 0.6450195 0 0.6069336 0.6447754 0 0.4472656 0.1323242 0 0.451416 0.1323242 0 0.6533203 0.6442871 0 0.6293945 0.6445313 0 0.5761719 0.6452637 0 0.4267578 0.1323242 0 0.4057617 0.1323242 0 0.5356445 0.645752 0 0.5175781 0.645752 0 0.4934082 0.1323242 0 0.4816895 0.1323242 0 0.4711914 0.1323242 0 0.4560547 0.6494141 0 0.4345703 0.6472168 0 0.5834961 0.1323242 0 0.5131836 0.6464844 0 0.5 0.1323242 0 0.4819336 0.6486816 0 0.4121094 0.6462402 0 0.4162598 0.6291504 0 0.4382324 0.6291504 0 0.3947754 0.6437988 0 0.3974609 0.6291504 0 0.6308594 0.6291504 0 0.6079102 0.6291504 0 0.5839844 0.6291504 0 0.5786133 0.6291504 0 0.5361328 0.6291504 0 0.5209961 0.6291504 0 0.5141602 0.6291504 0 0.4838867 0.6291504 0 0.4624023 0.6291504 0 0.3664551 0.1977539 0 0.371582 0.1875 0 0.6743164 0.6972656 0 0.6831055 0.706543 0 0.6938477 0.689209 0 0.355957 0.1704102 0 0.3586426 0.1855469 0 0.675293 0.6569824 0 0.3840332 0.1484375 0 0.3720703 0.1533203 0 0.6723633 0.6455078 0 0.6582031 0.6291504 0 0.6801758 0.6369629 0 0.3828125 0.1347656 0 0.3666992 0.1445312 0 0.6918945 0.6525879 0 0.3588867 0.1572266 0 0.6962891 0.6694336 0 0.4433594 0.722168 0 0.4558105 0.7194824 0 0.4650879 0.7307129 0 0.4760742 0.7333984 0 0.4799805 0.7231445 0 0.4863281 0.7231445 0 0.6269531 0.7407227 0 0.6005859 0.7402344 0 0.6269531 0.7528076 0 0.5986328 0.7529297 0 0.6269531 0.7792969 0 0.6254883 0.7652588 0 0.5991211 0.7803955 0 0.5981445 0.7655029 0 0.5625 0.284668 0 0.5634766 0.2651367 0 0.5444336 0.2792969 0 0.5449219 0.2636719 0 0.5273438 0.284668 0 0.5288086 0.2753906 0 0.5166016 0.2841797 0 0.5161133 0.2729492 0 0.5654297 0.7390137 0 0.5463867 0.7380371 0 0.5639648 0.7530518 0 0.5439453 0.7520752 0 0.5439453 0.7791748 0 0.5634766 0.7785645 0 0.5439453 0.7647705 0 0.5634766 0.7647705 0 0.4587402 0.2573242 0 0.4711914 0.2578125 0 0.4592285 0.2451172 0 0.4716797 0.2460937 0 0.463623 0.2192383 0 0.4475098 0.2192383 0 0.4611816 0.2319336 0 0.4423828 0.234375 0 0.4575195 0.7438965 0 0.4680176 0.7480469 0 0.4643555 0.7803955 0 0.465332 0.763916 0 0.453125 0.7822266 0 0.4553223 0.7635498 0 0.4626465 0.7974854 0 0.4726562 0.8094482 0 0.473877 0.7966309 0 0.4807129 0.8096924 0 0.503418 0.2714844 0 0.5043945 0.2836914 0 0.4807129 0.2719727 0 0.4794922 0.2578125 0 0.4719238 0.2714844 0 0.5297852 0.2612305 0 0.5161133 0.2602539 0 0.5258789 0.7503662 0 0.5249023 0.7642822 0 0.5288086 0.7504883 0 0.527832 0.7645264 0 0.5957031 0.7526855 0 0.5947266 0.7652588 0 0.597168 0.7399902 0 0.5991211 0.7231445 0 0.6035156 0.7231445 0 0.5957031 0.7799072 0 0.5966797 0.7935791 0 0.6010742 0.7938232 0 0.4797363 0.2460937 0 0.4741211 0.2324219 0 0.4816895 0.2324219 0 0.5268555 0.7380371 0 0.5302734 0.737793 0 0.5268555 0.7231445 0 0.5332031 0.7231445 0 0.6459961 0.7521973 0 0.6450195 0.7402344 0 0.628418 0.7926025 0 0.420166 0.2709961 0 0.4130859 0.2724609 0 0.4213867 0.2832031 0 0.4155273 0.284668 0 0.4592285 0.2719727 0 0.5488281 0.7231445 0 0.5683594 0.7231445 0 0.5229492 0.2983398 0 0.5166016 0.2983398 0 0.5249023 0.7797852 0 0.527832 0.7801514 0 0.4772949 0.2192383 0 0.482666 0.2192383 0 0.4921875 0.7355957 0 0.4975586 0.7231445 0 0.4882812 0.7510986 0 0.4865723 0.7642822 0 0.4865723 0.7791748 0 0.5024414 0.2587891 0 0.5830078 0.7528076 0 0.5825195 0.7650146 0 0.5830078 0.7794189 0 0.5068359 0.7647705 0 0.5083008 0.7515869 0 0.5073242 0.7797852 0 0.4829102 0.2851562 0 0.4741211 0.2856445 0 0.4912109 0.2714844 0 0.4936523 0.284668 0 0.4899902 0.2583008 0 0.4914551 0.2460937 0 0.4936523 0.2338867 0 0.4274902 0.2709961 0 0.4289551 0.2827148 0 0.440918 0.2709961 0 0.4421387 0.2832031 0 0.4401855 0.2573242 0 0.440918 0.2460937 0 0.5449219 0.2900391 0 0.5634766 0.3051758 0 0.5639648 0.2460937 0 0.5449219 0.2456055 0 0.6464844 0.7919922 0 0.6464844 0.7789307 0 0.6464844 0.7651367 0 0.4230957 0.2983398 0 0.4189453 0.2983398 0 0.6308594 0.8093262 0 0.6054688 0.8093262 0 0.3977051 0.2734375 0 0.3969727 0.2841797 0 0.3969727 0.2983398 0 0.3557129 0.2817383 0 0.3535156 0.2719727 0 0.3444824 0.2788086 0 0.3430176 0.269043 0 0.6484375 0.8093262 0 0.3781738 0.2841797 0 0.3776855 0.2983398 0 0.3791504 0.2734375 0 0.357666 0.234375 0 0.3466797 0.2363281 0 0.3547363 0.2436523 0 0.34375 0.2460937 0 0.342041 0.2573242 0 0.3518066 0.2573242 0 0.3974609 0.2578125 0 0.4123535 0.2573242 0 0.3798828 0.2578125 0 0.6298828 0.7231445 0 0.6474609 0.7231445 0 0.3789062 0.2329102 0 0.3796387 0.2431641 0 0.3969727 0.2192383 0 0.378418 0.2192383 0 0.3962402 0.2333984 0 0.3972168 0.2441406 0 0.4123535 0.2456055 0 0.4196777 0.2573242 0 0.4196777 0.2470703 0 0.4213867 0.2338867 0 0.4150391 0.2329102 0 0.420166 0.2192383 0 0.4233398 0.2192383 0 0.4262695 0.2573242 0 0.4272461 0.246582 0 0.4279785 0.2353516 0 0.3540039 0.2929687 0 0.6674805 0.7910156 0 0.6738281 0.8093262 0 0.3400879 0.2851562 0 0.6918945 0.7955322 0 0.6821289 0.7871094 0 0.7006836 0.7800293 0 0.6835938 0.7767334 0 0.3330078 0.2709961 0 0.6655273 0.7528076 0 0.6655273 0.7647705 0 0.6660156 0.77771 0 0.3310547 0.2568359 0 0.6845703 0.7644043 0 0.7026367 0.7636719 0 0.4609375 0.2856445 0 0.5678711 0.8093262 0 0.5654297 0.7929688 0 0.5483398 0.8093262 0 0.5458984 0.7932129 0 0.5253906 0.793457 0 0.5292969 0.793457 0 0.4768066 0.2983398 0 0.4838867 0.2983398 0 0.5996094 0.8093262 0 0.4624023 0.2983398 0 0.4462891 0.2983398 0 0.5244141 0.8093262 0 0.5322266 0.8093262 0 0.489502 0.7945557 0 0.4943848 0.8093262 0 0.5068359 0.2983398 0 0.3432617 0.2290039 0 0.3554687 0.2236328 0 0.6723633 0.7231445 0 0.6660156 0.7407227 0 0.6801758 0.7424316 0 0.6879883 0.7321777 0 0.6835938 0.7521973 0 0.6992188 0.7480469 0 0.3339844 0.2426758 0 0.6049805 0.1831055 0 0.6030273 0.2006836 0 0.6079102 0.1669922 0 0.6000977 0.2182617 0 0.5922852 0.2675781 0 0.590332 0.2910156 0 0.5888672 0.3442383 0 0.5893555 0.3237305 0 0.6108398 0.4121094 0 0.6049805 0.3969727 0 0.581543 0.4023437 0 0.1794434 0.7163086 0 0.213623 0.7189941 0 0.2172852 0.6958008 0 0.1743164 0.6923828 0 0.1564941 0.8448486 0 0.1560059 0.8583984 0 0.1846924 0.8618164 0 0.1843262 0.8443604 0 0.8193359 0.3291016 0 0.8183594 0.3076172 0 0.8178711 0.3486328 0 0.815918 0.3686523 0 0.1849365 0.8922119 0 0.1848145 0.8791504 0 0.1522217 0.8840332 0 0.1540527 0.8719482 0 0.2301025 0.8986816 0 0.2281494 0.8827515 0 0.1798096 0.7414551 0 0.211792 0.7443848 0 0.1536865 0.809082 0 0.1553955 0.8267822 0 0.1455078 0.7150879 0 0.1505127 0.7712402 0 0.1497803 0.7426758 0 0.1502686 0.756958 0 0.1796875 0.756958 0 0.5683594 0.3642578 0 0.5927734 0.3657227 0 0.8139648 0.2041016 0 0.8139648 0.2163086 0 0.8144531 0.2338867 0 0.8154297 0.2509766 0 0.8164063 0.2685547 0 0.8168945 0.2861328 0 0.2658691 0.673584 0 0.2993164 0.685791 0 0.2832031 0.6586914 0 0.3164062 0.6625977 0 0.8349609 0.1513672 0 0.1402588 0.697998 0 0.1303711 0.7106934 0 0.1833496 0.8255615 0 0.1820068 0.8066406 0 0.7915039 0.1113281 0 0.7827148 0.144043 0 0.8222656 0.1196289 0 0.8188477 0.1499023 0 0.737793 0.1293945 0 0.7412109 0.09814453 0 0.7749023 0.1723633 0 0.8134766 0.1914062 0 0.8168945 0.1679687 0 0.7734375 0.2236328 0 0.7739258 0.2099609 0 0.7700195 0.3359375 0 0.7709961 0.3125 0 0.7719727 0.2895508 0 0.7724609 0.2729492 0 0.7729492 0.2397461 0 0.7724609 0.2563477 0 0.7304688 0.1586914 0 0.7705078 0.3540039 0 0.7700195 0.3710937 0 0.7353516 0.3764648 0 0.7353516 0.3588867 0 0.737793 0.2929687 0 0.737793 0.2763672 0 0.7358398 0.340332 0 0.7368164 0.3164062 0 0.7299805 0.175293 0 0.7363281 0.2285156 0 0.7358398 0.215332 0 0.7373047 0.2441406 0 0.737793 0.2602539 0 0.3508301 0.8977051 0 0.3083496 0.8910522 0 0.3459473 0.9125366 0 0.3056641 0.907959 0 0.3684082 0.9171143 0 0.3718262 0.9005737 0 0.3757324 0.8833618 0 0.3803711 0.862915 0 0.4001465 0.8659668 0 0.4077148 0.7062988 0 0.4104004 0.7387695 0 0.3413086 0.6835938 0 0.3505859 0.661377 0 0.3845215 0.7080078 0 0.3764648 0.6853027 0 0.3786621 0.6640625 0 0.6333008 0.2890625 0 0.6333008 0.3076172 0 0.5883789 0.3081055 0 0.6352539 0.3461914 0 0.6342773 0.3251953 0 0.6381836 0.3657227 0 0.6357422 0.2045898 0 0.6367188 0.184082 0 0.6347656 0.2182617 0 0.6337891 0.2324219 0 0.5908203 0.230957 0 0.675293 0.3442383 0 0.6748047 0.3222656 0 0.703125 0.3432617 0 0.7041016 0.3203125 0 0.7055664 0.2807617 0 0.7055664 0.2973633 0 0.7045898 0.2319336 0 0.7036133 0.21875 0 0.4099121 0.7635498 0 0.4455566 0.7392578 0 0.4433594 0.7623291 0 0.3884277 0.7399902 0 0.4406738 0.784668 0 0.4099121 0.7885742 0 0.4379883 0.8048096 0 0.4069824 0.8193359 0 0.387207 0.7872314 0 0.3852539 0.8181152 0 0.3828125 0.8397217 0 0.4038086 0.8414307 0 0.3879395 0.7628174 0 0.3730469 0.786499 0 0.331543 0.7816162 0 0.369873 0.8172607 0 0.3271484 0.8128662 0 0.2539062 0.7485352 0 0.2558594 0.7185059 0 0.2585449 0.6918945 0 0.2980957 0.717041 0 0.3398437 0.7119141 0 0.375 0.7087402 0 0.3742676 0.7407227 0 0.3347168 0.7419434 0 0.2946777 0.7453613 0 0.3330078 0.7635498 0 0.3737793 0.7624512 0 0.210083 0.7596436 0 0.1798096 0.7722168 0 0.2529297 0.7628174 0 0.2929687 0.7630615 0 0.2583008 0.901062 0 0.2580566 0.8853149 0 0.2236328 0.8638916 0 0.2191162 0.8450928 0 0.2141113 0.8255615 0 0.2091064 0.8061523 0 0.2871094 0.9050293 0 0.2890625 0.8883667 0 0.2900391 0.8692627 0 0.2915039 0.8465576 0 0.2575684 0.8660889 0 0.2570801 0.8447266 0 0.3137207 0.8725586 0 0.3552246 0.8798828 0 0.3195801 0.8511963 0 0.3603516 0.8598633 0 0.3237305 0.8309326 0 0.3649902 0.838501 0 0.2086182 0.7733154 0 0.2548828 0.8065186 0 0.2519531 0.7773438 0 0.2910156 0.8262939 0 0.2907715 0.80896 0 0.2561035 0.8255615 0 0.2915039 0.7789307 0 0.6416016 0.3886719 0 0.644043 0.4091797 0 0.6762695 0.3642578 0 0.6772461 0.3837891 0 0.7358398 0.4003906 0 0.7036133 0.4033203 0 0.703125 0.3632812 0 0.703125 0.3808594 0 0.6801758 0.4052734 0 0.3044434 0.5600586 0 0.3054199 0.534668 0 0.2900391 0.5561523 0 0.2893066 0.53125 0 0.5849609 0.08398437 0 0.5688477 0.08496094 0 0.5859375 0.09960937 0 0.5678711 0.1005859 0 0.5463867 0.08251953 0 0.5463867 0.06298828 0 0.5180664 0.07861328 0 0.5175781 0.06201172 0 0.5957031 0.08300781 0 0.5839844 0.06494141 0 0.5957031 0.06494141 0 0.2976074 0.6425781 0 0.3215332 0.6445313 0 0.3056641 0.6254883 0 0.3239746 0.6269531 0 0.3049316 0.5646973 0 0.3244629 0.5615234 0 0.3249512 0.5668945 0 0.3237305 0.5361328 0 0.5693359 0.06445312 0 0.3239746 0.6064453 0 0.307373 0.6066895 0 0.5957031 0.09765625 0 0.3239746 0.510498 0 0.3051758 0.5085449 0 0.3063965 0.5805664 0 0.291748 0.5766602 0 0.2900391 0.5610352 0 0.3244629 0.5822754 0 0.3452148 0.564209 0 0.3430176 0.579834 0 0.2189941 0.6694336 0 0.7426758 0.07763672 0 0.703125 0.08935547 0 0.7050781 0.06982422 0 0.2087402 0.6538086 0 0.164917 0.6789551 0 0.6079102 0.08203125 0 0.6074219 0.06445312 0 0.2734375 0.5710449 0 0.2719727 0.5559082 0 0.5869141 0.03076172 0 0.5844727 0.04785156 0 0.5966797 0.03173828 0 0.5952148 0.04931641 0 0.597168 0.015625 0 0.5917969 0.015625 0 0.6098633 0.015625 0 0.6083984 0.03369141 0 0.6079102 0.04980469 0 0.6088867 0.09716797 0 0.628418 0.08203125 0 0.628418 0.09765625 0 0.3452148 0.5600586 0 0.5961914 0.1166992 0 0.609375 0.1166992 0 0.3605957 0.5593262 0 0.361084 0.5544434 0 0.590332 0.1166992 0 0.3581543 0.574707 0 0.3710937 0.5710449 0 0.3730469 0.5556641 0 0.3435059 0.5339355 0 0.3417969 0.5083008 0 0.3552246 0.5048828 0 0.3688965 0.4980469 0 0.3508301 0.4833984 0 0.3605957 0.4750977 0 0.5444336 0.09619141 0 0.3603516 0.5302734 0 0.5415039 0.109375 0 0.5678711 0.1166992 0 0.373291 0.5488281 0 0.3740234 0.5244141 0 0.2841797 0.4765625 0 0.2758789 0.4990234 0 0.296875 0.4833984 0 0.2927246 0.5053711 0 0.3054199 0.4819336 0 0.2722168 0.5239258 0 0.5693359 0.015625 0 0.5693359 0.02832031 0 0.2717285 0.5500488 0 0.6279297 0.04882812 0 0.6513672 0.04833984 0 0.6293945 0.03222656 0 0.6533203 0.03076172 0 0.6274414 0.06494141 0 0.6782227 0.08642578 0 0.6806641 0.06787109 0 0.6513672 0.06542969 0 0.6508789 0.08300781 0 0.5688477 0.04541016 0 0.519043 0.04492187 0 0.546875 0.04492187 0 0.5219727 0.03564453 0 0.5454102 0.03076172 0 0.519043 0.02392578 0 0.5439453 0.01806641 0 0.3234863 0.4804687 0 0.3400879 0.4819336 0 0.3486328 0.4726562 0 0.3405762 0.4677734 0 0.3549805 0.4638672 0 0.5117188 0.0390625 0 0.5107422 0.04492187 0 0.5078125 0.06152344 0 0.5097656 0.07861328 0 0.5195313 0.1010742 0 0.5209961 0.08837891 0 0.5083008 0.09326172 0 0.5126953 0.08496094 0 0.3435059 0.4560547 0 0.4997559 0.08203125 0 0.5 0.04150391 0 0.4958496 0.0625 0 0.8286133 0.06835937 0 0.831543 0.05273437 0 0.800293 0.06445312 0 0.8027344 0.04833984 0 0.7446289 0.03564453 0 0.7441406 0.05224609 0 0.796875 0.08886719 0 0.824707 0.09326172 0 0.3417969 0.6022949 0 0.3422852 0.6242676 0 0.3439941 0.6386719 0 0.3706055 0.5917969 0 0.3579102 0.5976563 0 0.3713379 0.6101074 0 0.3596191 0.6184082 0 0.6303711 0.1166992 0 0.6508789 0.09765625 0 0.6508789 0.1166992 0 0.3459473 0.6447754 0 0.2770996 0.6367188 0 0.2875977 0.6206055 0 0.2507324 0.6516113 0 0.2924805 0.6032715 0 0.2709961 0.612793 0 0.2590332 0.6271973 0 0.6328125 0.015625 0 0.6523438 0.015625 0 0.2341309 0.6379395 0 0.2741699 0.5949707 0 0.6806641 0.05029297 0 0.7060547 0.05029297 0 0.7045898 0.03271484 0 0.6787109 0.03173828 0 0.6723633 0.01611328 0 0.5063477 0.03125 0 0.2978516 0.4726562 0 0.291748 0.4643555 0 0.3034668 0.4682617 0 0.3010254 0.4575195 0 0.322998 0.465332 0 0.3225098 0.4516602 0 0.3942871 0.6291504 0 0.3769531 0.6291504 0 0.3886719 0.6428223 0 0.3676758 0.6391602 0 0.6533203 0.1313477 0 0.6367188 0.1323242 0 0.6577148 0.1450195 0 0.6357422 0.1489258 0 0.6875 0.1469727 0 0.6977539 0.1181641 0 0.6669922 0.1811523 0 0.6704102 0.2055664 0 0.671875 0.1313477 0 0.6625977 0.1616211 0 0.6367188 0.1669922 0 0.6713867 0.1171875 0 0.6582031 0.1220703 0 0.6733398 0.1049805 0 0.3613281 0.6318359 0 0.3703613 0.6254883 0 0.3713379 0.6223145 0 0.3603516 0.6281738 0 0.6582031 0.1259766 0 0.5253906 0.8343506 0 0.5424805 0.8344727 0 0.5288086 0.8173828 0 0.5493164 0.8173828 0 0.4465332 0.3046875 0 0.4655762 0.3046875 0 0.5078125 0.8424072 0 0.5068359 0.8544922 0 0.5097656 0.8427734 0 0.5087891 0.8546143 0 0.489502 0.8652344 0 0.4887695 0.8533936 0 0.4941406 0.3193359 0 0.5083008 0.8338623 0 0.5107422 0.8342285 0 0.5087891 0.8173828 0 0.5146484 0.8173828 0 0.4892578 0.8427734 0 0.4782715 0.3046875 0 0.4833984 0.3046875 0 0.5581055 0.4233398 0 0.5668945 0.4067383 0 0.5722656 0.3862305 0 0.5546875 0.3920898 0 0.4638672 0.8970947 0 0.4523926 0.8796997 0 0.4553223 0.8979492 0 0.442627 0.8892822 0 0.5063477 0.3598633 0 0.5087891 0.3759766 0 0.5219727 0.3598633 0 0.5224609 0.3764648 0 0.5107422 0.3911133 0 0.5229492 0.3911133 0 0.480957 0.8970947 0 0.4753418 0.8771973 0 0.4711914 0.8970947 0 0.4604492 0.878418 0 0.4729004 0.8632813 0 0.4558105 0.862793 0 0.5512695 0.3613281 0 0.5351563 0.359375 0 0.5351563 0.3764648 0 0.5297852 0.3911133 0 0.5405273 0.3916016 0 0.5532227 0.3808594 0 0.4431152 0.8476563 0 0.4321289 0.8469238 0 0.4465332 0.8637695 0 0.4328613 0.8691406 0 0.6000977 0.3852539 0 0.4699707 0.8511963 0 0.451416 0.848999 0 0.4536133 0.8349609 0 0.4714355 0.8400879 0 0.5454102 0.3120117 0 0.5332031 0.331543 0 0.5297852 0.3178711 0 0.5048828 0.3334961 0 0.5058594 0.3461914 0 0.5195313 0.3325195 0 0.5205078 0.3457031 0 0.534668 0.3447266 0 0.5454102 0.3012695 0 0.5180664 0.3183594 0 0.5063477 0.3183594 0 0.5175781 0.3046875 0 0.5078125 0.3046875 0 0.4355469 0.8249512 0 0.5307617 0.3017578 0 0.5307617 0.300293 0 0.4628906 0.8105469 0 0.4628906 0.8094482 0 0.4492187 0.8087158 0 0.4489746 0.8045654 0 0.4545898 0.822876 0 0.4494629 0.8128662 0 0.4465332 0.831665 0 0.4628906 0.8115234 0 0.4667969 0.8135986 0 0.4846191 0.8165283 0 0.4746094 0.8153076 0 0.4770508 0.8292236 0 0.4616699 0.8261719 0 0.5234375 0.3046875 0 0.5307617 0.3032227 0 0.4560547 0.7229004 0 0.4575195 0.9385071 0 0.4606934 0.9276123 0 0.4560547 0.9519348 0 0.4543457 0.9673157 0 0.4550781 0.9876785 0 0.5439453 0.4575195 0 0.546875 0.4731445 0 0.5371094 0.4418945 0 0.5551758 0.4111328 0 0.5532227 0.402832 0 0.5205078 0.3984375 0 0.5166016 0.3984375 0 0.5258789 0.4311523 0 0.5249023 0.4199219 0 0.5249023 0.4111328 0 0.4614258 0.9031372 0 0.4550781 0.9007568 0 0.4499512 0.9112549 0 0.4421387 0.9031372 0 0.482666 0.9043579 0 0.4875488 0.9043579 0 0.4423828 0.8961792 0 0.4550781 0.8995361 0 0.5410156 0.3950195 0 0.5410156 0.3935547 0 0.5537109 0.3862305 0 0.4692383 0.9043579 0 0.4655762 0.9160156 0 0.5332031 0.4301758 0 0.5317383 0.418457 0 0.5317383 0.4116211 0 0.5356445 0.3969727 0 0.5307617 0.3984375 0 0.5429688 0.2075195 0 0.5683594 0.2265625 0 0.4763184 0.7197266 0 0.519043 0.2333984 0 0.5307617 0.2324219 0 0.519043 0.2192383 0 0.5249023 0.2192383 0 0.5297852 0.2460937 0 0.5170898 0.2470703 0 0.5092773 0.2192383 0 0.5058594 0.2338867 0 0.5039063 0.246582 0 0.5913086 0.2470703 0 0.5439453 0.2226562 0 0.6337891 0.2495117 0 0.6333008 0.2700195 0 0.6748047 0.2836914 0 0.6748047 0.3007812 0 0.6733398 0.2338867 0 0.671875 0.2192383 0 0.4763184 0.7211914 0 0.5292969 0.2177734 0 0.5292969 0.2163086 0 0.543457 0.215332 0 0.5292969 0.2143555 0 0.7036133 0.01708984 0 0.7470703 0.01953125 0 0.8051758 0.03369141 0 0.8364258 0.03857422 0 0.7680664 0.3959961 0 0.8139648 0.3925781 0 0.4580078 0.2128906 0 0.5668945 0.6994629 0 0.5668945 0.7148438 0 0.565918 0.6459961 0 0.565918 0.6291504 0 0.4606934 0.1323242 0 0.4697266 0.2128906 0 0.5522461 0.6989746 0 0.5527344 0.7148438 0 0.5517578 0.685791 0 0.5512695 0.6721191 0 0.5517578 0.6591797 0 0.5522461 0.6462402 0 0.5527344 0.6291504 0 0.503418 0.6472168 0 0.5048828 0.6291504 0 0.5107422 0.1323242 0 0.5073242 0.7368164 0 0.5102539 0.7231445 0 0.4973145 0.2192383 0 0.496582 0.2983398 0 0.5068359 0.7932129 0 0.5083008 0.8093262 0 0.4321289 0.2983398 0 0.5834961 0.7935791 0 0.5874023 0.8093262 0 0.5839844 0.7390137 0 0.5869141 0.7231445 0 0.4328613 0.2192383 0 0.4365234 0.3911133 0 0.5576172 0.881897 0 0.5605469 0.8970947 0 0.5595703 0.8334961 0 0.5644531 0.8173828 0 0.4328613 0.3046875 0 0.4970703 0.3911133 0 0.4907227 0.8771362 0 0.4934082 0.8970947 0 0.4926758 0.8321533 0 0.4968262 0.8173828 0 0.4958496 0.3046875 0 0.53125 0.9172363 0 0.5351563 0.9043579 0 0.4777832 0.3984375 0 0.5371094 0.4731445 0 0.4689941 0.987114 0 0.4746094 0.9161377 0 0.4772949 0.9043579 0 0.5249023 0.3984375 0 0.6743164 0.2475586 0 0.675293 0.2646484 0 0.7060547 0.2631836 0 0.7050781 0.2460937 0 0.6943359 0.1748047 0 0.7021484 0.2045898 0 0.7348633 0.2021484 0 0.7744141 0.1962891 0 0.8339844 0.1669922 0 0.9882813 0.3193359 0 0.9882813 0.3398437 0 0.9882813 0.2958984 0 0.9882813 0.2724609 0 0.9882813 0.1801758 0 0.9882813 0.1582031 0 0.9882813 0.2001953 0 0.9882813 0.2182617 0 0.9882813 0.2363281 0 0.9882813 0.2543945 0 0.004997253 0.7385254 0 0.004997253 0.753418 0 0.004997253 0.770752 0 0.004997253 0.7830811 0 0.004997253 0.7956543 0 0.004997253 0.8223877 0 0.9882813 0.05517578 0 0.9882813 0.03710937 0 0.9882813 0.07519531 0 0.9882813 0.09619141 0 0.9882813 0.1201172 0 0.9882813 0.140625 0 0.9882813 0.3598633 0 0.9882813 0.3798828 0 0.9882813 0.4609375 0 0.9882813 0.4267578 0 0.9882813 0.3999023 0 0.004997253 0.9055176 0 0.004997253 0.8880005 0 0.004997253 0.8597412 0 0.004997253 0.8758545 0 0.004997253 0.8503418 0 0.004997253 0.838623 0 0.8300781 0.1523437 0</float_array>
          <technique_common>
            <accessor source="#geom-hand_baseShape-map1-array" count="1714" stride="3">
              <param name="S" type="float"/>
              <param name="T" type="float"/>
              <param name="P" type="float"/>
            </accessor>
          </technique_common>
        </source>
        <vertices id="geom-hand_baseShape-vertices">
          <input semantic="POSITION" source="#geom-hand_baseShape-positions"/>
        </vertices>
        <triangles material="Hand_matA" count="2993">
          <input semantic="VERTEX" source="#geom-hand_baseShape-vertices" offset="0"/>
          <input semantic="NORMAL" source="#geom-hand_baseShape-normals" offset="1"/>
          <input semantic="COLOR" source="#geom-hand_baseShape-map0" offset="2" set="0"/>
          <input semantic="TEXCOORD" source="#geom-hand_baseShape-map1" offset="3" set="0"/>
          <p>7 0 7 7 0 1 0 0 2 2 2 2 5 3 5 5 0 1 0 0 7 0 7 7 5 3 5 5 138 4 138 138 0 1 0 0 0 1 0 0 137 5 137 137 1 6 1 1 138 4 138 138 137 5 137 137 0 1 0 0 0 1 0 0 1 6 1 1 2 2 2 2 7 0 7 7 2 2 2 2 62 7 62 62 61 8 61 61 7 0 7 7 62 7 62 62 6 9 6 6 7 0 7 7 61 8 61 61 6 9 6 6 5 3 5 5 7 0 7 7 62 7 62 62 2 2 2 2 193 10 193 193 2 2 2 2 3 11 3 3 193 10 193 193 2 2 2 2 1 6 1 1 3 11 3 3 1 6 1 1 164 12 164 164 12 13 12 12 137 5 137 137 164 12 164 164 1 6 1 1 1 6 1 1 12 13 12 12 3 11 3 3 137 5 137 137 125 14 125 125 164 12 164 164 126 15 126 126 137 5 137 137 138 4 138 138 125 14 125 125 137 5 137 137 126 15 126 126 135 16 135 135 138 4 138 138 5 3 5 5 138 4 138 138 135 16 135 135 126 15 126 126 5 3 5 5 4 17 4 4 135 16 135 135 4 17 4 4 5 3 5 5 6 9 6 6 126 15 126 126 135 16 135 135 132 18 132 132 135 16 135 135 4 17 4 4 136 19 136 136 134 20 134 134 135 16 135 135 136 19 136 136 132 18 132 132 135 16 135 135 134 20 134 134 126 15 126 126 131 21 131 131 128 22 128 128 132 18 132 132 131 21 131 131 126 15 126 126 127 23 127 127 126 15 126 126 128 22 128 128 125 14 125 125 126 15 126 126 127 23 127 127 164 12 164 164 125 14 125 125 129 24 129 129 130 25 130 130 125 14 125 125 127 23 127 127 129 24 129 129 125 14 125 125 130 25 130 130 165 26 165 165 12 13 12 12 164 12 164 164 164 12 164 164 129 24 129 129 165 26 165 165 14 27 14 14 12 13 12 12 165 26 165 165 12 13 12 12 14 27 14 14 13 28 13 13 3 11 3 3 12 13 12 12 13 28 13 13 193 10 193 193 3 11 3 3 189 29 189 189 3 11 3 3 13 28 13 13 189 29 189 189 64 30 64 64 193 10 193 193 194 31 194 194 62 7 62 62 193 10 193 193 64 30 64 64 193 10 193 193 189 29 189 189 194 31 194 194 63 32 63 63 62 7 62 62 64 30 64 64 61 8 61 61 62 7 62 62 63 32 63 63 64 30 64 64 266 33 266 266 63 32 63 63 267 34 267 267 266 33 266 266 64 30 64 64 194 31 194 194 267 34 267 267 64 30 64 64 264 35 264 264 267 34 267 267 194 31 194 194 191 36 191 191 264 35 264 264 194 31 194 194 194 31 194 194 189 29 189 189 191 36 191 191 189 29 189 189 13 28 13 13 190 37 190 190 189 29 189 189 190 37 190 190 191 36 191 191 13 28 13 13 15 38 15 15 190 37 190 190 13 28 13 13 14 27 14 14 15 38 15 15 165 26 165 165 146 39 146 146 14 27 14 14 14 27 14 14 146 39 146 146 15 38 15 15 145 40 145 145 166 41 166 166 165 26 165 165 166 41 166 166 146 39 146 146 165 26 165 165 165 26 165 165 129 24 129 129 145 40 145 145 129 24 129 129 130 25 130 130 145 40 145 145 163 42 163 163 130 25 130 130 281 43 281 281 130 25 130 130 127 23 127 127 281 43 281 281 163 42 163 163 145 40 145 145 130 25 130 130 282 44 282 282 127 23 127 127 128 22 128 128 281 43 281 281 127 23 127 127 282 44 282 282 128 22 128 128 131 21 131 131 1408 45 1408 1408 1407 46 1407 1407 128 22 128 128 1408 45 1408 1408 1414 47 1414 1414 282 44 282 282 128 22 128 128 1407 46 1407 1407 1414 47 1414 1414 128 22 128 128 131 21 131 131 133 48 133 133 1619 49 1619 1619 1408 45 1408 1408 131 21 131 131 1619 49 1619 1619 131 21 131 131 132 18 132 132 133 48 133 133 133 48 133 133 132 18 132 132 134 20 134 134 1408 45 1408 1408 1619 49 1619 1619 1618 50 1618 1618 1410 51 1410 1410 1408 45 1408 1408 1618 50 1618 1618 1408 45 1408 1408 1410 51 1410 1410 1409 52 1409 1409 1407 46 1407 1407 1408 45 1408 1408 1409 52 1409 1409 1413 53 1413 1413 1414 47 1414 1414 1407 46 1407 1407 1409 52 1409 1409 1413 53 1413 1413 1407 46 1407 1407 1155 54 1155 1155 1157 55 1157 1157 1414 47 1414 1414 1413 53 1413 1413 1155 54 1155 1155 1414 47 1414 1414 1414 47 1414 1414 1157 55 1157 1157 282 44 282 282 1157 55 1157 1157 281 43 281 281 282 44 282 282 163 42 163 163 281 43 281 281 1157 55 1157 1157 163 42 163 163 1157 55 1157 1157 1150 56 1150 1150 162 57 162 162 163 42 163 163 1150 56 1150 1150 161 58 161 161 145 40 145 145 163 42 163 163 163 42 163 163 162 57 162 162 161 58 161 161 159 59 159 159 166 41 166 166 145 40 145 145 161 58 161 161 159 59 159 159 145 40 145 145 153 60 153 153 166 41 166 166 151 61 151 151 146 39 146 146 166 41 166 166 153 60 153 153 166 41 166 166 159 59 159 159 151 61 151 151 148 62 148 148 146 39 146 146 153 60 153 153 146 39 146 146 148 62 148 148 147 63 147 147 15 38 15 15 146 39 146 146 147 63 147 147 15 38 15 15 147 63 147 147 202 64 202 202 190 37 190 190 15 38 15 15 202 64 202 202 190 37 190 190 202 64 202 202 192 65 192 192 191 36 191 191 190 37 190 190 192 65 192 192 202 64 202 202 147 63 147 147 199 66 199 199 192 65 192 192 202 64 202 202 201 67 201 201 199 66 199 199 201 67 201 201 202 64 202 202 147 63 147 147 149 68 149 149 199 66 199 199 147 63 147 147 148 62 148 148 149 68 149 149 153 60 153 153 155 69 155 155 148 62 148 148 155 69 155 155 170 70 170 170 148 62 148 148 148 62 148 148 170 70 170 170 149 68 149 149 153 60 153 153 154 71 154 154 155 69 155 155 153 60 153 153 152 72 152 152 154 71 154 154 151 61 151 151 152 72 152 152 153 60 153 153 151 61 151 151 158 73 158 158 152 72 152 152 151 61 151 151 159 59 159 159 158 73 158 158 82 74 82 82 159 59 159 159 161 58 161 161 80 75 80 80 159 59 159 159 82 74 82 82 158 73 158 158 159 59 159 159 80 75 80 80 83 76 83 83 161 58 161 161 162 57 162 162 82 74 82 82 161 58 161 161 83 76 83 83 162 57 162 162 1150 56 1150 1150 1679 77 1679 1679 288 78 288 288 162 57 162 162 1679 77 1679 1679 288 78 288 288 83 76 83 83 162 57 162 162 1157 55 1157 1157 1713 79 1713 1713 1150 56 1150 1150 1679 77 1679 1679 1150 56 1150 1150 1713 79 1713 1713 1157 55 1157 1157 1158 80 1158 1158 1713 79 1713 1713 1156 81 1156 1156 1158 80 1158 1158 1157 55 1157 1157 1155 54 1155 1155 1156 81 1156 1156 1157 55 1157 1157 1158 80 1158 1158 1163 82 1163 1163 1713 79 1713 1713 1713 79 1713 1713 1163 82 1163 1163 1679 77 1679 1679 1162 83 1162 1162 288 78 288 288 1679 77 1679 1679 1679 77 1679 1679 1163 82 1163 1163 1162 83 1162 1162 1162 83 1162 1162 287 84 287 287 288 78 288 288 287 84 287 287 83 76 83 83 288 78 288 288 81 85 81 81 83 76 83 83 287 84 287 287 81 85 81 81 82 74 82 82 83 76 83 83 80 75 80 80 82 74 82 82 81 85 81 81 80 75 80 80 76 86 76 76 158 73 158 158 74 87 74 74 80 75 80 80 81 85 81 81 76 86 76 76 80 75 80 80 74 87 74 74 152 72 152 152 158 73 158 158 160 88 160 160 158 73 158 158 76 86 76 76 160 88 160 160 77 89 77 77 152 72 152 152 160 88 160 160 150 90 150 150 152 72 152 152 77 89 77 77 154 71 154 154 152 72 152 152 150 90 150 150 154 71 154 154 150 90 150 150 156 91 156 156 155 69 155 155 154 71 154 154 156 91 156 156 156 91 156 156 179 92 179 179 155 69 155 155 155 69 155 155 179 92 179 179 170 70 170 170 179 92 179 179 169 93 169 169 170 70 170 170 149 68 149 149 170 70 170 170 168 94 168 168 169 93 169 169 168 94 168 168 170 70 170 170 149 68 149 149 168 94 168 168 195 95 195 195 199 66 199 199 149 68 149 149 195 95 195 195 167 96 167 167 196 97 196 196 168 94 168 168 195 95 195 195 168 94 168 168 196 97 196 196 167 96 167 167 168 94 168 168 169 93 169 169 179 92 179 179 176 98 176 176 169 93 169 169 176 98 176 176 177 99 177 177 169 93 169 169 169 93 169 169 177 99 177 177 167 96 167 167 179 92 179 179 156 91 156 156 175 100 175 175 175 100 175 175 176 98 176 176 179 92 179 179 175 100 175 175 156 91 156 156 157 101 157 157 156 91 156 156 150 90 150 150 157 101 157 157 111 102 111 111 150 90 150 150 79 103 79 79 157 101 157 157 150 90 150 150 111 102 111 111 150 90 150 150 77 89 77 77 79 103 79 79 160 88 160 160 76 86 76 76 77 89 77 77 75 104 75 75 79 103 79 79 77 89 77 77 76 86 76 76 75 104 75 75 77 89 77 77 74 87 74 74 75 104 75 75 76 86 76 76 286 105 286 286 285 106 285 285 74 87 74 74 81 85 81 81 286 105 286 286 74 87 74 74 74 87 74 74 285 106 285 285 75 104 75 75 286 105 286 286 81 85 81 81 287 84 287 287 1162 83 1162 1162 1140 107 1140 1140 287 84 287 287 287 84 287 287 1141 108 1141 1141 286 105 286 286 1140 107 1140 1140 1141 108 1141 1141 287 84 287 287 1140 107 1140 1140 1162 83 1162 1162 1678 109 1678 1678 1162 83 1162 1162 1161 110 1161 1161 1678 109 1678 1678 1161 110 1161 1161 1162 83 1162 1162 1163 82 1163 1163 1156 81 1156 1156 1163 82 1163 1163 1158 80 1158 1158 1161 110 1161 1161 1163 82 1163 1163 1156 81 1156 1156 1161 110 1161 1161 1181 111 1181 1181 1678 109 1678 1678 1181 111 1181 1181 1161 110 1161 1161 1172 112 1172 1172 1172 112 1172 1172 1161 110 1161 1161 1156 81 1156 1156 1165 113 1165 1165 1140 107 1140 1140 1678 109 1678 1678 1165 113 1165 1165 1678 109 1678 1678 1677 114 1677 1677 1181 111 1181 1181 1677 114 1677 1677 1678 109 1678 1678 1141 108 1141 1141 1140 107 1140 1140 1165 113 1165 1165 1141 108 1141 1141 1142 115 1142 1142 286 105 286 286 1141 108 1141 1141 1164 116 1164 1164 1142 115 1142 1142 1164 116 1164 1164 1141 108 1141 1141 1165 113 1165 1165 286 105 286 286 1142 115 1142 1142 285 106 285 285 285 106 285 285 284 117 284 284 75 104 75 75 285 106 285 285 1143 118 1143 1143 284 117 284 284 1142 115 1142 1142 1143 118 1143 1143 285 106 285 285 284 117 284 284 78 119 78 78 75 104 75 75 78 119 78 78 79 103 79 79 75 104 75 75 79 103 79 79 88 120 88 88 111 102 111 111 78 119 78 78 88 120 88 88 79 103 79 79 175 100 175 175 111 102 111 111 171 121 171 171 157 101 157 157 111 102 111 111 175 100 175 175 112 122 112 112 171 121 171 171 111 102 111 111 111 102 111 111 88 120 88 88 112 122 112 112 171 121 171 171 176 98 176 176 175 100 175 175 173 123 173 173 177 99 177 177 176 98 176 176 173 123 173 173 176 98 176 176 171 121 171 171 177 99 177 177 182 124 182 182 178 125 178 178 182 124 182 182 177 99 177 177 173 123 173 173 167 96 167 167 177 99 177 177 178 125 178 178 167 96 167 167 178 125 178 178 203 126 203 203 203 126 203 203 196 97 196 196 167 96 167 167 178 125 178 178 183 127 183 183 204 128 204 204 203 126 203 203 178 125 178 178 204 128 204 204 178 125 178 178 182 124 182 182 183 127 183 183 184 129 184 184 182 124 182 182 180 130 180 180 183 127 183 183 182 124 182 182 184 129 184 184 174 131 174 174 182 124 182 182 173 123 173 173 180 130 180 180 182 124 182 182 174 131 174 174 173 123 173 173 172 132 172 172 174 131 174 174 171 121 171 171 172 132 172 172 173 123 173 173 172 132 172 172 171 121 171 171 112 122 112 112 113 133 113 113 172 132 172 172 112 122 112 112 112 122 112 112 88 120 88 88 113 133 113 113 113 133 113 113 88 120 88 88 84 134 84 84 89 135 89 89 88 120 88 88 78 119 78 78 85 136 85 85 88 120 88 88 89 135 89 89 84 134 84 84 88 120 88 88 85 136 85 85 283 137 283 283 89 135 89 89 78 119 78 78 283 137 283 283 78 119 78 78 284 117 284 284 1143 118 1143 1143 1144 138 1144 1144 284 117 284 284 284 117 284 284 1144 138 1144 1144 283 137 283 283 1144 138 1144 1144 1143 118 1143 1143 1171 139 1171 1171 1170 140 1170 1170 1171 139 1171 1171 1143 118 1143 1143 1142 115 1142 1142 1170 140 1170 1170 1143 118 1143 1143 1164 116 1164 1164 1170 140 1170 1170 1142 115 1142 1142 1164 116 1164 1164 1182 141 1182 1182 1170 140 1170 1170 1164 116 1164 1164 1165 113 1165 1165 1183 142 1183 1183 1182 141 1182 1182 1164 116 1164 1164 1183 142 1183 1183 1183 142 1183 1183 1165 113 1165 1165 1677 114 1677 1677 1183 142 1183 1183 1677 114 1677 1677 1220 143 1220 1220 1182 141 1182 1182 1183 142 1183 1183 1220 143 1220 1220 1182 141 1182 1182 1184 144 1184 1184 1170 140 1170 1170 1184 144 1184 1184 1182 141 1182 1182 1219 145 1219 1219 1219 145 1219 1219 1182 141 1182 1182 1220 143 1220 1220 1170 140 1170 1170 1184 144 1184 1184 1171 139 1171 1171 1169 146 1169 1169 1144 138 1144 1144 1171 139 1171 1171 1169 146 1169 1169 1171 139 1171 1171 1185 147 1185 1185 1184 144 1184 1184 1185 147 1185 1185 1171 139 1171 1171 1145 148 1145 1145 1144 138 1144 1144 1169 146 1169 1169 1144 138 1144 1144 1145 148 1145 1145 283 137 283 283 289 149 289 289 283 137 283 283 1145 148 1145 1145 289 149 289 289 89 135 89 89 283 137 283 283 290 150 290 290 89 135 89 89 289 149 289 289 85 136 85 85 89 135 89 89 290 150 290 290 87 151 87 87 85 136 85 85 290 150 290 290 86 152 86 86 85 136 85 85 87 151 87 87 84 134 84 84 85 136 85 85 86 152 86 86 114 153 114 114 84 134 84 84 86 152 86 86 113 133 113 113 84 134 84 84 114 153 114 114 103 154 103 103 172 132 172 172 113 133 113 113 114 153 114 114 103 154 103 103 113 133 113 113 172 132 172 172 103 154 103 103 174 131 174 174 181 155 181 181 174 131 174 174 105 156 105 105 180 130 180 180 174 131 174 174 181 155 181 181 174 131 174 174 103 154 103 103 105 156 105 105 185 157 185 185 180 130 180 180 181 155 181 181 184 129 184 184 180 130 180 180 185 157 185 185 187 158 187 187 181 155 181 181 186 159 186 186 185 157 185 185 181 155 181 181 187 158 187 187 105 156 105 105 186 159 186 186 181 155 181 181 106 160 106 106 186 159 186 186 105 156 105 105 105 156 105 105 104 161 104 104 106 160 106 106 103 154 103 103 104 161 104 104 105 156 105 105 104 161 104 104 103 154 103 103 114 153 114 114 107 162 107 107 114 153 114 114 115 163 115 115 104 161 104 104 114 153 114 114 107 162 107 107 114 153 114 114 86 152 86 86 115 163 115 115 115 163 115 115 86 152 86 86 95 164 95 95 87 151 87 87 95 164 95 95 86 152 86 86 1119 165 1119 1119 1121 166 1121 1121 87 151 87 87 290 150 290 290 1119 165 1119 1119 87 151 87 87 87 151 87 87 1121 166 1121 1121 94 167 94 94 94 167 94 94 95 164 95 95 87 151 87 87 290 150 290 290 289 149 289 289 1120 168 1120 1120 1119 165 1119 1119 290 150 290 290 1120 168 1120 1120 1120 168 1120 1120 289 149 289 289 1145 148 1145 1145 1120 168 1120 1120 1145 148 1145 1145 1168 169 1168 1168 1168 169 1168 1168 1145 148 1145 1145 1169 146 1169 1169 1178 170 1178 1178 1169 146 1169 1169 1185 147 1185 1185 1168 169 1168 1168 1169 146 1169 1169 1178 170 1178 1178 1185 147 1185 1185 1673 171 1673 1673 1178 170 1178 1178 1185 147 1185 1185 1184 144 1184 1184 1674 172 1674 1674 1673 171 1673 1673 1185 147 1185 1185 1674 172 1674 1674 1674 172 1674 1674 1184 144 1184 1184 1219 145 1219 1219 1219 145 1219 1219 1609 173 1609 1609 1674 172 1674 1674 1609 173 1609 1609 1219 145 1219 1219 1220 143 1220 1220 1609 173 1609 1609 1671 174 1671 1671 1674 172 1674 1674 1674 172 1674 1674 1671 174 1671 1671 1673 171 1673 1673 1673 171 1673 1673 1217 175 1217 1217 1178 170 1178 1178 1673 171 1673 1673 1672 176 1672 1672 1217 175 1217 1217 1671 174 1671 1671 1672 176 1672 1672 1673 171 1673 1673 1178 170 1178 1178 1217 175 1217 1217 1177 177 1177 1177 1177 177 1177 1177 1168 169 1168 1168 1178 170 1178 1178 1167 178 1167 1167 1120 168 1120 1120 1168 169 1168 1168 1167 178 1167 1167 1168 169 1168 1168 1177 177 1177 1177 1119 165 1119 1119 1120 168 1120 1120 1167 178 1167 1167 1119 165 1119 1119 1166 179 1166 1166 1121 166 1121 1121 1166 179 1166 1166 1119 165 1119 1119 1167 178 1167 1167 1166 179 1166 1166 1173 180 1173 1173 1121 166 1121 1121 1121 166 1121 1121 1173 180 1173 1173 1122 181 1122 1122 1121 166 1121 1121 1122 181 1122 1122 94 167 94 94 94 167 94 94 1122 181 1122 1122 90 182 90 90 94 167 94 94 90 182 90 90 95 164 95 95 110 183 110 110 95 164 95 95 92 184 92 92 115 163 115 115 95 164 95 95 110 183 110 110 95 164 95 95 90 182 90 90 92 184 92 92 110 183 110 110 107 162 107 107 115 163 115 115 110 183 110 110 108 185 108 108 107 162 107 107 107 162 107 107 108 185 108 108 104 161 104 104 104 161 104 104 108 185 108 108 106 160 106 106 116 186 116 116 106 160 106 106 108 185 108 108 186 159 186 186 106 160 106 106 116 186 116 116 188 187 188 188 186 159 186 186 116 186 116 116 187 158 187 187 186 159 186 186 188 187 188 188 116 186 116 116 40 188 40 40 42 189 42 42 116 186 116 116 42 189 42 42 188 187 188 188 116 186 116 116 109 190 109 109 40 188 40 40 108 185 108 108 109 190 109 109 116 186 116 116 109 190 109 109 108 185 108 108 110 183 110 110 92 184 92 92 109 190 109 109 110 183 110 110 93 191 93 93 109 190 109 109 92 184 92 92 92 184 92 92 91 192 91 91 93 191 93 93 90 182 90 90 91 192 91 91 92 184 92 92 1122 181 1122 1122 1621 193 1621 1621 90 182 90 90 90 182 90 90 1621 193 1621 1621 91 192 91 91 1122 181 1122 1122 1174 194 1174 1174 1621 193 1621 1621 1173 180 1173 1173 1174 194 1174 1174 1122 181 1122 1122 1173 180 1173 1173 1166 179 1166 1166 1179 195 1179 1179 1176 196 1176 1176 1173 180 1173 1173 1179 195 1179 1179 1174 194 1174 1174 1173 180 1173 1173 1176 196 1176 1176 1166 179 1166 1166 1167 178 1167 1167 1180 197 1180 1180 1179 195 1179 1179 1166 179 1166 1166 1180 197 1180 1180 1180 197 1180 1180 1167 178 1167 1167 1177 177 1177 1177 1180 197 1180 1180 1177 177 1177 1177 1218 198 1218 1218 1217 175 1217 1217 1218 198 1218 1218 1177 177 1177 1177 1672 176 1672 1672 1607 199 1607 1607 1217 175 1217 1217 1217 175 1217 1217 1607 199 1607 1607 1218 198 1218 1218 1672 176 1672 1672 1606 200 1606 1606 1607 199 1607 1607 1605 201 1605 1605 1606 200 1606 1606 1672 176 1672 1672 1671 174 1671 1671 1605 201 1605 1605 1672 176 1672 1672 1671 174 1671 1671 1609 173 1609 1609 1605 201 1605 1605 1609 173 1609 1609 1211 202 1211 1211 1605 201 1605 1605 1212 203 1212 1212 1603 204 1603 1603 1605 201 1605 1605 1211 202 1211 1211 1212 203 1212 1212 1605 201 1605 1605 1104 205 1104 1104 1606 200 1606 1606 1605 201 1605 1605 1603 204 1603 1603 1104 205 1104 1104 1605 201 1605 1605 1606 200 1606 1606 1202 206 1202 1202 1607 199 1607 1607 1202 206 1202 1202 1606 200 1606 1606 1104 205 1104 1104 1607 199 1607 1607 1608 207 1608 1608 1218 198 1218 1218 1607 199 1607 1607 1202 206 1202 1202 1608 207 1608 1608 1216 208 1216 1216 1180 197 1180 1180 1218 198 1218 1218 1218 198 1218 1218 1608 207 1608 1608 1216 208 1216 1216 1179 195 1179 1179 1180 197 1180 1180 1216 208 1216 1216 1179 195 1179 1179 1215 209 1215 1215 1176 196 1176 1176 1215 209 1215 1215 1179 195 1179 1179 1216 208 1216 1216 1215 209 1215 1215 1284 210 1284 1284 1176 196 1176 1176 1176 196 1176 1176 1284 210 1284 1284 1175 211 1175 1175 1175 211 1175 1175 1174 194 1174 1174 1176 196 1176 1176 1174 194 1174 1174 1620 212 1620 1620 1621 193 1621 1621 1620 212 1620 1620 1174 194 1174 1174 1175 211 1175 1175 1621 193 1621 1621 1620 212 1620 1620 590 213 590 590 1621 193 1621 1621 590 213 590 590 91 192 91 91 97 214 97 97 91 192 91 91 591 215 591 591 91 192 91 91 590 213 590 590 591 215 591 591 97 214 97 97 93 191 93 93 91 192 91 91 96 216 96 96 117 217 117 117 93 191 93 93 93 191 93 93 40 188 40 40 109 190 109 109 117 217 117 117 40 188 40 40 93 191 93 93 96 216 96 96 93 191 93 93 97 214 97 97 40 188 40 40 117 217 117 117 41 218 41 41 40 188 40 40 41 218 41 41 42 189 42 42 118 219 118 118 41 218 41 41 117 217 117 117 118 219 118 118 117 217 117 117 96 216 96 96 96 216 96 96 99 220 99 99 118 219 118 118 96 216 96 96 98 221 98 98 99 220 99 99 97 214 97 97 98 221 98 98 96 216 96 96 98 221 98 98 97 214 97 97 591 215 591 591 591 215 591 591 594 222 594 594 98 221 98 98 594 222 594 594 591 215 591 591 592 223 592 592 590 213 590 590 592 223 592 592 591 215 591 591 1620 212 1620 1620 616 224 616 616 590 213 590 590 590 213 590 590 616 224 616 616 592 223 592 592 1282 225 1282 1282 1620 212 1620 1620 1175 211 1175 1175 616 224 616 616 1620 212 1620 1620 1282 225 1282 1282 1175 211 1175 1175 1285 226 1285 1285 1282 225 1282 1282 1284 210 1284 1284 1285 226 1285 1285 1175 211 1175 1175 1213 227 1213 1213 1280 228 1280 1280 1284 210 1284 1284 1215 209 1215 1215 1213 227 1213 1213 1284 210 1284 1284 1284 210 1284 1284 1280 228 1280 1280 1285 226 1285 1285 1214 229 1214 1214 1213 227 1213 1213 1215 209 1215 1215 1216 208 1216 1216 1214 229 1214 1214 1215 209 1215 1215 1608 207 1608 1608 1214 229 1214 1214 1216 208 1216 1216 1214 229 1214 1214 1608 207 1608 1608 1203 230 1203 1203 1202 206 1202 1202 1203 230 1203 1203 1608 207 1608 1608 1105 231 1105 1105 1202 206 1202 1202 1104 205 1104 1104 1202 206 1202 1202 1105 231 1105 1105 1203 230 1203 1203 1104 205 1104 1104 1603 204 1603 1603 910 232 910 910 909 233 909 909 1105 231 1105 1105 1104 205 1104 1104 910 232 910 910 909 233 909 909 1104 205 1104 1104 1105 231 1105 1105 909 233 909 909 1011 234 1011 1011 1204 235 1204 1204 1105 231 1105 1105 1011 234 1011 1011 1105 231 1105 1105 1204 235 1204 1204 1203 230 1203 1203 1206 236 1206 1206 1214 229 1214 1214 1203 230 1203 1203 1203 230 1203 1203 1204 235 1204 1204 1107 237 1107 1107 1206 236 1206 1206 1203 230 1203 1203 1107 237 1107 1107 1213 227 1213 1213 1214 229 1214 1214 1206 236 1206 1206 1213 227 1213 1213 1205 238 1205 1205 1207 239 1207 1207 1280 228 1280 1280 1213 227 1213 1213 1207 239 1207 1207 1205 238 1205 1205 1213 227 1213 1213 1206 236 1206 1206 1280 228 1280 1280 1281 240 1281 1281 1285 226 1285 1285 1278 241 1278 1278 1281 240 1281 1281 1280 228 1280 1280 1207 239 1207 1207 1278 241 1278 1278 1280 228 1280 1280 1285 226 1285 1285 1283 242 1283 1283 1282 225 1282 1282 1285 226 1285 1285 1281 240 1281 1281 1286 243 1286 1286 1283 242 1283 1283 1285 226 1285 1285 1286 243 1286 1286 619 244 619 619 616 224 616 616 1282 225 1282 1282 1282 225 1282 1282 1283 242 1283 1283 619 244 619 619 616 224 616 616 619 244 619 619 617 245 617 617 616 224 616 616 617 245 617 617 592 223 592 592 593 246 593 593 592 223 592 592 617 245 617 617 593 246 593 593 594 222 594 594 592 223 592 592 619 244 619 619 615 247 615 615 617 245 617 617 618 248 618 618 593 246 593 593 617 245 617 617 618 248 618 618 617 245 617 617 615 247 615 615 1283 242 1283 1283 620 249 620 620 619 244 619 619 614 250 614 614 615 247 615 615 619 244 619 619 620 249 620 620 614 250 614 614 619 244 619 619 610 251 610 610 620 249 620 620 1283 242 1283 1283 1286 243 1286 1286 610 251 610 610 1283 242 1283 1283 1286 243 1286 1286 1281 240 1281 1281 1279 252 1279 1279 608 253 608 608 610 251 610 610 1286 243 1286 1286 1279 252 1279 1279 608 253 608 608 1286 243 1286 1286 1281 240 1281 1281 1278 241 1278 1278 1279 252 1279 1279 1278 241 1278 1278 1521 254 1521 1521 1109 255 1109 1109 1521 254 1521 1521 1278 241 1278 1278 1207 239 1207 1207 1108 256 1108 1108 1279 252 1279 1279 1278 241 1278 1278 1109 255 1109 1109 1108 256 1108 1108 1278 241 1278 1278 1139 257 1139 1139 1521 254 1521 1521 1207 239 1207 1207 1139 257 1139 1139 1207 239 1207 1207 1205 238 1205 1205 1106 258 1106 1106 1139 257 1139 1139 1205 238 1205 1205 1205 238 1205 1205 1206 236 1206 1206 1106 258 1106 1106 1206 236 1206 1206 1107 237 1107 1107 1106 258 1106 1106 1107 237 1107 1107 1204 235 1204 1204 425 259 425 425 1107 237 1107 1107 425 259 425 425 424 260 424 424 1106 258 1106 1106 1107 237 1107 1107 424 260 424 424 1204 235 1204 1204 1011 234 1011 1011 425 259 425 425 427 261 427 427 425 259 425 425 1011 234 1011 1011 425 259 425 425 427 261 427 427 426 262 426 426 424 260 424 424 425 259 425 425 426 262 426 426 424 260 424 424 426 262 426 426 1511 263 1511 1511 1138 264 1138 1138 424 260 424 424 1511 263 1511 1511 424 260 424 424 1138 264 1138 1138 1106 258 1106 1106 1138 264 1138 1138 1139 257 1139 1139 1106 258 1106 1106 1139 257 1139 1139 1138 264 1138 1138 1493 265 1493 1493 1521 254 1521 1521 1139 257 1139 1139 1493 265 1493 1493 1521 254 1521 1521 1493 265 1493 1493 1110 266 1110 1110 1109 255 1109 1109 1521 254 1521 1521 1110 266 1110 1110 1109 255 1109 1109 1110 266 1110 1110 487 267 487 487 1108 256 1108 1108 1109 255 1109 1109 487 267 487 487 1108 256 1108 1108 496 268 496 496 1279 252 1279 1279 1108 256 1108 1108 487 267 487 487 486 269 486 486 496 268 496 496 1108 256 1108 1108 486 269 486 486 496 268 496 496 608 253 608 608 1279 252 1279 1279 608 253 608 608 496 268 496 496 495 270 495 495 609 271 609 609 608 253 608 608 495 270 495 495 608 253 608 608 609 271 609 609 610 251 610 610 610 251 610 610 611 272 611 611 620 249 620 620 609 271 609 609 611 272 611 611 610 251 610 610 611 272 611 611 614 250 614 614 620 249 620 620 614 250 614 614 611 272 611 611 634 273 634 634 612 274 612 612 614 250 614 614 634 273 634 634 613 275 613 613 615 247 615 615 614 250 614 614 612 274 612 612 613 275 613 613 614 250 614 614 613 275 613 613 618 248 618 618 615 247 615 615 634 273 634 634 611 272 611 611 635 276 635 635 611 272 611 611 609 271 609 609 635 276 635 635 609 271 609 609 495 270 495 495 641 277 641 641 635 276 635 635 609 271 609 609 641 277 641 641 495 270 495 495 497 278 497 497 642 279 642 642 641 277 641 641 495 270 495 495 642 279 642 642 495 270 495 495 496 268 496 496 497 278 497 497 496 268 496 496 486 269 486 486 497 278 497 497 486 269 486 486 488 280 488 488 638 281 638 638 497 278 497 497 486 269 486 486 638 281 638 638 486 269 486 486 487 267 487 487 488 280 488 488 487 267 487 487 1110 266 1110 1110 489 282 489 489 487 267 487 487 489 282 489 489 488 280 488 488 1110 266 1110 1110 1493 265 1493 1493 1492 283 1492 1492 1110 266 1110 1110 1492 283 1492 1492 489 282 489 489 1493 265 1493 1493 1516 284 1516 1516 1583 285 1583 1583 1493 265 1493 1493 1138 264 1138 1138 1516 284 1516 1516 1494 286 1494 1494 1493 265 1493 1493 1583 285 1583 1583 1493 265 1493 1493 1494 286 1494 1494 1492 283 1492 1492 1138 264 1138 1138 1511 263 1511 1511 1516 284 1516 1516 1512 287 1512 1512 1511 263 1511 1511 426 262 426 426 1511 263 1511 1511 1512 287 1512 1512 1513 288 1513 1513 1516 284 1516 1516 1511 263 1511 1511 1513 288 1513 1513 1533 289 1533 1533 1512 287 1512 1512 426 262 426 426 1533 289 1533 1533 426 262 426 426 427 261 427 427 1512 287 1512 1512 1533 289 1533 1533 1501 290 1501 1501 1502 291 1502 1502 1513 288 1513 1513 1512 287 1512 1512 1501 290 1501 1501 1502 291 1502 1502 1512 287 1512 1512 1513 288 1513 1513 1502 291 1502 1502 1514 292 1514 1514 1515 293 1515 1515 1516 284 1516 1516 1513 288 1513 1513 1514 292 1514 1514 1515 293 1515 1515 1513 288 1513 1513 1515 293 1515 1515 1583 285 1583 1583 1516 284 1516 1516 1582 294 1582 1582 1583 285 1583 1583 1515 293 1515 1515 1582 294 1582 1582 1494 286 1494 1494 1583 285 1583 1583 1567 295 1567 1567 1494 286 1494 1494 1581 296 1581 1581 1581 296 1581 1581 1494 286 1494 1494 1582 294 1582 1582 1494 286 1494 1494 1567 295 1567 1567 1566 297 1566 1566 1492 283 1492 1492 1494 286 1494 1494 1566 297 1566 1566 1492 283 1492 1492 1566 297 1566 1566 1491 298 1491 1491 489 282 489 489 1492 283 1492 1492 1491 298 1491 1491 489 282 489 489 1491 298 1491 1491 637 299 637 637 488 280 488 488 489 282 489 489 637 299 637 637 488 280 488 488 637 299 637 637 638 281 638 638 656 300 656 656 643 301 643 643 638 281 638 638 639 302 639 639 656 300 656 656 638 281 638 638 638 281 638 638 643 301 643 643 497 278 497 497 637 299 637 637 639 302 639 639 638 281 638 638 643 301 643 643 642 279 642 642 497 278 497 497 1563 303 1563 1563 639 302 639 639 637 299 637 637 1564 304 1564 1564 656 300 656 656 639 302 639 639 1563 303 1563 1563 1564 304 1564 1564 639 302 639 639 1565 305 1565 1565 637 299 637 637 1491 298 1491 1491 1565 305 1565 1565 1563 303 1563 1563 637 299 637 637 1586 306 1586 1586 1491 298 1491 1491 1566 297 1566 1566 1586 306 1586 1586 1565 305 1565 1565 1491 298 1491 1491 1566 297 1566 1566 1567 295 1567 1567 1587 307 1587 1587 1587 307 1587 1587 1586 306 1586 1586 1566 297 1566 1566 1589 308 1589 1589 1567 295 1567 1567 1581 296 1581 1581 1567 295 1567 1567 1589 308 1589 1589 1588 309 1588 1588 1567 295 1567 1567 1588 309 1588 1588 1587 307 1587 1587 1586 306 1586 1586 1587 307 1587 1587 1571 310 1571 1571 1587 307 1587 1587 1588 309 1588 1588 1572 311 1572 1572 1571 310 1571 1571 1587 307 1587 1587 1572 311 1572 1572 646 312 646 646 1565 305 1565 1565 1586 306 1586 1586 1570 313 1570 1570 646 312 646 646 1586 306 1586 1586 1570 313 1570 1570 1586 306 1586 1586 1571 310 1571 1571 647 314 647 647 1563 303 1563 1563 1565 305 1565 1565 646 312 646 646 647 314 647 647 1565 305 1565 1565 1666 315 1666 1666 1564 304 1564 1564 1563 303 1563 1563 647 314 647 647 1666 315 1666 1666 1563 303 1563 1563 651 316 651 651 1666 315 1666 1666 647 314 647 647 645 317 645 645 651 316 651 651 647 314 647 647 645 317 645 645 647 314 647 647 646 312 646 646 456 318 456 456 455 319 455 455 646 312 646 646 1570 313 1570 1570 456 318 456 456 646 312 646 646 455 319 455 455 645 317 645 645 646 312 646 646 1570 313 1570 1570 1571 310 1571 1571 462 320 462 462 456 318 456 456 1570 313 1570 1570 462 320 462 462 464 321 464 464 462 320 462 462 1571 310 1571 1571 1572 311 1572 1572 464 321 464 464 1571 310 1571 1571 1670 322 1670 1670 1572 311 1572 1572 1588 309 1588 1588 1568 323 1568 1568 464 321 464 464 1572 311 1572 1572 1670 322 1670 1670 1568 323 1568 1568 1572 311 1572 1572 1590 324 1590 1590 1670 322 1670 1670 1588 309 1588 1588 1589 308 1589 1589 1590 324 1590 1590 1588 309 1588 1588 1568 323 1568 1568 1569 325 1569 1569 464 321 464 464 1569 325 1569 1569 463 326 463 463 464 321 464 464 462 320 462 462 464 321 464 464 463 326 463 463 462 320 462 462 447 327 447 447 456 318 456 456 447 327 447 447 462 320 462 462 463 326 463 463 447 327 447 447 449 328 449 449 456 318 456 456 456 318 456 456 449 328 449 449 457 329 457 457 455 319 455 455 456 318 456 456 457 329 457 457 455 319 455 455 457 329 457 457 644 330 644 644 645 317 645 645 455 319 455 455 644 330 644 644 650 331 650 650 651 316 651 651 645 317 645 645 644 330 644 644 650 331 650 650 645 317 645 645 653 332 653 653 650 331 650 650 644 330 644 644 540 333 540 540 653 332 653 653 644 330 644 644 540 333 540 540 644 330 644 644 457 329 457 457 478 334 478 478 540 333 540 540 457 329 457 457 478 334 478 478 457 329 457 457 449 328 449 449 450 335 450 450 478 334 478 478 449 328 449 449 448 336 448 448 450 335 450 450 449 328 449 449 447 327 447 447 448 336 448 448 449 328 449 449 479 337 479 479 448 336 448 448 447 327 447 447 463 326 463 463 479 337 479 479 447 327 447 447 463 326 463 463 1569 325 1569 1569 551 338 551 551 479 337 479 479 463 326 463 463 551 338 551 551 479 337 479 479 551 338 551 551 550 339 550 550 484 340 484 484 479 337 479 479 550 339 550 550 448 336 448 448 479 337 479 479 484 340 484 484 480 341 480 480 448 336 448 448 484 340 484 484 448 336 448 448 480 341 480 480 450 335 450 450 450 335 450 450 482 342 482 482 538 343 538 538 478 334 478 478 450 335 450 450 538 343 538 538 480 341 480 480 482 342 482 482 450 335 450 450 539 344 539 539 540 333 540 540 478 334 478 478 538 343 538 538 539 344 539 539 478 334 478 478 652 345 652 652 653 332 653 653 540 333 540 540 539 344 539 539 652 345 652 652 540 333 540 540 472 346 472 472 652 345 652 652 539 344 539 539 471 347 471 471 472 346 472 472 539 344 539 539 471 347 471 471 539 344 539 539 538 343 538 538 494 348 494 494 538 343 538 538 482 342 482 482 494 348 494 494 471 347 471 471 538 343 538 538 483 349 483 483 494 348 494 494 482 342 482 482 481 350 481 481 483 349 483 483 482 342 482 482 480 341 480 480 481 350 481 481 482 342 482 482 485 351 485 485 481 350 481 481 480 341 480 480 484 340 484 484 485 351 485 485 480 341 480 480 1665 352 1665 1665 485 351 485 485 484 340 484 484 550 339 550 550 1665 352 1665 1665 484 340 484 484 548 353 548 548 465 354 465 465 485 351 485 485 1665 352 1665 1665 548 353 548 548 485 351 485 485 485 351 485 485 465 354 465 465 481 350 481 481 483 349 483 483 481 350 481 481 467 355 467 467 465 354 465 465 467 355 467 467 481 350 481 481 451 356 451 451 494 348 494 494 483 349 483 483 452 357 452 452 451 356 451 451 483 349 483 483 452 357 452 452 483 349 483 483 467 355 467 467 469 358 469 469 471 347 471 471 494 348 494 494 451 356 451 451 469 358 469 469 494 348 494 494 470 359 470 470 472 346 472 472 471 347 471 471 469 358 469 469 470 359 470 470 471 347 471 471 520 360 520 520 470 359 470 470 469 358 469 469 477 361 477 477 520 360 520 520 469 358 469 469 469 358 469 469 451 356 451 451 477 361 477 477 451 356 451 451 453 362 453 453 477 361 477 477 451 356 451 451 452 357 452 452 453 362 453 453 468 363 468 468 454 364 454 454 452 357 452 452 467 355 467 467 468 363 468 468 452 357 452 452 452 357 452 452 454 364 454 454 453 362 453 453 466 365 466 466 468 363 468 468 467 355 467 467 465 354 465 465 466 365 466 466 467 355 467 467 549 366 549 549 466 365 466 466 465 354 465 465 548 353 548 548 549 366 549 549 465 354 465 465 552 367 552 552 529 368 529 529 466 365 466 466 549 366 549 549 552 367 552 552 466 365 466 466 528 369 528 528 468 363 468 468 466 365 466 466 529 368 529 529 528 369 528 528 466 365 466 466 527 370 527 527 454 364 454 454 468 363 468 468 528 369 528 528 527 370 527 527 468 363 468 468 502 371 502 502 453 362 453 453 454 364 454 454 527 370 527 527 502 371 502 502 454 364 454 454 503 372 503 503 477 361 477 477 453 362 453 453 502 371 502 502 503 372 503 503 453 362 453 453 519 373 519 519 520 360 520 520 477 361 477 477 503 372 503 503 519 373 519 519 477 361 477 477 503 372 503 503 502 371 502 502 521 374 521 521 516 375 516 516 503 372 503 503 521 374 521 521 519 373 519 519 503 372 503 503 516 375 516 516 521 374 521 521 502 371 502 502 527 370 527 527 527 370 527 527 528 369 528 528 526 376 526 526 523 377 523 523 527 370 527 527 526 376 526 526 523 377 523 523 521 374 521 521 527 370 527 527 526 376 526 526 528 369 528 528 529 368 529 529 660 378 660 660 526 376 526 526 529 368 529 529 660 378 660 660 529 368 529 529 552 367 552 552 661 379 661 661 660 378 660 660 552 367 552 552 660 378 660 660 661 379 661 661 657 380 657 657 526 376 526 526 660 378 660 660 657 380 657 657 525 381 525 525 526 376 526 526 657 380 657 657 523 377 523 523 526 376 526 526 525 381 525 525 524 382 524 524 523 377 523 523 525 381 525 525 523 377 523 523 524 382 524 524 522 383 522 522 521 374 521 521 523 377 523 523 522 383 522 522 521 374 521 521 522 383 522 522 518 384 518 518 516 375 516 516 521 374 521 521 518 384 518 518 515 385 515 515 519 373 519 519 516 375 516 516 516 375 516 516 518 384 518 518 517 386 517 517 515 385 515 515 516 375 516 516 517 386 517 517 666 387 666 666 518 384 518 518 522 383 522 522 518 384 518 518 666 387 666 666 665 388 665 665 517 386 517 517 518 384 518 518 665 388 665 665 663 389 663 663 666 387 666 666 522 383 522 522 522 383 522 522 524 382 524 524 663 389 663 663 524 382 524 524 525 381 525 525 659 390 659 659 664 391 664 664 524 382 524 524 659 390 659 659 524 382 524 524 664 391 664 664 663 389 663 663 658 392 658 658 659 390 659 659 525 381 525 525 657 380 657 657 658 392 658 658 525 381 525 525 657 380 657 657 662 393 662 662 675 394 675 675 658 392 658 658 657 380 657 657 675 394 675 675 661 379 661 661 662 393 662 662 657 380 657 657 676 395 676 676 659 390 659 659 658 392 658 658 675 394 675 675 676 395 676 676 658 392 658 658 659 390 659 659 676 395 676 676 679 396 679 679 664 391 664 664 659 390 659 659 679 396 679 679 664 391 664 664 679 396 679 679 663 389 663 663 679 396 679 679 670 397 670 670 663 389 663 663 663 389 663 663 670 397 670 670 666 387 666 666 670 397 670 670 665 388 665 665 666 387 666 666 1502 291 1502 1502 1504 398 1504 1504 1514 292 1514 1514 1503 399 1503 1503 1504 398 1504 1504 1502 291 1502 1502 1500 400 1500 1500 1503 399 1503 1503 1502 291 1502 1502 1500 400 1500 1500 1502 291 1502 1502 1501 290 1501 1501 1657 401 1657 1657 1503 399 1503 1503 1500 400 1500 1500 359 402 359 359 1500 400 1500 1500 1499 403 1499 1499 359 402 359 359 1657 401 1657 1657 1500 400 1500 1500 1499 403 1499 1499 1500 400 1500 1500 1501 290 1501 1501 1533 289 1533 1533 1532 404 1532 1532 1501 290 1501 1501 1499 403 1499 1499 1501 290 1501 1501 1532 404 1532 1532 422 405 422 422 358 406 358 358 1499 403 1499 1499 1530 407 1530 1530 422 405 422 422 1499 403 1499 1499 358 406 358 358 359 402 359 359 1499 403 1499 1499 1530 407 1530 1530 1499 403 1499 1499 1532 404 1532 1532 348 408 348 348 1657 401 1657 1657 359 402 359 359 347 409 347 347 348 408 348 348 359 402 359 359 347 409 347 347 359 402 359 359 358 406 358 358 326 410 326 326 325 411 325 325 358 406 358 358 422 405 422 422 326 410 326 326 358 406 358 358 325 411 325 325 347 409 347 347 358 406 358 358 422 405 422 422 1530 407 1530 1530 1529 412 1529 1529 423 413 423 423 422 405 422 422 1529 412 1529 1529 422 405 422 422 423 413 423 423 326 410 326 326 1530 407 1530 1530 1532 404 1532 1532 1531 414 1531 1531 1529 412 1529 1529 1530 407 1530 1530 1531 414 1531 1531 1527 415 1527 1527 1531 414 1531 1531 1532 404 1532 1532 1533 289 1533 1533 1527 415 1527 1527 1532 404 1532 1532 1527 415 1527 1527 1533 289 1533 1533 427 261 427 427 1527 415 1527 1527 1528 416 1528 1528 1531 414 1531 1531 1526 417 1526 1526 1528 416 1528 1528 1527 415 1527 1527 427 261 427 427 1526 417 1526 1526 1527 415 1527 1527 1536 418 1536 1536 1529 412 1529 1529 1531 414 1531 1531 1535 419 1535 1535 1536 418 1536 1536 1531 414 1531 1531 1528 416 1528 1528 1535 419 1535 1535 1531 414 1531 1531 1483 420 1483 1483 423 413 423 423 1529 412 1529 1529 1536 418 1536 1536 1483 420 1483 1483 1529 412 1529 1529 421 421 421 421 420 422 420 420 423 413 423 423 1483 420 1483 1483 421 421 421 421 423 413 423 423 423 413 423 423 420 422 420 420 326 410 326 326 326 410 326 326 420 422 420 420 320 423 320 320 325 411 325 325 326 410 326 326 320 423 320 320 325 411 325 325 315 424 315 315 316 425 316 316 347 409 347 347 325 411 325 325 316 425 316 316 315 424 315 315 325 411 325 325 320 423 320 320 346 426 346 346 348 408 348 348 347 409 347 347 316 425 316 316 346 426 346 346 347 409 347 347 376 427 376 376 346 426 346 346 316 425 316 316 314 428 314 314 376 427 376 376 316 425 316 316 314 428 314 314 316 425 316 316 315 424 315 315 313 429 313 313 315 424 315 315 320 423 320 320 313 429 313 313 314 428 314 314 315 424 315 315 420 422 420 420 319 430 319 319 320 423 320 320 318 431 318 318 313 429 313 313 320 423 320 320 318 431 318 318 320 423 320 320 319 430 319 319 420 422 420 420 421 421 421 421 353 432 353 353 319 430 319 319 420 422 420 420 353 432 353 353 421 421 421 421 1483 420 1483 1483 1490 433 1490 1490 421 421 421 421 1490 433 1490 1490 1489 434 1489 1489 353 432 353 353 421 421 421 421 1489 434 1489 1489 1662 435 1662 1662 1483 420 1483 1483 1536 418 1536 1536 1483 420 1483 1483 1662 435 1662 1662 1490 433 1490 1490 1538 436 1538 1538 1662 435 1662 1662 1536 418 1536 1536 1538 436 1538 1538 1536 418 1536 1536 1535 419 1535 1535 1537 437 1537 1537 1535 419 1535 1535 1528 416 1528 1528 1537 437 1537 1537 1538 436 1538 1538 1535 419 1535 1535 1555 438 1555 1555 1537 437 1537 1537 1528 416 1528 1528 1528 416 1528 1528 1526 417 1526 1526 1556 439 1556 1556 1555 438 1555 1555 1528 416 1528 1528 1556 439 1556 1556 1540 440 1540 1540 1526 417 1526 1526 1534 441 1534 1534 1556 439 1556 1556 1526 417 1526 1526 1540 440 1540 1540 1534 441 1534 1534 1526 417 1526 1526 1011 234 1011 1011 1526 417 1526 1526 427 261 427 427 1011 234 1011 1011 1540 440 1540 1540 1534 441 1534 1534 1541 442 1541 1541 1541 442 1541 1541 1534 441 1534 1534 1010 443 1010 1010 1010 443 1010 1010 1534 441 1534 1534 1011 234 1011 1011 1010 443 1010 1010 1011 234 1011 1011 909 233 909 909 1541 442 1541 1541 1010 443 1010 1010 913 444 913 913 1010 443 1010 1010 911 445 911 911 913 444 913 913 911 445 911 911 1010 443 1010 1010 909 233 909 909 979 446 979 979 1541 442 1541 1541 913 444 913 913 911 445 911 911 914 447 914 914 913 444 913 913 913 444 913 913 915 448 915 915 980 449 980 980 979 446 979 979 913 444 913 913 980 449 980 980 913 444 913 913 914 447 914 914 915 448 915 915 914 447 914 914 911 445 911 911 912 450 912 912 910 232 910 910 912 450 912 912 911 445 911 911 909 233 909 909 910 232 910 910 911 445 911 911 948 451 948 948 914 447 914 914 912 450 912 912 914 447 914 914 948 451 948 948 916 452 916 916 914 447 914 914 916 452 916 916 915 448 915 915 1090 453 1090 1090 980 449 980 980 915 448 915 915 944 454 944 944 1090 453 1090 1090 915 448 915 915 944 454 944 944 915 448 915 915 916 452 916 916 943 455 943 943 916 452 916 916 949 456 949 949 948 451 948 948 949 456 949 949 916 452 916 916 943 455 943 943 944 454 944 944 916 452 916 916 948 451 948 948 1598 457 1598 1598 1599 458 1599 1599 949 456 949 949 948 451 948 948 1599 458 1599 1599 948 451 948 948 912 450 912 912 1013 459 1013 1013 1598 457 1598 1598 948 451 948 948 1013 459 1013 1013 1012 460 1012 1012 1013 459 1013 1013 912 450 912 912 910 232 910 910 1012 460 1012 1012 912 450 912 912 1603 204 1603 1603 1012 460 1012 1012 910 232 910 910 1012 460 1012 1012 1592 461 1592 1592 1013 459 1013 1013 1592 461 1592 1592 1012 460 1012 1012 1603 204 1603 1603 1592 461 1592 1592 1604 462 1604 1604 1013 459 1013 1013 1013 459 1013 1013 1604 462 1604 1604 1598 457 1598 1598 1604 462 1604 1604 1595 463 1595 1595 1598 457 1598 1598 1594 464 1594 1594 1599 458 1599 1599 1598 457 1598 1598 1595 463 1595 1595 1594 464 1594 1594 1598 457 1598 1598 1601 465 1601 1601 1602 466 1602 1602 1599 458 1599 1599 1594 464 1594 1594 1601 465 1601 1601 1599 458 1599 1599 1599 458 1599 1599 1602 466 1602 1602 949 456 949 949 1602 466 1602 1602 990 467 990 990 949 456 949 949 990 467 990 990 943 455 943 943 949 456 949 949 999 468 999 999 943 455 943 943 990 467 990 990 1000 469 1000 1000 944 454 944 944 943 455 943 943 999 468 999 999 1000 469 1000 1000 943 455 943 943 1642 470 1642 1642 1090 453 1090 1090 944 454 944 944 1000 469 1000 1000 1642 470 1642 1642 944 454 944 944 1082 471 1082 1082 1642 470 1642 1642 1000 469 1000 1000 997 472 997 997 1082 471 1082 1082 1000 469 1000 1000 997 472 997 997 1000 469 1000 1000 999 468 999 999 1001 473 1001 1001 999 468 999 999 990 467 990 990 945 474 945 945 999 468 999 999 1001 473 1001 1001 945 474 945 945 997 472 997 997 999 468 999 999 1002 475 1002 1002 1001 473 1001 1001 990 467 990 990 1602 466 1602 1602 1002 475 1002 1002 990 467 990 990 1003 476 1003 1003 1002 475 1002 1002 1602 466 1602 1602 1601 465 1601 1601 1003 476 1003 1003 1602 466 1602 1602 1641 477 1641 1641 1003 476 1003 1003 1601 465 1601 1601 1600 478 1600 1600 1641 477 1641 1641 1601 465 1601 1601 1600 478 1600 1600 1601 465 1601 1601 1594 464 1594 1594 1596 479 1596 1596 1600 478 1600 1600 1594 464 1594 1594 1594 464 1594 1594 1595 463 1595 1595 1596 479 1596 1596 1612 480 1612 1612 1597 481 1597 1597 1595 463 1595 1595 1604 462 1604 1604 1612 480 1612 1612 1595 463 1595 1595 1595 463 1595 1595 1597 481 1597 1597 1596 479 1596 1596 1613 482 1613 1613 1604 462 1604 1604 1614 483 1614 1614 1612 480 1612 1612 1604 462 1604 1604 1613 482 1613 1613 1604 462 1604 1604 1592 461 1592 1592 1614 483 1614 1614 699 484 699 699 1592 461 1592 1592 1212 203 1212 1212 1592 461 1592 1592 1591 485 1591 1591 1614 483 1614 1614 1212 203 1212 1212 1592 461 1592 1592 1603 204 1603 1603 1592 461 1592 1592 699 484 699 699 700 486 700 700 1591 485 1591 1591 1592 461 1592 1592 700 486 700 700 1615 487 1615 1615 1614 483 1614 1614 1591 485 1591 1591 1613 482 1613 1613 1614 483 1614 1614 1615 487 1615 1615 1591 485 1591 1591 790 488 790 790 1615 487 1615 1615 1591 485 1591 1591 700 486 700 700 830 489 830 830 790 488 790 790 1591 485 1591 1591 830 489 830 830 828 490 828 828 830 489 830 830 700 486 700 700 698 491 698 698 828 490 828 828 700 486 700 700 698 491 698 698 700 486 700 700 699 484 699 699 1103 492 1103 1103 699 484 699 699 1212 203 1212 1212 697 493 697 697 699 484 699 699 1103 492 1103 1103 697 493 697 697 698 491 698 698 699 484 699 699 1103 492 1103 1103 1212 203 1212 1212 1211 202 1211 1211 1103 492 1103 1103 1210 494 1210 1210 1101 495 1101 1101 1210 494 1210 1210 1103 492 1103 1103 1211 202 1211 1211 1101 495 1101 1101 697 493 697 697 1103 492 1103 1103 725 496 725 725 697 493 697 697 1101 495 1101 1101 697 493 697 697 725 496 725 725 724 497 724 724 698 491 698 698 697 493 697 697 724 497 724 724 698 491 698 698 724 497 724 724 793 498 793 793 828 490 828 828 698 491 698 698 793 498 793 793 828 490 828 828 827 499 827 827 830 489 830 830 828 490 828 828 793 498 793 793 794 500 794 794 827 499 827 827 828 490 828 828 794 500 794 794 827 499 827 827 829 501 829 829 830 489 830 830 788 502 788 788 790 488 790 790 830 489 830 830 829 501 829 829 788 502 788 788 830 489 830 830 790 488 790 790 791 503 791 791 1615 487 1615 1615 789 504 789 789 791 503 791 791 790 488 790 790 788 502 788 788 789 504 789 789 790 488 790 790 799 505 799 799 789 504 789 789 788 502 788 788 798 506 798 798 799 505 799 799 788 502 788 788 798 506 798 798 788 502 788 788 829 501 829 829 831 507 831 831 798 506 798 798 829 501 829 829 829 501 829 829 827 499 827 827 832 508 832 832 831 507 831 831 829 501 829 829 832 508 832 832 827 499 827 827 794 500 794 794 801 509 801 801 832 508 832 832 827 499 827 827 801 509 801 801 794 500 794 794 792 510 792 792 800 511 800 800 801 509 801 801 794 500 794 794 800 511 800 800 792 510 792 792 794 500 794 794 793 498 793 793 793 498 793 793 724 497 724 724 703 512 703 703 703 512 703 703 792 510 792 792 793 498 793 793 724 497 724 724 701 513 701 701 703 512 703 703 701 513 701 701 724 497 724 724 725 496 725 725 725 496 725 725 782 514 782 782 701 513 701 701 725 496 725 725 1100 515 1100 1100 782 514 782 782 1100 515 1100 1100 725 496 725 725 1101 495 1101 1101 1210 494 1210 1210 1208 516 1208 1208 1101 495 1101 1101 1101 495 1101 1101 1208 516 1208 1208 1100 515 1100 1100 1459 517 1459 1459 1208 516 1208 1208 1210 494 1210 1210 1610 518 1610 1610 1459 517 1459 1459 1210 494 1210 1210 1610 518 1610 1610 1210 494 1210 1210 1211 202 1211 1211 1609 173 1609 1609 1610 518 1610 1610 1211 202 1211 1211 1610 518 1610 1610 1220 143 1220 1220 1676 519 1676 1676 1459 517 1459 1459 1610 518 1610 1610 1676 519 1676 1676 1610 518 1610 1610 1609 173 1609 1609 1220 143 1220 1220 1675 520 1675 1675 1458 521 1458 1458 1459 517 1459 1459 1676 519 1676 1676 1675 520 1675 1675 1459 517 1459 1459 1208 516 1208 1208 1459 517 1459 1459 1458 521 1458 1458 1209 522 1209 1209 1208 516 1208 1208 1458 521 1458 1458 1208 516 1208 1208 1209 522 1209 1209 1100 515 1100 1100 1100 515 1100 1100 1209 522 1209 1209 1102 523 1102 1102 1100 515 1100 1100 1102 523 1102 1102 782 514 782 782 782 514 782 782 1102 523 1102 1102 842 524 842 842 702 525 702 702 782 514 782 782 842 524 842 842 782 514 782 782 702 525 702 702 701 513 701 701 701 513 701 701 702 525 702 702 703 512 703 703 703 512 703 703 702 525 702 702 838 526 838 838 703 512 703 703 838 526 838 838 837 527 837 837 792 510 792 792 703 512 703 703 837 527 837 837 792 510 792 792 837 527 837 837 1638 528 1638 1638 800 511 800 800 792 510 792 792 1638 528 1638 1638 754 529 754 754 800 511 800 800 1638 528 1638 1638 752 530 752 752 801 509 801 801 800 511 800 800 754 529 754 754 752 530 752 752 800 511 800 800 733 531 733 733 832 508 832 832 801 509 801 801 752 530 752 752 733 531 733 733 801 509 801 801 732 532 732 732 831 507 831 831 832 508 832 832 733 531 733 733 732 532 732 732 832 508 832 832 766 533 766 766 798 506 798 798 831 507 831 831 732 532 732 732 766 533 766 766 831 507 831 831 732 532 732 732 706 534 706 706 707 535 707 707 766 533 766 766 732 532 732 732 707 535 707 707 732 532 732 732 733 531 733 733 713 536 713 713 706 534 706 706 732 532 732 732 713 536 713 713 733 531 733 733 752 530 752 752 713 536 713 713 752 530 752 752 715 537 715 715 713 536 713 713 752 530 752 752 754 529 754 754 753 538 753 753 715 537 715 715 752 530 752 752 753 538 753 753 861 539 861 861 754 529 754 754 1638 528 1638 1638 754 529 754 754 861 539 861 861 854 540 854 854 753 538 753 753 754 529 754 754 854 540 854 854 855 541 855 855 776 542 776 776 753 538 753 753 854 540 854 854 855 541 855 855 753 538 753 753 715 537 715 715 753 538 753 753 776 542 776 776 714 543 714 714 715 537 715 715 776 542 776 776 713 536 713 713 715 537 715 715 714 543 714 714 704 544 704 704 706 534 706 706 713 536 713 713 712 545 712 712 704 544 704 704 713 536 713 713 712 545 712 712 713 536 713 713 714 543 714 714 705 546 705 705 707 535 707 707 706 534 706 706 704 544 704 704 705 546 705 705 706 534 706 706 775 547 775 775 765 548 765 765 707 535 707 707 705 546 705 705 775 547 775 775 707 535 707 707 707 535 707 707 765 548 765 765 766 533 766 766 766 533 766 766 767 549 767 767 798 506 798 798 765 548 765 765 767 549 767 767 766 533 766 766 767 549 767 767 799 505 799 799 798 506 798 798 775 547 775 775 705 546 705 705 1628 550 1628 1628 705 546 705 705 805 551 805 805 1628 550 1628 1628 705 546 705 705 704 544 704 704 805 551 805 805 704 544 704 704 712 545 712 712 804 552 804 804 704 544 704 704 804 552 804 804 805 551 805 805 809 553 809 809 807 554 807 807 712 545 712 712 714 543 714 714 809 553 809 809 712 545 712 712 712 545 712 712 807 554 807 807 804 552 804 804 811 555 811 811 809 553 809 809 714 543 714 714 776 542 776 776 811 555 811 811 714 543 714 714 776 542 776 776 855 541 855 855 856 556 856 856 811 555 811 811 776 542 776 776 856 556 856 856 1627 557 1627 1627 810 558 810 810 811 555 811 811 856 556 856 856 1627 557 1627 1627 811 555 811 811 809 553 809 809 811 555 811 811 810 558 810 810 808 559 808 808 809 553 809 809 810 558 810 810 807 554 807 807 809 553 809 809 808 559 808 808 806 560 806 806 807 554 807 807 808 559 808 808 802 561 802 802 804 552 804 804 807 554 807 807 806 560 806 806 802 561 802 802 807 554 807 807 803 562 803 803 805 551 805 805 804 552 804 804 802 561 802 802 803 562 803 803 804 552 804 804 1622 563 1622 1622 1628 550 1628 1628 805 551 805 805 803 562 803 803 1622 563 1622 1622 805 551 805 805 803 562 803 803 763 564 763 763 764 565 764 764 1622 563 1622 1622 803 562 803 803 764 565 764 764 803 562 803 803 802 561 802 802 763 564 763 763 802 561 802 802 731 566 731 731 763 564 763 763 802 561 802 802 806 560 806 806 730 567 730 730 731 566 731 731 802 561 802 802 730 567 730 730 806 560 806 806 808 559 808 808 757 568 757 757 730 567 730 730 806 560 806 806 757 568 757 757 755 569 755 755 757 568 757 757 808 559 808 808 810 558 810 810 755 569 755 755 808 559 808 808 846 570 846 846 755 569 755 755 810 558 810 810 1627 557 1627 1627 846 570 846 846 810 558 810 810 755 569 755 755 846 570 846 846 845 571 845 845 756 572 756 756 755 569 755 755 845 571 845 845 755 569 755 755 756 572 756 756 757 568 757 757 757 568 757 757 691 573 691 691 692 574 692 692 730 567 730 730 757 568 757 757 692 574 692 692 756 572 756 756 691 573 691 691 757 568 757 757 730 567 730 730 692 574 692 692 731 566 731 731 731 566 731 731 695 575 695 695 763 564 763 763 692 574 692 692 695 575 695 695 731 566 731 731 695 575 695 695 696 576 696 696 763 564 763 763 762 577 762 762 764 565 764 764 763 564 763 763 696 576 696 696 762 577 762 762 763 564 763 763 695 575 695 695 692 574 692 692 690 578 690 690 693 579 693 693 695 575 695 695 690 578 690 690 694 580 694 694 696 576 696 696 695 575 695 695 693 579 693 693 694 580 694 694 695 575 695 695 690 578 690 690 692 574 692 692 691 573 691 691 691 573 691 691 756 572 756 756 769 581 769 769 689 582 689 689 691 573 691 691 769 581 769 769 689 582 689 689 690 578 690 690 691 573 691 691 850 583 850 850 769 581 769 769 756 572 756 756 845 571 845 845 850 583 850 850 756 572 756 756 851 584 851 851 814 585 814 814 769 581 769 769 850 583 850 850 851 584 851 851 769 581 769 769 768 586 768 768 689 582 689 689 769 581 769 769 814 585 814 814 768 586 768 768 769 581 769 769 729 587 729 729 690 578 690 690 689 582 689 689 768 586 768 768 729 587 729 729 689 582 689 689 690 578 690 690 729 587 729 729 693 579 693 693 729 587 729 729 728 588 728 728 693 579 693 693 693 579 693 693 728 588 728 728 694 580 694 694 728 588 728 728 759 589 759 759 694 580 694 694 773 590 773 773 694 580 694 694 759 589 759 759 694 580 694 694 773 590 773 773 696 576 696 696 773 590 773 773 762 577 762 762 696 576 696 696 758 591 758 758 773 590 773 773 759 589 759 759 759 589 759 759 728 588 728 728 761 592 761 761 759 589 759 759 761 592 761 761 760 593 760 760 758 591 758 758 759 589 759 759 760 593 760 760 728 588 728 728 681 594 681 681 761 592 761 761 728 588 728 728 729 587 729 729 681 594 681 681 727 595 727 727 682 596 682 682 729 587 729 729 768 586 768 768 727 595 727 727 729 587 729 729 729 587 729 729 682 596 682 682 681 594 681 681 885 597 885 885 727 595 727 727 768 586 768 768 814 585 814 814 885 597 885 885 768 586 768 768 890 598 890 890 885 597 885 885 814 585 814 814 851 584 851 851 890 598 890 890 814 585 814 814 885 597 885 885 890 598 890 890 891 599 891 891 886 600 886 886 885 597 885 885 891 599 891 891 885 597 885 885 886 600 886 886 727 595 727 727 886 600 886 886 726 601 726 726 727 595 727 727 682 596 682 682 727 595 727 727 726 601 726 726 684 602 684 684 682 596 682 682 726 601 726 726 682 596 682 682 684 602 684 684 683 603 683 683 681 594 681 681 682 596 682 682 683 603 683 683 878 604 878 878 761 592 761 761 681 594 681 681 683 603 683 683 878 604 878 878 681 594 681 681 761 592 761 761 878 604 878 878 877 605 877 877 760 593 760 760 761 592 761 761 877 605 877 877 883 606 883 883 877 605 877 877 878 604 878 878 683 603 683 683 883 606 883 883 878 604 878 878 882 607 882 882 883 606 883 883 683 603 683 683 684 602 684 684 882 607 882 882 683 603 683 683 684 602 684 684 726 601 726 726 882 607 882 882 726 601 726 726 893 608 893 893 882 607 882 882 893 608 893 893 726 601 726 726 886 600 886 886 891 599 891 891 893 608 893 893 886 600 886 886 702 525 702 702 859 609 859 859 838 526 838 838 702 525 702 702 842 524 842 842 859 609 859 859 842 524 842 842 840 610 840 840 859 609 859 859 841 611 841 841 842 524 842 842 1102 523 1102 1102 840 610 840 840 842 524 842 842 841 611 841 841 839 612 839 839 840 610 840 840 841 611 841 841 1455 613 1455 1455 841 611 841 841 1462 614 1462 1462 839 612 839 839 841 611 841 841 1455 613 1455 1455 1462 614 1462 1462 841 611 841 841 1102 523 1102 1102 1209 522 1209 1209 1462 614 1462 1462 1102 523 1102 1102 1462 614 1462 1462 1209 522 1209 1209 1458 521 1458 1458 1461 615 1461 1461 1462 614 1462 1462 1458 521 1458 1458 1462 614 1462 1462 1461 615 1461 1461 1455 613 1455 1455 1453 616 1453 1453 839 612 839 839 1455 613 1455 1455 1461 615 1461 1461 1454 617 1454 1454 1455 613 1455 1455 1453 616 1453 1453 1455 613 1455 1455 1454 617 1454 1454 1461 615 1461 1461 1458 521 1458 1458 1675 520 1675 1675 1456 618 1456 1456 1461 615 1461 1461 1675 520 1675 1675 1460 619 1460 1460 1454 617 1454 1454 1461 615 1461 1461 1456 618 1456 1456 1460 619 1460 1460 1461 615 1461 1461 1454 617 1454 1454 1460 619 1460 1460 1452 620 1452 1452 1452 620 1452 1452 1453 616 1453 1453 1454 617 1454 1454 1470 621 1470 1470 1460 619 1460 1460 1463 622 1463 1463 1460 619 1460 1460 1470 621 1470 1470 1452 620 1452 1452 1460 619 1460 1460 1456 618 1456 1456 1457 623 1457 1457 1463 622 1463 1463 1460 619 1460 1460 1457 623 1457 1457 1675 520 1675 1675 1172 112 1172 1172 1456 618 1456 1456 1456 618 1456 1456 1172 112 1172 1172 1457 623 1457 1457 1172 112 1172 1172 1675 520 1675 1675 1181 111 1181 1181 1181 111 1181 1181 1675 520 1675 1675 1676 519 1676 1676 1172 112 1172 1172 1159 624 1159 1159 1457 623 1457 1457 1159 624 1159 1159 1172 112 1172 1172 1156 81 1156 1156 1465 625 1465 1465 1457 623 1457 1457 1324 626 1324 1324 1463 622 1463 1463 1457 623 1457 1457 1465 625 1465 1465 1160 627 1160 1160 1324 626 1324 1324 1457 623 1457 1457 1159 624 1159 1159 1160 627 1160 1160 1457 623 1457 1457 1464 628 1464 1464 1470 621 1470 1470 1463 622 1463 1463 1423 629 1423 1423 1424 630 1424 1424 1463 622 1463 1463 1465 625 1465 1465 1423 629 1423 1423 1463 622 1463 1463 1464 628 1464 1464 1463 622 1463 1463 1424 630 1424 1424 1382 631 1382 1382 1423 629 1423 1423 1465 625 1465 1465 1379 632 1379 1379 1382 631 1382 1382 1465 625 1465 1465 1379 632 1379 1379 1465 625 1465 1465 1324 626 1324 1324 1324 626 1324 1324 1325 633 1325 1325 1380 634 1380 1380 1379 632 1379 1379 1324 626 1324 1324 1380 634 1380 1380 1323 635 1323 1323 1325 633 1325 1325 1324 626 1324 1324 1160 627 1160 1160 1323 635 1323 1323 1324 626 1324 1324 1323 635 1323 1323 1160 627 1160 1160 1155 54 1155 1155 1155 54 1155 1155 1160 627 1160 1160 1159 624 1159 1159 1156 81 1156 1156 1155 54 1155 1155 1159 624 1159 1159 1413 53 1413 1413 1323 635 1323 1323 1155 54 1155 1155 1323 635 1323 1323 1412 636 1412 1412 1325 633 1325 1325 1323 635 1323 1323 1413 53 1413 1413 1409 52 1409 1409 1412 636 1412 1412 1323 635 1323 1323 1409 52 1409 1409 1412 636 1412 1412 1437 637 1437 1437 1325 633 1325 1325 1380 634 1380 1380 1325 633 1325 1325 1437 637 1437 1437 1381 638 1381 1381 1380 634 1380 1380 1436 639 1436 1436 1436 639 1436 1436 1380 634 1380 1380 1437 637 1437 1437 1380 634 1380 1380 1381 638 1381 1381 1379 632 1379 1379 1381 638 1381 1381 1382 631 1382 1382 1379 632 1379 1379 1382 631 1382 1382 1342 640 1342 1342 1343 641 1343 1343 1423 629 1423 1423 1382 631 1382 1382 1343 641 1343 1343 1382 631 1382 1382 1381 638 1381 1381 1342 640 1342 1342 1422 642 1422 1422 1424 630 1424 1424 1423 629 1423 1423 1343 641 1343 1343 1422 642 1422 1422 1423 629 1423 1423 1346 643 1346 1346 1422 642 1422 1422 1343 641 1343 1343 1341 644 1341 1341 1346 643 1346 1346 1343 641 1343 1343 1341 644 1341 1341 1343 641 1343 1343 1342 640 1342 1342 1381 638 1381 1381 1378 645 1378 1378 1342 640 1342 1342 1328 646 1328 1328 1342 640 1342 1342 1378 645 1378 1378 1328 646 1328 1328 1341 644 1341 1341 1342 640 1342 1342 1375 647 1375 1375 1381 638 1381 1381 1436 639 1436 1436 1381 638 1381 1381 1375 647 1375 1375 1374 648 1374 1374 1378 645 1378 1378 1381 638 1381 1381 1374 648 1374 1374 1375 647 1375 1375 1436 639 1436 1436 1439 649 1439 1439 1438 650 1438 1438 1439 649 1439 1439 1436 639 1436 1436 1437 637 1437 1437 1438 650 1438 1438 1436 639 1436 1436 1437 637 1437 1437 1412 636 1412 1412 1411 651 1411 1411 1438 650 1438 1438 1437 637 1437 1437 1411 651 1411 1411 1412 636 1412 1412 1409 52 1409 1409 1410 51 1410 1410 1411 651 1411 1411 1412 636 1412 1412 1410 51 1410 1410 1618 50 1618 1618 1617 652 1617 1617 1411 651 1411 1411 1410 51 1410 1410 1618 50 1618 1618 1411 651 1411 1411 1616 653 1616 1616 1438 650 1438 1438 1411 651 1411 1411 1617 652 1617 1617 1616 653 1616 1616 1411 651 1411 1411 1439 649 1439 1439 1438 650 1438 1438 1616 653 1616 1616 1440 654 1440 1440 1439 649 1439 1439 1616 653 1616 1616 1377 655 1377 1377 1375 647 1375 1375 1439 649 1439 1439 1439 649 1439 1439 1440 654 1440 1440 1377 655 1377 1377 1375 647 1375 1375 1377 655 1377 1377 1376 656 1376 1376 1374 648 1374 1374 1375 647 1375 1375 1376 656 1376 1376 1374 648 1374 1374 1340 657 1340 1340 1378 645 1378 1378 1339 658 1339 1339 1340 657 1340 1340 1374 648 1374 1374 1376 656 1376 1376 1339 658 1339 1339 1374 648 1374 1374 1340 657 1340 1340 1329 659 1329 1329 1378 645 1378 1378 1329 659 1329 1329 1328 646 1328 1328 1378 645 1378 1378 1341 644 1341 1341 1328 646 1328 1328 1299 660 1299 1299 1328 646 1328 1328 1329 659 1329 1329 1301 661 1301 1301 1299 660 1299 1299 1328 646 1328 1328 1301 661 1301 1301 1346 643 1346 1346 1341 644 1341 1341 1313 662 1313 1313 1313 662 1313 1313 1341 644 1341 1341 1299 660 1299 1299 1345 663 1345 1345 1346 643 1346 1346 1313 662 1313 1313 1349 664 1349 1349 1345 663 1345 1345 1313 662 1313 1313 1293 665 1293 1293 1349 664 1349 1349 1313 662 1313 1313 1313 662 1313 1313 1299 660 1299 1299 1291 666 1291 1291 1293 665 1293 1293 1313 662 1313 1313 1291 666 1291 1291 1299 660 1299 1299 1301 661 1301 1301 1300 667 1300 1300 1291 666 1291 1291 1299 660 1299 1299 1300 667 1300 1300 1301 661 1301 1301 1329 659 1329 1329 1340 657 1340 1340 1335 668 1335 1335 1301 661 1301 1301 1340 657 1340 1340 1301 661 1301 1301 1335 668 1335 1335 1300 667 1300 1300 1335 668 1335 1335 1340 657 1340 1340 1339 658 1339 1339 1338 669 1338 1338 1339 658 1339 1339 1376 656 1376 1376 1334 670 1334 1334 1335 668 1335 1335 1339 658 1339 1339 1334 670 1334 1334 1339 658 1339 1339 1338 669 1338 1338 1432 671 1432 1432 1338 669 1338 1338 1376 656 1376 1376 1376 656 1376 1376 1377 655 1377 1377 1432 671 1432 1432 1440 654 1440 1440 1433 672 1433 1433 1377 655 1377 1377 1377 655 1377 1377 1433 672 1433 1433 1432 671 1432 1432 1336 673 1336 1336 1334 670 1334 1334 1338 669 1338 1338 1337 674 1337 1337 1332 675 1332 1332 1334 670 1334 1334 1336 673 1336 1336 1337 674 1337 1337 1334 670 1334 1334 1333 676 1333 1333 1335 668 1335 1335 1334 670 1334 1334 1332 675 1332 1332 1333 676 1333 1333 1334 670 1334 1334 1335 668 1335 1335 1333 676 1333 1333 1300 667 1300 1300 1310 677 1310 1310 1300 667 1300 1300 1333 676 1333 1333 1300 667 1300 1300 1310 677 1310 1310 1291 666 1291 1291 1310 677 1310 1310 1292 678 1292 1292 1291 666 1291 1291 1291 666 1291 1291 1292 678 1292 1292 1293 665 1293 1293 1362 679 1362 1362 1349 664 1349 1349 1293 665 1293 1293 1294 680 1294 1294 1362 679 1362 1362 1293 665 1293 1293 1292 678 1292 1292 1294 680 1294 1294 1293 665 1293 1293 1292 678 1292 1292 1295 681 1295 1295 1359 682 1359 1359 1294 680 1294 1294 1292 678 1292 1292 1359 682 1359 1359 1295 681 1295 1295 1292 678 1292 1292 1310 677 1310 1310 1296 683 1296 1296 1310 677 1310 1310 1383 684 1383 1383 1383 684 1383 1383 1310 677 1310 1310 1333 676 1333 1333 1296 683 1296 1296 1295 681 1295 1295 1310 677 1310 1310 1383 684 1383 1383 1333 676 1333 1333 1332 675 1332 1332 1372 685 1372 1372 1383 684 1383 1383 1332 675 1332 1332 1371 686 1371 1371 1372 685 1372 1372 1332 675 1332 1332 1337 674 1337 1337 1371 686 1371 1371 1332 675 1332 1332 1383 684 1383 1383 1372 685 1372 1372 1387 687 1387 1387 1385 688 1385 1385 1383 684 1383 1383 1387 687 1387 1387 1385 688 1385 1385 1296 683 1296 1296 1383 684 1383 1383 1296 683 1296 1296 1385 688 1385 1385 1384 689 1384 1384 1298 690 1298 1298 1296 683 1296 1296 1384 689 1384 1384 1296 683 1296 1296 1298 690 1298 1298 1297 691 1297 1297 1295 681 1295 1295 1296 683 1296 1296 1297 691 1297 1297 1295 681 1295 1295 1297 691 1297 1297 1400 692 1400 1400 1359 682 1359 1359 1295 681 1295 1295 1400 692 1400 1400 1359 682 1359 1359 1400 692 1400 1400 1399 693 1399 1399 1361 694 1361 1361 1359 682 1359 1359 1399 693 1399 1399 1359 682 1359 1359 1361 694 1361 1361 1294 680 1294 1294 1361 694 1361 1361 1362 679 1362 1362 1294 680 1294 1294 1399 693 1399 1399 1400 692 1400 1400 1401 695 1401 1401 1402 696 1402 1402 1400 692 1400 1400 1297 691 1297 1297 1400 692 1400 1400 1402 696 1402 1402 1401 695 1401 1401 1398 697 1398 1398 1402 696 1402 1402 1297 691 1297 1297 1398 697 1398 1398 1297 691 1297 1297 1298 690 1298 1298 1298 690 1298 1298 1384 689 1384 1384 1396 698 1396 1396 1397 699 1397 1397 1298 690 1298 1298 1396 698 1396 1396 1397 699 1397 1397 1398 697 1398 1398 1298 690 1298 1298 1395 700 1395 1395 1396 698 1396 1396 1384 689 1384 1384 1386 701 1386 1386 1395 700 1395 1395 1384 689 1384 1384 1384 689 1384 1384 1385 688 1385 1385 1386 701 1386 1386 1385 688 1385 1385 1387 687 1387 1387 1386 701 1386 1386 1387 687 1387 1387 1372 685 1372 1372 1389 702 1389 1389 1387 687 1387 1387 1389 702 1389 1389 1388 703 1388 1388 1386 701 1386 1386 1387 687 1387 1387 1388 703 1388 1388 1372 685 1372 1372 1371 686 1371 1371 1389 702 1389 1389 1386 701 1386 1386 1388 703 1388 1388 1441 704 1441 1441 1395 700 1395 1395 1386 701 1386 1386 1441 704 1441 1441 1395 700 1395 1395 1441 704 1441 1441 1405 705 1405 1405 1396 698 1396 1396 1395 700 1395 1395 1405 705 1405 1405 1396 698 1396 1396 1405 705 1405 1405 1397 699 1397 1397 1397 699 1397 1397 1406 706 1406 1406 1398 697 1398 1398 1405 705 1405 1405 1406 706 1406 1406 1397 699 1397 1397 1406 706 1406 1406 1404 707 1404 1404 1398 697 1398 1398 1402 696 1402 1402 1398 697 1398 1398 1404 707 1404 1404 1401 695 1401 1401 1402 696 1402 1402 1404 707 1404 1404 1677 114 1677 1677 1676 519 1676 1676 1220 143 1220 1220 1677 114 1677 1677 1181 111 1181 1181 1676 519 1676 1676 1003 476 1003 1003 1641 477 1641 1641 984 708 984 984 964 709 964 964 1003 476 1003 1003 984 708 984 984 1003 476 1003 1003 964 709 964 964 1002 475 1002 1002 964 709 964 964 984 708 984 984 983 710 983 983 964 709 964 964 962 711 962 962 1002 475 1002 1002 963 712 963 963 964 709 964 964 983 710 983 983 962 711 962 962 964 709 964 964 963 712 963 963 1002 475 1002 1002 962 711 962 962 1001 473 1001 1001 962 711 962 962 946 713 946 946 1001 473 1001 1001 962 711 962 962 928 714 928 928 946 713 946 946 928 714 928 928 962 711 962 962 963 712 963 963 929 715 929 929 931 716 931 931 963 712 963 963 983 710 983 983 929 715 929 929 963 712 963 963 963 712 963 963 931 716 931 931 928 714 928 928 928 714 928 928 926 717 926 926 946 713 946 946 931 716 931 931 927 718 927 927 928 714 928 928 926 717 926 926 928 714 928 928 927 718 927 927 946 713 946 946 945 474 945 945 1001 473 1001 1001 946 713 946 946 926 717 926 926 947 719 947 947 945 474 945 945 946 713 946 946 947 719 947 947 976 720 976 976 947 719 947 947 926 717 926 926 925 721 925 925 976 720 976 976 926 717 926 926 925 721 925 925 926 717 926 926 927 718 927 927 927 718 927 927 931 716 931 931 932 722 932 932 1009 723 1009 1009 927 718 927 927 932 722 932 932 925 721 925 925 927 718 927 927 1009 723 1009 1009 930 724 930 930 932 722 932 932 931 716 931 931 929 715 929 929 930 724 930 930 931 716 931 931 932 722 932 932 930 724 930 930 1650 725 1650 1650 1058 726 1058 1058 932 722 932 932 1650 725 1650 1650 932 722 932 932 1058 726 1058 1058 1009 723 1009 1009 1058 726 1058 1058 1057 727 1057 1057 1009 723 1009 1009 1009 723 1009 1009 1057 727 1057 1057 1008 728 1008 1008 1008 728 1008 1008 925 721 925 925 1009 723 1009 1009 925 721 925 925 1008 728 1008 1008 1006 729 1006 1006 976 720 976 976 925 721 925 925 1006 729 1006 1006 976 720 976 976 1006 729 1006 1006 1007 730 1007 1007 1074 731 1074 1074 976 720 976 976 1007 730 1007 1007 976 720 976 976 1074 731 1074 1074 947 719 947 947 1074 731 1074 1074 998 732 998 998 947 719 947 947 945 474 945 945 947 719 947 947 998 732 998 998 997 472 997 997 945 474 945 945 998 732 998 998 1084 733 1084 1084 1081 734 1081 1081 998 732 998 998 1074 731 1074 1074 1084 733 1084 1084 998 732 998 998 998 732 998 998 1081 734 1081 1081 997 472 997 997 1074 731 1074 1074 1007 730 1007 1007 1085 735 1085 1085 1084 733 1084 1084 1074 731 1074 1074 1085 735 1085 1085 1645 736 1645 1645 1085 735 1085 1085 1007 730 1007 1007 1005 737 1005 1005 1645 736 1645 1645 1007 730 1007 1007 1005 737 1005 1005 1007 730 1007 1007 1006 729 1006 1006 1004 738 1004 1004 1006 729 1006 1006 1008 728 1008 1008 1004 738 1004 1004 1005 737 1005 1005 1006 729 1006 1006 1057 727 1057 1057 1056 739 1056 1056 1008 728 1008 1008 1056 739 1056 1056 1004 738 1004 1004 1008 728 1008 1008 1057 727 1057 1057 1051 740 1051 1051 1056 739 1056 1056 1052 741 1052 1052 1051 740 1051 1051 1057 727 1057 1057 1058 726 1058 1058 1052 741 1052 1052 1057 727 1057 1057 1058 726 1058 1058 1650 725 1650 1650 1055 742 1055 1055 1052 741 1052 1052 1058 726 1058 1058 1055 742 1055 1055 1052 741 1052 1052 1055 742 1055 1055 1054 743 1054 1054 1053 744 1053 1053 1052 741 1052 1052 1054 743 1054 1054 1052 741 1052 1052 1053 744 1053 1053 1049 745 1049 1049 1051 740 1051 1051 1052 741 1052 1052 1049 745 1049 1049 1051 740 1051 1051 1050 746 1050 1050 1056 739 1056 1056 1051 740 1051 1051 1049 745 1049 1049 1039 747 1039 1039 1050 746 1050 1050 1051 740 1051 1051 1039 747 1039 1039 972 748 972 972 1004 738 1004 1004 1056 739 1056 1056 1050 746 1050 1050 972 748 972 972 1056 739 1056 1056 974 749 974 974 1005 737 1005 1005 1004 738 1004 1004 972 748 972 972 974 749 974 974 1004 738 1004 1004 1017 750 1017 1017 1645 736 1645 1645 1005 737 1005 1005 974 749 974 974 1017 750 1017 1017 1005 737 1005 1005 974 749 974 974 975 751 975 975 1018 752 1018 1018 1017 750 1017 1017 974 749 974 974 1018 752 1018 1018 973 753 973 973 975 751 975 975 974 749 974 974 972 748 972 972 973 753 973 973 974 749 974 974 972 748 972 972 1050 746 1050 1050 1039 747 1039 1039 973 753 973 973 972 748 972 972 1039 747 1039 1039 1038 754 1038 1038 1039 747 1039 1039 1049 745 1049 1049 1021 755 1021 1021 973 753 973 973 1039 747 1039 1039 1038 754 1038 1038 1021 755 1021 1021 1039 747 1039 1039 1047 756 1047 1047 1048 757 1048 1048 1049 745 1049 1049 1053 744 1053 1053 1047 756 1047 1047 1049 745 1049 1049 1048 757 1048 1048 1038 754 1038 1038 1049 745 1049 1049 1045 758 1045 1045 1047 756 1047 1047 1053 744 1053 1053 1054 743 1054 1054 1045 758 1045 1045 1053 744 1053 1053 1044 759 1044 1044 1048 757 1048 1048 1047 756 1047 1047 1043 760 1043 1043 1044 759 1044 1044 1047 756 1047 1047 1046 761 1046 1046 1043 760 1043 1043 1047 756 1047 1047 1045 758 1045 1045 1046 761 1046 1046 1047 756 1047 1047 1040 762 1040 1040 1038 754 1038 1038 1048 757 1048 1048 1044 759 1044 1044 1040 762 1040 1040 1048 757 1048 1048 1021 755 1021 1021 1038 754 1038 1038 1040 762 1040 1040 1031 763 1031 1031 1021 755 1021 1021 1040 762 1040 1040 1022 764 1022 1022 1021 755 1021 1021 1031 763 1031 1031 1021 755 1021 1021 1022 764 1022 1022 973 753 973 973 1022 764 1022 1022 975 751 975 975 973 753 973 973 1023 765 1023 1023 1018 752 1018 1018 975 751 975 975 1022 764 1022 1022 1023 765 1023 1023 975 751 975 975 1029 766 1029 1029 1022 764 1022 1022 1031 763 1031 1031 1030 767 1030 1030 1023 765 1023 1023 1022 764 1022 1022 1029 766 1029 1029 1030 767 1030 1030 1022 764 1022 1022 1031 763 1031 1031 1040 762 1040 1040 1025 768 1025 1025 1031 763 1031 1031 1025 768 1025 1025 1024 769 1024 1024 1029 766 1029 1029 1031 763 1031 1031 1024 769 1024 1024 1034 770 1034 1034 1037 771 1037 1037 1040 762 1040 1040 1044 759 1044 1044 1034 770 1034 1034 1040 762 1040 1040 1040 762 1040 1040 1037 771 1037 1037 1025 768 1025 1025 1032 772 1032 1032 1034 770 1034 1034 1044 759 1044 1044 1043 760 1043 1043 1032 772 1032 1032 1044 759 1044 1044 1043 760 1043 1043 1046 761 1046 1046 1092 773 1092 1092 1032 772 1032 1032 1043 760 1043 1043 1092 773 1092 1092 1032 772 1032 1032 1092 773 1092 1092 1091 774 1091 1091 1033 775 1033 1033 1032 772 1032 1032 1091 774 1091 1091 1032 772 1032 1032 1033 775 1033 1033 1034 770 1034 1034 1037 771 1037 1037 1034 770 1034 1034 1035 776 1035 1035 1033 775 1033 1033 1035 776 1035 1035 1034 770 1034 1034 1037 771 1037 1037 1036 777 1036 1036 1027 778 1027 1027 1025 768 1025 1025 1037 771 1037 1037 1027 778 1027 1027 1036 777 1036 1036 1037 771 1037 1037 1035 776 1035 1035 1025 768 1025 1025 1027 778 1027 1027 1026 779 1026 1026 1024 769 1024 1024 1025 768 1025 1025 1026 779 1026 1026 1024 769 1024 1024 1026 779 1026 1026 1062 780 1062 1062 1059 781 1059 1059 1024 769 1024 1024 1062 780 1062 1062 1029 766 1029 1029 1024 769 1024 1024 1059 781 1059 1059 1030 767 1030 1030 1029 766 1029 1029 1059 781 1059 1059 1067 782 1067 1067 1062 780 1062 1062 1026 779 1026 1026 1027 778 1027 1027 1067 782 1067 1067 1026 779 1026 1026 1067 782 1067 1067 1027 778 1027 1027 1036 777 1036 1036 1036 777 1036 1036 1035 776 1035 1035 1071 783 1071 1071 1071 783 1071 1071 1067 782 1067 1067 1036 777 1036 1036 1035 776 1035 1035 1099 784 1099 1099 1071 783 1071 1071 1035 776 1035 1035 1033 775 1033 1033 1099 784 1099 1099 1033 775 1033 1033 1091 774 1091 1091 1099 784 1099 1099 1081 734 1081 1081 1082 471 1082 1082 997 472 997 997 353 432 353 353 1489 434 1489 1489 1476 785 1476 1476 354 786 354 354 353 432 353 353 1476 785 1476 1476 353 432 353 353 354 786 354 354 319 430 319 319 354 786 354 354 1476 785 1476 1476 1475 787 1475 1475 372 788 372 372 354 786 354 354 1475 787 1475 1475 317 789 317 317 354 786 354 354 372 788 372 372 354 786 354 354 317 789 317 317 319 430 319 319 317 789 317 317 318 431 318 318 319 430 319 319 370 790 370 370 317 789 317 317 372 788 372 372 318 431 318 318 317 789 317 317 370 790 370 370 372 788 372 372 1475 787 1475 1475 1656 791 1656 1656 373 792 373 373 372 788 372 372 1656 791 1656 1656 372 788 372 372 373 792 373 373 370 790 370 370 369 793 369 369 318 431 318 318 370 790 370 370 373 792 373 373 371 794 371 371 370 790 370 370 370 790 370 370 371 794 371 371 369 793 369 369 318 431 318 318 369 793 369 369 366 795 366 366 313 429 313 313 318 431 318 318 366 795 366 366 371 794 371 371 368 796 368 368 369 793 369 369 364 797 364 364 366 795 366 366 369 793 369 369 368 796 368 368 364 797 364 364 369 793 369 369 324 798 324 324 368 796 368 368 371 794 371 371 344 799 344 344 324 798 324 324 371 794 371 371 343 800 343 343 344 799 344 344 371 794 371 371 373 792 373 373 343 800 343 343 371 794 371 371 373 792 373 373 1656 791 1656 1656 374 801 374 374 343 800 343 343 373 792 373 373 374 801 374 374 309 802 309 309 311 803 311 311 343 800 343 343 374 801 374 374 309 802 309 309 343 800 343 343 343 800 343 343 311 803 311 311 344 799 344 344 344 799 344 344 345 804 345 345 323 805 323 323 324 798 324 324 344 799 344 344 323 805 323 323 311 803 311 311 345 804 345 345 344 799 344 344 324 798 324 324 322 806 322 322 368 796 368 368 322 806 322 322 324 798 324 324 323 805 323 323 322 806 322 322 364 797 364 364 368 796 368 368 361 807 361 361 365 808 365 365 364 797 364 364 322 806 322 322 361 807 361 361 364 797 364 364 364 797 364 364 365 808 365 365 366 795 366 366 313 429 313 313 366 795 366 366 367 809 367 367 365 808 365 365 367 809 367 367 366 795 366 366 314 428 314 314 313 429 313 313 367 809 367 367 1651 810 1651 1651 375 811 375 375 367 809 367 367 365 808 365 365 1651 810 1651 1651 367 809 367 367 367 809 367 367 375 811 375 375 314 428 314 314 360 812 360 360 1651 810 1651 1651 365 808 365 365 361 807 361 361 360 812 360 360 365 808 365 365 361 807 361 361 322 806 322 322 321 813 321 321 363 814 363 363 361 807 361 361 321 813 321 321 361 807 361 361 363 814 363 363 362 815 362 362 360 812 360 360 361 807 361 361 362 815 362 362 321 813 321 321 322 806 322 322 323 805 323 323 323 805 323 323 402 816 402 402 321 813 321 321 402 816 402 402 323 805 323 323 345 804 345 345 400 817 400 400 402 816 402 402 345 804 345 345 400 817 400 400 345 804 345 345 311 803 311 311 312 818 312 312 400 817 400 400 311 803 311 311 310 819 310 310 312 818 312 312 311 803 311 311 309 802 309 309 310 819 310 310 311 803 311 311 403 820 403 403 402 816 402 402 400 817 400 400 398 821 398 398 403 820 403 403 400 817 400 400 398 821 398 398 400 817 400 400 312 818 312 312 388 822 388 388 402 816 402 402 403 820 403 403 402 816 402 402 388 822 388 388 321 813 321 321 389 823 389 389 363 814 363 363 321 813 321 321 388 822 388 388 389 823 389 389 321 813 321 321 390 824 390 390 362 815 362 362 363 814 363 363 389 823 389 389 390 824 390 390 363 814 363 363 389 823 389 389 388 822 388 388 386 825 386 386 383 826 383 383 389 823 389 389 386 825 386 386 382 827 382 382 390 824 390 390 389 823 389 389 383 826 383 383 382 827 382 382 389 823 389 389 386 825 386 386 388 822 388 388 403 820 403 403 403 820 403 403 398 821 398 398 393 828 393 393 395 829 395 395 403 820 403 403 393 828 393 393 403 820 403 403 395 829 395 395 387 830 387 387 386 825 386 386 403 820 403 403 387 830 387 387 399 831 399 399 398 821 398 398 312 818 312 312 398 821 398 398 399 831 399 399 391 832 391 391 393 828 393 393 398 821 398 398 391 832 391 391 401 833 401 401 399 831 399 399 312 818 312 312 310 819 310 310 401 833 401 401 312 818 312 312 399 831 399 399 401 833 401 401 433 834 433 433 391 832 391 391 399 831 399 399 433 834 433 433 391 832 391 391 433 834 433 433 432 835 432 432 392 836 392 392 391 832 391 391 432 835 432 432 391 832 391 391 392 836 392 392 393 828 393 393 395 829 395 395 393 828 393 393 394 837 394 394 392 836 392 392 394 837 394 394 393 828 393 393 397 838 397 397 395 829 395 395 394 837 394 394 395 829 395 395 397 838 397 397 396 839 396 396 387 830 387 387 395 829 395 395 396 839 396 396 429 840 429 429 385 841 385 385 387 830 387 387 396 839 396 396 429 840 429 429 387 830 387 387 386 825 386 386 387 830 387 387 385 841 385 385 383 826 383 383 386 825 386 386 385 841 385 385 383 826 383 383 385 841 385 385 384 842 384 384 382 827 382 382 383 826 383 383 384 842 384 384 385 841 385 385 429 840 429 429 428 843 428 428 384 842 384 384 385 841 385 385 428 843 428 428 440 844 440 440 428 843 428 428 429 840 429 429 396 839 396 396 440 844 440 440 429 840 429 429 445 845 445 445 440 844 440 440 396 839 396 396 397 838 397 397 445 845 445 445 396 839 396 396 397 838 397 397 394 837 394 394 445 845 445 445 394 837 394 394 439 846 439 439 445 845 445 445 394 837 394 394 392 836 392 392 439 846 439 439 392 836 392 392 432 835 432 432 439 846 439 439 375 811 375 375 376 427 376 376 314 428 314 314 118 219 118 118 99 220 99 99 119 847 119 119 41 218 41 41 118 219 118 118 36 848 36 36 118 219 118 118 119 847 119 119 37 849 37 37 118 219 118 118 37 849 37 37 36 848 36 36 41 218 41 41 36 848 36 36 43 850 43 43 42 189 42 42 41 218 41 41 43 850 43 43 43 850 43 43 36 848 36 36 38 851 38 38 36 848 36 36 37 849 37 37 38 851 38 38 38 851 38 38 37 849 37 37 39 852 39 39 48 853 48 48 38 851 38 38 50 854 50 50 43 850 43 43 38 851 38 38 48 853 48 48 38 851 38 38 39 852 39 39 50 854 50 50 43 850 43 43 49 855 49 49 42 189 42 42 48 853 48 48 49 855 49 49 43 850 43 43 188 187 188 188 42 189 42 42 49 855 49 49 215 856 215 215 49 855 49 49 48 853 48 48 215 856 215 215 188 187 188 188 49 855 49 49 48 853 48 48 50 854 50 50 254 857 254 254 215 856 215 215 48 853 48 48 254 857 254 254 254 857 254 254 50 854 50 50 216 858 216 216 50 854 50 50 51 859 51 51 216 858 216 216 50 854 50 50 39 852 39 39 51 859 51 51 247 860 247 247 254 857 254 254 216 858 216 216 255 861 255 255 254 857 254 254 247 860 247 247 254 857 254 254 255 861 255 255 215 856 215 215 215 856 215 215 255 861 255 255 252 862 252 252 215 856 215 215 252 862 252 252 214 863 214 214 214 863 214 214 188 187 188 188 215 856 215 215 188 187 188 188 214 863 214 214 187 158 187 187 253 864 253 253 213 865 213 213 214 863 214 214 214 863 214 214 252 862 252 252 253 864 253 253 187 158 187 187 214 863 214 214 213 865 213 213 253 864 253 253 252 862 252 252 258 866 258 258 255 861 255 255 258 866 258 258 252 862 252 252 255 861 255 255 247 860 247 247 249 867 249 249 249 867 249 249 258 866 258 258 255 861 255 255 247 860 247 247 246 868 246 246 248 869 248 248 247 860 247 247 248 869 248 248 249 867 249 249 217 870 217 217 247 860 247 247 216 858 216 216 246 868 246 246 247 860 247 247 217 870 217 217 216 858 216 216 51 859 51 51 217 870 217 217 249 867 249 249 248 869 248 248 1705 871 1705 1705 248 869 248 248 1704 872 1704 1704 1705 871 1705 1705 1706 873 1706 1706 258 866 258 258 249 867 249 249 249 867 249 249 1705 871 1705 1705 1706 873 1706 1706 253 864 253 253 258 866 258 258 259 874 259 259 259 874 259 259 258 866 258 258 1703 875 1703 1703 1706 873 1706 1706 1703 875 1703 1703 258 866 258 258 257 876 257 257 256 877 256 256 253 864 253 253 253 864 253 253 259 874 259 259 257 876 257 257 256 877 256 256 213 865 213 213 253 864 253 253 207 878 207 207 213 865 213 213 256 877 256 256 185 157 185 185 213 865 213 213 207 878 207 207 187 158 187 187 213 865 213 213 185 157 185 185 257 876 257 257 212 879 212 212 256 877 256 256 212 879 212 212 207 878 207 207 256 877 256 256 257 876 257 257 259 874 259 259 1703 875 1703 1703 212 879 212 212 257 876 257 257 1702 880 1702 1702 257 876 257 257 1703 875 1703 1703 1702 880 1702 1702 212 879 212 212 1702 880 1702 1702 1681 881 1681 1681 1680 882 1680 1680 212 879 212 212 1681 881 1681 1681 211 883 211 211 212 879 212 212 1680 882 1680 1680 212 879 212 212 206 884 206 206 207 878 207 207 211 883 211 211 206 884 206 206 212 879 212 212 207 878 207 207 184 129 184 184 185 157 185 185 206 884 206 206 184 129 184 184 207 878 207 207 206 884 206 206 210 885 210 210 205 886 205 205 211 883 211 211 210 885 210 210 206 884 206 206 206 884 206 206 205 886 205 205 184 129 184 184 1682 887 1682 1682 211 883 211 211 1680 882 1680 1680 1682 887 1682 1682 210 885 210 210 211 883 211 211 1682 887 1682 1682 1683 888 1683 1683 210 885 210 210 1683 888 1683 1683 209 889 209 209 210 885 210 210 209 889 209 209 205 886 205 205 210 885 210 210 204 128 204 204 205 886 205 205 209 889 209 209 184 129 184 184 205 886 205 205 183 127 183 183 204 128 204 204 183 127 183 183 205 886 205 205 209 889 209 209 1683 888 1683 1683 1689 890 1689 1689 208 891 208 208 209 889 209 209 1689 890 1689 1689 208 891 208 208 204 128 204 204 209 889 209 209 203 126 203 203 204 128 204 204 208 891 208 208 280 892 280 280 208 891 208 208 1687 893 1687 1687 208 891 208 208 1689 890 1689 1689 1688 894 1688 1688 208 891 208 208 1688 894 1688 1688 1687 893 1687 1687 280 892 280 280 198 895 198 198 208 891 208 208 198 895 198 198 203 126 203 203 208 891 208 208 196 97 196 196 203 126 203 203 198 895 198 198 278 896 278 278 198 895 198 198 280 892 280 280 197 897 197 197 198 895 198 198 278 896 278 278 197 897 197 197 196 97 196 196 198 895 198 198 280 892 280 280 1686 898 1686 1686 279 899 279 279 1686 898 1686 1686 280 892 280 280 1687 893 1687 1687 280 892 280 280 279 899 279 279 278 896 278 278 276 900 276 276 278 896 278 278 279 899 279 279 275 901 275 275 278 896 278 278 276 900 276 276 275 901 275 275 197 897 197 197 278 896 278 278 200 902 200 200 197 897 197 197 275 901 275 275 200 902 200 200 195 95 195 195 197 897 197 197 195 95 195 195 196 97 196 196 197 897 197 197 275 901 275 275 277 903 277 277 274 904 274 274 276 900 276 276 277 903 277 277 275 901 275 275 274 904 274 274 200 902 200 200 275 901 275 275 276 900 276 276 279 899 279 279 1684 905 1684 1684 1701 906 1701 1701 276 900 276 276 1685 907 1685 1685 277 903 277 277 276 900 276 276 1701 906 1701 1701 276 900 276 276 1684 905 1684 1684 1685 907 1685 1685 1686 898 1686 1686 1684 905 1684 1684 279 899 279 279 1701 906 1701 1701 1700 908 1700 1700 277 903 277 277 277 903 277 277 1700 908 1700 1700 263 909 263 263 277 903 277 277 263 909 263 263 274 904 274 274 274 904 274 274 263 909 263 263 261 910 261 261 261 910 261 261 201 67 201 201 274 904 274 274 201 67 201 201 200 902 200 200 274 904 274 274 200 902 200 200 201 67 201 201 199 66 199 199 199 66 199 199 195 95 195 195 200 902 200 200 192 65 192 192 201 67 201 201 261 910 261 261 260 911 260 260 192 65 192 192 261 910 261 261 262 912 262 262 261 910 261 261 263 909 263 263 260 911 260 260 261 910 261 261 262 912 262 262 1699 913 1699 1699 263 909 263 263 1700 908 1700 1700 265 914 265 265 263 909 263 263 1699 913 1699 1699 263 909 263 263 265 914 265 265 262 912 262 262 262 912 262 262 273 915 273 273 270 916 270 270 265 914 265 265 273 915 273 273 262 912 262 262 262 912 262 262 270 916 270 270 260 911 260 260 260 911 260 260 270 916 270 270 264 35 264 264 260 911 260 260 264 35 264 264 191 36 191 191 191 36 191 191 192 65 192 192 260 911 260 260 270 916 270 270 272 917 272 272 269 918 269 269 273 915 273 273 272 917 272 272 270 916 270 270 270 916 270 270 269 918 269 269 264 35 264 264 273 915 273 273 265 914 265 265 1698 919 1698 1698 1696 920 1696 1696 273 915 273 273 1698 919 1698 1698 272 917 272 272 273 915 273 273 1696 920 1696 1696 1698 919 1698 1698 265 914 265 265 1699 913 1699 1699 1696 920 1696 1696 1697 921 1697 1697 272 917 272 272 272 917 272 272 1697 921 1697 1697 271 922 271 271 271 922 271 271 269 918 269 269 272 917 272 272 264 35 264 264 269 918 269 269 267 34 267 267 268 923 268 268 269 918 269 269 271 922 271 271 268 923 268 268 267 34 267 267 269 918 269 269 266 33 266 266 267 34 267 267 268 923 268 268 8 924 8 8 60 925 60 60 9 926 9 9 59 927 59 59 60 925 60 60 8 924 8 8 8 924 8 8 9 926 9 9 10 928 10 10 60 925 60 60 20 929 20 20 9 926 9 9 67 930 67 67 20 929 20 20 60 925 60 60 68 931 68 68 60 925 60 60 65 932 65 65 67 930 67 67 60 925 60 60 68 931 68 68 60 925 60 60 59 927 59 59 65 932 65 65 21 933 21 21 9 926 9 9 20 929 20 20 11 934 11 11 9 926 9 9 21 933 21 21 10 928 10 10 9 926 9 9 11 934 11 11 10 928 10 10 11 934 11 11 140 935 140 140 11 934 11 11 21 933 21 21 142 936 142 142 140 935 140 140 11 934 11 11 142 936 142 142 142 936 142 142 21 933 21 21 298 937 298 298 21 933 21 21 297 938 297 297 298 937 298 298 18 939 18 18 297 938 297 297 21 933 21 21 21 933 21 21 16 940 16 16 18 939 18 18 20 929 20 20 16 940 16 16 21 933 21 21 20 929 20 20 67 930 67 67 57 941 57 57 20 929 20 20 57 941 57 57 16 940 16 16 68 931 68 68 69 942 69 69 67 930 67 67 57 941 57 57 67 930 67 67 69 942 69 69 222 943 222 222 70 944 70 70 68 931 68 68 65 932 65 65 222 943 222 222 68 931 68 68 70 944 70 70 69 942 69 69 68 931 68 68 221 945 221 221 222 943 222 222 65 932 65 65 66 946 66 66 221 945 221 221 65 932 65 65 65 932 65 65 59 927 59 59 66 946 66 66 234 947 234 234 222 943 222 222 228 948 228 228 223 949 223 223 222 943 222 222 234 947 234 234 221 945 221 221 228 948 228 228 222 943 222 222 223 949 223 223 70 944 70 70 222 943 222 222 223 949 223 223 71 950 71 71 70 944 70 70 70 944 70 70 72 951 72 72 69 942 69 69 71 950 71 71 72 951 72 72 70 944 70 70 72 951 72 72 57 941 57 57 69 942 69 69 16 940 16 16 57 941 57 57 54 952 54 54 56 953 56 56 57 941 57 57 72 951 72 72 56 953 56 56 54 952 54 54 57 941 57 57 54 952 54 54 17 954 17 17 16 940 16 16 16 940 16 16 17 954 17 17 18 939 18 18 18 939 18 18 19 955 19 19 297 938 297 297 18 939 18 18 17 954 17 17 19 955 19 19 298 937 298 298 297 938 297 297 1134 956 1134 1134 1131 957 1131 1131 1134 956 1134 1134 297 938 297 297 293 958 293 293 1131 957 1131 1131 297 938 297 297 297 938 297 297 19 955 19 19 293 958 293 293 299 959 299 299 298 937 298 298 1134 956 1134 1134 299 959 299 299 142 936 142 142 298 937 298 298 141 960 141 141 142 936 142 142 299 959 299 299 141 960 141 141 140 935 140 140 142 936 142 142 139 961 139 139 140 935 140 140 141 960 141 141 141 960 141 141 299 959 299 299 143 962 143 143 141 960 141 141 144 963 144 144 139 961 139 139 143 962 143 143 144 963 144 144 141 960 141 141 300 964 300 300 299 959 299 299 1136 965 1136 1136 1134 956 1134 1134 1136 965 1136 1136 299 959 299 299 143 962 143 143 299 959 299 299 300 964 300 300 1134 956 1134 1134 1250 966 1250 1250 1137 967 1137 1137 1136 965 1136 1136 1134 956 1134 1134 1137 967 1137 1137 1250 966 1250 1250 1134 956 1134 1134 1131 957 1131 1131 1154 968 1154 1154 1250 966 1250 1250 1131 957 1131 1131 1154 968 1154 1154 1131 957 1131 1131 1132 969 1132 1132 1131 957 1131 1131 293 958 293 293 1132 969 1132 1132 293 958 293 293 291 970 291 291 1132 969 1132 1132 293 958 293 293 23 971 23 23 291 970 291 291 19 955 19 19 23 971 23 23 293 958 293 293 19 955 19 19 22 972 22 22 23 971 23 23 17 954 17 17 22 972 22 22 19 955 19 19 17 954 17 17 53 973 53 53 22 972 22 22 54 952 54 54 53 973 53 53 17 954 17 17 55 974 55 55 54 952 54 54 56 953 56 56 53 973 53 53 54 952 54 54 55 974 55 55 73 975 73 73 56 953 56 56 72 951 72 72 55 974 55 55 56 953 56 56 73 975 73 73 73 975 73 73 72 951 72 72 71 950 71 71 224 976 224 224 71 950 71 71 223 949 223 223 73 975 73 73 71 950 71 71 224 976 224 224 234 947 234 234 224 976 224 224 223 949 223 223 239 977 239 239 224 976 224 224 234 947 234 234 239 977 239 239 225 978 225 225 224 976 224 224 224 976 224 224 46 979 46 46 73 975 73 73 225 978 225 225 46 979 46 46 224 976 224 224 46 979 46 46 55 974 55 55 73 975 73 73 33 980 33 33 55 974 55 55 46 979 46 46 33 980 33 33 53 973 53 53 55 974 55 55 32 981 32 32 22 972 22 22 53 973 53 53 32 981 32 32 53 973 53 53 33 980 33 33 24 982 24 24 22 972 22 22 32 981 32 32 22 972 22 22 24 982 24 24 23 971 23 23 23 971 23 23 25 983 25 25 291 970 291 291 23 971 23 23 24 982 24 24 25 983 25 25 291 970 291 291 292 984 292 292 1115 985 1115 1115 1132 969 1132 1132 291 970 291 291 1115 985 1115 1115 291 970 291 291 25 983 25 25 292 984 292 292 1153 986 1153 1153 1132 969 1132 1132 1115 985 1115 1115 1153 986 1153 1153 1154 968 1154 1154 1132 969 1132 1132 1154 968 1154 1154 1258 987 1258 1258 1271 988 1271 1271 1250 966 1250 1250 1154 968 1154 1154 1271 988 1271 1271 1258 987 1258 1258 1154 968 1154 1154 1153 986 1153 1153 1250 966 1250 1250 1271 988 1271 1271 1249 989 1249 1249 1137 967 1137 1137 1250 966 1250 1250 1249 989 1249 1249 1130 990 1130 1130 1129 991 1129 1129 1137 967 1137 1137 1249 989 1249 1249 1130 990 1130 1130 1137 967 1137 1137 1137 967 1137 1137 1129 991 1129 1129 1135 992 1135 1135 1136 965 1136 1136 1137 967 1137 1137 1135 992 1135 1135 1135 992 1135 1135 300 964 300 300 1136 965 1136 1136 143 962 143 143 300 964 300 300 1135 992 1135 1135 144 963 144 144 143 962 143 143 1135 992 1135 1135 1133 993 1133 1133 144 963 144 144 1135 992 1135 1135 1135 992 1135 1135 1129 991 1129 1129 1111 994 1111 1111 1133 993 1133 1133 1135 992 1135 1135 1111 994 1111 1111 1129 991 1129 1129 1130 990 1130 1130 1112 995 1112 1112 1111 994 1111 1111 1129 991 1129 1129 1112 995 1112 1112 1238 996 1238 1238 1130 990 1130 1130 1249 989 1249 1249 1239 997 1239 1239 1112 995 1112 1112 1130 990 1130 1130 1238 996 1238 1238 1239 997 1239 1239 1130 990 1130 1130 1249 989 1249 1249 1271 988 1271 1271 1251 998 1251 1251 1251 998 1251 1251 1238 996 1238 1238 1249 989 1249 1249 1271 988 1271 1271 1273 999 1273 1273 1251 998 1251 1251 1273 999 1273 1273 1271 988 1271 1271 1258 987 1258 1258 1272 1000 1272 1272 1258 987 1258 1258 1257 1001 1257 1257 1272 1000 1272 1272 1273 999 1273 1273 1258 987 1258 1258 1257 1001 1257 1257 1258 987 1258 1258 1153 986 1153 1153 1118 1002 1118 1118 1153 986 1153 1153 1115 985 1115 1115 1257 1001 1257 1257 1153 986 1153 1153 1118 1002 1118 1118 1118 1002 1118 1118 1115 985 1115 1115 1116 1003 1116 1116 1115 985 1115 1115 292 984 292 292 1116 1003 1116 1116 292 984 292 292 296 1004 296 296 1126 1005 1126 1126 1116 1003 1116 1116 292 984 292 292 1126 1005 1126 1126 292 984 292 292 58 1006 58 58 296 1004 296 296 25 983 25 25 58 1006 58 58 292 984 292 292 25 983 25 25 24 982 24 24 58 1006 58 58 120 1007 120 120 24 982 24 24 32 981 32 32 58 1006 58 58 24 982 24 24 120 1007 120 120 27 1008 27 27 120 1007 120 120 32 981 32 32 29 1009 29 29 32 981 32 32 33 980 33 33 27 1008 27 27 32 981 32 32 29 1009 29 29 44 1010 44 44 33 980 33 33 46 979 46 46 29 1009 29 29 33 980 33 33 44 1010 44 44 29 1009 29 29 45 1011 45 45 28 1012 28 28 44 1010 44 44 45 1011 45 45 29 1009 29 29 28 1012 28 28 27 1008 27 27 29 1009 29 29 26 1013 26 26 120 1007 120 120 27 1008 27 27 26 1013 26 26 27 1008 27 27 28 1012 28 28 121 1014 121 121 120 1007 120 120 26 1013 26 26 120 1007 120 120 121 1014 121 121 58 1006 58 58 58 1006 58 58 122 1015 122 122 296 1004 296 296 58 1006 58 58 121 1014 121 121 122 1015 122 122 296 1004 296 296 294 1016 294 294 1125 1017 1125 1125 1125 1017 1125 1125 1126 1005 1126 1126 296 1004 296 296 296 1004 296 296 122 1015 122 122 294 1016 294 294 1126 1005 1126 1126 1124 1018 1124 1124 1117 1019 1117 1117 1116 1003 1116 1116 1126 1005 1126 1126 1117 1019 1117 1117 1124 1018 1124 1124 1126 1005 1126 1126 1125 1017 1125 1125 1117 1019 1117 1117 1118 1002 1118 1118 1116 1003 1116 1116 1256 1020 1256 1256 1257 1001 1257 1257 1118 1002 1118 1118 1256 1020 1256 1256 1118 1002 1118 1118 1117 1019 1117 1117 1257 1001 1257 1257 1256 1020 1256 1256 1276 1021 1276 1276 1276 1021 1276 1276 1272 1000 1272 1272 1257 1001 1257 1257 1277 1022 1277 1277 1273 999 1273 1273 1272 1000 1272 1272 1275 1023 1275 1275 1277 1022 1277 1277 1272 1000 1272 1272 1275 1023 1275 1275 1272 1000 1272 1272 1276 1021 1276 1276 1273 999 1273 1273 1277 1022 1277 1277 1252 1024 1252 1252 1251 998 1251 1251 1273 999 1273 1273 1252 1024 1252 1252 1238 996 1238 1238 1251 998 1251 1251 1252 1024 1252 1252 1235 1025 1235 1235 1247 1026 1247 1247 1252 1024 1252 1252 1277 1022 1277 1277 1235 1025 1235 1235 1252 1024 1252 1252 1252 1024 1252 1252 1247 1026 1247 1247 1246 1027 1246 1246 1246 1027 1246 1246 1238 996 1238 1238 1252 1024 1252 1252 1238 996 1238 1238 1246 1027 1246 1246 1239 997 1239 1239 1247 1026 1247 1247 1245 1028 1245 1245 1246 1027 1246 1246 1241 1029 1241 1241 1246 1027 1246 1246 1245 1028 1245 1245 1246 1027 1246 1246 1241 1029 1241 1241 1239 997 1239 1239 1247 1026 1247 1247 1235 1025 1235 1235 1248 1030 1248 1248 1247 1026 1247 1247 1248 1030 1248 1248 1244 1031 1244 1244 1245 1028 1245 1245 1247 1026 1247 1247 1244 1031 1244 1244 1235 1025 1235 1235 1234 1032 1234 1234 1248 1030 1248 1248 1275 1023 1275 1275 1237 1033 1237 1237 1235 1025 1235 1235 1277 1022 1277 1277 1275 1023 1275 1275 1235 1025 1235 1235 1235 1025 1235 1235 1237 1033 1237 1237 1236 1034 1236 1236 1234 1032 1234 1234 1235 1025 1235 1235 1236 1034 1236 1236 1237 1033 1237 1237 1275 1023 1275 1275 1274 1035 1274 1274 1274 1035 1274 1274 1275 1023 1275 1275 1276 1021 1276 1276 1256 1020 1256 1256 1264 1036 1264 1264 1276 1021 1276 1276 1276 1021 1276 1276 1264 1036 1264 1264 1274 1035 1274 1274 1264 1036 1264 1264 1256 1020 1256 1256 1255 1037 1255 1255 1255 1037 1255 1255 1256 1020 1256 1256 1117 1019 1117 1117 1117 1019 1117 1117 1124 1018 1124 1124 1255 1037 1255 1255 1124 1018 1124 1124 1128 1038 1128 1128 1255 1037 1255 1255 1128 1038 1128 1128 1124 1018 1124 1124 1123 1039 1123 1123 1123 1039 1123 1123 1124 1018 1124 1124 1125 1017 1125 1125 294 1016 294 294 587 1040 587 587 1125 1017 1125 1125 1125 1017 1125 1125 587 1040 587 587 1123 1039 1123 1123 587 1040 587 587 501 1041 501 501 1123 1039 1123 1123 1123 1039 1123 1123 501 1041 501 501 1127 1042 1127 1127 1127 1042 1127 1127 1128 1038 1128 1128 1123 1039 1123 1123 1128 1038 1128 1128 1254 1043 1254 1254 1263 1044 1263 1263 1255 1037 1255 1255 1128 1038 1128 1128 1263 1044 1263 1263 1254 1043 1254 1254 1128 1038 1128 1128 1127 1042 1127 1127 1263 1044 1263 1263 1264 1036 1264 1264 1255 1037 1255 1255 1264 1036 1264 1264 1262 1045 1262 1262 1274 1035 1274 1274 1262 1045 1262 1262 1264 1036 1264 1264 1263 1044 1263 1263 1269 1046 1269 1269 1274 1035 1274 1274 1262 1045 1262 1262 1269 1046 1269 1269 1237 1033 1237 1237 1274 1035 1274 1274 1270 1047 1270 1270 1236 1034 1236 1236 1237 1033 1237 1237 1269 1046 1269 1269 1270 1047 1270 1270 1237 1033 1237 1237 1234 1032 1234 1234 1236 1034 1236 1236 1230 1048 1230 1230 1231 1049 1231 1231 1230 1048 1230 1230 1236 1034 1236 1236 1270 1047 1270 1270 1231 1049 1231 1231 1236 1034 1236 1236 1234 1032 1234 1234 1229 1050 1229 1229 1233 1051 1233 1233 1248 1030 1248 1248 1234 1032 1234 1234 1233 1051 1233 1233 1229 1050 1229 1229 1234 1032 1234 1234 1230 1048 1230 1230 1248 1030 1248 1248 1233 1051 1233 1233 1224 1052 1224 1224 1244 1031 1244 1244 1248 1030 1248 1248 1224 1052 1224 1224 1243 1053 1243 1243 1244 1031 1244 1244 1224 1052 1224 1224 1242 1054 1242 1242 1245 1028 1245 1245 1244 1031 1244 1244 1243 1053 1243 1243 1242 1054 1242 1242 1244 1031 1244 1244 1242 1054 1242 1242 1241 1029 1241 1241 1245 1028 1245 1245 1147 1055 1147 1147 1241 1029 1241 1241 1242 1054 1242 1242 1197 1056 1197 1197 1147 1055 1147 1147 1242 1054 1242 1242 1242 1054 1242 1242 1243 1053 1243 1243 1197 1056 1197 1197 1241 1029 1241 1241 1147 1055 1147 1147 1240 1057 1240 1240 1239 997 1239 1239 1241 1029 1241 1241 1240 1057 1240 1240 1113 1058 1113 1113 1112 995 1112 1112 1239 997 1239 1239 1240 1057 1240 1240 1113 1058 1113 1113 1239 997 1239 1239 1147 1055 1147 1147 1146 1059 1146 1146 1240 1057 1240 1240 1240 1057 1240 1240 1146 1059 1146 1146 1322 1060 1322 1322 1113 1058 1113 1113 1240 1057 1240 1240 1322 1060 1322 1322 1147 1055 1147 1147 1197 1056 1197 1197 1149 1061 1149 1149 1147 1055 1147 1147 1149 1061 1149 1149 1148 1062 1148 1148 1146 1059 1146 1146 1147 1055 1147 1147 1148 1062 1148 1148 1243 1053 1243 1243 1200 1063 1200 1200 1197 1056 1197 1197 1197 1056 1197 1197 1200 1063 1200 1200 1198 1064 1198 1198 1197 1056 1197 1197 1198 1064 1198 1198 1149 1061 1149 1149 1200 1063 1200 1200 1243 1053 1243 1243 1199 1065 1199 1199 1199 1065 1199 1199 1243 1053 1243 1243 1224 1052 1224 1224 1196 1066 1196 1196 1224 1052 1224 1224 1233 1051 1233 1233 1195 1067 1195 1195 1199 1065 1199 1199 1224 1052 1224 1224 1196 1066 1196 1196 1195 1067 1195 1195 1224 1052 1224 1224 1233 1051 1233 1233 1229 1050 1229 1229 1221 1068 1221 1221 1221 1068 1221 1221 1196 1066 1196 1196 1233 1051 1233 1233 1229 1050 1229 1229 1226 1069 1226 1226 1221 1068 1221 1221 1229 1050 1229 1229 1230 1048 1230 1230 1228 1070 1228 1228 1226 1069 1226 1226 1229 1050 1229 1229 1228 1070 1228 1228 1232 1071 1232 1232 1228 1070 1228 1228 1230 1048 1230 1230 1231 1049 1231 1231 1232 1071 1232 1232 1230 1048 1230 1230 1193 1072 1193 1193 1231 1049 1231 1231 1270 1047 1270 1270 1194 1073 1194 1194 1232 1071 1232 1232 1231 1049 1231 1231 1193 1072 1193 1193 1194 1073 1194 1194 1231 1049 1231 1231 1268 1074 1268 1268 1270 1047 1270 1270 1269 1046 1269 1269 1268 1074 1268 1268 1193 1072 1193 1193 1270 1047 1270 1270 1192 1075 1192 1192 1193 1072 1193 1193 1268 1074 1268 1268 585 1076 585 585 1194 1073 1194 1194 1193 1072 1193 1193 1192 1075 1192 1192 585 1076 585 585 1193 1072 1193 1193 1194 1073 1194 1194 1520 1077 1520 1520 1232 1071 1232 1232 584 1078 584 584 1520 1077 1520 1520 1194 1073 1194 1194 585 1076 585 585 584 1078 584 584 1194 1073 1194 1194 1232 1071 1232 1232 1518 1079 1518 1518 1228 1070 1228 1228 1520 1077 1520 1520 1518 1079 1518 1518 1232 1071 1232 1232 1228 1070 1228 1228 1539 1080 1539 1539 1227 1081 1227 1227 1518 1079 1518 1518 1539 1080 1539 1539 1228 1070 1228 1228 1227 1081 1227 1227 1226 1069 1226 1226 1228 1070 1228 1228 1221 1068 1221 1221 1226 1069 1226 1226 1225 1082 1225 1225 1225 1082 1225 1225 1226 1069 1226 1226 1227 1081 1227 1227 1223 1083 1223 1223 1221 1068 1221 1221 1225 1082 1225 1225 1221 1068 1221 1221 1223 1083 1223 1223 1222 1084 1222 1222 1196 1066 1196 1196 1221 1068 1221 1221 1222 1084 1222 1222 1222 1084 1222 1222 895 1085 895 895 1196 1066 1196 1196 1195 1067 1195 1195 1196 1066 1196 1196 895 1085 895 895 1195 1067 1195 1195 718 1086 718 718 719 1087 719 719 833 1088 833 833 1195 1067 1195 1195 719 1087 719 719 1199 1065 1199 1199 1195 1067 1195 1195 833 1088 833 833 895 1085 895 895 718 1086 718 718 1195 1067 1195 1195 836 1089 836 836 1200 1063 1200 1200 1199 1065 1199 1199 836 1089 836 836 1199 1065 1199 1199 833 1088 833 833 1201 1090 1201 1201 1200 1063 1200 1200 836 1089 836 836 1200 1063 1200 1200 1201 1090 1201 1201 1198 1064 1198 1198 1425 1091 1425 1425 1198 1064 1198 1198 1451 1092 1451 1451 1451 1092 1451 1451 1198 1064 1198 1198 1201 1090 1201 1201 1425 1091 1425 1425 1149 1061 1149 1149 1198 1064 1198 1198 1450 1093 1450 1450 1201 1090 1201 1201 835 1094 835 835 835 1094 835 835 1201 1090 1201 1201 836 1089 836 836 1450 1093 1450 1450 1451 1092 1451 1451 1201 1090 1201 1201 836 1089 836 836 833 1088 833 833 834 1095 834 834 835 1094 835 835 836 1089 836 836 834 1095 834 834 833 1088 833 833 719 1087 719 719 834 1095 834 834 719 1087 719 719 777 1096 777 777 834 1095 834 834 719 1087 719 719 717 1097 717 717 777 1096 777 777 717 1097 717 717 719 1087 719 719 718 1086 718 718 718 1086 718 718 895 1085 895 895 720 1098 720 720 716 1099 716 716 718 1086 718 718 720 1098 720 720 716 1099 716 716 717 1097 717 717 718 1086 718 718 895 1085 895 895 1557 1100 1557 1557 896 1101 896 896 1222 1084 1222 1222 1557 1100 1557 1557 895 1085 895 895 720 1098 720 720 895 1085 895 895 896 1101 896 896 1557 1100 1557 1557 1222 1084 1222 1222 933 1102 933 933 1222 1084 1222 1222 1223 1083 1223 1223 933 1102 933 933 1223 1083 1223 1223 938 1103 938 938 933 1102 933 933 937 1104 937 937 938 1103 938 938 1223 1083 1223 1223 1225 1082 1225 1225 937 1104 937 937 1223 1083 1223 1223 1225 1082 1225 1225 1545 1105 1545 1545 937 1104 937 937 1225 1082 1225 1225 1227 1081 1227 1227 1545 1105 1545 1545 1227 1081 1227 1227 1547 1106 1547 1547 1544 1107 1544 1544 1539 1080 1539 1539 1547 1106 1547 1547 1227 1081 1227 1227 1545 1105 1545 1545 1227 1081 1227 1227 1544 1107 1544 1544 1539 1080 1539 1539 1518 1079 1518 1518 1517 1108 1517 1517 1548 1109 1548 1548 1539 1080 1539 1539 1517 1108 1517 1517 1547 1106 1547 1547 1539 1080 1539 1539 1548 1109 1548 1548 1547 1106 1547 1547 1542 1110 1542 1542 1544 1107 1544 1544 1549 1111 1549 1549 1542 1110 1542 1542 1547 1106 1547 1547 1547 1106 1547 1547 1546 1112 1546 1546 1549 1111 1549 1549 1546 1112 1546 1546 1547 1106 1547 1547 1548 1109 1548 1548 1544 1107 1544 1544 1543 1113 1543 1543 1545 1105 1545 1545 1542 1110 1542 1542 1543 1113 1543 1543 1544 1107 1544 1544 1545 1105 1545 1545 939 1114 939 939 937 1104 937 937 1545 1105 1545 1545 1543 1113 1543 1543 939 1114 939 939 937 1104 937 937 939 1114 939 939 935 1115 935 935 936 1116 936 936 938 1103 938 938 937 1104 937 937 935 1115 935 935 936 1116 936 936 937 1104 937 937 933 1102 933 933 938 1103 938 938 936 1116 936 936 897 1117 897 897 1557 1100 1557 1557 933 1102 933 933 934 1118 934 934 933 1102 933 933 936 1116 936 936 933 1102 933 933 934 1118 934 934 897 1117 897 897 1557 1100 1557 1557 1593 1119 1593 1593 896 1101 896 896 1611 1120 1611 1611 1593 1119 1593 1593 1557 1100 1557 1557 1611 1120 1611 1611 1557 1100 1557 1557 897 1117 897 897 896 1101 896 896 721 1121 721 721 720 1098 720 720 1593 1119 1593 1593 721 1121 721 721 896 1101 896 896 722 1122 722 722 716 1099 716 716 720 1098 720 720 720 1098 720 720 721 1121 721 721 722 1122 722 722 785 1123 785 785 716 1099 716 716 722 1122 722 722 784 1124 784 784 717 1097 717 717 716 1099 716 716 785 1123 785 785 784 1124 784 784 716 1099 716 716 778 1125 778 778 717 1097 717 717 784 1124 784 784 717 1097 717 717 778 1125 778 778 777 1096 777 777 783 1126 783 783 784 1124 784 784 795 1127 795 795 795 1127 795 795 784 1124 784 784 785 1123 785 785 783 1126 783 783 778 1125 778 778 784 1124 784 784 797 1128 797 797 795 1127 795 795 785 1123 785 785 797 1128 797 797 785 1123 785 785 786 1129 786 786 786 1129 786 786 785 1123 785 785 722 1122 722 722 786 1129 786 786 722 1122 722 722 723 1130 723 723 721 1121 721 721 723 1130 723 723 722 1122 722 722 779 1131 779 779 797 1128 797 797 786 1129 786 786 786 1129 786 786 787 1132 787 787 779 1131 779 779 787 1132 787 787 786 1129 786 786 723 1130 723 723 745 1133 745 745 797 1128 797 797 779 1131 779 779 737 1134 737 737 795 1127 795 795 797 1128 797 797 745 1133 745 745 737 1134 737 737 797 1128 797 797 796 1135 796 796 783 1126 783 783 795 1127 795 795 795 1127 795 795 737 1134 737 737 796 1135 796 796 862 1136 862 862 783 1126 783 783 796 1135 796 796 857 1137 857 857 778 1125 778 778 783 1126 783 783 862 1136 862 862 857 1137 857 857 783 1126 783 783 858 1138 858 858 777 1096 777 777 778 1125 778 778 857 1137 857 857 858 1138 858 858 778 1125 778 778 865 1139 865 865 858 1138 858 858 857 1137 857 857 876 1140 876 876 865 1139 865 865 857 1137 857 857 876 1140 876 876 857 1137 857 857 862 1136 862 862 875 1141 875 875 862 1136 862 862 1636 1142 1636 1636 1636 1142 1636 1636 862 1136 862 862 796 1135 796 796 875 1141 875 875 876 1140 876 876 862 1136 862 862 796 1135 796 796 735 1143 735 735 1636 1142 1636 1636 737 1134 737 737 735 1143 735 735 796 1135 796 796 737 1134 737 737 745 1133 745 745 747 1144 747 747 736 1145 736 736 737 1134 737 737 747 1144 747 747 735 1143 735 735 737 1134 737 737 736 1145 736 736 746 1146 746 746 745 1133 745 745 779 1131 779 779 745 1133 745 745 746 1146 746 746 747 1144 747 747 787 1132 787 787 780 1147 780 780 779 1131 779 779 779 1131 779 779 780 1147 780 780 746 1146 746 746 746 1146 746 746 781 1148 781 781 711 1149 711 711 780 1147 780 780 781 1148 781 781 746 1146 746 746 746 1146 746 746 711 1149 711 711 747 1144 747 747 819 1150 819 819 747 1144 747 747 711 1149 711 711 820 1151 820 820 736 1145 736 736 747 1144 747 747 819 1150 819 819 820 1151 820 820 747 1144 747 747 734 1152 734 734 736 1145 736 736 820 1151 820 820 734 1152 734 734 735 1143 735 735 736 1145 736 736 735 1143 735 735 860 1153 860 860 1636 1142 1636 1636 860 1153 860 860 735 1143 735 735 734 1152 734 734 1637 1154 1637 1637 875 1141 875 875 1636 1142 1636 1636 1636 1142 1636 1636 860 1153 860 860 1637 1154 1637 1637 860 1153 860 860 874 1155 874 874 1637 1154 1637 1637 860 1153 860 860 853 1156 853 853 874 1155 874 874 853 1156 853 853 860 1153 860 860 734 1152 734 734 853 1156 853 853 734 1152 734 734 822 1157 822 822 822 1157 822 822 734 1152 734 734 820 1151 820 820 1632 1158 1632 1632 820 1151 820 820 819 1150 819 819 822 1157 822 822 820 1151 820 820 1632 1158 1632 1632 1629 1159 1629 1629 1631 1160 1631 1631 819 1150 819 819 709 1161 709 709 1629 1159 1629 1629 819 1150 819 819 1631 1160 1631 1631 1632 1158 1632 1632 819 1150 819 819 709 1161 709 709 819 1150 819 819 711 1149 711 711 781 1148 781 781 710 1162 710 710 711 1149 711 711 709 1161 709 709 711 1149 711 711 710 1162 710 710 709 1161 709 709 708 1163 708 708 1630 1164 1630 1630 1629 1159 1629 1629 709 1161 709 709 1630 1164 1630 1630 708 1163 708 708 709 1161 709 709 710 1162 710 710 1629 1159 1629 1629 1623 1165 1623 1623 826 1166 826 826 1631 1160 1631 1631 1629 1159 1629 1629 826 1166 826 826 1629 1159 1629 1629 1630 1164 1630 1630 1623 1165 1623 1623 824 1167 824 824 1632 1158 1632 1632 1631 1160 1631 1631 826 1166 826 826 824 1167 824 824 1631 1160 1631 1631 1633 1168 1633 1633 822 1157 822 822 1632 1158 1632 1632 1633 1168 1633 1633 1632 1158 1632 1632 824 1167 824 824 1634 1169 1634 1634 852 1170 852 852 822 1157 822 822 1633 1168 1633 1633 1634 1169 1634 1634 822 1157 822 822 852 1170 852 852 853 1156 853 853 822 1157 822 822 853 1156 853 853 873 1171 873 873 874 1155 874 874 873 1171 873 873 853 1156 853 853 852 1170 852 852 852 1170 852 852 1634 1169 1634 1634 1635 1172 1635 1635 872 1173 872 872 852 1170 852 852 1635 1172 1635 1635 872 1173 872 872 873 1171 873 873 852 1170 852 852 1635 1172 1635 1635 1634 1169 1634 1634 1625 1174 1625 1625 1625 1174 1625 1625 1634 1169 1634 1634 1633 1168 1633 1633 825 1175 825 825 1625 1174 1625 1625 1633 1168 1633 1633 825 1175 825 825 1633 1168 1633 1633 824 1167 824 824 739 1176 739 739 824 1167 824 824 826 1166 826 826 824 1167 824 824 739 1176 739 739 825 1175 825 825 826 1166 826 826 1623 1165 1623 1623 774 1177 774 774 774 1177 774 774 739 1176 739 739 826 1166 826 826 1630 1164 1630 1630 1624 1178 1624 1624 1623 1165 1623 1623 1623 1165 1623 1623 821 1179 821 821 774 1177 774 774 1623 1165 1623 1623 1624 1178 1624 1624 821 1179 821 821 774 1177 774 774 821 1179 821 821 687 1180 687 687 774 1177 774 774 687 1180 687 687 688 1181 688 688 739 1176 739 739 774 1177 774 774 688 1181 688 688 739 1176 739 739 738 1182 738 738 825 1175 825 825 739 1176 739 739 688 1181 688 688 740 1183 740 740 738 1182 738 738 739 1176 739 739 740 1183 740 740 825 1175 825 825 738 1182 738 738 1625 1174 1625 1625 1626 1184 1626 1626 1635 1172 1635 1635 1625 1174 1625 1625 1625 1174 1625 1625 849 1185 849 849 1626 1184 1626 1626 738 1182 738 738 849 1185 849 849 1625 1174 1625 1625 849 1185 849 849 738 1182 738 738 740 1183 740 740 843 1186 843 843 849 1185 849 849 740 1183 740 740 740 1183 740 740 770 1187 770 770 843 1186 843 843 686 1188 686 686 770 1187 770 770 740 1183 740 740 688 1181 688 688 686 1188 686 686 740 1183 740 740 686 1188 686 686 688 1181 688 688 687 1180 687 687 685 1189 685 685 687 1180 687 687 818 1190 818 818 821 1179 821 821 818 1190 818 818 687 1180 687 687 685 1189 685 685 686 1188 686 686 687 1180 687 687 1624 1178 1624 1624 823 1191 823 823 821 1179 821 821 821 1179 821 821 823 1191 823 823 818 1190 818 818 823 1191 823 823 817 1192 817 817 818 1190 818 818 812 1193 812 812 685 1189 685 685 818 1190 818 818 812 1193 812 812 818 1190 818 818 817 1192 817 817 742 1194 742 742 686 1188 686 686 685 1189 685 685 748 1195 748 748 742 1194 742 742 685 1189 685 685 748 1195 748 748 685 1189 685 685 812 1193 812 812 741 1196 741 741 770 1187 770 770 686 1188 686 686 742 1194 742 742 741 1196 741 741 686 1188 686 686 770 1187 770 770 741 1196 741 741 844 1197 844 844 770 1187 770 770 844 1197 844 844 843 1186 843 843 843 1186 843 843 870 1198 870 870 871 1199 871 871 849 1185 849 849 843 1186 843 843 871 1199 871 871 870 1198 870 870 843 1186 843 843 844 1197 844 844 849 1185 849 849 871 1199 871 871 1626 1184 1626 1626 869 1200 869 869 870 1198 870 870 844 1197 844 844 869 1200 869 869 844 1197 844 844 848 1201 848 848 741 1196 741 741 848 1201 848 848 844 1197 844 844 848 1201 848 848 741 1196 741 741 743 1202 743 743 741 1196 741 741 742 1194 742 742 743 1202 743 743 742 1194 742 742 748 1195 748 748 744 1203 744 744 742 1194 742 742 744 1203 744 744 743 1202 743 743 749 1204 749 749 748 1195 748 748 812 1193 812 812 748 1195 748 748 750 1205 750 750 744 1203 744 744 748 1195 748 748 749 1204 749 749 750 1205 750 750 813 1206 813 813 812 1193 812 812 817 1192 817 817 749 1204 749 749 812 1193 812 812 813 1206 813 813 771 1207 771 771 749 1204 749 749 813 1206 813 813 749 1204 749 749 771 1207 771 771 751 1208 751 751 749 1204 749 749 751 1208 751 751 750 1205 750 750 879 1209 879 879 815 1210 815 815 750 1205 750 750 751 1208 751 751 879 1209 879 879 750 1205 750 750 816 1211 816 816 744 1203 744 744 750 1205 750 750 815 1210 815 815 816 1211 816 816 750 1205 750 750 884 1212 884 884 743 1202 743 743 744 1203 744 744 816 1211 816 816 884 1212 884 884 744 1203 744 744 743 1202 743 743 884 1212 884 884 887 1213 887 887 847 1214 847 847 743 1202 743 743 887 1213 887 887 847 1214 847 847 848 1201 848 848 743 1202 743 743 868 1215 868 868 848 1201 848 848 847 1214 847 847 868 1215 868 868 869 1200 869 869 848 1201 848 848 888 1216 888 888 868 1215 868 868 847 1214 847 847 847 1214 847 847 887 1213 887 887 888 1216 888 888 887 1213 887 887 884 1212 884 884 892 1217 892 892 889 1218 889 889 887 1213 887 887 892 1217 892 892 887 1213 887 887 889 1218 889 889 888 1216 888 888 892 1217 892 892 884 1212 884 884 816 1211 816 816 894 1219 894 894 816 1211 816 816 815 1210 815 815 894 1219 894 894 892 1217 892 892 816 1211 816 816 881 1220 881 881 894 1219 894 894 815 1210 815 815 881 1220 881 881 815 1210 815 815 879 1209 879 879 880 1221 880 880 881 1220 881 881 879 1209 879 879 879 1209 879 879 751 1208 751 751 772 1222 772 772 880 1221 880 880 879 1209 879 879 772 1222 772 772 771 1207 771 771 772 1222 772 772 751 1208 751 751 858 1138 858 858 865 1139 865 865 864 1223 864 864 777 1096 777 777 858 1138 858 858 863 1224 863 863 863 1224 863 863 858 1138 858 858 864 1223 864 864 863 1224 863 863 864 1223 864 864 867 1225 867 867 834 1095 834 834 863 1224 863 863 866 1226 866 866 834 1095 834 834 777 1096 777 777 863 1224 863 863 866 1226 866 866 863 1224 863 863 867 1225 867 867 867 1225 867 867 1448 1227 1448 1448 1450 1093 1450 1450 866 1226 866 866 867 1225 867 867 1450 1093 1450 1450 866 1226 866 866 1450 1093 1450 1450 835 1094 835 835 835 1094 835 835 834 1095 834 834 866 1226 866 866 1449 1228 1449 1449 1451 1092 1451 1451 1450 1093 1450 1450 1448 1227 1448 1448 1449 1228 1449 1449 1450 1093 1450 1450 1451 1092 1451 1451 1449 1228 1449 1449 1467 1229 1467 1467 1466 1230 1466 1466 1425 1091 1425 1425 1451 1092 1451 1451 1466 1230 1466 1466 1451 1092 1451 1451 1467 1229 1467 1467 1469 1231 1469 1469 1466 1230 1466 1466 1467 1229 1467 1467 1468 1232 1468 1468 1469 1231 1469 1469 1467 1229 1467 1467 1417 1233 1417 1417 1425 1091 1425 1425 1466 1230 1466 1466 1469 1231 1469 1469 1417 1233 1417 1417 1466 1230 1466 1466 1425 1091 1425 1425 1417 1233 1417 1417 1303 1234 1303 1303 1149 1061 1149 1149 1425 1091 1425 1425 1303 1234 1303 1303 1417 1233 1417 1417 1469 1231 1469 1469 1416 1235 1416 1416 1417 1233 1417 1417 1416 1235 1416 1416 1305 1236 1305 1305 1303 1234 1303 1303 1417 1233 1417 1417 1305 1236 1305 1305 1469 1231 1469 1469 1421 1237 1421 1421 1416 1235 1416 1416 1469 1231 1469 1469 1468 1232 1468 1468 1421 1237 1421 1421 1468 1232 1468 1468 1420 1238 1420 1420 1421 1237 1421 1421 1421 1237 1421 1421 1419 1239 1419 1419 1415 1240 1415 1415 1416 1235 1416 1416 1421 1237 1421 1421 1415 1240 1415 1415 1419 1239 1419 1419 1421 1237 1421 1421 1420 1238 1420 1420 1311 1241 1311 1311 1305 1236 1305 1305 1416 1235 1416 1416 1415 1240 1415 1415 1311 1241 1311 1311 1416 1235 1416 1416 1312 1242 1312 1312 1304 1243 1304 1304 1305 1236 1305 1305 1311 1241 1311 1311 1312 1242 1312 1312 1305 1236 1305 1305 1303 1234 1303 1303 1305 1236 1305 1305 1304 1243 1304 1304 1149 1061 1149 1149 1303 1234 1303 1303 1302 1244 1302 1302 1302 1244 1302 1302 1303 1234 1303 1303 1304 1243 1304 1304 1148 1062 1148 1148 1149 1061 1149 1149 1302 1244 1302 1302 1302 1244 1302 1302 1426 1245 1426 1426 1148 1062 1148 1148 1302 1244 1302 1302 1304 1243 1304 1304 1427 1246 1427 1427 1426 1245 1426 1426 1302 1244 1302 1302 1427 1246 1427 1427 1429 1247 1429 1429 1427 1246 1427 1427 1304 1243 1304 1304 1312 1242 1312 1312 1429 1247 1429 1429 1304 1243 1304 1304 1429 1247 1429 1429 1312 1242 1312 1312 1316 1248 1316 1316 1316 1248 1316 1316 1312 1242 1312 1312 1311 1241 1311 1311 1319 1249 1319 1319 1316 1248 1316 1316 1311 1241 1311 1311 1319 1249 1319 1319 1311 1241 1311 1311 1415 1240 1415 1415 1321 1250 1321 1321 1319 1249 1319 1319 1415 1240 1415 1415 1321 1250 1321 1321 1415 1240 1415 1415 1419 1239 1419 1419 1350 1251 1350 1350 1321 1250 1321 1321 1419 1239 1419 1419 1419 1239 1419 1419 1418 1252 1418 1418 1350 1251 1350 1350 1418 1252 1418 1418 1419 1239 1419 1419 1420 1238 1420 1420 1320 1253 1320 1320 1321 1250 1321 1321 1350 1251 1350 1350 1308 1254 1308 1308 1319 1249 1319 1319 1321 1250 1321 1321 1320 1253 1320 1320 1308 1254 1308 1308 1321 1250 1321 1321 1319 1249 1319 1319 1308 1254 1308 1308 1316 1248 1316 1316 1317 1255 1317 1317 1429 1247 1429 1429 1316 1248 1316 1316 1308 1254 1308 1308 1306 1256 1306 1306 1316 1248 1316 1316 1316 1248 1316 1316 1306 1256 1306 1306 1317 1255 1317 1317 1435 1257 1435 1435 1429 1247 1429 1429 1317 1255 1317 1317 1429 1247 1429 1429 1435 1257 1435 1435 1430 1258 1430 1430 1427 1246 1427 1427 1429 1247 1429 1429 1430 1258 1430 1430 1427 1246 1427 1427 1430 1258 1430 1430 1426 1245 1426 1426 1426 1245 1426 1426 1431 1259 1431 1431 1428 1260 1428 1428 1430 1258 1430 1430 1431 1259 1431 1431 1426 1245 1426 1426 1426 1245 1426 1426 1428 1260 1428 1428 1148 1062 1148 1148 1146 1059 1146 1146 1148 1062 1148 1148 1428 1260 1428 1428 1428 1260 1428 1428 1434 1261 1434 1434 1322 1060 1322 1322 1322 1060 1322 1322 1146 1059 1146 1146 1428 1260 1428 1428 1431 1259 1431 1431 1434 1261 1434 1434 1428 1260 1428 1428 1434 1261 1434 1434 1326 1262 1326 1326 1322 1060 1322 1322 1322 1060 1322 1322 1326 1262 1326 1326 1114 1263 1114 1114 1322 1060 1322 1322 1114 1263 1114 1114 1113 1058 1113 1113 1326 1262 1326 1326 1327 1264 1327 1327 1114 1263 1114 1114 1151 1265 1151 1151 1133 993 1133 1133 1114 1263 1114 1114 1327 1264 1327 1327 1151 1265 1151 1151 1114 1263 1114 1114 1133 993 1133 1133 1111 994 1111 1111 1114 1263 1114 1114 1113 1058 1113 1113 1114 1263 1114 1114 1111 994 1111 1111 1111 994 1111 1111 1112 995 1112 1112 1113 1058 1113 1113 1152 1266 1152 1152 144 963 144 144 1133 993 1133 1133 1151 1265 1151 1151 1152 1266 1152 1152 1133 993 1133 1133 144 963 144 144 1152 1266 1152 1152 139 961 139 139 1330 1267 1330 1330 1435 1257 1435 1435 1317 1255 1317 1317 1317 1255 1317 1317 1318 1268 1318 1318 1330 1267 1330 1330 1306 1256 1306 1306 1318 1268 1318 1318 1317 1255 1317 1317 1318 1268 1318 1318 1306 1256 1306 1306 1287 1269 1287 1287 1306 1256 1306 1306 1308 1254 1308 1308 1307 1270 1307 1307 1287 1269 1287 1287 1306 1256 1306 1306 1307 1270 1307 1307 1308 1254 1308 1308 1320 1253 1320 1320 1344 1271 1344 1344 1307 1270 1307 1307 1308 1254 1308 1308 1344 1271 1344 1344 1347 1272 1347 1347 1320 1253 1320 1320 1350 1251 1350 1350 1320 1253 1320 1320 1347 1272 1347 1347 1344 1271 1344 1344 1353 1273 1353 1353 1344 1271 1344 1344 1348 1274 1348 1348 1344 1271 1344 1344 1353 1273 1353 1353 1307 1270 1307 1307 1347 1272 1347 1347 1348 1274 1348 1348 1344 1271 1344 1344 1353 1273 1353 1353 1309 1275 1309 1309 1307 1270 1307 1307 1307 1270 1307 1307 1309 1275 1309 1309 1287 1269 1287 1287 1289 1276 1289 1289 1318 1268 1318 1318 1287 1269 1287 1287 1309 1275 1309 1309 1288 1277 1288 1288 1287 1269 1287 1287 1287 1269 1287 1287 1288 1277 1288 1288 1289 1276 1289 1289 1331 1278 1331 1331 1318 1268 1318 1318 1289 1276 1289 1289 1318 1268 1318 1318 1331 1278 1331 1331 1330 1267 1330 1330 1373 1279 1373 1373 1331 1278 1331 1331 1289 1276 1289 1289 1289 1276 1289 1289 1290 1280 1290 1290 1373 1279 1373 1373 1288 1277 1288 1288 1290 1280 1290 1290 1289 1276 1289 1289 1288 1277 1288 1288 1315 1281 1315 1315 1290 1280 1290 1290 1314 1282 1314 1314 1315 1281 1315 1315 1288 1277 1288 1288 1309 1275 1309 1309 1314 1282 1314 1314 1288 1277 1288 1288 1314 1282 1314 1314 1309 1275 1309 1309 1353 1273 1353 1353 1360 1283 1360 1360 1353 1273 1353 1353 1348 1274 1348 1348 1354 1284 1354 1354 1353 1273 1353 1353 1360 1283 1360 1360 1354 1284 1354 1354 1314 1282 1314 1314 1353 1273 1353 1353 1360 1283 1360 1360 1348 1274 1348 1348 1363 1285 1363 1363 1348 1274 1348 1348 1347 1272 1347 1347 1352 1286 1352 1352 1363 1285 1363 1363 1348 1274 1348 1348 1352 1286 1352 1352 1351 1287 1351 1351 1352 1286 1352 1352 1347 1272 1347 1347 1350 1251 1350 1350 1351 1287 1351 1351 1347 1272 1347 1347 1418 1252 1418 1418 1351 1287 1351 1351 1350 1251 1350 1350 1364 1288 1364 1364 1360 1283 1360 1360 1363 1285 1363 1363 1355 1289 1355 1355 1360 1283 1360 1360 1364 1288 1364 1364 1355 1289 1355 1355 1354 1284 1354 1354 1360 1283 1360 1360 1357 1290 1357 1357 1391 1291 1391 1391 1354 1284 1354 1354 1355 1289 1355 1355 1357 1290 1357 1357 1354 1284 1354 1354 1354 1284 1354 1354 1391 1291 1391 1391 1314 1282 1314 1314 1391 1291 1391 1391 1390 1292 1390 1390 1314 1282 1314 1314 1315 1281 1315 1315 1314 1282 1314 1314 1390 1292 1390 1390 1369 1293 1369 1369 1315 1281 1315 1315 1390 1292 1390 1390 1315 1281 1315 1315 1368 1294 1368 1368 1290 1280 1290 1290 1315 1281 1315 1315 1369 1293 1369 1369 1367 1295 1367 1367 1368 1294 1368 1368 1315 1281 1315 1315 1367 1295 1367 1367 1290 1280 1290 1290 1370 1296 1370 1370 1373 1279 1373 1373 1290 1280 1290 1290 1368 1294 1368 1368 1370 1296 1370 1370 1368 1294 1368 1368 1366 1297 1366 1366 1370 1296 1370 1370 1366 1297 1366 1366 1368 1294 1368 1368 1367 1295 1367 1367 1367 1295 1367 1367 1369 1293 1369 1369 1442 1298 1442 1442 1367 1295 1367 1367 1442 1298 1442 1442 1365 1299 1365 1365 1365 1299 1365 1365 1366 1297 1366 1366 1367 1295 1367 1367 1444 1300 1444 1444 1369 1293 1369 1369 1390 1292 1390 1390 1369 1293 1369 1369 1444 1300 1444 1444 1442 1298 1442 1442 1446 1301 1446 1446 1444 1300 1444 1444 1390 1292 1390 1390 1393 1302 1393 1393 1446 1301 1446 1446 1390 1292 1390 1390 1391 1291 1391 1391 1393 1302 1393 1393 1390 1292 1390 1390 1392 1303 1392 1392 1393 1302 1393 1393 1391 1291 1391 1391 1357 1290 1357 1357 1392 1303 1392 1392 1391 1291 1391 1391 1392 1303 1392 1392 1357 1290 1357 1357 1358 1304 1358 1358 1356 1305 1356 1356 1358 1304 1358 1358 1357 1290 1357 1357 1355 1289 1355 1355 1356 1305 1356 1356 1357 1290 1357 1357 1356 1305 1356 1356 1355 1289 1355 1355 1364 1288 1364 1364 1394 1306 1394 1394 1392 1303 1392 1392 1358 1304 1358 1358 1393 1302 1393 1393 1392 1303 1392 1392 1394 1306 1394 1394 1393 1302 1393 1393 1403 1307 1403 1403 1446 1301 1446 1446 1403 1307 1403 1403 1393 1302 1393 1393 1394 1306 1394 1394 1445 1308 1445 1445 1444 1300 1444 1444 1446 1301 1446 1446 1447 1309 1447 1447 1445 1308 1445 1445 1446 1301 1446 1446 1403 1307 1403 1403 1447 1309 1447 1447 1446 1301 1446 1446 1444 1300 1444 1444 1445 1308 1445 1445 1443 1310 1443 1443 1442 1298 1442 1442 1444 1300 1444 1444 1443 1310 1443 1443 1442 1298 1442 1442 1443 1310 1443 1443 1365 1299 1365 1365 899 1311 899 899 1611 1120 1611 1611 897 1117 897 897 898 1312 898 898 900 1313 900 900 899 1311 899 899 897 1117 897 897 898 1312 898 898 899 1311 899 899 934 1118 934 934 898 1312 898 898 897 1117 897 897 987 1314 987 987 985 1315 985 985 898 1312 898 898 934 1118 934 934 987 1314 987 987 898 1312 898 898 898 1312 898 898 985 1315 985 985 900 1313 900 900 985 1315 985 985 986 1316 986 986 900 1313 900 900 995 1317 995 995 1639 1318 1639 1639 985 1315 985 985 987 1314 987 987 995 1317 995 995 985 1315 985 985 985 1315 985 985 1639 1318 1639 1639 986 1316 986 986 994 1319 994 994 995 1317 995 995 987 1314 987 987 988 1320 988 988 994 1319 994 994 987 1314 987 987 988 1320 988 988 987 1314 987 987 934 1118 934 934 936 1116 936 936 988 1320 988 988 934 1118 934 934 994 1319 994 994 988 1320 988 988 989 1321 989 989 988 1320 988 988 936 1116 936 936 935 1115 935 935 989 1321 989 989 988 1320 988 988 935 1115 935 935 996 1322 996 996 994 1319 994 994 989 1321 989 989 951 1323 951 951 994 1319 994 994 996 1322 996 996 994 1319 994 994 951 1323 951 951 995 1317 995 995 995 1317 995 995 950 1324 950 950 1639 1318 1639 1639 951 1323 951 951 950 1324 950 950 995 1317 995 995 1639 1318 1639 1639 1640 1325 1640 1640 986 1316 986 986 1640 1325 1640 1640 1639 1318 1639 1639 965 1326 965 965 950 1324 950 950 965 1326 965 965 1639 1318 1639 1639 965 1326 965 965 950 1324 950 950 952 1327 952 952 950 1324 950 950 951 1323 951 951 952 1327 952 952 981 1328 981 981 951 1323 951 951 996 1322 996 996 951 1323 951 951 981 1328 981 981 953 1329 953 953 951 1323 951 951 953 1329 953 953 952 1327 952 952 996 1322 996 996 989 1321 989 989 1088 1330 1088 1088 1643 1331 1643 1643 996 1322 996 996 1088 1330 1088 1088 981 1328 981 981 996 1322 996 996 1643 1331 1643 1643 989 1321 989 989 935 1115 935 935 941 1332 941 941 1088 1330 1088 1088 989 1321 989 989 941 1332 941 941 939 1114 939 939 941 1332 941 941 935 1115 935 935 1088 1330 1088 1088 941 1332 941 941 942 1333 942 942 940 1334 940 940 942 1333 942 942 941 1332 941 941 939 1114 939 939 940 1334 940 940 941 1332 941 941 1643 1331 1643 1643 1088 1330 1088 1088 1089 1335 1089 1089 1089 1335 1089 1089 1088 1330 1088 1088 942 1333 942 942 1644 1336 1644 1644 1643 1331 1643 1643 1089 1335 1089 1089 1079 1337 1079 1079 981 1328 981 981 1643 1331 1643 1643 1643 1331 1643 1643 1644 1336 1644 1644 1079 1337 1079 1079 981 1328 981 981 1079 1337 1079 1079 982 1338 982 982 981 1328 981 981 982 1338 982 982 953 1329 953 953 920 1339 920 920 952 1327 952 952 953 1329 953 953 923 1340 923 923 920 1339 920 920 953 1329 953 953 953 1329 953 953 982 1338 982 982 921 1341 921 921 923 1340 923 923 953 1329 953 953 921 1341 921 921 966 1342 966 966 952 1327 952 952 920 1339 920 920 966 1342 966 966 965 1326 965 965 952 1327 952 952 967 1343 967 967 1640 1325 1640 1640 965 1326 965 965 965 1326 965 965 966 1342 966 966 967 1343 967 967 968 1344 968 968 966 1342 966 966 918 1345 918 918 918 1345 918 918 966 1342 966 966 920 1339 920 920 966 1342 966 966 968 1344 968 968 967 1343 967 967 919 1346 919 919 920 1339 920 920 923 1340 923 923 918 1345 918 918 920 1339 920 920 919 1346 919 919 924 1347 924 924 919 1346 919 919 923 1340 923 923 922 1348 922 922 924 1347 924 924 923 1340 923 923 921 1341 921 921 922 1348 922 922 923 1340 923 923 921 1341 921 921 982 1338 982 982 1080 1349 1080 1080 1078 1350 1078 1078 921 1341 921 921 1080 1349 1080 1080 922 1348 922 922 921 1341 921 921 1078 1350 1078 1078 1079 1337 1079 1079 1080 1349 1080 1080 982 1338 982 982 1644 1336 1644 1644 1086 1351 1086 1086 1079 1337 1079 1079 1079 1337 1079 1079 1086 1351 1086 1086 1080 1349 1080 1080 1078 1350 1078 1078 1080 1349 1080 1080 1087 1352 1087 1087 1086 1351 1086 1086 1087 1352 1087 1087 1080 1349 1080 1080 1077 1353 1077 1077 1078 1350 1078 1078 1087 1352 1087 1087 1076 1354 1076 1076 922 1348 922 922 1078 1350 1078 1078 1076 1354 1076 1076 1078 1350 1078 1078 1077 1353 1077 1077 993 1355 993 993 922 1348 922 922 1076 1354 1076 1076 992 1356 992 992 924 1347 924 924 922 1348 922 922 993 1355 993 993 992 1356 992 992 922 1348 922 922 919 1346 919 919 924 1347 924 924 992 1356 992 992 917 1357 917 917 919 1346 919 919 991 1358 991 991 991 1358 991 991 919 1346 919 919 992 1356 992 992 917 1357 917 917 918 1345 918 918 919 1346 919 919 977 1359 977 977 968 1344 968 968 918 1345 918 918 918 1345 918 918 917 1357 917 917 977 1359 977 977 978 1360 978 978 917 1357 917 917 1648 1361 1648 1648 1648 1361 1648 1648 917 1357 917 917 991 1358 991 991 917 1357 917 917 978 1360 978 978 977 1359 977 977 955 1362 955 955 954 1363 954 954 991 1358 991 991 992 1356 992 992 955 1362 955 955 991 1358 991 991 991 1358 991 991 954 1363 954 954 1648 1361 1648 1648 955 1362 955 955 992 1356 992 992 993 1355 993 993 959 1364 959 959 993 1355 993 993 1646 1365 1646 1646 959 1364 959 959 955 1362 955 955 993 1355 993 993 1646 1365 1646 1646 993 1355 993 993 1076 1354 1076 1076 1076 1354 1076 1076 1075 1366 1075 1075 1646 1365 1646 1646 1075 1366 1075 1075 1076 1354 1076 1076 1077 1353 1077 1077 1646 1365 1646 1646 1647 1367 1647 1647 960 1368 960 960 960 1368 960 960 959 1364 959 959 1646 1365 1646 1646 1075 1366 1075 1075 1647 1367 1647 1647 1646 1365 1646 1646 959 1364 959 959 907 1369 907 907 908 1370 908 908 955 1362 955 955 959 1364 959 959 908 1370 908 908 959 1364 959 959 960 1368 960 960 907 1369 907 907 955 1362 955 955 908 1370 908 908 904 1371 904 904 954 1363 954 954 955 1362 955 955 904 1371 904 904 954 1363 954 954 956 1372 956 956 1648 1361 1648 1648 956 1372 956 956 954 1363 954 954 904 1371 904 904 1648 1361 1648 1648 956 1372 956 956 1649 1373 1649 1649 1649 1373 1649 1649 978 1360 978 978 1648 1361 1648 1648 956 1372 956 956 957 1374 957 957 1649 1373 1649 1649 902 1375 902 902 956 1372 956 956 904 1371 904 904 956 1372 956 956 902 1375 902 902 957 1374 957 957 906 1376 906 906 903 1377 903 903 904 1371 904 904 908 1370 908 908 906 1376 906 906 904 1371 904 904 902 1375 902 902 904 1371 904 904 903 1377 903 903 906 1376 906 906 908 1370 908 908 907 1369 907 907 905 1378 905 905 907 1369 907 907 961 1379 961 961 960 1368 960 960 961 1379 961 961 907 1369 907 907 905 1378 905 905 906 1376 906 906 907 1369 907 907 1647 1367 1647 1647 1083 1380 1083 1083 960 1368 960 960 960 1368 960 960 1083 1380 1083 1083 961 1379 961 961 1083 1380 1083 1083 1020 1381 1020 1020 961 1379 961 961 971 1382 971 971 961 1379 961 961 1020 1381 1020 1020 971 1382 971 971 905 1378 905 905 961 1379 961 961 1016 1383 1016 1016 906 1376 906 906 905 1378 905 905 1015 1384 1015 1015 1016 1383 1016 1016 905 1378 905 905 1015 1384 1015 1015 905 1378 905 905 971 1382 971 971 906 1376 906 906 1016 1383 1016 1016 903 1377 903 903 1016 1383 1016 1016 969 1385 969 969 903 1377 903 903 903 1377 903 903 969 1385 969 969 901 1386 901 901 901 1386 901 901 902 1375 902 902 903 1377 903 903 902 1375 902 902 901 1386 901 901 958 1387 958 958 902 1375 902 902 958 1387 958 958 957 1374 957 957 901 1386 901 901 970 1388 970 970 1041 1389 1041 1041 901 1386 901 901 1041 1389 1041 1041 958 1387 958 958 969 1385 969 969 970 1388 970 970 901 1386 901 901 1094 1390 1094 1094 970 1388 970 970 969 1385 969 969 1068 1391 1068 1068 1094 1390 1094 1094 969 1385 969 969 969 1385 969 969 1016 1383 1016 1016 1068 1391 1068 1068 1016 1383 1016 1016 1015 1384 1015 1015 1070 1392 1070 1070 1069 1393 1069 1069 1016 1383 1016 1016 1070 1392 1070 1070 1016 1383 1016 1016 1069 1393 1069 1069 1068 1391 1068 1068 1060 1394 1060 1060 1070 1392 1070 1070 1015 1384 1015 1015 1014 1395 1014 1014 1060 1394 1060 1060 1015 1384 1015 1015 1014 1395 1014 1014 1015 1384 1015 1015 971 1382 971 971 1014 1395 1014 1014 971 1382 971 971 1019 1396 1019 1019 1019 1396 1019 1019 971 1382 971 971 1020 1381 1020 1020 1014 1395 1014 1014 1028 1397 1028 1028 1060 1394 1060 1060 1028 1397 1028 1028 1014 1395 1014 1014 1019 1396 1019 1019 1060 1394 1060 1060 1064 1398 1064 1064 1070 1392 1070 1070 1064 1398 1064 1064 1060 1394 1060 1060 1061 1399 1061 1061 1028 1397 1028 1028 1061 1399 1061 1061 1060 1394 1060 1060 1069 1393 1069 1069 1070 1392 1070 1070 1066 1400 1066 1066 1064 1398 1064 1064 1066 1400 1066 1066 1070 1392 1070 1070 1097 1401 1097 1097 1068 1391 1068 1068 1069 1393 1069 1069 1072 1402 1072 1072 1097 1401 1097 1097 1069 1393 1069 1069 1072 1402 1072 1072 1069 1393 1069 1069 1066 1400 1066 1066 1068 1391 1068 1068 1097 1401 1097 1097 1095 1403 1095 1095 1094 1390 1094 1094 1068 1391 1068 1068 1095 1403 1095 1095 1094 1390 1094 1094 1095 1403 1095 1095 1093 1404 1093 1093 1042 1405 1042 1042 970 1388 970 970 1094 1390 1094 1094 1093 1404 1093 1093 1042 1405 1042 1042 1094 1390 1094 1094 970 1388 970 970 1042 1405 1042 1042 1041 1389 1041 1041 1095 1403 1095 1095 1096 1406 1096 1096 1093 1404 1093 1093 1095 1403 1095 1095 1097 1401 1097 1097 1098 1407 1098 1098 1096 1406 1096 1096 1095 1403 1095 1095 1098 1407 1098 1098 1097 1401 1097 1097 1072 1402 1072 1072 1073 1408 1073 1073 1098 1407 1098 1098 1097 1401 1097 1097 1073 1408 1073 1073 1072 1402 1072 1072 1066 1400 1066 1066 1073 1408 1073 1073 1066 1400 1066 1066 1065 1409 1065 1065 1073 1408 1073 1073 1065 1409 1065 1065 1066 1400 1066 1066 1064 1398 1064 1064 1063 1410 1063 1063 1065 1409 1065 1065 1064 1398 1064 1064 1063 1410 1063 1063 1064 1398 1064 1064 1061 1399 1061 1061 1543 1113 1543 1543 940 1334 940 940 939 1114 939 939 1546 1112 1546 1546 1554 1411 1554 1554 1550 1412 1550 1550 1524 1413 1524 1524 1554 1411 1554 1554 1546 1112 1546 1546 1548 1109 1548 1548 1524 1413 1524 1524 1546 1112 1546 1546 1546 1112 1546 1546 1550 1412 1550 1550 1549 1111 1549 1549 1554 1411 1554 1554 1552 1414 1552 1552 1550 1412 1550 1550 1525 1415 1525 1525 1553 1416 1553 1553 1554 1411 1554 1554 1524 1413 1524 1524 1525 1415 1525 1525 1554 1411 1554 1554 1552 1414 1552 1552 1554 1411 1554 1554 1553 1416 1553 1553 1523 1417 1523 1523 1524 1413 1524 1524 1548 1109 1548 1548 1522 1418 1522 1522 1525 1415 1525 1525 1524 1413 1524 1524 1523 1417 1523 1523 1522 1418 1522 1522 1524 1413 1524 1524 1517 1108 1517 1517 1523 1417 1523 1523 1548 1109 1548 1548 1519 1419 1519 1519 1510 1420 1510 1510 1523 1417 1523 1523 1517 1108 1517 1517 1519 1419 1519 1519 1523 1417 1523 1523 1522 1418 1522 1522 1523 1417 1523 1523 1510 1420 1510 1510 1482 1421 1482 1482 1522 1418 1522 1522 1509 1422 1509 1509 1522 1418 1522 1522 1482 1421 1482 1482 1525 1415 1525 1525 1509 1422 1509 1509 1522 1418 1522 1522 1510 1420 1510 1510 1482 1421 1482 1482 1488 1423 1488 1488 1525 1415 1525 1525 1525 1415 1525 1525 1488 1423 1488 1488 1553 1416 1553 1553 1488 1423 1488 1488 1660 1424 1660 1660 1553 1416 1553 1553 1553 1416 1553 1553 1660 1424 1660 1660 1551 1425 1551 1551 1551 1425 1551 1551 1552 1414 1552 1552 1553 1416 1553 1553 1488 1423 1488 1488 1477 1426 1477 1477 1660 1424 1660 1660 1478 1427 1478 1478 1477 1426 1477 1477 1488 1423 1488 1488 1482 1421 1482 1482 1478 1427 1478 1478 1488 1423 1488 1488 1481 1428 1481 1481 1482 1421 1482 1482 1509 1422 1509 1509 1478 1427 1478 1478 1482 1421 1482 1482 1481 1428 1481 1481 1481 1428 1481 1481 1509 1422 1509 1509 1506 1429 1506 1506 1509 1422 1509 1509 1510 1420 1510 1510 1508 1430 1508 1508 1506 1429 1506 1506 1509 1422 1509 1509 1508 1430 1508 1508 1496 1431 1496 1496 1508 1430 1508 1508 1510 1420 1510 1510 1519 1419 1519 1519 1496 1431 1496 1496 1510 1420 1510 1510 1519 1419 1519 1519 1520 1077 1520 1520 1496 1431 1496 1496 1518 1079 1518 1518 1520 1077 1520 1520 1519 1419 1519 1519 1517 1108 1517 1517 1518 1079 1518 1518 1519 1419 1519 1519 1496 1431 1496 1496 1495 1432 1495 1495 1508 1430 1508 1508 1520 1077 1520 1520 1498 1433 1498 1498 1496 1431 1496 1496 1496 1431 1496 1496 1498 1433 1498 1498 1497 1434 1497 1497 1495 1432 1495 1495 1496 1431 1496 1496 1497 1434 1497 1497 1495 1432 1495 1495 1507 1435 1507 1507 1508 1430 1508 1508 1506 1429 1506 1506 1508 1430 1508 1508 1507 1435 1507 1507 1658 1436 1658 1658 1506 1429 1506 1506 1505 1437 1505 1505 1658 1436 1658 1658 1481 1428 1481 1481 1506 1429 1506 1506 1505 1437 1505 1505 1506 1429 1506 1506 1507 1435 1507 1507 418 1438 418 418 1481 1428 1481 1481 1658 1436 1658 1658 418 1438 418 418 1478 1427 1478 1478 1481 1428 1481 1481 1478 1427 1478 1478 418 1438 418 418 1480 1439 1480 1480 1478 1427 1478 1478 1480 1439 1480 1480 1479 1440 1479 1479 1477 1426 1477 1477 1478 1427 1478 1478 1479 1440 1479 1479 1477 1426 1477 1477 1484 1441 1484 1484 1660 1424 1660 1660 1477 1426 1477 1477 1479 1440 1479 1479 1485 1442 1485 1485 1484 1441 1484 1484 1477 1426 1477 1477 1485 1442 1485 1485 1660 1424 1660 1660 1661 1443 1661 1661 1551 1425 1551 1551 1661 1443 1661 1661 1660 1424 1660 1660 1484 1441 1484 1484 1486 1444 1486 1486 1661 1443 1661 1661 1484 1441 1484 1484 1484 1441 1484 1484 1485 1442 1485 1485 1486 1444 1486 1486 1487 1445 1487 1487 1485 1442 1485 1485 1471 1446 1471 1471 1485 1442 1485 1485 1479 1440 1479 1479 413 1447 413 413 1471 1446 1471 1471 1485 1442 1485 1485 413 1447 413 413 1485 1442 1485 1485 1487 1445 1487 1487 1486 1444 1486 1486 1479 1440 1479 1479 1480 1439 1480 1480 411 1448 411 411 413 1447 413 413 1479 1440 1479 1479 411 1448 411 411 411 1448 411 411 1480 1439 1480 1480 419 1449 419 419 418 1438 418 418 419 1449 419 419 1480 1439 1480 1480 414 1450 414 414 418 1438 418 418 1658 1436 1658 1658 418 1438 418 418 414 1450 414 414 419 1449 419 419 1659 1451 1659 1659 1658 1436 1658 1658 1505 1437 1505 1505 1658 1436 1658 1658 1659 1451 1659 1659 414 1450 414 414 1659 1451 1659 1659 415 1452 415 415 414 1450 414 414 414 1450 414 414 416 1453 416 416 419 1449 419 419 414 1450 414 414 415 1452 415 415 416 1453 416 416 410 1454 410 410 411 1448 411 411 419 1449 419 419 410 1454 410 410 419 1449 419 419 416 1453 416 416 413 1447 413 413 411 1448 411 411 409 1455 409 409 409 1455 409 409 411 1448 411 411 410 1454 410 410 413 1447 413 413 412 1456 412 412 1471 1446 1471 1471 412 1456 412 412 413 1447 413 413 409 1455 409 409 1473 1457 1473 1473 1487 1445 1487 1487 1471 1446 1471 1471 1471 1446 1471 1471 1472 1458 1472 1472 1473 1457 1473 1473 412 1456 412 412 1472 1458 1472 1472 1471 1446 1471 1471 1472 1458 1472 1472 412 1456 412 412 356 1459 356 356 412 1456 412 412 409 1455 409 409 355 1460 355 355 356 1459 356 356 412 1456 412 412 355 1460 355 355 355 1460 355 355 409 1455 409 409 408 1461 408 408 408 1461 408 408 409 1455 409 409 410 1454 410 410 407 1462 407 407 410 1454 410 410 416 1453 416 416 408 1461 408 408 410 1454 410 410 407 1462 407 407 407 1462 407 407 416 1453 416 416 417 1463 417 417 415 1452 415 415 417 1463 417 417 416 1453 416 416 406 1464 406 406 407 1462 407 407 417 1463 417 417 405 1465 405 405 408 1461 408 408 407 1462 407 407 405 1465 405 405 407 1462 407 407 406 1464 406 406 357 1466 357 357 355 1460 355 355 408 1461 408 408 357 1466 357 357 408 1461 408 408 405 1465 405 405 328 1467 328 328 355 1460 355 355 357 1466 357 357 355 1460 355 355 328 1467 328 328 356 1459 356 356 1654 1468 1654 1654 1472 1458 1472 1472 356 1459 356 356 356 1459 356 356 327 1469 327 327 1654 1468 1654 1654 328 1467 328 328 327 1469 327 327 356 1459 356 356 1474 1470 1474 1474 1472 1458 1472 1472 1654 1468 1654 1654 1472 1458 1472 1472 1474 1470 1474 1474 1473 1457 1473 1473 1655 1471 1655 1655 1474 1470 1474 1474 1654 1468 1654 1654 1654 1468 1654 1654 333 1472 333 333 1655 1471 1655 1655 327 1469 327 327 333 1472 333 333 1654 1468 1654 1654 333 1472 333 333 327 1469 327 327 301 1473 301 301 327 1469 327 327 328 1467 328 328 308 1474 308 308 301 1473 301 301 327 1469 327 327 308 1474 308 308 340 1475 340 340 328 1467 328 328 357 1466 357 357 328 1467 328 328 340 1475 340 340 308 1474 308 308 1652 1476 1652 1652 357 1466 357 357 405 1465 405 405 340 1475 340 340 357 1466 357 357 1652 1476 1652 1652 405 1465 405 405 404 1477 404 404 1652 1476 1652 1652 404 1477 404 404 405 1465 405 405 406 1464 406 406 404 1477 404 404 1653 1478 1653 1653 1652 1476 1652 1652 341 1479 341 341 340 1475 340 340 1652 1476 1652 1652 1652 1476 1652 1652 1653 1478 1653 1653 341 1479 341 341 340 1475 340 340 307 1480 307 307 308 1474 308 308 340 1475 340 340 341 1479 341 341 307 1480 307 307 308 1474 308 308 306 1481 306 306 301 1473 301 301 306 1481 306 306 308 1474 308 308 307 1480 307 307 303 1482 303 303 333 1472 333 333 301 1473 301 301 306 1481 306 306 302 1483 302 302 301 1473 301 301 301 1473 301 301 302 1483 302 302 303 1482 303 303 333 1472 333 333 334 1484 334 334 1655 1471 1655 1655 333 1472 333 333 303 1482 303 303 334 1484 334 334 303 1482 303 303 304 1485 304 304 335 1486 335 335 303 1482 303 303 335 1486 335 335 334 1484 334 334 302 1483 302 302 304 1485 304 304 303 1482 303 303 330 1487 330 330 329 1488 329 329 302 1483 302 302 306 1481 306 306 330 1487 330 330 302 1483 302 302 302 1483 302 302 329 1488 329 329 304 1485 304 304 306 1481 306 306 305 1489 305 305 336 1490 336 336 330 1487 330 330 306 1481 306 306 336 1490 336 336 305 1489 305 305 306 1481 306 306 307 1480 307 307 305 1489 305 305 307 1480 307 307 342 1491 342 342 341 1479 341 341 342 1491 342 342 307 1480 307 307 1653 1478 1653 1653 351 1492 351 351 341 1479 341 341 341 1479 341 341 351 1492 351 351 342 1491 342 342 350 1493 350 350 342 1491 342 342 352 1494 352 352 351 1492 351 351 352 1494 352 352 342 1491 342 342 350 1493 350 350 305 1489 305 305 342 1491 342 342 305 1489 305 305 350 1493 350 350 337 1495 337 337 336 1490 336 336 305 1489 305 305 337 1495 337 337 336 1490 336 336 338 1496 338 338 332 1497 332 332 330 1487 330 330 336 1490 336 336 332 1497 332 332 336 1490 336 336 337 1495 337 337 338 1496 338 338 330 1487 330 330 332 1497 332 332 331 1498 331 331 329 1488 329 329 330 1487 330 330 331 1498 331 331 377 1499 377 377 329 1488 329 329 331 1498 331 331 329 1488 329 329 377 1499 377 377 304 1485 304 304 304 1485 304 304 377 1499 377 377 349 1500 349 349 304 1485 304 304 349 1500 349 349 335 1486 335 335 431 1501 431 431 377 1499 377 377 331 1498 331 331 378 1502 378 378 377 1499 377 377 431 1501 431 431 377 1499 377 377 378 1502 378 378 349 1500 349 349 331 1498 331 331 437 1503 437 437 434 1504 434 434 431 1501 431 431 331 1498 331 331 434 1504 434 434 437 1503 437 437 331 1498 331 331 332 1497 332 332 438 1505 438 438 332 1497 332 332 338 1496 338 338 438 1505 438 438 437 1503 437 437 332 1497 332 332 444 1506 444 444 442 1507 442 442 338 1496 338 338 339 1508 339 339 444 1506 444 444 338 1496 338 338 442 1507 442 442 438 1505 438 438 338 1496 338 338 337 1495 337 337 339 1508 339 339 338 1496 338 338 337 1495 337 337 350 1493 350 350 379 1509 379 379 380 1510 380 380 337 1495 337 337 379 1509 379 379 337 1495 337 337 380 1510 380 380 339 1508 339 339 379 1509 379 379 350 1493 350 350 352 1494 352 352 380 1510 380 380 381 1511 381 381 339 1508 339 339 444 1506 444 444 339 1508 339 339 381 1511 381 381 443 1512 443 443 444 1506 444 444 381 1511 381 381 442 1507 442 442 444 1506 444 444 443 1512 443 443 446 1513 446 446 438 1505 438 438 442 1507 442 442 441 1514 441 441 446 1513 446 446 442 1507 442 442 441 1514 441 441 442 1507 442 442 443 1512 443 443 437 1503 437 437 438 1505 438 438 446 1513 446 446 436 1515 436 436 437 1503 437 437 446 1513 446 446 434 1504 434 434 437 1503 437 437 436 1515 436 436 435 1516 435 435 434 1504 434 434 436 1515 436 436 434 1504 434 434 435 1516 435 435 430 1517 430 430 431 1501 431 431 434 1504 434 434 430 1517 430 430 430 1517 430 430 378 1502 378 378 431 1501 431 431 1497 1434 1497 1497 1579 1518 1579 1579 1580 1519 1580 1580 1498 1433 1498 1498 1579 1518 1579 1579 1497 1434 1497 1497 1576 1520 1576 1576 1579 1518 1579 1579 584 1078 584 584 1579 1518 1579 1579 1576 1520 1576 1576 1580 1519 1580 1580 1579 1518 1579 1579 1498 1433 1498 1498 584 1078 584 584 1580 1519 1580 1580 1576 1520 1576 1576 1574 1521 1574 1574 1576 1520 1576 1576 584 1078 584 584 581 1522 581 581 580 1523 580 580 1575 1524 1575 1575 1576 1520 1576 1576 581 1522 581 581 580 1523 580 580 1576 1520 1576 1576 1574 1521 1574 1574 1576 1520 1576 1576 1575 1524 1575 1575 584 1078 584 584 1498 1433 1498 1498 1520 1077 1520 1520 584 1078 584 584 585 1076 585 585 582 1525 582 582 581 1522 581 581 584 1078 584 584 582 1525 582 582 581 1522 581 581 582 1525 582 582 533 1526 533 533 581 1522 581 581 533 1526 533 533 532 1527 532 532 580 1523 580 580 581 1522 581 581 532 1527 532 532 580 1523 580 580 1559 1528 1559 1559 1575 1524 1575 1575 1558 1529 1558 1558 1559 1528 1559 1559 580 1523 580 580 532 1527 532 532 1558 1529 1558 1558 580 1523 580 580 1559 1528 1559 1559 1585 1530 1585 1585 1575 1524 1575 1575 1573 1531 1573 1573 1575 1524 1575 1575 1585 1530 1585 1585 1573 1531 1573 1573 1574 1521 1574 1574 1575 1524 1575 1575 1585 1530 1585 1585 1559 1528 1559 1559 569 1532 569 569 1559 1528 1559 1559 1558 1529 1558 1558 568 1533 568 568 569 1532 569 569 1559 1528 1559 1559 568 1533 568 568 568 1533 568 568 1558 1529 1558 1558 1560 1534 1560 1560 1558 1529 1558 1558 532 1527 532 532 1560 1534 1560 1560 532 1527 532 532 534 1535 534 534 1560 1534 1560 1560 532 1527 532 532 533 1526 533 533 534 1535 534 534 535 1536 535 535 533 1526 533 533 583 1537 583 583 582 1525 582 582 583 1537 583 583 533 1526 533 533 533 1526 533 533 535 1536 535 535 534 1535 534 534 582 1525 582 582 585 1076 585 585 1192 1075 1192 1192 1191 1538 1191 1191 582 1525 582 582 1192 1075 1192 1192 583 1537 583 583 582 1525 582 582 1191 1538 1191 1191 583 1537 583 583 1190 1539 1190 1190 599 1540 599 599 599 1540 599 599 535 1536 535 535 583 1537 583 583 1190 1539 1190 1190 583 1537 583 583 1191 1538 1191 1191 535 1536 535 535 601 1541 601 601 602 1542 602 602 534 1535 534 534 535 1536 535 535 602 1542 602 602 600 1543 600 600 601 1541 601 601 535 1536 535 535 599 1540 599 599 600 1543 600 600 535 1536 535 535 534 1535 534 534 602 1542 602 602 1561 1544 1561 1561 1560 1534 1560 1560 534 1535 534 534 1561 1544 1561 1561 570 1545 570 570 568 1533 568 568 1560 1534 1560 1560 570 1545 570 570 1560 1534 1560 1560 1561 1544 1561 1561 564 1546 564 564 568 1533 568 568 570 1545 570 570 568 1533 568 568 564 1546 564 564 569 1532 569 569 1668 1547 1668 1668 1585 1530 1585 1585 569 1532 569 569 1668 1547 1668 1668 569 1532 569 569 546 1548 546 546 564 1546 564 564 546 1548 546 546 569 1532 569 569 1584 1549 1584 1584 1585 1530 1585 1585 1668 1547 1668 1668 1584 1549 1584 1584 1573 1531 1573 1573 1585 1530 1585 1585 1669 1550 1669 1669 1584 1549 1584 1584 1668 1547 1668 1668 1669 1550 1669 1669 1668 1547 1668 1668 544 1551 544 544 544 1551 544 544 1668 1547 1668 1668 546 1548 546 546 546 1548 546 546 564 1546 564 564 545 1552 545 545 544 1551 544 544 546 1548 546 546 545 1552 545 545 567 1553 567 567 564 1546 564 564 570 1545 570 570 564 1546 564 564 567 1553 567 567 566 1554 566 566 565 1555 565 565 564 1546 564 564 566 1554 566 566 564 1546 564 564 565 1555 565 565 545 1552 545 545 603 1556 603 603 570 1545 570 570 1561 1544 1561 1561 567 1553 567 567 570 1545 570 570 603 1556 603 603 603 1556 603 603 1561 1544 1561 1561 1562 1557 1562 1562 1561 1544 1561 1561 602 1542 602 602 640 1558 640 640 1562 1557 1562 1562 1561 1544 1561 1561 640 1558 640 640 602 1542 602 602 601 1541 601 601 629 1559 629 629 640 1558 640 640 602 1542 602 602 629 1559 629 629 627 1560 627 627 629 1559 629 629 601 1541 601 601 600 1543 600 600 627 1560 627 627 601 1541 601 601 600 1543 600 600 622 1561 622 622 628 1562 628 628 627 1560 627 627 600 1543 600 600 628 1562 628 628 622 1561 622 622 600 1543 600 600 599 1540 599 599 1190 1539 1190 1190 621 1563 621 621 599 1540 599 599 621 1563 621 621 622 1561 622 622 599 1540 599 599 1190 1539 1190 1190 1188 1564 1188 1188 621 1563 621 621 1186 1565 1186 1186 1188 1564 1188 1188 1190 1539 1190 1190 1191 1538 1191 1191 1186 1565 1186 1186 1190 1539 1190 1190 1191 1538 1191 1191 1192 1075 1192 1192 1266 1566 1266 1266 1186 1565 1186 1186 1191 1538 1191 1191 1266 1566 1266 1266 1266 1566 1266 1266 1192 1075 1192 1192 1268 1074 1268 1268 1186 1565 1186 1186 1266 1566 1266 1266 1265 1567 1265 1265 1266 1566 1266 1266 1268 1074 1268 1268 1267 1568 1267 1267 1265 1567 1265 1265 1266 1566 1266 1266 1267 1568 1267 1267 1187 1569 1187 1187 1186 1565 1186 1186 1265 1567 1265 1265 1186 1565 1186 1186 1187 1569 1187 1187 1188 1564 1188 1188 1188 1564 1188 1188 1189 1570 1189 1189 623 1571 623 623 1188 1564 1188 1188 623 1571 623 623 621 1563 621 621 1187 1569 1187 1187 1189 1570 1189 1189 1188 1564 1188 1188 621 1563 621 621 623 1571 623 623 625 1572 625 625 622 1561 622 622 621 1563 621 621 625 1572 625 625 622 1561 622 622 625 1572 625 625 632 1573 632 632 628 1562 628 628 622 1561 622 622 632 1573 632 632 633 1574 633 633 632 1573 632 632 625 1572 625 625 626 1575 626 626 633 1574 633 633 625 1572 625 625 624 1576 624 624 626 1575 626 626 625 1572 625 625 623 1571 623 623 624 1576 624 624 625 1572 625 625 1189 1570 1189 1189 624 1576 624 624 623 1571 623 623 624 1576 624 624 1189 1570 1189 1189 1259 1577 1259 1259 1189 1570 1189 1189 1187 1569 1187 1187 1260 1578 1260 1260 1259 1577 1259 1259 1189 1570 1189 1189 1260 1578 1260 1260 1187 1569 1187 1187 1265 1567 1265 1265 1261 1579 1261 1261 1260 1578 1260 1260 1187 1569 1187 1187 1261 1579 1261 1261 1265 1567 1265 1265 1267 1568 1267 1267 1262 1045 1262 1262 1261 1579 1261 1261 1265 1567 1265 1265 1262 1045 1262 1262 1267 1568 1267 1267 1269 1046 1269 1269 1262 1045 1262 1262 1267 1568 1267 1267 1268 1074 1268 1268 1269 1046 1269 1269 1261 1579 1261 1261 1262 1045 1262 1262 1263 1044 1263 1263 1254 1043 1254 1254 1260 1578 1260 1260 1261 1579 1261 1261 1263 1044 1263 1263 1254 1043 1254 1254 1261 1579 1261 1261 1260 1578 1260 1260 1254 1043 1254 1254 1253 1580 1253 1253 1259 1577 1259 1259 1260 1578 1260 1260 1253 1580 1253 1253 630 1581 630 630 1259 1577 1259 1259 1253 1580 1253 1253 630 1581 630 630 624 1576 624 624 1259 1577 1259 1259 626 1575 626 626 624 1576 624 624 630 1581 630 630 633 1574 633 633 626 1575 626 626 631 1582 631 631 631 1582 631 631 626 1575 626 626 630 1581 630 630 636 1583 636 636 633 1574 633 633 631 1582 631 631 631 1582 631 631 606 1584 606 606 636 1583 636 636 607 1585 607 607 606 1584 606 606 631 1582 631 631 630 1581 630 630 607 1585 607 607 631 1582 631 631 607 1585 607 607 630 1581 630 630 1253 1580 1253 1253 499 1586 499 499 607 1585 607 607 1253 1580 1253 1253 1127 1042 1127 1127 499 1586 499 499 1253 1580 1253 1253 1253 1580 1253 1253 1254 1043 1254 1254 1127 1042 1127 1127 606 1584 606 606 607 1585 607 607 499 1586 499 499 606 1584 606 606 605 1587 605 605 636 1583 636 636 498 1588 498 498 606 1584 606 606 499 1586 499 499 605 1587 605 605 606 1584 606 606 498 1588 498 498 501 1041 501 501 499 1586 499 499 1127 1042 1127 1127 499 1586 499 499 501 1041 501 501 500 1589 500 500 498 1588 498 498 499 1586 499 499 500 1589 500 500 498 1588 498 498 500 1589 500 500 604 1590 604 604 604 1590 604 604 605 1587 605 605 498 1588 498 498 500 1589 500 500 588 1591 588 588 604 1590 604 604 500 1589 500 500 586 1592 586 586 588 1591 588 588 500 1589 500 500 501 1041 501 501 586 1592 586 586 501 1041 501 501 587 1040 587 587 586 1592 586 586 295 1593 295 295 101 1594 101 101 586 1592 586 586 101 1594 101 101 589 1595 589 589 586 1592 586 586 294 1016 294 294 295 1593 295 295 586 1592 586 586 586 1592 586 586 587 1040 587 587 294 1016 294 294 586 1592 586 586 589 1595 589 589 588 1591 588 588 295 1593 295 295 102 1596 102 102 101 1594 101 101 294 1016 294 294 102 1596 102 102 295 1593 295 295 100 1597 100 100 101 1594 101 101 102 1596 102 102 122 1015 122 122 102 1596 102 102 294 1016 294 294 102 1596 102 102 122 1015 122 122 123 1598 123 123 102 1596 102 102 124 1599 124 124 100 1597 100 100 123 1598 123 123 124 1599 124 124 102 1596 102 102 123 1598 123 123 122 1015 122 122 121 1014 121 121 123 1598 123 123 121 1014 121 121 30 1600 30 30 34 1601 34 34 123 1598 123 123 30 1600 30 30 124 1599 124 124 123 1598 123 123 34 1601 34 34 30 1600 30 30 121 1014 121 121 26 1013 26 26 35 1602 35 35 30 1600 30 30 31 1603 31 31 34 1601 34 34 30 1600 30 30 35 1602 35 35 30 1600 30 30 26 1013 26 26 31 1603 31 31 31 1603 31 31 26 1013 26 26 28 1012 28 28 52 1604 52 52 31 1603 31 31 47 1605 47 47 35 1602 35 35 31 1603 31 31 52 1604 52 52 31 1603 31 31 28 1012 28 28 47 1605 47 47 47 1605 47 47 28 1012 28 28 45 1011 45 45 47 1605 47 47 45 1011 45 45 219 1606 219 219 218 1607 218 218 47 1605 47 47 219 1606 219 219 52 1604 52 52 47 1605 47 47 218 1607 218 218 219 1606 219 219 45 1011 45 45 227 1608 227 227 45 1011 45 45 226 1609 226 226 227 1608 227 227 44 1010 44 44 226 1609 226 226 45 1011 45 45 244 1610 244 244 218 1607 218 218 219 1606 219 219 219 1606 219 219 237 1611 237 237 244 1610 244 244 227 1608 227 227 237 1611 237 237 219 1606 219 219 245 1612 245 245 218 1607 218 218 244 1610 244 244 244 1610 244 244 241 1613 241 241 250 1614 250 250 237 1611 237 237 241 1613 241 241 244 1610 244 244 244 1610 244 244 250 1614 250 250 245 1612 245 245 237 1611 237 237 240 1615 240 240 241 1613 241 241 236 1616 236 236 240 1615 240 240 237 1611 237 237 227 1608 227 227 236 1616 236 236 237 1611 237 237 226 1609 226 226 236 1616 236 236 227 1608 227 227 238 1617 238 238 226 1609 226 226 225 978 225 225 236 1616 236 236 226 1609 226 226 238 1617 238 238 44 1010 44 44 225 978 225 225 226 1609 226 226 46 979 46 46 225 978 225 225 44 1010 44 44 238 1617 238 238 225 978 225 225 239 977 239 239 238 1617 238 238 243 1618 243 243 242 1619 242 242 239 977 239 239 243 1618 243 243 238 1617 238 238 238 1617 238 238 242 1619 242 242 236 1616 236 236 236 1616 236 236 242 1619 242 242 240 1615 240 240 240 1615 240 240 1711 1620 1711 1711 1709 1621 1709 1709 242 1619 242 242 1711 1620 1711 1711 240 1615 240 240 240 1615 240 240 1709 1621 1709 1709 241 1613 241 241 1708 1622 1708 1708 241 1613 241 241 1710 1623 1710 1710 241 1613 241 241 1709 1621 1709 1709 1710 1623 1710 1710 1708 1622 1708 1708 250 1614 250 250 241 1613 241 241 1708 1622 1708 1708 1707 1624 1707 1707 250 1614 250 250 1707 1624 1707 1707 251 1625 251 251 250 1614 250 250 245 1612 245 245 250 1614 250 250 251 1625 251 251 1712 1626 1712 1712 1711 1620 1711 1711 242 1619 242 242 1712 1626 1712 1712 242 1619 242 242 1695 1627 1695 1695 1695 1627 1695 1695 242 1619 242 242 243 1618 243 243 243 1618 243 243 1694 1628 1694 1694 1695 1627 1695 1695 235 1629 235 235 1694 1628 1694 1694 243 1618 243 243 239 977 239 239 235 1629 235 235 243 1618 243 243 234 947 234 234 235 1629 235 235 239 977 239 239 1694 1628 1694 1694 235 1629 235 235 1693 1630 1693 1693 1693 1630 1693 1693 235 1629 235 235 230 1631 230 230 234 947 234 234 230 1631 230 230 235 1629 235 235 228 948 228 228 230 1631 230 230 234 947 234 234 1693 1630 1693 1693 230 1631 230 230 1692 1632 1692 1692 230 1631 230 230 231 1633 231 231 1692 1632 1692 1692 230 1631 230 230 229 1634 229 229 231 1633 231 231 228 948 228 228 229 1634 229 229 230 1631 230 230 229 1634 229 229 228 948 228 228 221 945 221 221 229 1634 229 229 220 1635 220 220 232 1636 232 232 221 945 221 221 220 1635 220 220 229 1634 229 229 229 1634 229 229 232 1636 232 232 231 1633 231 231 1692 1632 1692 1692 231 1633 231 231 1691 1637 1691 1691 233 1638 233 233 1691 1637 1691 1691 231 1633 231 231 231 1633 231 231 232 1636 232 232 233 1638 233 233 1690 1639 1690 1690 1691 1637 1691 1691 233 1638 233 233 220 1635 220 220 221 945 221 221 66 946 66 66 1667 1640 1667 1667 603 1556 603 603 1562 1557 1562 1562 595 1641 595 595 603 1556 603 603 1667 1640 1667 1667 655 1642 655 655 595 1641 595 595 1667 1640 1667 1667 595 1641 595 595 567 1553 567 567 603 1556 603 603 596 1643 596 596 595 1641 595 595 655 1642 655 655 595 1641 595 595 596 1643 596 596 566 1554 566 566 567 1553 567 567 595 1641 595 595 566 1554 566 566 654 1644 654 654 596 1643 596 596 655 1642 655 655 596 1643 596 596 597 1645 597 597 573 1646 573 573 566 1554 566 566 596 1643 596 596 573 1646 573 573 597 1645 597 597 596 1643 596 596 654 1644 654 654 565 1555 565 565 566 1554 566 566 573 1646 573 573 574 1647 574 574 565 1555 565 565 573 1646 573 573 573 1646 573 573 597 1645 597 597 571 1648 571 571 572 1649 572 572 574 1647 574 574 573 1646 573 573 571 1648 571 571 572 1649 572 572 573 1646 573 573 649 1650 649 649 597 1645 597 597 654 1644 654 654 598 1651 598 598 597 1645 597 597 649 1650 649 649 597 1645 597 597 598 1651 598 598 571 1648 571 571 542 1652 542 542 572 1649 572 572 571 1648 571 571 461 1653 461 461 542 1652 542 542 571 1648 571 571 461 1653 461 461 571 1648 571 571 598 1651 598 598 555 1654 555 555 572 1649 572 572 542 1652 542 542 572 1649 572 572 555 1654 555 555 554 1655 554 554 574 1647 574 574 572 1649 572 572 554 1655 554 554 545 1552 545 545 565 1555 565 565 574 1647 574 574 554 1655 554 554 545 1552 545 545 574 1647 574 574 543 1656 543 543 545 1552 545 545 554 1655 554 554 556 1657 556 556 543 1656 543 543 554 1655 554 554 554 1655 554 554 555 1654 555 555 556 1657 556 556 557 1658 557 557 555 1654 555 555 563 1659 563 563 563 1659 563 563 555 1654 555 555 542 1652 542 542 555 1654 555 555 557 1658 557 557 556 1657 556 556 542 1652 542 542 541 1660 541 541 563 1659 563 563 541 1660 541 541 542 1652 542 542 461 1653 461 461 460 1661 460 460 461 1653 461 461 598 1651 598 598 459 1662 459 459 541 1660 541 541 461 1653 461 461 459 1662 459 459 461 1653 461 461 460 1661 460 460 598 1651 598 598 648 1663 648 648 460 1661 460 460 648 1663 648 648 598 1651 598 598 649 1650 649 649 648 1663 648 648 536 1664 536 536 460 1661 460 460 460 1661 460 460 536 1664 536 536 458 1665 458 458 458 1665 458 458 459 1662 459 459 460 1661 460 460 459 1662 459 459 458 1665 458 458 505 1666 505 505 459 1662 459 459 505 1666 505 505 541 1660 541 541 541 1660 541 541 558 1667 558 558 563 1659 563 563 558 1667 558 558 541 1660 541 541 473 1668 473 473 505 1666 505 505 473 1668 473 473 541 1660 541 541 1663 1669 1663 1663 557 1658 557 557 563 1659 563 563 1663 1669 1663 1663 563 1659 563 563 558 1667 558 558 562 1670 562 562 557 1658 557 557 1663 1669 1663 1663 557 1658 557 557 562 1670 562 562 561 1671 561 561 556 1657 556 556 557 1658 557 557 561 1671 561 561 1578 1672 1578 1578 543 1656 543 543 556 1657 556 556 561 1671 561 561 1578 1672 1578 1578 556 1657 556 556 543 1656 543 543 1578 1672 1578 1578 1577 1673 1577 1577 544 1551 544 544 543 1656 543 543 1577 1673 1577 1577 543 1656 543 543 544 1551 544 544 545 1552 545 545 1577 1673 1577 1577 1669 1550 1669 1669 544 1551 544 544 1664 1674 1664 1664 562 1670 562 562 1663 1669 1663 1663 1663 1669 1663 1663 559 1675 559 559 1664 1674 1664 1664 559 1675 559 559 1663 1669 1663 1663 558 1667 558 558 559 1675 559 559 558 1667 558 558 475 1676 475 475 475 1676 475 475 558 1667 558 558 473 1668 473 473 474 1677 474 474 473 1668 473 473 505 1666 505 505 473 1668 473 473 474 1677 474 474 475 1676 475 475 458 1665 458 458 514 1678 514 514 505 1666 505 505 504 1679 504 504 505 1666 505 505 514 1678 514 514 504 1679 504 504 474 1677 474 474 505 1666 505 505 458 1665 458 458 537 1680 537 537 514 1678 514 514 536 1664 536 536 537 1680 537 537 458 1665 458 458 537 1680 537 537 513 1681 513 513 514 1678 514 514 512 1682 512 512 504 1679 504 504 514 1678 514 514 512 1682 512 512 514 1678 514 514 513 1681 513 513 510 1683 510 510 504 1679 504 504 512 1682 512 512 474 1677 474 474 504 1679 504 504 510 1683 510 510 493 1684 493 493 474 1677 474 474 510 1683 510 510 474 1677 474 474 493 1684 493 493 476 1685 476 476 474 1677 474 474 476 1685 476 476 475 1676 475 475 547 1686 547 547 559 1675 559 559 475 1676 475 475 475 1676 475 475 476 1685 476 476 547 1686 547 547 559 1675 559 559 560 1687 560 560 1664 1674 1664 1664 559 1675 559 559 547 1686 547 547 560 1687 560 560 547 1686 547 547 553 1688 553 553 560 1687 560 560 547 1686 547 547 491 1689 491 491 553 1688 553 553 476 1685 476 476 491 1689 491 491 547 1686 547 547 493 1684 493 493 490 1690 490 490 476 1685 476 476 476 1685 476 476 490 1690 490 490 491 1689 491 491 493 1684 493 493 510 1683 510 510 576 1691 576 576 490 1690 490 490 493 1684 493 493 576 1691 576 576 510 1683 510 510 579 1692 579 579 576 1691 576 576 510 1683 510 510 506 1693 506 506 579 1692 579 579 506 1693 506 506 510 1683 510 510 512 1682 512 512 506 1693 506 506 512 1682 512 512 511 1694 511 511 511 1694 511 511 512 1682 512 512 513 1681 513 513 506 1693 506 506 508 1695 508 508 579 1692 579 579 507 1696 507 507 506 1693 506 506 511 1694 511 511 506 1693 506 506 507 1696 507 507 508 1695 508 508 579 1692 579 579 508 1695 508 508 577 1697 577 577 578 1698 578 578 576 1691 576 576 579 1692 579 579 577 1697 577 577 578 1698 578 578 579 1692 579 579 672 1699 672 672 575 1700 575 575 576 1691 576 576 578 1698 578 578 672 1699 672 672 576 1691 576 576 575 1700 575 575 490 1690 490 490 576 1691 576 576 492 1701 492 492 490 1690 490 490 575 1700 575 575 490 1690 490 490 492 1701 492 492 491 1689 491 491 491 1689 491 491 530 1702 530 530 553 1688 553 553 491 1689 491 491 492 1701 492 492 530 1702 530 530 531 1703 531 531 492 1701 492 492 677 1704 677 677 677 1704 677 677 492 1701 492 492 575 1700 575 575 492 1701 492 492 531 1703 531 531 530 1702 530 530 575 1700 575 575 672 1699 672 672 677 1704 677 677 674 1705 674 674 672 1699 672 672 578 1698 578 578 672 1699 672 672 671 1706 671 671 677 1704 677 677 672 1699 672 672 674 1705 674 674 673 1707 673 673 671 1706 671 671 672 1699 672 672 673 1707 673 673 578 1698 578 578 577 1697 577 577 680 1708 680 680 680 1708 680 680 674 1705 674 674 578 1698 578 578 577 1697 577 577 667 1709 667 667 680 1708 680 680 508 1695 508 508 669 1710 669 669 577 1697 577 577 577 1697 577 577 669 1710 669 669 668 1711 668 668 667 1709 667 667 577 1697 577 577 668 1711 668 668 669 1710 669 669 508 1695 508 508 509 1712 509 509 507 1696 507 507 509 1712 509 509 508 1695 508 508 668 1711 668 668 669 1710 669 669 509 1712 509 509 671 1706 671 671 673 1707 673 673 678 1713 678 678 677 1704 677 677 671 1706 671 671 678 1713 678 678 678 1713 678 678 531 1703 531 531 677 1704 677 677</p>
        </triangles>
      </mesh>
    </geometry>
  </library_geometries>
  <library_controllers>
    <controller id="geom-hand_alphaE_ZwriteOFFShape-skin1">
      <skin source="#geom-hand_alphaE_ZwriteOFFShape">
        <bind_shape_matrix>-1.62921e-7 -1.62921e-7 1 0 -1 2.65431e-14 -1.62921e-7 60 0 -1 -1.62921e-7 0 0 0 0 1</bind_shape_matrix>
        <source id="geom-hand_alphaE_ZwriteOFFShape-skin1-joints">
          <Name_array id="geom-hand_alphaE_ZwriteOFFShape-skin1-joints-array" count="25">joint0 joint1 joint2 joint3 joint4 joint5 joint6 joint7 joint8 joint9 joint10 joint11 joint12 joint13 joint14 joint15 joint16 joint17 joint18 joint19 joint20 joint21 joint22 joint23 joint24</Name_array>
          <technique_common>
            <accessor source="#geom-hand_alphaE_ZwriteOFFShape-skin1-joints-array" count="25" stride="1">
              <param name="JOINT" type="name"/>
            </accessor>
          </technique_common>
        </source>
        <source id="geom-hand_alphaE_ZwriteOFFShape-skin1-bind_poses">
          <float_array id="geom-hand_alphaE_ZwriteOFFShape-skin1-bind_poses-array" count="400">1 0 0 0 0 1 0 0 0 0 1 0 0 0 0 1 1 0 0 0 0 1 0 -30 0 0 1 0 0 0 0 1 1 0 0 0 0 1 0 -30 0 0 1 0 0 0 0 1 1 0 0 0 0 1 0 0 0 0 1 0 0 0 0 1 -1.19209e-7 -1 1.42109e-14 60 -1.19209e-7 1.42109e-14 -1 -8.52651e-13 1 -1.19209e-7 -1.19209e-7 7.15256e-6 0 0 0 1 -1.19209e-7 -1 1.42109e-14 50 -1.19209e-7 1.42109e-14 -1 -7.10543e-13 1 -1.19209e-7 -1.19209e-7 5.96046e-6 0 0 0 1 -1.19209e-7 -1 1.42109e-14 46.0498 -1.19209e-7 1.42109e-14 -1 2.044559 1 -1.19209e-7 -1.19209e-7 4.415347 0 0 0 1 -1.19209e-7 -1 1.42109e-14 24.9971 -1.19209e-7 1.42109e-14 -1 3.707499 1 -1.19209e-7 -1.19209e-7 5.068903 0 0 0 1 -1.19209e-7 -1 1.42109e-14 16.3021 -1.19209e-7 1.42109e-14 -1 3.707499 1 -1.19209e-7 -1.19209e-7 5.068902 0 0 0 1 -1.19209e-7 -1 1.42109e-14 10.9226 -1.19209e-7 1.42109e-14 -1 3.707499 1 -1.19209e-7 -1.19209e-7 5.068902 0 0 0 1 -1.19209e-7 -1 1.42109e-14 46.0498 -1.19209e-7 1.42109e-14 -1 2.04456 1 -1.19209e-7 -1.19209e-7 5.25646e-6 0 0 0 1 -1.19209e-7 -1 1.42109e-14 24.0194 -1.19209e-7 1.42109e-14 -1 3.70751 1 -1.19209e-7 -1.19209e-7 3.30531e-6 0 0 0 1 -1.19209e-7 -1 1.42109e-14 15.5372 -1.19209e-7 1.42109e-14 -1 3.70751 1 -1.19209e-7 -1.19209e-7 2.29415e-6 0 0 0 1 -1.19209e-7 -1 1.42109e-14 8.7003 -1.19209e-7 1.42109e-14 -1 3.70751 1 -1.19209e-7 -1.19209e-7 1.47913e-6 0 0 0 1 -1.19209e-7 -1 1.42109e-14 46.0498 -1.19209e-7 1.42109e-14 -1 2.04456 1 -1.19209e-7 -1.19209e-7 -3.773584 0 0 0 1 -1.19209e-7 -1 1.42109e-14 46.0498 -1.19209e-7 1.42109e-14 -1 2.044561 1 -1.19209e-7 -1.19209e-7 -8.062884 0 0 0 1 -1.19209e-7 -1 1.42109e-14 27.5086 -1.19209e-7 1.42109e-14 -1 3.707481 1 -1.19209e-7 -1.19209e-7 -11.2603 0 0 0 1 -1.19209e-7 -1 1.42109e-14 20.014 -1.19209e-7 1.42109e-14 -1 3.707481 1 -1.19209e-7 -1.19209e-7 -11.2603 0 0 0 1 -1.19209e-7 -1 1.42109e-14 14.6554 -1.19209e-7 1.42109e-14 -1 3.707481 1 -1.19209e-7 -1.19209e-7 -11.2603 0 0 0 1 -1.19209e-7 -1 1.42109e-14 25.3953 -1.19209e-7 1.42109e-14 -1 3.707491 1 -1.19209e-7 -1.19209e-7 -5.720657 0 0 0 1 -1.19209e-7 -1 1.42109e-14 17.2489 -1.19209e-7 1.42109e-14 -1 3.707491 1 -1.19209e-7 -1.19209e-7 -5.720658 0 0 0 1 -1.19209e-7 -1 1.42109e-14 11.1662 -1.19209e-7 1.42109e-14 -1 3.707491 1 -1.19209e-7 -1.19209e-7 -5.720658 0 0 0 1 -0.4249865 -0.8942541 -0.1403402 36.88356 0.8491521 -0.4475581 0.2804141 27.3052 -0.3135721 2.03401e-6 0.9495646 -0.485405 0 0 0 1 -0.06441978 -0.9841304 -0.1653421 33.18059 0.9509868 -0.1107573 0.2887174 16.76925 -0.3024482 -0.1386389 0.9430298 4.500727 0 0 0 1 -0.06441975 -0.9841301 -0.1653421 25.18804 0.9509868 -0.1107573 0.2887173 16.7692 -0.3024479 -0.1386389 0.9430295 4.500803 0 0 0 1</float_array>
          <technique_common>
            <accessor source="#geom-hand_alphaE_ZwriteOFFShape-skin1-bind_poses-array" count="25" stride="16">
              <param name="TRANSFORM" type="float4x4"/>
            </accessor>
          </technique_common>
        </source>
        <source id="geom-hand_alphaE_ZwriteOFFShape-skin1-weights">
          <float_array id="geom-hand_alphaE_ZwriteOFFShape-skin1-weights-array" count="1">1</float_array>
          <technique_common>
            <accessor source="#geom-hand_alphaE_ZwriteOFFShape-skin1-weights-array" count="1" stride="1">
              <param name="WEIGHT" type="float"/>
            </accessor>
          </technique_common>
        </source>
        <joints>
          <input semantic="JOINT" source="#geom-hand_alphaE_ZwriteOFFShape-skin1-joints"/>
          <input semantic="INV_BIND_MATRIX" source="#geom-hand_alphaE_ZwriteOFFShape-skin1-bind_poses"/>
        </joints>
        <vertex_weights count="136">
          <input semantic="JOINT" source="#geom-hand_alphaE_ZwriteOFFShape-skin1-joints" offset="0"/>
          <input semantic="WEIGHT" source="#geom-hand_alphaE_ZwriteOFFShape-skin1-weights" offset="1"/>
          <vcount>1 1 1 1 1 1 1 1 1 1 1 1 1 1 1 1 1 1 1 1 1 1 1 1 1 1 1 1 1 1 1 1 1 1 1 1 1 1 1 1 1 1 1 1 1 1 1 1 1 1 1 1 1 1 1 1 1 1 1 1 1 1 1 1 1 1 1 1 1 1 1 1 1 1 1 1 1 1 1 1 1 1 1 1 1 1 1 1 1 1 1 1 1 1 1 1 1 1 1 1 1 1 1 1 1 1 1 1 1 1 1 1 1 1 1 1 1 1 1 1 1 1 1 1 1 1 1 1 1 1 1 1 1 1 1 1</vcount>
          <v>4 0 4 0 4 0 4 0 4 0 4 0 4 0 4 0 4 0 4 0 4 0 4 0 4 0 4 0 4 0 4 0 4 0 4 0 4 0 4 0 4 0 4 0 4 0 4 0 4 0 4 0 4 0 4 0 4 0 4 0 4 0 4 0 4 0 4 0 4 0 4 0 4 0 4 0 4 0 4 0 4 0 4 0 4 0 4 0 4 0 4 0 4 0 4 0 4 0 4 0 4 0 4 0 4 0 4 0 4 0 4 0 4 0 4 0 4 0 4 0 4 0 4 0 4 0 4 0 4 0 4 0 4 0 4 0 4 0 4 0 4 0 4 0 4 0 4 0 4 0 4 0 4 0 4 0 4 0 4 0 4 0 4 0 4 0 4 0 4 0 4 0 4 0 4 0 4 0 4 0 4 0 4 0 4 0 4 0 4 0 4 0 4 0 4 0 4 0 4 0 4 0 4 0 4 0 4 0 4 0 4 0 4 0 4 0 4 0 4 0 4 0 4 0 4 0 4 0 4 0 4 0 4 0 4 0 4 0 4 0 4 0 4 0 4 0 4 0 4 0 4 0 4 0 4 0 4 0 4 0 4 0 4 0 4 0 4 0 4 0 4 0</v>
        </vertex_weights>
      </skin>
    </controller>
    <controller id="geom-hand_alphaE_ZwriteONShape-skin1">
      <skin source="#geom-hand_alphaE_ZwriteONShape">
        <bind_shape_matrix>-1.62921e-7 -1.62921e-7 1 0 -1 2.65431e-14 -1.62921e-7 60 0 -1 -1.62921e-7 0 0 0 0 1</bind_shape_matrix>
        <source id="geom-hand_alphaE_ZwriteONShape-skin1-joints">
          <Name_array id="geom-hand_alphaE_ZwriteONShape-skin1-joints-array" count="25">joint0 joint1 joint2 joint3 joint4 joint5 joint6 joint7 joint8 joint9 joint10 joint11 joint12 joint13 joint14 joint15 joint16 joint17 joint18 joint19 joint20 joint21 joint22 joint23 joint24</Name_array>
          <technique_common>
            <accessor source="#geom-hand_alphaE_ZwriteONShape-skin1-joints-array" count="25" stride="1">
              <param name="JOINT" type="name"/>
            </accessor>
          </technique_common>
        </source>
        <source id="geom-hand_alphaE_ZwriteONShape-skin1-bind_poses">
          <float_array id="geom-hand_alphaE_ZwriteONShape-skin1-bind_poses-array" count="400">1 0 0 0 0 1 0 0 0 0 1 0 0 0 0 1 1 0 0 0 0 1 0 -30 0 0 1 0 0 0 0 1 1 0 0 0 0 1 0 -30 0 0 1 0 0 0 0 1 1 0 0 0 0 1 0 0 0 0 1 0 0 0 0 1 -1.19209e-7 -1 1.42109e-14 60 -1.19209e-7 1.42109e-14 -1 -8.52651e-13 1 -1.19209e-7 -1.19209e-7 7.15256e-6 0 0 0 1 -1.19209e-7 -1 1.42109e-14 50 -1.19209e-7 1.42109e-14 -1 -7.10543e-13 1 -1.19209e-7 -1.19209e-7 5.96046e-6 0 0 0 1 -1.19209e-7 -1 1.42109e-14 46.0498 -1.19209e-7 1.42109e-14 -1 2.044559 1 -1.19209e-7 -1.19209e-7 4.415347 0 0 0 1 -1.19209e-7 -1 1.42109e-14 24.9971 -1.19209e-7 1.42109e-14 -1 3.707499 1 -1.19209e-7 -1.19209e-7 5.068903 0 0 0 1 -1.19209e-7 -1 1.42109e-14 16.3021 -1.19209e-7 1.42109e-14 -1 3.707499 1 -1.19209e-7 -1.19209e-7 5.068902 0 0 0 1 -1.19209e-7 -1 1.42109e-14 10.9226 -1.19209e-7 1.42109e-14 -1 3.707499 1 -1.19209e-7 -1.19209e-7 5.068902 0 0 0 1 -1.19209e-7 -1 1.42109e-14 46.0498 -1.19209e-7 1.42109e-14 -1 2.04456 1 -1.19209e-7 -1.19209e-7 5.25646e-6 0 0 0 1 -1.19209e-7 -1 1.42109e-14 24.0194 -1.19209e-7 1.42109e-14 -1 3.70751 1 -1.19209e-7 -1.19209e-7 3.30531e-6 0 0 0 1 -1.19209e-7 -1 1.42109e-14 15.5372 -1.19209e-7 1.42109e-14 -1 3.70751 1 -1.19209e-7 -1.19209e-7 2.29415e-6 0 0 0 1 -1.19209e-7 -1 1.42109e-14 8.7003 -1.19209e-7 1.42109e-14 -1 3.70751 1 -1.19209e-7 -1.19209e-7 1.47913e-6 0 0 0 1 -1.19209e-7 -1 1.42109e-14 46.0498 -1.19209e-7 1.42109e-14 -1 2.04456 1 -1.19209e-7 -1.19209e-7 -3.773584 0 0 0 1 -1.19209e-7 -1 1.42109e-14 46.0498 -1.19209e-7 1.42109e-14 -1 2.044561 1 -1.19209e-7 -1.19209e-7 -8.062884 0 0 0 1 -1.19209e-7 -1 1.42109e-14 27.5086 -1.19209e-7 1.42109e-14 -1 3.707481 1 -1.19209e-7 -1.19209e-7 -11.2603 0 0 0 1 -1.19209e-7 -1 1.42109e-14 20.014 -1.19209e-7 1.42109e-14 -1 3.707481 1 -1.19209e-7 -1.19209e-7 -11.2603 0 0 0 1 -1.19209e-7 -1 1.42109e-14 14.6554 -1.19209e-7 1.42109e-14 -1 3.707481 1 -1.19209e-7 -1.19209e-7 -11.2603 0 0 0 1 -1.19209e-7 -1 1.42109e-14 25.3953 -1.19209e-7 1.42109e-14 -1 3.707491 1 -1.19209e-7 -1.19209e-7 -5.720657 0 0 0 1 -1.19209e-7 -1 1.42109e-14 17.2489 -1.19209e-7 1.42109e-14 -1 3.707491 1 -1.19209e-7 -1.19209e-7 -5.720658 0 0 0 1 -1.19209e-7 -1 1.42109e-14 11.1662 -1.19209e-7 1.42109e-14 -1 3.707491 1 -1.19209e-7 -1.19209e-7 -5.720658 0 0 0 1 -0.4249865 -0.8942541 -0.1403402 36.88356 0.8491521 -0.4475581 0.2804141 27.3052 -0.3135721 2.03401e-6 0.9495646 -0.485405 0 0 0 1 -0.06441978 -0.9841304 -0.1653421 33.18059 0.9509868 -0.1107573 0.2887174 16.76925 -0.3024482 -0.1386389 0.9430298 4.500727 0 0 0 1 -0.06441975 -0.9841301 -0.1653421 25.18804 0.9509868 -0.1107573 0.2887173 16.7692 -0.3024479 -0.1386389 0.9430295 4.500803 0 0 0 1</float_array>
          <technique_common>
            <accessor source="#geom-hand_alphaE_ZwriteONShape-skin1-bind_poses-array" count="25" stride="16">
              <param name="TRANSFORM" type="float4x4"/>
            </accessor>
          </technique_common>
        </source>
        <source id="geom-hand_alphaE_ZwriteONShape-skin1-weights">
          <float_array id="geom-hand_alphaE_ZwriteONShape-skin1-weights-array" count="1">1</float_array>
          <technique_common>
            <accessor source="#geom-hand_alphaE_ZwriteONShape-skin1-weights-array" count="1" stride="1">
              <param name="WEIGHT" type="float"/>
            </accessor>
          </technique_common>
        </source>
        <joints>
          <input semantic="JOINT" source="#geom-hand_alphaE_ZwriteONShape-skin1-joints"/>
          <input semantic="INV_BIND_MATRIX" source="#geom-hand_alphaE_ZwriteONShape-skin1-bind_poses"/>
        </joints>
        <vertex_weights count="136">
          <input semantic="JOINT" source="#geom-hand_alphaE_ZwriteONShape-skin1-joints" offset="0"/>
          <input semantic="WEIGHT" source="#geom-hand_alphaE_ZwriteONShape-skin1-weights" offset="1"/>
          <vcount>1 1 1 1 1 1 1 1 1 1 1 1 1 1 1 1 1 1 1 1 1 1 1 1 1 1 1 1 1 1 1 1 1 1 1 1 1 1 1 1 1 1 1 1 1 1 1 1 1 1 1 1 1 1 1 1 1 1 1 1 1 1 1 1 1 1 1 1 1 1 1 1 1 1 1 1 1 1 1 1 1 1 1 1 1 1 1 1 1 1 1 1 1 1 1 1 1 1 1 1 1 1 1 1 1 1 1 1 1 1 1 1 1 1 1 1 1 1 1 1 1 1 1 1 1 1 1 1 1 1 1 1 1 1 1 1</vcount>
          <v>4 0 4 0 4 0 4 0 4 0 4 0 4 0 4 0 4 0 4 0 4 0 4 0 4 0 4 0 4 0 4 0 4 0 4 0 4 0 4 0 4 0 4 0 4 0 4 0 4 0 4 0 4 0 4 0 4 0 4 0 4 0 4 0 4 0 4 0 4 0 4 0 4 0 4 0 4 0 4 0 4 0 4 0 4 0 4 0 4 0 4 0 4 0 4 0 4 0 4 0 4 0 4 0 4 0 4 0 4 0 4 0 4 0 4 0 4 0 4 0 4 0 4 0 4 0 4 0 4 0 4 0 4 0 4 0 4 0 4 0 4 0 4 0 4 0 4 0 4 0 4 0 4 0 4 0 4 0 4 0 4 0 4 0 4 0 4 0 4 0 4 0 4 0 4 0 4 0 4 0 4 0 4 0 4 0 4 0 4 0 4 0 4 0 4 0 4 0 4 0 4 0 4 0 4 0 4 0 4 0 4 0 4 0 4 0 4 0 4 0 4 0 4 0 4 0 4 0 4 0 4 0 4 0 4 0 4 0 4 0 4 0 4 0 4 0 4 0 4 0 4 0 4 0 4 0 4 0 4 0 4 0 4 0 4 0 4 0 4 0 4 0</v>
        </vertex_weights>
      </skin>
    </controller>
    <controller id="geom-hand_alphaD_ZwriteOFFShape-skin1">
      <skin source="#geom-hand_alphaD_ZwriteOFFShape">
        <bind_shape_matrix>-1.62921e-7 -1.62921e-7 1 0 -1 2.65431e-14 -1.62921e-7 60 0 -1 -1.62921e-7 0 0 0 0 1</bind_shape_matrix>
        <source id="geom-hand_alphaD_ZwriteOFFShape-skin1-joints">
          <Name_array id="geom-hand_alphaD_ZwriteOFFShape-skin1-joints-array" count="25">joint0 joint1 joint2 joint3 joint4 joint5 joint6 joint7 joint8 joint9 joint10 joint11 joint12 joint13 joint14 joint15 joint16 joint17 joint18 joint19 joint20 joint21 joint22 joint23 joint24</Name_array>
          <technique_common>
            <accessor source="#geom-hand_alphaD_ZwriteOFFShape-skin1-joints-array" count="25" stride="1">
              <param name="JOINT" type="name"/>
            </accessor>
          </technique_common>
        </source>
        <source id="geom-hand_alphaD_ZwriteOFFShape-skin1-bind_poses">
          <float_array id="geom-hand_alphaD_ZwriteOFFShape-skin1-bind_poses-array" count="400">1 0 0 0 0 1 0 0 0 0 1 0 0 0 0 1 1 0 0 0 0 1 0 -30 0 0 1 0 0 0 0 1 1 0 0 0 0 1 0 -30 0 0 1 0 0 0 0 1 1 0 0 0 0 1 0 0 0 0 1 0 0 0 0 1 -1.19209e-7 -1 1.42109e-14 60 -1.19209e-7 1.42109e-14 -1 -8.52651e-13 1 -1.19209e-7 -1.19209e-7 7.15256e-6 0 0 0 1 -1.19209e-7 -1 1.42109e-14 50 -1.19209e-7 1.42109e-14 -1 -7.10543e-13 1 -1.19209e-7 -1.19209e-7 5.96046e-6 0 0 0 1 -1.19209e-7 -1 1.42109e-14 46.0498 -1.19209e-7 1.42109e-14 -1 2.044559 1 -1.19209e-7 -1.19209e-7 4.415347 0 0 0 1 -1.19209e-7 -1 1.42109e-14 24.9971 -1.19209e-7 1.42109e-14 -1 3.707499 1 -1.19209e-7 -1.19209e-7 5.068903 0 0 0 1 -1.19209e-7 -1 1.42109e-14 16.3021 -1.19209e-7 1.42109e-14 -1 3.707499 1 -1.19209e-7 -1.19209e-7 5.068902 0 0 0 1 -1.19209e-7 -1 1.42109e-14 10.9226 -1.19209e-7 1.42109e-14 -1 3.707499 1 -1.19209e-7 -1.19209e-7 5.068902 0 0 0 1 -1.19209e-7 -1 1.42109e-14 46.0498 -1.19209e-7 1.42109e-14 -1 2.04456 1 -1.19209e-7 -1.19209e-7 5.25646e-6 0 0 0 1 -1.19209e-7 -1 1.42109e-14 24.0194 -1.19209e-7 1.42109e-14 -1 3.70751 1 -1.19209e-7 -1.19209e-7 3.30531e-6 0 0 0 1 -1.19209e-7 -1 1.42109e-14 15.5372 -1.19209e-7 1.42109e-14 -1 3.70751 1 -1.19209e-7 -1.19209e-7 2.29415e-6 0 0 0 1 -1.19209e-7 -1 1.42109e-14 8.7003 -1.19209e-7 1.42109e-14 -1 3.70751 1 -1.19209e-7 -1.19209e-7 1.47913e-6 0 0 0 1 -1.19209e-7 -1 1.42109e-14 46.0498 -1.19209e-7 1.42109e-14 -1 2.04456 1 -1.19209e-7 -1.19209e-7 -3.773584 0 0 0 1 -1.19209e-7 -1 1.42109e-14 46.0498 -1.19209e-7 1.42109e-14 -1 2.044561 1 -1.19209e-7 -1.19209e-7 -8.062884 0 0 0 1 -1.19209e-7 -1 1.42109e-14 27.5086 -1.19209e-7 1.42109e-14 -1 3.707481 1 -1.19209e-7 -1.19209e-7 -11.2603 0 0 0 1 -1.19209e-7 -1 1.42109e-14 20.014 -1.19209e-7 1.42109e-14 -1 3.707481 1 -1.19209e-7 -1.19209e-7 -11.2603 0 0 0 1 -1.19209e-7 -1 1.42109e-14 14.6554 -1.19209e-7 1.42109e-14 -1 3.707481 1 -1.19209e-7 -1.19209e-7 -11.2603 0 0 0 1 -1.19209e-7 -1 1.42109e-14 25.3953 -1.19209e-7 1.42109e-14 -1 3.707491 1 -1.19209e-7 -1.19209e-7 -5.720657 0 0 0 1 -1.19209e-7 -1 1.42109e-14 17.2489 -1.19209e-7 1.42109e-14 -1 3.707491 1 -1.19209e-7 -1.19209e-7 -5.720658 0 0 0 1 -1.19209e-7 -1 1.42109e-14 11.1662 -1.19209e-7 1.42109e-14 -1 3.707491 1 -1.19209e-7 -1.19209e-7 -5.720658 0 0 0 1 -0.4249865 -0.8942541 -0.1403402 36.88356 0.8491521 -0.4475581 0.2804141 27.3052 -0.3135721 2.03401e-6 0.9495646 -0.485405 0 0 0 1 -0.06441978 -0.9841304 -0.1653421 33.18059 0.9509868 -0.1107573 0.2887174 16.76925 -0.3024482 -0.1386389 0.9430298 4.500727 0 0 0 1 -0.06441975 -0.9841301 -0.1653421 25.18804 0.9509868 -0.1107573 0.2887173 16.7692 -0.3024479 -0.1386389 0.9430295 4.500803 0 0 0 1</float_array>
          <technique_common>
            <accessor source="#geom-hand_alphaD_ZwriteOFFShape-skin1-bind_poses-array" count="25" stride="16">
              <param name="TRANSFORM" type="float4x4"/>
            </accessor>
          </technique_common>
        </source>
        <source id="geom-hand_alphaD_ZwriteOFFShape-skin1-weights">
          <float_array id="geom-hand_alphaD_ZwriteOFFShape-skin1-weights-array" count="1">1</float_array>
          <technique_common>
            <accessor source="#geom-hand_alphaD_ZwriteOFFShape-skin1-weights-array" count="1" stride="1">
              <param name="WEIGHT" type="float"/>
            </accessor>
          </technique_common>
        </source>
        <joints>
          <input semantic="JOINT" source="#geom-hand_alphaD_ZwriteOFFShape-skin1-joints"/>
          <input semantic="INV_BIND_MATRIX" source="#geom-hand_alphaD_ZwriteOFFShape-skin1-bind_poses"/>
        </joints>
        <vertex_weights count="136">
          <input semantic="JOINT" source="#geom-hand_alphaD_ZwriteOFFShape-skin1-joints" offset="0"/>
          <input semantic="WEIGHT" source="#geom-hand_alphaD_ZwriteOFFShape-skin1-weights" offset="1"/>
          <vcount>1 1 1 1 1 1 1 1 1 1 1 1 1 1 1 1 1 1 1 1 1 1 1 1 1 1 1 1 1 1 1 1 1 1 1 1 1 1 1 1 1 1 1 1 1 1 1 1 1 1 1 1 1 1 1 1 1 1 1 1 1 1 1 1 1 1 1 1 1 1 1 1 1 1 1 1 1 1 1 1 1 1 1 1 1 1 1 1 1 1 1 1 1 1 1 1 1 1 1 1 1 1 1 1 1 1 1 1 1 1 1 1 1 1 1 1 1 1 1 1 1 1 1 1 1 1 1 1 1 1 1 1 1 1 1 1</vcount>
          <v>4 0 4 0 4 0 4 0 4 0 4 0 4 0 4 0 4 0 4 0 4 0 4 0 4 0 4 0 4 0 4 0 4 0 4 0 4 0 4 0 4 0 4 0 4 0 4 0 4 0 4 0 4 0 4 0 4 0 4 0 4 0 4 0 4 0 4 0 4 0 4 0 4 0 4 0 4 0 4 0 4 0 4 0 4 0 4 0 4 0 4 0 4 0 4 0 4 0 4 0 4 0 4 0 4 0 4 0 4 0 4 0 4 0 4 0 4 0 4 0 4 0 4 0 4 0 4 0 4 0 4 0 4 0 4 0 4 0 4 0 4 0 4 0 4 0 4 0 4 0 4 0 4 0 4 0 4 0 4 0 4 0 4 0 4 0 4 0 4 0 4 0 4 0 4 0 4 0 4 0 4 0 4 0 4 0 4 0 4 0 4 0 4 0 4 0 4 0 4 0 4 0 4 0 4 0 4 0 4 0 4 0 4 0 4 0 4 0 4 0 4 0 4 0 4 0 4 0 4 0 4 0 4 0 4 0 4 0 4 0 4 0 4 0 4 0 4 0 4 0 4 0 4 0 4 0 4 0 4 0 4 0 4 0 4 0 4 0 4 0 4 0</v>
        </vertex_weights>
      </skin>
    </controller>
    <controller id="geom-hand_alphaD_ZwriteONShape-skin1">
      <skin source="#geom-hand_alphaD_ZwriteONShape">
        <bind_shape_matrix>-1.62921e-7 -1.62921e-7 1 0 -1 2.65431e-14 -1.62921e-7 60 0 -1 -1.62921e-7 0 0 0 0 1</bind_shape_matrix>
        <source id="geom-hand_alphaD_ZwriteONShape-skin1-joints">
          <Name_array id="geom-hand_alphaD_ZwriteONShape-skin1-joints-array" count="25">joint0 joint1 joint2 joint3 joint4 joint5 joint6 joint7 joint8 joint9 joint10 joint11 joint12 joint13 joint14 joint15 joint16 joint17 joint18 joint19 joint20 joint21 joint22 joint23 joint24</Name_array>
          <technique_common>
            <accessor source="#geom-hand_alphaD_ZwriteONShape-skin1-joints-array" count="25" stride="1">
              <param name="JOINT" type="name"/>
            </accessor>
          </technique_common>
        </source>
        <source id="geom-hand_alphaD_ZwriteONShape-skin1-bind_poses">
          <float_array id="geom-hand_alphaD_ZwriteONShape-skin1-bind_poses-array" count="400">1 0 0 0 0 1 0 0 0 0 1 0 0 0 0 1 1 0 0 0 0 1 0 -30 0 0 1 0 0 0 0 1 1 0 0 0 0 1 0 -30 0 0 1 0 0 0 0 1 1 0 0 0 0 1 0 0 0 0 1 0 0 0 0 1 -1.19209e-7 -1 1.42109e-14 60 -1.19209e-7 1.42109e-14 -1 -8.52651e-13 1 -1.19209e-7 -1.19209e-7 7.15256e-6 0 0 0 1 -1.19209e-7 -1 1.42109e-14 50 -1.19209e-7 1.42109e-14 -1 -7.10543e-13 1 -1.19209e-7 -1.19209e-7 5.96046e-6 0 0 0 1 -1.19209e-7 -1 1.42109e-14 46.0498 -1.19209e-7 1.42109e-14 -1 2.044559 1 -1.19209e-7 -1.19209e-7 4.415347 0 0 0 1 -1.19209e-7 -1 1.42109e-14 24.9971 -1.19209e-7 1.42109e-14 -1 3.707499 1 -1.19209e-7 -1.19209e-7 5.068903 0 0 0 1 -1.19209e-7 -1 1.42109e-14 16.3021 -1.19209e-7 1.42109e-14 -1 3.707499 1 -1.19209e-7 -1.19209e-7 5.068902 0 0 0 1 -1.19209e-7 -1 1.42109e-14 10.9226 -1.19209e-7 1.42109e-14 -1 3.707499 1 -1.19209e-7 -1.19209e-7 5.068902 0 0 0 1 -1.19209e-7 -1 1.42109e-14 46.0498 -1.19209e-7 1.42109e-14 -1 2.04456 1 -1.19209e-7 -1.19209e-7 5.25646e-6 0 0 0 1 -1.19209e-7 -1 1.42109e-14 24.0194 -1.19209e-7 1.42109e-14 -1 3.70751 1 -1.19209e-7 -1.19209e-7 3.30531e-6 0 0 0 1 -1.19209e-7 -1 1.42109e-14 15.5372 -1.19209e-7 1.42109e-14 -1 3.70751 1 -1.19209e-7 -1.19209e-7 2.29415e-6 0 0 0 1 -1.19209e-7 -1 1.42109e-14 8.7003 -1.19209e-7 1.42109e-14 -1 3.70751 1 -1.19209e-7 -1.19209e-7 1.47913e-6 0 0 0 1 -1.19209e-7 -1 1.42109e-14 46.0498 -1.19209e-7 1.42109e-14 -1 2.04456 1 -1.19209e-7 -1.19209e-7 -3.773584 0 0 0 1 -1.19209e-7 -1 1.42109e-14 46.0498 -1.19209e-7 1.42109e-14 -1 2.044561 1 -1.19209e-7 -1.19209e-7 -8.062884 0 0 0 1 -1.19209e-7 -1 1.42109e-14 27.5086 -1.19209e-7 1.42109e-14 -1 3.707481 1 -1.19209e-7 -1.19209e-7 -11.2603 0 0 0 1 -1.19209e-7 -1 1.42109e-14 20.014 -1.19209e-7 1.42109e-14 -1 3.707481 1 -1.19209e-7 -1.19209e-7 -11.2603 0 0 0 1 -1.19209e-7 -1 1.42109e-14 14.6554 -1.19209e-7 1.42109e-14 -1 3.707481 1 -1.19209e-7 -1.19209e-7 -11.2603 0 0 0 1 -1.19209e-7 -1 1.42109e-14 25.3953 -1.19209e-7 1.42109e-14 -1 3.707491 1 -1.19209e-7 -1.19209e-7 -5.720657 0 0 0 1 -1.19209e-7 -1 1.42109e-14 17.2489 -1.19209e-7 1.42109e-14 -1 3.707491 1 -1.19209e-7 -1.19209e-7 -5.720658 0 0 0 1 -1.19209e-7 -1 1.42109e-14 11.1662 -1.19209e-7 1.42109e-14 -1 3.707491 1 -1.19209e-7 -1.19209e-7 -5.720658 0 0 0 1 -0.4249865 -0.8942541 -0.1403402 36.88356 0.8491521 -0.4475581 0.2804141 27.3052 -0.3135721 2.03401e-6 0.9495646 -0.485405 0 0 0 1 -0.06441978 -0.9841304 -0.1653421 33.18059 0.9509868 -0.1107573 0.2887174 16.76925 -0.3024482 -0.1386389 0.9430298 4.500727 0 0 0 1 -0.06441975 -0.9841301 -0.1653421 25.18804 0.9509868 -0.1107573 0.2887173 16.7692 -0.3024479 -0.1386389 0.9430295 4.500803 0 0 0 1</float_array>
          <technique_common>
            <accessor source="#geom-hand_alphaD_ZwriteONShape-skin1-bind_poses-array" count="25" stride="16">
              <param name="TRANSFORM" type="float4x4"/>
            </accessor>
          </technique_common>
        </source>
        <source id="geom-hand_alphaD_ZwriteONShape-skin1-weights">
          <float_array id="geom-hand_alphaD_ZwriteONShape-skin1-weights-array" count="1">1</float_array>
          <technique_common>
            <accessor source="#geom-hand_alphaD_ZwriteONShape-skin1-weights-array" count="1" stride="1">
              <param name="WEIGHT" type="float"/>
            </accessor>
          </technique_common>
        </source>
        <joints>
          <input semantic="JOINT" source="#geom-hand_alphaD_ZwriteONShape-skin1-joints"/>
          <input semantic="INV_BIND_MATRIX" source="#geom-hand_alphaD_ZwriteONShape-skin1-bind_poses"/>
        </joints>
        <vertex_weights count="136">
          <input semantic="JOINT" source="#geom-hand_alphaD_ZwriteONShape-skin1-joints" offset="0"/>
          <input semantic="WEIGHT" source="#geom-hand_alphaD_ZwriteONShape-skin1-weights" offset="1"/>
          <vcount>1 1 1 1 1 1 1 1 1 1 1 1 1 1 1 1 1 1 1 1 1 1 1 1 1 1 1 1 1 1 1 1 1 1 1 1 1 1 1 1 1 1 1 1 1 1 1 1 1 1 1 1 1 1 1 1 1 1 1 1 1 1 1 1 1 1 1 1 1 1 1 1 1 1 1 1 1 1 1 1 1 1 1 1 1 1 1 1 1 1 1 1 1 1 1 1 1 1 1 1 1 1 1 1 1 1 1 1 1 1 1 1 1 1 1 1 1 1 1 1 1 1 1 1 1 1 1 1 1 1 1 1 1 1 1 1</vcount>
          <v>4 0 4 0 4 0 4 0 4 0 4 0 4 0 4 0 4 0 4 0 4 0 4 0 4 0 4 0 4 0 4 0 4 0 4 0 4 0 4 0 4 0 4 0 4 0 4 0 4 0 4 0 4 0 4 0 4 0 4 0 4 0 4 0 4 0 4 0 4 0 4 0 4 0 4 0 4 0 4 0 4 0 4 0 4 0 4 0 4 0 4 0 4 0 4 0 4 0 4 0 4 0 4 0 4 0 4 0 4 0 4 0 4 0 4 0 4 0 4 0 4 0 4 0 4 0 4 0 4 0 4 0 4 0 4 0 4 0 4 0 4 0 4 0 4 0 4 0 4 0 4 0 4 0 4 0 4 0 4 0 4 0 4 0 4 0 4 0 4 0 4 0 4 0 4 0 4 0 4 0 4 0 4 0 4 0 4 0 4 0 4 0 4 0 4 0 4 0 4 0 4 0 4 0 4 0 4 0 4 0 4 0 4 0 4 0 4 0 4 0 4 0 4 0 4 0 4 0 4 0 4 0 4 0 4 0 4 0 4 0 4 0 4 0 4 0 4 0 4 0 4 0 4 0 4 0 4 0 4 0 4 0 4 0 4 0 4 0 4 0 4 0</v>
        </vertex_weights>
      </skin>
    </controller>
    <controller id="geom-panorama_ZwriteOFFShape-skin1">
      <skin source="#geom-panorama_ZwriteOFFShape">
        <bind_shape_matrix>-1.62921e-7 -1.62921e-7 1 0 -1 2.65431e-14 -1.62921e-7 60 0 -1 -1.62921e-7 0 0 0 0 1</bind_shape_matrix>
        <source id="geom-panorama_ZwriteOFFShape-skin1-joints">
          <Name_array id="geom-panorama_ZwriteOFFShape-skin1-joints-array" count="25">joint0 joint1 joint2 joint3 joint4 joint5 joint6 joint7 joint8 joint9 joint10 joint11 joint12 joint13 joint14 joint15 joint16 joint17 joint18 joint19 joint20 joint21 joint22 joint23 joint24</Name_array>
          <technique_common>
            <accessor source="#geom-panorama_ZwriteOFFShape-skin1-joints-array" count="25" stride="1">
              <param name="JOINT" type="name"/>
            </accessor>
          </technique_common>
        </source>
        <source id="geom-panorama_ZwriteOFFShape-skin1-bind_poses">
          <float_array id="geom-panorama_ZwriteOFFShape-skin1-bind_poses-array" count="400">1 0 0 0 0 1 0 0 0 0 1 0 0 0 0 1 1 0 0 0 0 1 0 -30 0 0 1 0 0 0 0 1 1 0 0 0 0 1 0 -30 0 0 1 0 0 0 0 1 1 0 0 0 0 1 0 0 0 0 1 0 0 0 0 1 -1.19209e-7 -1 1.42109e-14 60 -1.19209e-7 1.42109e-14 -1 -8.52651e-13 1 -1.19209e-7 -1.19209e-7 7.15256e-6 0 0 0 1 -1.19209e-7 -1 1.42109e-14 50 -1.19209e-7 1.42109e-14 -1 -7.10543e-13 1 -1.19209e-7 -1.19209e-7 5.96046e-6 0 0 0 1 -1.19209e-7 -1 1.42109e-14 46.0498 -1.19209e-7 1.42109e-14 -1 2.044559 1 -1.19209e-7 -1.19209e-7 4.415347 0 0 0 1 -1.19209e-7 -1 1.42109e-14 24.9971 -1.19209e-7 1.42109e-14 -1 3.707499 1 -1.19209e-7 -1.19209e-7 5.068903 0 0 0 1 -1.19209e-7 -1 1.42109e-14 16.3021 -1.19209e-7 1.42109e-14 -1 3.707499 1 -1.19209e-7 -1.19209e-7 5.068902 0 0 0 1 -1.19209e-7 -1 1.42109e-14 10.9226 -1.19209e-7 1.42109e-14 -1 3.707499 1 -1.19209e-7 -1.19209e-7 5.068902 0 0 0 1 -1.19209e-7 -1 1.42109e-14 46.0498 -1.19209e-7 1.42109e-14 -1 2.04456 1 -1.19209e-7 -1.19209e-7 5.25646e-6 0 0 0 1 -1.19209e-7 -1 1.42109e-14 24.0194 -1.19209e-7 1.42109e-14 -1 3.70751 1 -1.19209e-7 -1.19209e-7 3.30531e-6 0 0 0 1 -1.19209e-7 -1 1.42109e-14 15.5372 -1.19209e-7 1.42109e-14 -1 3.70751 1 -1.19209e-7 -1.19209e-7 2.29415e-6 0 0 0 1 -1.19209e-7 -1 1.42109e-14 8.7003 -1.19209e-7 1.42109e-14 -1 3.70751 1 -1.19209e-7 -1.19209e-7 1.47913e-6 0 0 0 1 -1.19209e-7 -1 1.42109e-14 46.0498 -1.19209e-7 1.42109e-14 -1 2.04456 1 -1.19209e-7 -1.19209e-7 -3.773584 0 0 0 1 -1.19209e-7 -1 1.42109e-14 46.0498 -1.19209e-7 1.42109e-14 -1 2.044561 1 -1.19209e-7 -1.19209e-7 -8.062884 0 0 0 1 -1.19209e-7 -1 1.42109e-14 27.5086 -1.19209e-7 1.42109e-14 -1 3.707481 1 -1.19209e-7 -1.19209e-7 -11.2603 0 0 0 1 -1.19209e-7 -1 1.42109e-14 20.014 -1.19209e-7 1.42109e-14 -1 3.707481 1 -1.19209e-7 -1.19209e-7 -11.2603 0 0 0 1 -1.19209e-7 -1 1.42109e-14 14.6554 -1.19209e-7 1.42109e-14 -1 3.707481 1 -1.19209e-7 -1.19209e-7 -11.2603 0 0 0 1 -1.19209e-7 -1 1.42109e-14 25.3953 -1.19209e-7 1.42109e-14 -1 3.707491 1 -1.19209e-7 -1.19209e-7 -5.720657 0 0 0 1 -1.19209e-7 -1 1.42109e-14 17.2489 -1.19209e-7 1.42109e-14 -1 3.707491 1 -1.19209e-7 -1.19209e-7 -5.720658 0 0 0 1 -1.19209e-7 -1 1.42109e-14 11.1662 -1.19209e-7 1.42109e-14 -1 3.707491 1 -1.19209e-7 -1.19209e-7 -5.720658 0 0 0 1 -0.4249865 -0.8942541 -0.1403402 36.88356 0.8491521 -0.4475581 0.2804141 27.3052 -0.3135721 2.03401e-6 0.9495646 -0.485405 0 0 0 1 -0.06441978 -0.9841304 -0.1653421 33.18059 0.9509868 -0.1107573 0.2887174 16.76925 -0.3024482 -0.1386389 0.9430298 4.500727 0 0 0 1 -0.06441975 -0.9841301 -0.1653421 25.18804 0.9509868 -0.1107573 0.2887173 16.7692 -0.3024479 -0.1386389 0.9430295 4.500803 0 0 0 1</float_array>
          <technique_common>
            <accessor source="#geom-panorama_ZwriteOFFShape-skin1-bind_poses-array" count="25" stride="16">
              <param name="TRANSFORM" type="float4x4"/>
            </accessor>
          </technique_common>
        </source>
        <source id="geom-panorama_ZwriteOFFShape-skin1-weights">
          <float_array id="geom-panorama_ZwriteOFFShape-skin1-weights-array" count="1">1</float_array>
          <technique_common>
            <accessor source="#geom-panorama_ZwriteOFFShape-skin1-weights-array" count="1" stride="1">
              <param name="WEIGHT" type="float"/>
            </accessor>
          </technique_common>
        </source>
        <joints>
          <input semantic="JOINT" source="#geom-panorama_ZwriteOFFShape-skin1-joints"/>
          <input semantic="INV_BIND_MATRIX" source="#geom-panorama_ZwriteOFFShape-skin1-bind_poses"/>
        </joints>
        <vertex_weights count="138">
          <input semantic="JOINT" source="#geom-panorama_ZwriteOFFShape-skin1-joints" offset="0"/>
          <input semantic="WEIGHT" source="#geom-panorama_ZwriteOFFShape-skin1-weights" offset="1"/>
          <vcount>1 1 1 1 1 1 1 1 1 1 1 1 1 1 1 1 1 1 1 1 1 1 1 1 1 1 1 1 1 1 1 1 1 1 1 1 1 1 1 1 1 1 1 1 1 1 1 1 1 1 1 1 1 1 1 1 1 1 1 1 1 1 1 1 1 1 1 1 1 1 1 1 1 1 1 1 1 1 1 1 1 1 1 1 1 1 1 1 1 1 1 1 1 1 1 1 1 1 1 1 1 1 1 1 1 1 1 1 1 1 1 1 1 1 1 1 1 1 1 1 1 1 1 1 1 1 1 1 1 1 1 1 1 1 1 1 1 1</vcount>
          <v>4 0 4 0 4 0 4 0 4 0 4 0 4 0 4 0 4 0 4 0 4 0 4 0 4 0 4 0 4 0 4 0 4 0 4 0 4 0 4 0 4 0 4 0 4 0 4 0 4 0 4 0 4 0 4 0 4 0 4 0 4 0 4 0 4 0 4 0 4 0 4 0 4 0 4 0 4 0 4 0 4 0 4 0 4 0 4 0 4 0 4 0 4 0 4 0 4 0 4 0 4 0 4 0 4 0 4 0 4 0 4 0 4 0 4 0 4 0 4 0 4 0 4 0 4 0 4 0 4 0 4 0 4 0 4 0 4 0 4 0 4 0 4 0 4 0 4 0 4 0 4 0 4 0 4 0 4 0 4 0 4 0 4 0 4 0 4 0 4 0 4 0 4 0 4 0 4 0 4 0 4 0 4 0 4 0 4 0 4 0 4 0 4 0 4 0 4 0 4 0 4 0 4 0 4 0 4 0 4 0 4 0 4 0 4 0 4 0 4 0 4 0 4 0 4 0 4 0 4 0 4 0 4 0 4 0 4 0 4 0 4 0 4 0 4 0 4 0 4 0 4 0 4 0 4 0 4 0 4 0 4 0 4 0 4 0 4 0 4 0 4 0 4 0 4 0</v>
        </vertex_weights>
      </skin>
    </controller>
    <controller id="geom-panorama_ZwriteONShape-skin1">
      <skin source="#geom-panorama_ZwriteONShape">
        <bind_shape_matrix>-1.62921e-7 -1.62921e-7 1 0 -1 2.65431e-14 -1.62921e-7 60 0 -1 -1.62921e-7 0 0 0 0 1</bind_shape_matrix>
        <source id="geom-panorama_ZwriteONShape-skin1-joints">
          <Name_array id="geom-panorama_ZwriteONShape-skin1-joints-array" count="25">joint0 joint1 joint2 joint3 joint4 joint5 joint6 joint7 joint8 joint9 joint10 joint11 joint12 joint13 joint14 joint15 joint16 joint17 joint18 joint19 joint20 joint21 joint22 joint23 joint24</Name_array>
          <technique_common>
            <accessor source="#geom-panorama_ZwriteONShape-skin1-joints-array" count="25" stride="1">
              <param name="JOINT" type="name"/>
            </accessor>
          </technique_common>
        </source>
        <source id="geom-panorama_ZwriteONShape-skin1-bind_poses">
          <float_array id="geom-panorama_ZwriteONShape-skin1-bind_poses-array" count="400">1 0 0 0 0 1 0 0 0 0 1 0 0 0 0 1 1 0 0 0 0 1 0 -30 0 0 1 0 0 0 0 1 1 0 0 0 0 1 0 -30 0 0 1 0 0 0 0 1 1 0 0 0 0 1 0 0 0 0 1 0 0 0 0 1 -1.19209e-7 -1 1.42109e-14 60 -1.19209e-7 1.42109e-14 -1 -8.52651e-13 1 -1.19209e-7 -1.19209e-7 7.15256e-6 0 0 0 1 -1.19209e-7 -1 1.42109e-14 50 -1.19209e-7 1.42109e-14 -1 -7.10543e-13 1 -1.19209e-7 -1.19209e-7 5.96046e-6 0 0 0 1 -1.19209e-7 -1 1.42109e-14 46.0498 -1.19209e-7 1.42109e-14 -1 2.044559 1 -1.19209e-7 -1.19209e-7 4.415347 0 0 0 1 -1.19209e-7 -1 1.42109e-14 24.9971 -1.19209e-7 1.42109e-14 -1 3.707499 1 -1.19209e-7 -1.19209e-7 5.068903 0 0 0 1 -1.19209e-7 -1 1.42109e-14 16.3021 -1.19209e-7 1.42109e-14 -1 3.707499 1 -1.19209e-7 -1.19209e-7 5.068902 0 0 0 1 -1.19209e-7 -1 1.42109e-14 10.9226 -1.19209e-7 1.42109e-14 -1 3.707499 1 -1.19209e-7 -1.19209e-7 5.068902 0 0 0 1 -1.19209e-7 -1 1.42109e-14 46.0498 -1.19209e-7 1.42109e-14 -1 2.04456 1 -1.19209e-7 -1.19209e-7 5.25646e-6 0 0 0 1 -1.19209e-7 -1 1.42109e-14 24.0194 -1.19209e-7 1.42109e-14 -1 3.70751 1 -1.19209e-7 -1.19209e-7 3.30531e-6 0 0 0 1 -1.19209e-7 -1 1.42109e-14 15.5372 -1.19209e-7 1.42109e-14 -1 3.70751 1 -1.19209e-7 -1.19209e-7 2.29415e-6 0 0 0 1 -1.19209e-7 -1 1.42109e-14 8.7003 -1.19209e-7 1.42109e-14 -1 3.70751 1 -1.19209e-7 -1.19209e-7 1.47913e-6 0 0 0 1 -1.19209e-7 -1 1.42109e-14 46.0498 -1.19209e-7 1.42109e-14 -1 2.04456 1 -1.19209e-7 -1.19209e-7 -3.773584 0 0 0 1 -1.19209e-7 -1 1.42109e-14 46.0498 -1.19209e-7 1.42109e-14 -1 2.044561 1 -1.19209e-7 -1.19209e-7 -8.062884 0 0 0 1 -1.19209e-7 -1 1.42109e-14 27.5086 -1.19209e-7 1.42109e-14 -1 3.707481 1 -1.19209e-7 -1.19209e-7 -11.2603 0 0 0 1 -1.19209e-7 -1 1.42109e-14 20.014 -1.19209e-7 1.42109e-14 -1 3.707481 1 -1.19209e-7 -1.19209e-7 -11.2603 0 0 0 1 -1.19209e-7 -1 1.42109e-14 14.6554 -1.19209e-7 1.42109e-14 -1 3.707481 1 -1.19209e-7 -1.19209e-7 -11.2603 0 0 0 1 -1.19209e-7 -1 1.42109e-14 25.3953 -1.19209e-7 1.42109e-14 -1 3.707491 1 -1.19209e-7 -1.19209e-7 -5.720657 0 0 0 1 -1.19209e-7 -1 1.42109e-14 17.2489 -1.19209e-7 1.42109e-14 -1 3.707491 1 -1.19209e-7 -1.19209e-7 -5.720658 0 0 0 1 -1.19209e-7 -1 1.42109e-14 11.1662 -1.19209e-7 1.42109e-14 -1 3.707491 1 -1.19209e-7 -1.19209e-7 -5.720658 0 0 0 1 -0.4249865 -0.8942541 -0.1403402 36.88356 0.8491521 -0.4475581 0.2804141 27.3052 -0.3135721 2.03401e-6 0.9495646 -0.485405 0 0 0 1 -0.06441978 -0.9841304 -0.1653421 33.18059 0.9509868 -0.1107573 0.2887174 16.76925 -0.3024482 -0.1386389 0.9430298 4.500727 0 0 0 1 -0.06441975 -0.9841301 -0.1653421 25.18804 0.9509868 -0.1107573 0.2887173 16.7692 -0.3024479 -0.1386389 0.9430295 4.500803 0 0 0 1</float_array>
          <technique_common>
            <accessor source="#geom-panorama_ZwriteONShape-skin1-bind_poses-array" count="25" stride="16">
              <param name="TRANSFORM" type="float4x4"/>
            </accessor>
          </technique_common>
        </source>
        <source id="geom-panorama_ZwriteONShape-skin1-weights">
          <float_array id="geom-panorama_ZwriteONShape-skin1-weights-array" count="1">1</float_array>
          <technique_common>
            <accessor source="#geom-panorama_ZwriteONShape-skin1-weights-array" count="1" stride="1">
              <param name="WEIGHT" type="float"/>
            </accessor>
          </technique_common>
        </source>
        <joints>
          <input semantic="JOINT" source="#geom-panorama_ZwriteONShape-skin1-joints"/>
          <input semantic="INV_BIND_MATRIX" source="#geom-panorama_ZwriteONShape-skin1-bind_poses"/>
        </joints>
        <vertex_weights count="138">
          <input semantic="JOINT" source="#geom-panorama_ZwriteONShape-skin1-joints" offset="0"/>
          <input semantic="WEIGHT" source="#geom-panorama_ZwriteONShape-skin1-weights" offset="1"/>
          <vcount>1 1 1 1 1 1 1 1 1 1 1 1 1 1 1 1 1 1 1 1 1 1 1 1 1 1 1 1 1 1 1 1 1 1 1 1 1 1 1 1 1 1 1 1 1 1 1 1 1 1 1 1 1 1 1 1 1 1 1 1 1 1 1 1 1 1 1 1 1 1 1 1 1 1 1 1 1 1 1 1 1 1 1 1 1 1 1 1 1 1 1 1 1 1 1 1 1 1 1 1 1 1 1 1 1 1 1 1 1 1 1 1 1 1 1 1 1 1 1 1 1 1 1 1 1 1 1 1 1 1 1 1 1 1 1 1 1 1</vcount>
          <v>4 0 4 0 4 0 4 0 4 0 4 0 4 0 4 0 4 0 4 0 4 0 4 0 4 0 4 0 4 0 4 0 4 0 4 0 4 0 4 0 4 0 4 0 4 0 4 0 4 0 4 0 4 0 4 0 4 0 4 0 4 0 4 0 4 0 4 0 4 0 4 0 4 0 4 0 4 0 4 0 4 0 4 0 4 0 4 0 4 0 4 0 4 0 4 0 4 0 4 0 4 0 4 0 4 0 4 0 4 0 4 0 4 0 4 0 4 0 4 0 4 0 4 0 4 0 4 0 4 0 4 0 4 0 4 0 4 0 4 0 4 0 4 0 4 0 4 0 4 0 4 0 4 0 4 0 4 0 4 0 4 0 4 0 4 0 4 0 4 0 4 0 4 0 4 0 4 0 4 0 4 0 4 0 4 0 4 0 4 0 4 0 4 0 4 0 4 0 4 0 4 0 4 0 4 0 4 0 4 0 4 0 4 0 4 0 4 0 4 0 4 0 4 0 4 0 4 0 4 0 4 0 4 0 4 0 4 0 4 0 4 0 4 0 4 0 4 0 4 0 4 0 4 0 4 0 4 0 4 0 4 0 4 0 4 0 4 0 4 0 4 0 4 0 4 0</v>
        </vertex_weights>
      </skin>
    </controller>
    <controller id="geom-hand_alphaC_ZwriteOFFShape-skin1">
      <skin source="#geom-hand_alphaC_ZwriteOFFShape">
        <bind_shape_matrix>-1.62921e-7 -1.62921e-7 1 0 -1 2.65431e-14 -1.62921e-7 60 0 -1 -1.62921e-7 0 0 0 0 1</bind_shape_matrix>
        <source id="geom-hand_alphaC_ZwriteOFFShape-skin1-joints">
          <Name_array id="geom-hand_alphaC_ZwriteOFFShape-skin1-joints-array" count="25">joint0 joint1 joint2 joint3 joint4 joint5 joint6 joint7 joint8 joint9 joint10 joint11 joint12 joint13 joint14 joint15 joint16 joint17 joint18 joint19 joint20 joint21 joint22 joint23 joint24</Name_array>
          <technique_common>
            <accessor source="#geom-hand_alphaC_ZwriteOFFShape-skin1-joints-array" count="25" stride="1">
              <param name="JOINT" type="name"/>
            </accessor>
          </technique_common>
        </source>
        <source id="geom-hand_alphaC_ZwriteOFFShape-skin1-bind_poses">
          <float_array id="geom-hand_alphaC_ZwriteOFFShape-skin1-bind_poses-array" count="400">1 0 0 0 0 1 0 0 0 0 1 0 0 0 0 1 1 0 0 0 0 1 0 -30 0 0 1 0 0 0 0 1 1 0 0 0 0 1 0 -30 0 0 1 0 0 0 0 1 1 0 0 0 0 1 0 0 0 0 1 0 0 0 0 1 -1.19209e-7 -1 1.42109e-14 60 -1.19209e-7 1.42109e-14 -1 -8.52651e-13 1 -1.19209e-7 -1.19209e-7 7.15256e-6 0 0 0 1 -1.19209e-7 -1 1.42109e-14 50 -1.19209e-7 1.42109e-14 -1 -7.10543e-13 1 -1.19209e-7 -1.19209e-7 5.96046e-6 0 0 0 1 -1.19209e-7 -1 1.42109e-14 46.0498 -1.19209e-7 1.42109e-14 -1 2.044559 1 -1.19209e-7 -1.19209e-7 4.415347 0 0 0 1 -1.19209e-7 -1 1.42109e-14 24.9971 -1.19209e-7 1.42109e-14 -1 3.707499 1 -1.19209e-7 -1.19209e-7 5.068903 0 0 0 1 -1.19209e-7 -1 1.42109e-14 16.3021 -1.19209e-7 1.42109e-14 -1 3.707499 1 -1.19209e-7 -1.19209e-7 5.068902 0 0 0 1 -1.19209e-7 -1 1.42109e-14 10.9226 -1.19209e-7 1.42109e-14 -1 3.707499 1 -1.19209e-7 -1.19209e-7 5.068902 0 0 0 1 -1.19209e-7 -1 1.42109e-14 46.0498 -1.19209e-7 1.42109e-14 -1 2.04456 1 -1.19209e-7 -1.19209e-7 5.25646e-6 0 0 0 1 -1.19209e-7 -1 1.42109e-14 24.0194 -1.19209e-7 1.42109e-14 -1 3.70751 1 -1.19209e-7 -1.19209e-7 3.30531e-6 0 0 0 1 -1.19209e-7 -1 1.42109e-14 15.5372 -1.19209e-7 1.42109e-14 -1 3.70751 1 -1.19209e-7 -1.19209e-7 2.29415e-6 0 0 0 1 -1.19209e-7 -1 1.42109e-14 8.7003 -1.19209e-7 1.42109e-14 -1 3.70751 1 -1.19209e-7 -1.19209e-7 1.47913e-6 0 0 0 1 -1.19209e-7 -1 1.42109e-14 46.0498 -1.19209e-7 1.42109e-14 -1 2.04456 1 -1.19209e-7 -1.19209e-7 -3.773584 0 0 0 1 -1.19209e-7 -1 1.42109e-14 46.0498 -1.19209e-7 1.42109e-14 -1 2.044561 1 -1.19209e-7 -1.19209e-7 -8.062884 0 0 0 1 -1.19209e-7 -1 1.42109e-14 27.5086 -1.19209e-7 1.42109e-14 -1 3.707481 1 -1.19209e-7 -1.19209e-7 -11.2603 0 0 0 1 -1.19209e-7 -1 1.42109e-14 20.014 -1.19209e-7 1.42109e-14 -1 3.707481 1 -1.19209e-7 -1.19209e-7 -11.2603 0 0 0 1 -1.19209e-7 -1 1.42109e-14 14.6554 -1.19209e-7 1.42109e-14 -1 3.707481 1 -1.19209e-7 -1.19209e-7 -11.2603 0 0 0 1 -1.19209e-7 -1 1.42109e-14 25.3953 -1.19209e-7 1.42109e-14 -1 3.707491 1 -1.19209e-7 -1.19209e-7 -5.720657 0 0 0 1 -1.19209e-7 -1 1.42109e-14 17.2489 -1.19209e-7 1.42109e-14 -1 3.707491 1 -1.19209e-7 -1.19209e-7 -5.720658 0 0 0 1 -1.19209e-7 -1 1.42109e-14 11.1662 -1.19209e-7 1.42109e-14 -1 3.707491 1 -1.19209e-7 -1.19209e-7 -5.720658 0 0 0 1 -0.4249865 -0.8942541 -0.1403402 36.88356 0.8491521 -0.4475581 0.2804141 27.3052 -0.3135721 2.03401e-6 0.9495646 -0.485405 0 0 0 1 -0.06441978 -0.9841304 -0.1653421 33.18059 0.9509868 -0.1107573 0.2887174 16.76925 -0.3024482 -0.1386389 0.9430298 4.500727 0 0 0 1 -0.06441975 -0.9841301 -0.1653421 25.18804 0.9509868 -0.1107573 0.2887173 16.7692 -0.3024479 -0.1386389 0.9430295 4.500803 0 0 0 1</float_array>
          <technique_common>
            <accessor source="#geom-hand_alphaC_ZwriteOFFShape-skin1-bind_poses-array" count="25" stride="16">
              <param name="TRANSFORM" type="float4x4"/>
            </accessor>
          </technique_common>
        </source>
        <source id="geom-hand_alphaC_ZwriteOFFShape-skin1-weights">
          <float_array id="geom-hand_alphaC_ZwriteOFFShape-skin1-weights-array" count="1">1</float_array>
          <technique_common>
            <accessor source="#geom-hand_alphaC_ZwriteOFFShape-skin1-weights-array" count="1" stride="1">
              <param name="WEIGHT" type="float"/>
            </accessor>
          </technique_common>
        </source>
        <joints>
          <input semantic="JOINT" source="#geom-hand_alphaC_ZwriteOFFShape-skin1-joints"/>
          <input semantic="INV_BIND_MATRIX" source="#geom-hand_alphaC_ZwriteOFFShape-skin1-bind_poses"/>
        </joints>
        <vertex_weights count="156">
          <input semantic="JOINT" source="#geom-hand_alphaC_ZwriteOFFShape-skin1-joints" offset="0"/>
          <input semantic="WEIGHT" source="#geom-hand_alphaC_ZwriteOFFShape-skin1-weights" offset="1"/>
          <vcount>1 1 1 1 1 1 1 1 1 1 1 1 1 1 1 1 1 1 1 1 1 1 1 1 1 1 1 1 1 1 1 1 1 1 1 1 1 1 1 1 1 1 1 1 1 1 1 1 1 1 1 1 1 1 1 1 1 1 1 1 1 1 1 1 1 1 1 1 1 1 1 1 1 1 1 1 1 1 1 1 1 1 1 1 1 1 1 1 1 1 1 1 1 1 1 1 1 1 1 1 1 1 1 1 1 1 1 1 1 1 1 1 1 1 1 1 1 1 1 1 1 1 1 1 1 1 1 1 1 1 1 1 1 1 1 1 1 1 1 1 1 1 1 1 1 1 1 1 1 1 1 1 1 1 1 1</vcount>
          <v>4 0 4 0 4 0 4 0 4 0 4 0 4 0 4 0 4 0 4 0 4 0 4 0 4 0 4 0 4 0 4 0 4 0 4 0 4 0 4 0 4 0 4 0 4 0 4 0 4 0 4 0 4 0 4 0 4 0 4 0 4 0 4 0 4 0 4 0 4 0 4 0 4 0 4 0 4 0 4 0 4 0 4 0 4 0 4 0 4 0 4 0 4 0 4 0 4 0 4 0 4 0 4 0 4 0 4 0 4 0 4 0 4 0 4 0 4 0 4 0 4 0 4 0 4 0 4 0 4 0 4 0 4 0 4 0 4 0 4 0 4 0 4 0 4 0 4 0 4 0 4 0 4 0 4 0 4 0 4 0 4 0 4 0 4 0 4 0 4 0 4 0 4 0 4 0 4 0 4 0 4 0 4 0 4 0 4 0 4 0 4 0 4 0 4 0 4 0 4 0 4 0 4 0 4 0 4 0 4 0 4 0 4 0 4 0 4 0 4 0 4 0 4 0 4 0 4 0 4 0 4 0 4 0 4 0 4 0 4 0 4 0 4 0 4 0 4 0 4 0 4 0 4 0 4 0 4 0 4 0 4 0 4 0 4 0 4 0 4 0 4 0 4 0 4 0 4 0 4 0 4 0 4 0 4 0 4 0 4 0 4 0 4 0 4 0 4 0 4 0 4 0 4 0 4 0 4 0 4 0 4 0</v>
        </vertex_weights>
      </skin>
    </controller>
    <controller id="geom-hand_alphaC_ZwriteONShape-skin1">
      <skin source="#geom-hand_alphaC_ZwriteONShape">
        <bind_shape_matrix>-1.62921e-7 -1.62921e-7 1 0 -1 2.65431e-14 -1.62921e-7 60 0 -1 -1.62921e-7 0 0 0 0 1</bind_shape_matrix>
        <source id="geom-hand_alphaC_ZwriteONShape-skin1-joints">
          <Name_array id="geom-hand_alphaC_ZwriteONShape-skin1-joints-array" count="25">joint0 joint1 joint2 joint3 joint4 joint5 joint6 joint7 joint8 joint9 joint10 joint11 joint12 joint13 joint14 joint15 joint16 joint17 joint18 joint19 joint20 joint21 joint22 joint23 joint24</Name_array>
          <technique_common>
            <accessor source="#geom-hand_alphaC_ZwriteONShape-skin1-joints-array" count="25" stride="1">
              <param name="JOINT" type="name"/>
            </accessor>
          </technique_common>
        </source>
        <source id="geom-hand_alphaC_ZwriteONShape-skin1-bind_poses">
          <float_array id="geom-hand_alphaC_ZwriteONShape-skin1-bind_poses-array" count="400">1 0 0 0 0 1 0 0 0 0 1 0 0 0 0 1 1 0 0 0 0 1 0 -30 0 0 1 0 0 0 0 1 1 0 0 0 0 1 0 -30 0 0 1 0 0 0 0 1 1 0 0 0 0 1 0 0 0 0 1 0 0 0 0 1 -1.19209e-7 -1 1.42109e-14 60 -1.19209e-7 1.42109e-14 -1 -8.52651e-13 1 -1.19209e-7 -1.19209e-7 7.15256e-6 0 0 0 1 -1.19209e-7 -1 1.42109e-14 50 -1.19209e-7 1.42109e-14 -1 -7.10543e-13 1 -1.19209e-7 -1.19209e-7 5.96046e-6 0 0 0 1 -1.19209e-7 -1 1.42109e-14 46.0498 -1.19209e-7 1.42109e-14 -1 2.044559 1 -1.19209e-7 -1.19209e-7 4.415347 0 0 0 1 -1.19209e-7 -1 1.42109e-14 24.9971 -1.19209e-7 1.42109e-14 -1 3.707499 1 -1.19209e-7 -1.19209e-7 5.068903 0 0 0 1 -1.19209e-7 -1 1.42109e-14 16.3021 -1.19209e-7 1.42109e-14 -1 3.707499 1 -1.19209e-7 -1.19209e-7 5.068902 0 0 0 1 -1.19209e-7 -1 1.42109e-14 10.9226 -1.19209e-7 1.42109e-14 -1 3.707499 1 -1.19209e-7 -1.19209e-7 5.068902 0 0 0 1 -1.19209e-7 -1 1.42109e-14 46.0498 -1.19209e-7 1.42109e-14 -1 2.04456 1 -1.19209e-7 -1.19209e-7 5.25646e-6 0 0 0 1 -1.19209e-7 -1 1.42109e-14 24.0194 -1.19209e-7 1.42109e-14 -1 3.70751 1 -1.19209e-7 -1.19209e-7 3.30531e-6 0 0 0 1 -1.19209e-7 -1 1.42109e-14 15.5372 -1.19209e-7 1.42109e-14 -1 3.70751 1 -1.19209e-7 -1.19209e-7 2.29415e-6 0 0 0 1 -1.19209e-7 -1 1.42109e-14 8.7003 -1.19209e-7 1.42109e-14 -1 3.70751 1 -1.19209e-7 -1.19209e-7 1.47913e-6 0 0 0 1 -1.19209e-7 -1 1.42109e-14 46.0498 -1.19209e-7 1.42109e-14 -1 2.04456 1 -1.19209e-7 -1.19209e-7 -3.773584 0 0 0 1 -1.19209e-7 -1 1.42109e-14 46.0498 -1.19209e-7 1.42109e-14 -1 2.044561 1 -1.19209e-7 -1.19209e-7 -8.062884 0 0 0 1 -1.19209e-7 -1 1.42109e-14 27.5086 -1.19209e-7 1.42109e-14 -1 3.707481 1 -1.19209e-7 -1.19209e-7 -11.2603 0 0 0 1 -1.19209e-7 -1 1.42109e-14 20.014 -1.19209e-7 1.42109e-14 -1 3.707481 1 -1.19209e-7 -1.19209e-7 -11.2603 0 0 0 1 -1.19209e-7 -1 1.42109e-14 14.6554 -1.19209e-7 1.42109e-14 -1 3.707481 1 -1.19209e-7 -1.19209e-7 -11.2603 0 0 0 1 -1.19209e-7 -1 1.42109e-14 25.3953 -1.19209e-7 1.42109e-14 -1 3.707491 1 -1.19209e-7 -1.19209e-7 -5.720657 0 0 0 1 -1.19209e-7 -1 1.42109e-14 17.2489 -1.19209e-7 1.42109e-14 -1 3.707491 1 -1.19209e-7 -1.19209e-7 -5.720658 0 0 0 1 -1.19209e-7 -1 1.42109e-14 11.1662 -1.19209e-7 1.42109e-14 -1 3.707491 1 -1.19209e-7 -1.19209e-7 -5.720658 0 0 0 1 -0.4249865 -0.8942541 -0.1403402 36.88356 0.8491521 -0.4475581 0.2804141 27.3052 -0.3135721 2.03401e-6 0.9495646 -0.485405 0 0 0 1 -0.06441978 -0.9841304 -0.1653421 33.18059 0.9509868 -0.1107573 0.2887174 16.76925 -0.3024482 -0.1386389 0.9430298 4.500727 0 0 0 1 -0.06441975 -0.9841301 -0.1653421 25.18804 0.9509868 -0.1107573 0.2887173 16.7692 -0.3024479 -0.1386389 0.9430295 4.500803 0 0 0 1</float_array>
          <technique_common>
            <accessor source="#geom-hand_alphaC_ZwriteONShape-skin1-bind_poses-array" count="25" stride="16">
              <param name="TRANSFORM" type="float4x4"/>
            </accessor>
          </technique_common>
        </source>
        <source id="geom-hand_alphaC_ZwriteONShape-skin1-weights">
          <float_array id="geom-hand_alphaC_ZwriteONShape-skin1-weights-array" count="1">1</float_array>
          <technique_common>
            <accessor source="#geom-hand_alphaC_ZwriteONShape-skin1-weights-array" count="1" stride="1">
              <param name="WEIGHT" type="float"/>
            </accessor>
          </technique_common>
        </source>
        <joints>
          <input semantic="JOINT" source="#geom-hand_alphaC_ZwriteONShape-skin1-joints"/>
          <input semantic="INV_BIND_MATRIX" source="#geom-hand_alphaC_ZwriteONShape-skin1-bind_poses"/>
        </joints>
        <vertex_weights count="156">
          <input semantic="JOINT" source="#geom-hand_alphaC_ZwriteONShape-skin1-joints" offset="0"/>
          <input semantic="WEIGHT" source="#geom-hand_alphaC_ZwriteONShape-skin1-weights" offset="1"/>
          <vcount>1 1 1 1 1 1 1 1 1 1 1 1 1 1 1 1 1 1 1 1 1 1 1 1 1 1 1 1 1 1 1 1 1 1 1 1 1 1 1 1 1 1 1 1 1 1 1 1 1 1 1 1 1 1 1 1 1 1 1 1 1 1 1 1 1 1 1 1 1 1 1 1 1 1 1 1 1 1 1 1 1 1 1 1 1 1 1 1 1 1 1 1 1 1 1 1 1 1 1 1 1 1 1 1 1 1 1 1 1 1 1 1 1 1 1 1 1 1 1 1 1 1 1 1 1 1 1 1 1 1 1 1 1 1 1 1 1 1 1 1 1 1 1 1 1 1 1 1 1 1 1 1 1 1 1 1</vcount>
          <v>4 0 4 0 4 0 4 0 4 0 4 0 4 0 4 0 4 0 4 0 4 0 4 0 4 0 4 0 4 0 4 0 4 0 4 0 4 0 4 0 4 0 4 0 4 0 4 0 4 0 4 0 4 0 4 0 4 0 4 0 4 0 4 0 4 0 4 0 4 0 4 0 4 0 4 0 4 0 4 0 4 0 4 0 4 0 4 0 4 0 4 0 4 0 4 0 4 0 4 0 4 0 4 0 4 0 4 0 4 0 4 0 4 0 4 0 4 0 4 0 4 0 4 0 4 0 4 0 4 0 4 0 4 0 4 0 4 0 4 0 4 0 4 0 4 0 4 0 4 0 4 0 4 0 4 0 4 0 4 0 4 0 4 0 4 0 4 0 4 0 4 0 4 0 4 0 4 0 4 0 4 0 4 0 4 0 4 0 4 0 4 0 4 0 4 0 4 0 4 0 4 0 4 0 4 0 4 0 4 0 4 0 4 0 4 0 4 0 4 0 4 0 4 0 4 0 4 0 4 0 4 0 4 0 4 0 4 0 4 0 4 0 4 0 4 0 4 0 4 0 4 0 4 0 4 0 4 0 4 0 4 0 4 0 4 0 4 0 4 0 4 0 4 0 4 0 4 0 4 0 4 0 4 0 4 0 4 0 4 0 4 0 4 0 4 0 4 0 4 0 4 0 4 0 4 0 4 0 4 0 4 0</v>
        </vertex_weights>
      </skin>
    </controller>
    <controller id="geom-hand_alphaB_ZwriteOFFShape-skin1">
      <skin source="#geom-hand_alphaB_ZwriteOFFShape">
        <bind_shape_matrix>-1.62921e-7 -1.62921e-7 1 0 -1 2.65431e-14 -1.62921e-7 60 0 -1 -1.62921e-7 0 0 0 0 1</bind_shape_matrix>
        <source id="geom-hand_alphaB_ZwriteOFFShape-skin1-joints">
          <Name_array id="geom-hand_alphaB_ZwriteOFFShape-skin1-joints-array" count="25">joint0 joint1 joint2 joint3 joint4 joint5 joint6 joint7 joint8 joint9 joint10 joint11 joint12 joint13 joint14 joint15 joint16 joint17 joint18 joint19 joint20 joint21 joint22 joint23 joint24</Name_array>
          <technique_common>
            <accessor source="#geom-hand_alphaB_ZwriteOFFShape-skin1-joints-array" count="25" stride="1">
              <param name="JOINT" type="name"/>
            </accessor>
          </technique_common>
        </source>
        <source id="geom-hand_alphaB_ZwriteOFFShape-skin1-bind_poses">
          <float_array id="geom-hand_alphaB_ZwriteOFFShape-skin1-bind_poses-array" count="400">1 0 0 0 0 1 0 0 0 0 1 0 0 0 0 1 1 0 0 0 0 1 0 -30 0 0 1 0 0 0 0 1 1 0 0 0 0 1 0 -30 0 0 1 0 0 0 0 1 1 0 0 0 0 1 0 0 0 0 1 0 0 0 0 1 -1.19209e-7 -1 1.42109e-14 60 -1.19209e-7 1.42109e-14 -1 -8.52651e-13 1 -1.19209e-7 -1.19209e-7 7.15256e-6 0 0 0 1 -1.19209e-7 -1 1.42109e-14 50 -1.19209e-7 1.42109e-14 -1 -7.10543e-13 1 -1.19209e-7 -1.19209e-7 5.96046e-6 0 0 0 1 -1.19209e-7 -1 1.42109e-14 46.0498 -1.19209e-7 1.42109e-14 -1 2.044559 1 -1.19209e-7 -1.19209e-7 4.415347 0 0 0 1 -1.19209e-7 -1 1.42109e-14 24.9971 -1.19209e-7 1.42109e-14 -1 3.707499 1 -1.19209e-7 -1.19209e-7 5.068903 0 0 0 1 -1.19209e-7 -1 1.42109e-14 16.3021 -1.19209e-7 1.42109e-14 -1 3.707499 1 -1.19209e-7 -1.19209e-7 5.068902 0 0 0 1 -1.19209e-7 -1 1.42109e-14 10.9226 -1.19209e-7 1.42109e-14 -1 3.707499 1 -1.19209e-7 -1.19209e-7 5.068902 0 0 0 1 -1.19209e-7 -1 1.42109e-14 46.0498 -1.19209e-7 1.42109e-14 -1 2.04456 1 -1.19209e-7 -1.19209e-7 5.25646e-6 0 0 0 1 -1.19209e-7 -1 1.42109e-14 24.0194 -1.19209e-7 1.42109e-14 -1 3.70751 1 -1.19209e-7 -1.19209e-7 3.30531e-6 0 0 0 1 -1.19209e-7 -1 1.42109e-14 15.5372 -1.19209e-7 1.42109e-14 -1 3.70751 1 -1.19209e-7 -1.19209e-7 2.29415e-6 0 0 0 1 -1.19209e-7 -1 1.42109e-14 8.7003 -1.19209e-7 1.42109e-14 -1 3.70751 1 -1.19209e-7 -1.19209e-7 1.47913e-6 0 0 0 1 -1.19209e-7 -1 1.42109e-14 46.0498 -1.19209e-7 1.42109e-14 -1 2.04456 1 -1.19209e-7 -1.19209e-7 -3.773584 0 0 0 1 -1.19209e-7 -1 1.42109e-14 46.0498 -1.19209e-7 1.42109e-14 -1 2.044561 1 -1.19209e-7 -1.19209e-7 -8.062884 0 0 0 1 -1.19209e-7 -1 1.42109e-14 27.5086 -1.19209e-7 1.42109e-14 -1 3.707481 1 -1.19209e-7 -1.19209e-7 -11.2603 0 0 0 1 -1.19209e-7 -1 1.42109e-14 20.014 -1.19209e-7 1.42109e-14 -1 3.707481 1 -1.19209e-7 -1.19209e-7 -11.2603 0 0 0 1 -1.19209e-7 -1 1.42109e-14 14.6554 -1.19209e-7 1.42109e-14 -1 3.707481 1 -1.19209e-7 -1.19209e-7 -11.2603 0 0 0 1 -1.19209e-7 -1 1.42109e-14 25.3953 -1.19209e-7 1.42109e-14 -1 3.707491 1 -1.19209e-7 -1.19209e-7 -5.720657 0 0 0 1 -1.19209e-7 -1 1.42109e-14 17.2489 -1.19209e-7 1.42109e-14 -1 3.707491 1 -1.19209e-7 -1.19209e-7 -5.720658 0 0 0 1 -1.19209e-7 -1 1.42109e-14 11.1662 -1.19209e-7 1.42109e-14 -1 3.707491 1 -1.19209e-7 -1.19209e-7 -5.720658 0 0 0 1 -0.4249865 -0.8942541 -0.1403402 36.88356 0.8491521 -0.4475581 0.2804141 27.3052 -0.3135721 2.03401e-6 0.9495646 -0.485405 0 0 0 1 -0.06441978 -0.9841304 -0.1653421 33.18059 0.9509868 -0.1107573 0.2887174 16.76925 -0.3024482 -0.1386389 0.9430298 4.500727 0 0 0 1 -0.06441975 -0.9841301 -0.1653421 25.18804 0.9509868 -0.1107573 0.2887173 16.7692 -0.3024479 -0.1386389 0.9430295 4.500803 0 0 0 1</float_array>
          <technique_common>
            <accessor source="#geom-hand_alphaB_ZwriteOFFShape-skin1-bind_poses-array" count="25" stride="16">
              <param name="TRANSFORM" type="float4x4"/>
            </accessor>
          </technique_common>
        </source>
        <source id="geom-hand_alphaB_ZwriteOFFShape-skin1-weights">
          <float_array id="geom-hand_alphaB_ZwriteOFFShape-skin1-weights-array" count="1">1</float_array>
          <technique_common>
            <accessor source="#geom-hand_alphaB_ZwriteOFFShape-skin1-weights-array" count="1" stride="1">
              <param name="WEIGHT" type="float"/>
            </accessor>
          </technique_common>
        </source>
        <joints>
          <input semantic="JOINT" source="#geom-hand_alphaB_ZwriteOFFShape-skin1-joints"/>
          <input semantic="INV_BIND_MATRIX" source="#geom-hand_alphaB_ZwriteOFFShape-skin1-bind_poses"/>
        </joints>
        <vertex_weights count="156">
          <input semantic="JOINT" source="#geom-hand_alphaB_ZwriteOFFShape-skin1-joints" offset="0"/>
          <input semantic="WEIGHT" source="#geom-hand_alphaB_ZwriteOFFShape-skin1-weights" offset="1"/>
          <vcount>1 1 1 1 1 1 1 1 1 1 1 1 1 1 1 1 1 1 1 1 1 1 1 1 1 1 1 1 1 1 1 1 1 1 1 1 1 1 1 1 1 1 1 1 1 1 1 1 1 1 1 1 1 1 1 1 1 1 1 1 1 1 1 1 1 1 1 1 1 1 1 1 1 1 1 1 1 1 1 1 1 1 1 1 1 1 1 1 1 1 1 1 1 1 1 1 1 1 1 1 1 1 1 1 1 1 1 1 1 1 1 1 1 1 1 1 1 1 1 1 1 1 1 1 1 1 1 1 1 1 1 1 1 1 1 1 1 1 1 1 1 1 1 1 1 1 1 1 1 1 1 1 1 1 1 1</vcount>
          <v>4 0 4 0 4 0 4 0 4 0 4 0 4 0 4 0 4 0 4 0 4 0 4 0 4 0 4 0 4 0 4 0 4 0 4 0 4 0 4 0 4 0 4 0 4 0 4 0 4 0 4 0 4 0 4 0 4 0 4 0 4 0 4 0 4 0 4 0 4 0 4 0 4 0 4 0 4 0 4 0 4 0 4 0 4 0 4 0 4 0 4 0 4 0 4 0 4 0 4 0 4 0 4 0 4 0 4 0 4 0 4 0 4 0 4 0 4 0 4 0 4 0 4 0 4 0 4 0 4 0 4 0 4 0 4 0 4 0 4 0 4 0 4 0 4 0 4 0 4 0 4 0 4 0 4 0 4 0 4 0 4 0 4 0 4 0 4 0 4 0 4 0 4 0 4 0 4 0 4 0 4 0 4 0 4 0 4 0 4 0 4 0 4 0 4 0 4 0 4 0 4 0 4 0 4 0 4 0 4 0 4 0 4 0 4 0 4 0 4 0 4 0 4 0 4 0 4 0 4 0 4 0 4 0 4 0 4 0 4 0 4 0 4 0 4 0 4 0 4 0 4 0 4 0 4 0 4 0 4 0 4 0 4 0 4 0 4 0 4 0 4 0 4 0 4 0 4 0 4 0 4 0 4 0 4 0 4 0 4 0 4 0 4 0 4 0 4 0 4 0 4 0 4 0 4 0 4 0 4 0 4 0</v>
        </vertex_weights>
      </skin>
    </controller>
    <controller id="geom-hand_alphaB_ZwriteONShape-skin1">
      <skin source="#geom-hand_alphaB_ZwriteONShape">
        <bind_shape_matrix>-1.62921e-7 -1.62921e-7 1 0 -1 2.65431e-14 -1.62921e-7 60 0 -1 -1.62921e-7 0 0 0 0 1</bind_shape_matrix>
        <source id="geom-hand_alphaB_ZwriteONShape-skin1-joints">
          <Name_array id="geom-hand_alphaB_ZwriteONShape-skin1-joints-array" count="25">joint0 joint1 joint2 joint3 joint4 joint5 joint6 joint7 joint8 joint9 joint10 joint11 joint12 joint13 joint14 joint15 joint16 joint17 joint18 joint19 joint20 joint21 joint22 joint23 joint24</Name_array>
          <technique_common>
            <accessor source="#geom-hand_alphaB_ZwriteONShape-skin1-joints-array" count="25" stride="1">
              <param name="JOINT" type="name"/>
            </accessor>
          </technique_common>
        </source>
        <source id="geom-hand_alphaB_ZwriteONShape-skin1-bind_poses">
          <float_array id="geom-hand_alphaB_ZwriteONShape-skin1-bind_poses-array" count="400">1 0 0 0 0 1 0 0 0 0 1 0 0 0 0 1 1 0 0 0 0 1 0 -30 0 0 1 0 0 0 0 1 1 0 0 0 0 1 0 -30 0 0 1 0 0 0 0 1 1 0 0 0 0 1 0 0 0 0 1 0 0 0 0 1 -1.19209e-7 -1 1.42109e-14 60 -1.19209e-7 1.42109e-14 -1 -8.52651e-13 1 -1.19209e-7 -1.19209e-7 7.15256e-6 0 0 0 1 -1.19209e-7 -1 1.42109e-14 50 -1.19209e-7 1.42109e-14 -1 -7.10543e-13 1 -1.19209e-7 -1.19209e-7 5.96046e-6 0 0 0 1 -1.19209e-7 -1 1.42109e-14 46.0498 -1.19209e-7 1.42109e-14 -1 2.044559 1 -1.19209e-7 -1.19209e-7 4.415347 0 0 0 1 -1.19209e-7 -1 1.42109e-14 24.9971 -1.19209e-7 1.42109e-14 -1 3.707499 1 -1.19209e-7 -1.19209e-7 5.068903 0 0 0 1 -1.19209e-7 -1 1.42109e-14 16.3021 -1.19209e-7 1.42109e-14 -1 3.707499 1 -1.19209e-7 -1.19209e-7 5.068902 0 0 0 1 -1.19209e-7 -1 1.42109e-14 10.9226 -1.19209e-7 1.42109e-14 -1 3.707499 1 -1.19209e-7 -1.19209e-7 5.068902 0 0 0 1 -1.19209e-7 -1 1.42109e-14 46.0498 -1.19209e-7 1.42109e-14 -1 2.04456 1 -1.19209e-7 -1.19209e-7 5.25646e-6 0 0 0 1 -1.19209e-7 -1 1.42109e-14 24.0194 -1.19209e-7 1.42109e-14 -1 3.70751 1 -1.19209e-7 -1.19209e-7 3.30531e-6 0 0 0 1 -1.19209e-7 -1 1.42109e-14 15.5372 -1.19209e-7 1.42109e-14 -1 3.70751 1 -1.19209e-7 -1.19209e-7 2.29415e-6 0 0 0 1 -1.19209e-7 -1 1.42109e-14 8.7003 -1.19209e-7 1.42109e-14 -1 3.70751 1 -1.19209e-7 -1.19209e-7 1.47913e-6 0 0 0 1 -1.19209e-7 -1 1.42109e-14 46.0498 -1.19209e-7 1.42109e-14 -1 2.04456 1 -1.19209e-7 -1.19209e-7 -3.773584 0 0 0 1 -1.19209e-7 -1 1.42109e-14 46.0498 -1.19209e-7 1.42109e-14 -1 2.044561 1 -1.19209e-7 -1.19209e-7 -8.062884 0 0 0 1 -1.19209e-7 -1 1.42109e-14 27.5086 -1.19209e-7 1.42109e-14 -1 3.707481 1 -1.19209e-7 -1.19209e-7 -11.2603 0 0 0 1 -1.19209e-7 -1 1.42109e-14 20.014 -1.19209e-7 1.42109e-14 -1 3.707481 1 -1.19209e-7 -1.19209e-7 -11.2603 0 0 0 1 -1.19209e-7 -1 1.42109e-14 14.6554 -1.19209e-7 1.42109e-14 -1 3.707481 1 -1.19209e-7 -1.19209e-7 -11.2603 0 0 0 1 -1.19209e-7 -1 1.42109e-14 25.3953 -1.19209e-7 1.42109e-14 -1 3.707491 1 -1.19209e-7 -1.19209e-7 -5.720657 0 0 0 1 -1.19209e-7 -1 1.42109e-14 17.2489 -1.19209e-7 1.42109e-14 -1 3.707491 1 -1.19209e-7 -1.19209e-7 -5.720658 0 0 0 1 -1.19209e-7 -1 1.42109e-14 11.1662 -1.19209e-7 1.42109e-14 -1 3.707491 1 -1.19209e-7 -1.19209e-7 -5.720658 0 0 0 1 -0.4249865 -0.8942541 -0.1403402 36.88356 0.8491521 -0.4475581 0.2804141 27.3052 -0.3135721 2.03401e-6 0.9495646 -0.485405 0 0 0 1 -0.06441978 -0.9841304 -0.1653421 33.18059 0.9509868 -0.1107573 0.2887174 16.76925 -0.3024482 -0.1386389 0.9430298 4.500727 0 0 0 1 -0.06441975 -0.9841301 -0.1653421 25.18804 0.9509868 -0.1107573 0.2887173 16.7692 -0.3024479 -0.1386389 0.9430295 4.500803 0 0 0 1</float_array>
          <technique_common>
            <accessor source="#geom-hand_alphaB_ZwriteONShape-skin1-bind_poses-array" count="25" stride="16">
              <param name="TRANSFORM" type="float4x4"/>
            </accessor>
          </technique_common>
        </source>
        <source id="geom-hand_alphaB_ZwriteONShape-skin1-weights">
          <float_array id="geom-hand_alphaB_ZwriteONShape-skin1-weights-array" count="1">1</float_array>
          <technique_common>
            <accessor source="#geom-hand_alphaB_ZwriteONShape-skin1-weights-array" count="1" stride="1">
              <param name="WEIGHT" type="float"/>
            </accessor>
          </technique_common>
        </source>
        <joints>
          <input semantic="JOINT" source="#geom-hand_alphaB_ZwriteONShape-skin1-joints"/>
          <input semantic="INV_BIND_MATRIX" source="#geom-hand_alphaB_ZwriteONShape-skin1-bind_poses"/>
        </joints>
        <vertex_weights count="156">
          <input semantic="JOINT" source="#geom-hand_alphaB_ZwriteONShape-skin1-joints" offset="0"/>
          <input semantic="WEIGHT" source="#geom-hand_alphaB_ZwriteONShape-skin1-weights" offset="1"/>
          <vcount>1 1 1 1 1 1 1 1 1 1 1 1 1 1 1 1 1 1 1 1 1 1 1 1 1 1 1 1 1 1 1 1 1 1 1 1 1 1 1 1 1 1 1 1 1 1 1 1 1 1 1 1 1 1 1 1 1 1 1 1 1 1 1 1 1 1 1 1 1 1 1 1 1 1 1 1 1 1 1 1 1 1 1 1 1 1 1 1 1 1 1 1 1 1 1 1 1 1 1 1 1 1 1 1 1 1 1 1 1 1 1 1 1 1 1 1 1 1 1 1 1 1 1 1 1 1 1 1 1 1 1 1 1 1 1 1 1 1 1 1 1 1 1 1 1 1 1 1 1 1 1 1 1 1 1 1</vcount>
          <v>4 0 4 0 4 0 4 0 4 0 4 0 4 0 4 0 4 0 4 0 4 0 4 0 4 0 4 0 4 0 4 0 4 0 4 0 4 0 4 0 4 0 4 0 4 0 4 0 4 0 4 0 4 0 4 0 4 0 4 0 4 0 4 0 4 0 4 0 4 0 4 0 4 0 4 0 4 0 4 0 4 0 4 0 4 0 4 0 4 0 4 0 4 0 4 0 4 0 4 0 4 0 4 0 4 0 4 0 4 0 4 0 4 0 4 0 4 0 4 0 4 0 4 0 4 0 4 0 4 0 4 0 4 0 4 0 4 0 4 0 4 0 4 0 4 0 4 0 4 0 4 0 4 0 4 0 4 0 4 0 4 0 4 0 4 0 4 0 4 0 4 0 4 0 4 0 4 0 4 0 4 0 4 0 4 0 4 0 4 0 4 0 4 0 4 0 4 0 4 0 4 0 4 0 4 0 4 0 4 0 4 0 4 0 4 0 4 0 4 0 4 0 4 0 4 0 4 0 4 0 4 0 4 0 4 0 4 0 4 0 4 0 4 0 4 0 4 0 4 0 4 0 4 0 4 0 4 0 4 0 4 0 4 0 4 0 4 0 4 0 4 0 4 0 4 0 4 0 4 0 4 0 4 0 4 0 4 0 4 0 4 0 4 0 4 0 4 0 4 0 4 0 4 0 4 0 4 0 4 0 4 0</v>
        </vertex_weights>
      </skin>
    </controller>
    <controller id="geom-hand_alphaA_ZwriteOFFShape-skin1">
      <skin source="#geom-hand_alphaA_ZwriteOFFShape">
        <bind_shape_matrix>-1.62921e-7 -1.62921e-7 1 0 -1 2.65431e-14 -1.62921e-7 60 0 -1 -1.62921e-7 0 0 0 0 1</bind_shape_matrix>
        <source id="geom-hand_alphaA_ZwriteOFFShape-skin1-joints">
          <Name_array id="geom-hand_alphaA_ZwriteOFFShape-skin1-joints-array" count="25">joint0 joint1 joint2 joint3 joint4 joint5 joint6 joint7 joint8 joint9 joint10 joint11 joint12 joint13 joint14 joint15 joint16 joint17 joint18 joint19 joint20 joint21 joint22 joint23 joint24</Name_array>
          <technique_common>
            <accessor source="#geom-hand_alphaA_ZwriteOFFShape-skin1-joints-array" count="25" stride="1">
              <param name="JOINT" type="name"/>
            </accessor>
          </technique_common>
        </source>
        <source id="geom-hand_alphaA_ZwriteOFFShape-skin1-bind_poses">
          <float_array id="geom-hand_alphaA_ZwriteOFFShape-skin1-bind_poses-array" count="400">1 0 0 0 0 1 0 0 0 0 1 0 0 0 0 1 1 0 0 0 0 1 0 -30 0 0 1 0 0 0 0 1 1 0 0 0 0 1 0 -30 0 0 1 0 0 0 0 1 1 0 0 0 0 1 0 0 0 0 1 0 0 0 0 1 -1.19209e-7 -1 1.42109e-14 60 -1.19209e-7 1.42109e-14 -1 -8.52651e-13 1 -1.19209e-7 -1.19209e-7 7.15256e-6 0 0 0 1 -1.19209e-7 -1 1.42109e-14 50 -1.19209e-7 1.42109e-14 -1 -7.10543e-13 1 -1.19209e-7 -1.19209e-7 5.96046e-6 0 0 0 1 -1.19209e-7 -1 1.42109e-14 46.0498 -1.19209e-7 1.42109e-14 -1 2.044559 1 -1.19209e-7 -1.19209e-7 4.415347 0 0 0 1 -1.19209e-7 -1 1.42109e-14 24.9971 -1.19209e-7 1.42109e-14 -1 3.707499 1 -1.19209e-7 -1.19209e-7 5.068903 0 0 0 1 -1.19209e-7 -1 1.42109e-14 16.3021 -1.19209e-7 1.42109e-14 -1 3.707499 1 -1.19209e-7 -1.19209e-7 5.068902 0 0 0 1 -1.19209e-7 -1 1.42109e-14 10.9226 -1.19209e-7 1.42109e-14 -1 3.707499 1 -1.19209e-7 -1.19209e-7 5.068902 0 0 0 1 -1.19209e-7 -1 1.42109e-14 46.0498 -1.19209e-7 1.42109e-14 -1 2.04456 1 -1.19209e-7 -1.19209e-7 5.25646e-6 0 0 0 1 -1.19209e-7 -1 1.42109e-14 24.0194 -1.19209e-7 1.42109e-14 -1 3.70751 1 -1.19209e-7 -1.19209e-7 3.30531e-6 0 0 0 1 -1.19209e-7 -1 1.42109e-14 15.5372 -1.19209e-7 1.42109e-14 -1 3.70751 1 -1.19209e-7 -1.19209e-7 2.29415e-6 0 0 0 1 -1.19209e-7 -1 1.42109e-14 8.7003 -1.19209e-7 1.42109e-14 -1 3.70751 1 -1.19209e-7 -1.19209e-7 1.47913e-6 0 0 0 1 -1.19209e-7 -1 1.42109e-14 46.0498 -1.19209e-7 1.42109e-14 -1 2.04456 1 -1.19209e-7 -1.19209e-7 -3.773584 0 0 0 1 -1.19209e-7 -1 1.42109e-14 46.0498 -1.19209e-7 1.42109e-14 -1 2.044561 1 -1.19209e-7 -1.19209e-7 -8.062884 0 0 0 1 -1.19209e-7 -1 1.42109e-14 27.5086 -1.19209e-7 1.42109e-14 -1 3.707481 1 -1.19209e-7 -1.19209e-7 -11.2603 0 0 0 1 -1.19209e-7 -1 1.42109e-14 20.014 -1.19209e-7 1.42109e-14 -1 3.707481 1 -1.19209e-7 -1.19209e-7 -11.2603 0 0 0 1 -1.19209e-7 -1 1.42109e-14 14.6554 -1.19209e-7 1.42109e-14 -1 3.707481 1 -1.19209e-7 -1.19209e-7 -11.2603 0 0 0 1 -1.19209e-7 -1 1.42109e-14 25.3953 -1.19209e-7 1.42109e-14 -1 3.707491 1 -1.19209e-7 -1.19209e-7 -5.720657 0 0 0 1 -1.19209e-7 -1 1.42109e-14 17.2489 -1.19209e-7 1.42109e-14 -1 3.707491 1 -1.19209e-7 -1.19209e-7 -5.720658 0 0 0 1 -1.19209e-7 -1 1.42109e-14 11.1662 -1.19209e-7 1.42109e-14 -1 3.707491 1 -1.19209e-7 -1.19209e-7 -5.720658 0 0 0 1 -0.4249865 -0.8942541 -0.1403402 36.88356 0.8491521 -0.4475581 0.2804141 27.3052 -0.3135721 2.03401e-6 0.9495646 -0.485405 0 0 0 1 -0.06441978 -0.9841304 -0.1653421 33.18059 0.9509868 -0.1107573 0.2887174 16.76925 -0.3024482 -0.1386389 0.9430298 4.500727 0 0 0 1 -0.06441975 -0.9841301 -0.1653421 25.18804 0.9509868 -0.1107573 0.2887173 16.7692 -0.3024479 -0.1386389 0.9430295 4.500803 0 0 0 1</float_array>
          <technique_common>
            <accessor source="#geom-hand_alphaA_ZwriteOFFShape-skin1-bind_poses-array" count="25" stride="16">
              <param name="TRANSFORM" type="float4x4"/>
            </accessor>
          </technique_common>
        </source>
        <source id="geom-hand_alphaA_ZwriteOFFShape-skin1-weights">
          <float_array id="geom-hand_alphaA_ZwriteOFFShape-skin1-weights-array" count="1">1</float_array>
          <technique_common>
            <accessor source="#geom-hand_alphaA_ZwriteOFFShape-skin1-weights-array" count="1" stride="1">
              <param name="WEIGHT" type="float"/>
            </accessor>
          </technique_common>
        </source>
        <joints>
          <input semantic="JOINT" source="#geom-hand_alphaA_ZwriteOFFShape-skin1-joints"/>
          <input semantic="INV_BIND_MATRIX" source="#geom-hand_alphaA_ZwriteOFFShape-skin1-bind_poses"/>
        </joints>
        <vertex_weights count="128">
          <input semantic="JOINT" source="#geom-hand_alphaA_ZwriteOFFShape-skin1-joints" offset="0"/>
          <input semantic="WEIGHT" source="#geom-hand_alphaA_ZwriteOFFShape-skin1-weights" offset="1"/>
          <vcount>1 1 1 1 1 1 1 1 1 1 1 1 1 1 1 1 1 1 1 1 1 1 1 1 1 1 1 1 1 1 1 1 1 1 1 1 1 1 1 1 1 1 1 1 1 1 1 1 1 1 1 1 1 1 1 1 1 1 1 1 1 1 1 1 1 1 1 1 1 1 1 1 1 1 1 1 1 1 1 1 1 1 1 1 1 1 1 1 1 1 1 1 1 1 1 1 1 1 1 1 1 1 1 1 1 1 1 1 1 1 1 1 1 1 1 1 1 1 1 1 1 1 1 1 1 1 1 1</vcount>
          <v>4 0 4 0 4 0 4 0 4 0 4 0 4 0 4 0 4 0 4 0 4 0 4 0 4 0 4 0 4 0 4 0 4 0 4 0 4 0 4 0 4 0 4 0 4 0 4 0 4 0 4 0 4 0 4 0 4 0 4 0 4 0 4 0 4 0 4 0 4 0 4 0 4 0 4 0 4 0 4 0 4 0 4 0 4 0 4 0 4 0 4 0 4 0 4 0 4 0 4 0 4 0 4 0 4 0 4 0 4 0 4 0 4 0 4 0 4 0 4 0 4 0 4 0 4 0 4 0 4 0 4 0 4 0 4 0 4 0 4 0 4 0 4 0 4 0 4 0 4 0 4 0 4 0 4 0 4 0 4 0 4 0 4 0 4 0 4 0 4 0 4 0 4 0 4 0 4 0 4 0 4 0 4 0 4 0 4 0 4 0 4 0 4 0 4 0 4 0 4 0 4 0 4 0 4 0 4 0 4 0 4 0 4 0 4 0 4 0 4 0 4 0 4 0 4 0 4 0 4 0 4 0 4 0 4 0 4 0 4 0 4 0 4 0 4 0 4 0 4 0 4 0 4 0 4 0</v>
        </vertex_weights>
      </skin>
    </controller>
    <controller id="geom-hand_alphaA_ZwriteONShape-skin1">
      <skin source="#geom-hand_alphaA_ZwriteONShape">
        <bind_shape_matrix>-1.62921e-7 -1.62921e-7 1 0 -1 2.65431e-14 -1.62921e-7 60 0 -1 -1.62921e-7 0 0 0 0 1</bind_shape_matrix>
        <source id="geom-hand_alphaA_ZwriteONShape-skin1-joints">
          <Name_array id="geom-hand_alphaA_ZwriteONShape-skin1-joints-array" count="25">joint0 joint1 joint2 joint3 joint4 joint5 joint6 joint7 joint8 joint9 joint10 joint11 joint12 joint13 joint14 joint15 joint16 joint17 joint18 joint19 joint20 joint21 joint22 joint23 joint24</Name_array>
          <technique_common>
            <accessor source="#geom-hand_alphaA_ZwriteONShape-skin1-joints-array" count="25" stride="1">
              <param name="JOINT" type="name"/>
            </accessor>
          </technique_common>
        </source>
        <source id="geom-hand_alphaA_ZwriteONShape-skin1-bind_poses">
          <float_array id="geom-hand_alphaA_ZwriteONShape-skin1-bind_poses-array" count="400">1 0 0 0 0 1 0 0 0 0 1 0 0 0 0 1 1 0 0 0 0 1 0 -30 0 0 1 0 0 0 0 1 1 0 0 0 0 1 0 -30 0 0 1 0 0 0 0 1 1 0 0 0 0 1 0 0 0 0 1 0 0 0 0 1 -1.19209e-7 -1 1.42109e-14 60 -1.19209e-7 1.42109e-14 -1 -8.52651e-13 1 -1.19209e-7 -1.19209e-7 7.15256e-6 0 0 0 1 -1.19209e-7 -1 1.42109e-14 50 -1.19209e-7 1.42109e-14 -1 -7.10543e-13 1 -1.19209e-7 -1.19209e-7 5.96046e-6 0 0 0 1 -1.19209e-7 -1 1.42109e-14 46.0498 -1.19209e-7 1.42109e-14 -1 2.044559 1 -1.19209e-7 -1.19209e-7 4.415347 0 0 0 1 -1.19209e-7 -1 1.42109e-14 24.9971 -1.19209e-7 1.42109e-14 -1 3.707499 1 -1.19209e-7 -1.19209e-7 5.068903 0 0 0 1 -1.19209e-7 -1 1.42109e-14 16.3021 -1.19209e-7 1.42109e-14 -1 3.707499 1 -1.19209e-7 -1.19209e-7 5.068902 0 0 0 1 -1.19209e-7 -1 1.42109e-14 10.9226 -1.19209e-7 1.42109e-14 -1 3.707499 1 -1.19209e-7 -1.19209e-7 5.068902 0 0 0 1 -1.19209e-7 -1 1.42109e-14 46.0498 -1.19209e-7 1.42109e-14 -1 2.04456 1 -1.19209e-7 -1.19209e-7 5.25646e-6 0 0 0 1 -1.19209e-7 -1 1.42109e-14 24.0194 -1.19209e-7 1.42109e-14 -1 3.70751 1 -1.19209e-7 -1.19209e-7 3.30531e-6 0 0 0 1 -1.19209e-7 -1 1.42109e-14 15.5372 -1.19209e-7 1.42109e-14 -1 3.70751 1 -1.19209e-7 -1.19209e-7 2.29415e-6 0 0 0 1 -1.19209e-7 -1 1.42109e-14 8.7003 -1.19209e-7 1.42109e-14 -1 3.70751 1 -1.19209e-7 -1.19209e-7 1.47913e-6 0 0 0 1 -1.19209e-7 -1 1.42109e-14 46.0498 -1.19209e-7 1.42109e-14 -1 2.04456 1 -1.19209e-7 -1.19209e-7 -3.773584 0 0 0 1 -1.19209e-7 -1 1.42109e-14 46.0498 -1.19209e-7 1.42109e-14 -1 2.044561 1 -1.19209e-7 -1.19209e-7 -8.062884 0 0 0 1 -1.19209e-7 -1 1.42109e-14 27.5086 -1.19209e-7 1.42109e-14 -1 3.707481 1 -1.19209e-7 -1.19209e-7 -11.2603 0 0 0 1 -1.19209e-7 -1 1.42109e-14 20.014 -1.19209e-7 1.42109e-14 -1 3.707481 1 -1.19209e-7 -1.19209e-7 -11.2603 0 0 0 1 -1.19209e-7 -1 1.42109e-14 14.6554 -1.19209e-7 1.42109e-14 -1 3.707481 1 -1.19209e-7 -1.19209e-7 -11.2603 0 0 0 1 -1.19209e-7 -1 1.42109e-14 25.3953 -1.19209e-7 1.42109e-14 -1 3.707491 1 -1.19209e-7 -1.19209e-7 -5.720657 0 0 0 1 -1.19209e-7 -1 1.42109e-14 17.2489 -1.19209e-7 1.42109e-14 -1 3.707491 1 -1.19209e-7 -1.19209e-7 -5.720658 0 0 0 1 -1.19209e-7 -1 1.42109e-14 11.1662 -1.19209e-7 1.42109e-14 -1 3.707491 1 -1.19209e-7 -1.19209e-7 -5.720658 0 0 0 1 -0.4249865 -0.8942541 -0.1403402 36.88356 0.8491521 -0.4475581 0.2804141 27.3052 -0.3135721 2.03401e-6 0.9495646 -0.485405 0 0 0 1 -0.06441978 -0.9841304 -0.1653421 33.18059 0.9509868 -0.1107573 0.2887174 16.76925 -0.3024482 -0.1386389 0.9430298 4.500727 0 0 0 1 -0.06441975 -0.9841301 -0.1653421 25.18804 0.9509868 -0.1107573 0.2887173 16.7692 -0.3024479 -0.1386389 0.9430295 4.500803 0 0 0 1</float_array>
          <technique_common>
            <accessor source="#geom-hand_alphaA_ZwriteONShape-skin1-bind_poses-array" count="25" stride="16">
              <param name="TRANSFORM" type="float4x4"/>
            </accessor>
          </technique_common>
        </source>
        <source id="geom-hand_alphaA_ZwriteONShape-skin1-weights">
          <float_array id="geom-hand_alphaA_ZwriteONShape-skin1-weights-array" count="1">1</float_array>
          <technique_common>
            <accessor source="#geom-hand_alphaA_ZwriteONShape-skin1-weights-array" count="1" stride="1">
              <param name="WEIGHT" type="float"/>
            </accessor>
          </technique_common>
        </source>
        <joints>
          <input semantic="JOINT" source="#geom-hand_alphaA_ZwriteONShape-skin1-joints"/>
          <input semantic="INV_BIND_MATRIX" source="#geom-hand_alphaA_ZwriteONShape-skin1-bind_poses"/>
        </joints>
        <vertex_weights count="128">
          <input semantic="JOINT" source="#geom-hand_alphaA_ZwriteONShape-skin1-joints" offset="0"/>
          <input semantic="WEIGHT" source="#geom-hand_alphaA_ZwriteONShape-skin1-weights" offset="1"/>
          <vcount>1 1 1 1 1 1 1 1 1 1 1 1 1 1 1 1 1 1 1 1 1 1 1 1 1 1 1 1 1 1 1 1 1 1 1 1 1 1 1 1 1 1 1 1 1 1 1 1 1 1 1 1 1 1 1 1 1 1 1 1 1 1 1 1 1 1 1 1 1 1 1 1 1 1 1 1 1 1 1 1 1 1 1 1 1 1 1 1 1 1 1 1 1 1 1 1 1 1 1 1 1 1 1 1 1 1 1 1 1 1 1 1 1 1 1 1 1 1 1 1 1 1 1 1 1 1 1 1</vcount>
          <v>4 0 4 0 4 0 4 0 4 0 4 0 4 0 4 0 4 0 4 0 4 0 4 0 4 0 4 0 4 0 4 0 4 0 4 0 4 0 4 0 4 0 4 0 4 0 4 0 4 0 4 0 4 0 4 0 4 0 4 0 4 0 4 0 4 0 4 0 4 0 4 0 4 0 4 0 4 0 4 0 4 0 4 0 4 0 4 0 4 0 4 0 4 0 4 0 4 0 4 0 4 0 4 0 4 0 4 0 4 0 4 0 4 0 4 0 4 0 4 0 4 0 4 0 4 0 4 0 4 0 4 0 4 0 4 0 4 0 4 0 4 0 4 0 4 0 4 0 4 0 4 0 4 0 4 0 4 0 4 0 4 0 4 0 4 0 4 0 4 0 4 0 4 0 4 0 4 0 4 0 4 0 4 0 4 0 4 0 4 0 4 0 4 0 4 0 4 0 4 0 4 0 4 0 4 0 4 0 4 0 4 0 4 0 4 0 4 0 4 0 4 0 4 0 4 0 4 0 4 0 4 0 4 0 4 0 4 0 4 0 4 0 4 0 4 0 4 0 4 0 4 0 4 0 4 0</v>
        </vertex_weights>
      </skin>
    </controller>
    <controller id="geom-hand_baseShape-skin1">
      <skin source="#geom-hand_baseShape">
        <bind_shape_matrix>1 0 0 0 0 1 0 0 0 0 1 0 0 0 0 1</bind_shape_matrix>
        <source id="geom-hand_baseShape-skin1-joints">
          <Name_array id="geom-hand_baseShape-skin1-joints-array" count="25">joint0 joint1 joint2 joint3 joint4 joint5 joint6 joint7 joint8 joint9 joint10 joint11 joint12 joint13 joint14 joint15 joint16 joint17 joint18 joint19 joint20 joint21 joint22 joint23 joint24</Name_array>
          <technique_common>
            <accessor source="#geom-hand_baseShape-skin1-joints-array" count="25" stride="1">
              <param name="JOINT" type="name"/>
            </accessor>
          </technique_common>
        </source>
        <source id="geom-hand_baseShape-skin1-bind_poses">
          <float_array id="geom-hand_baseShape-skin1-bind_poses-array" count="400">1 0 0 0 0 1 0 0 0 0 1 0 0 0 0 1 1 0 0 0 0 1 0 -30 0 0 1 0 0 0 0 1 1 0 0 0 0 1 0 -30 0 0 1 0 0 0 0 1 1 0 0 0 0 1 0 0 0 0 1 0 0 0 0 1 -1.19209e-7 -1 1.42109e-14 60 -1.19209e-7 1.42109e-14 -1 -8.52651e-13 1 -1.19209e-7 -1.19209e-7 7.15256e-6 0 0 0 1 -1.19209e-7 -1 1.42109e-14 50 -1.19209e-7 1.42109e-14 -1 -7.10543e-13 1 -1.19209e-7 -1.19209e-7 5.96046e-6 0 0 0 1 -1.19209e-7 -1 1.42109e-14 46.0498 -1.19209e-7 1.42109e-14 -1 2.044559 1 -1.19209e-7 -1.19209e-7 4.415347 0 0 0 1 -1.19209e-7 -1 1.42109e-14 24.9971 -1.19209e-7 1.42109e-14 -1 3.707499 1 -1.19209e-7 -1.19209e-7 5.068903 0 0 0 1 -1.19209e-7 -1 1.42109e-14 16.3021 -1.19209e-7 1.42109e-14 -1 3.707499 1 -1.19209e-7 -1.19209e-7 5.068902 0 0 0 1 -1.19209e-7 -1 1.42109e-14 10.9226 -1.19209e-7 1.42109e-14 -1 3.707499 1 -1.19209e-7 -1.19209e-7 5.068902 0 0 0 1 -1.19209e-7 -1 1.42109e-14 46.0498 -1.19209e-7 1.42109e-14 -1 2.04456 1 -1.19209e-7 -1.19209e-7 5.25646e-6 0 0 0 1 -1.19209e-7 -1 1.42109e-14 24.0194 -1.19209e-7 1.42109e-14 -1 3.70751 1 -1.19209e-7 -1.19209e-7 3.30531e-6 0 0 0 1 -1.19209e-7 -1 1.42109e-14 15.5372 -1.19209e-7 1.42109e-14 -1 3.70751 1 -1.19209e-7 -1.19209e-7 2.29415e-6 0 0 0 1 -1.19209e-7 -1 1.42109e-14 8.7003 -1.19209e-7 1.42109e-14 -1 3.70751 1 -1.19209e-7 -1.19209e-7 1.47913e-6 0 0 0 1 -1.19209e-7 -1 1.42109e-14 46.0498 -1.19209e-7 1.42109e-14 -1 2.04456 1 -1.19209e-7 -1.19209e-7 -3.773584 0 0 0 1 -1.19209e-7 -1 1.42109e-14 46.0498 -1.19209e-7 1.42109e-14 -1 2.044561 1 -1.19209e-7 -1.19209e-7 -8.062884 0 0 0 1 -1.19209e-7 -1 1.42109e-14 27.5086 -1.19209e-7 1.42109e-14 -1 3.707481 1 -1.19209e-7 -1.19209e-7 -11.2603 0 0 0 1 -1.19209e-7 -1 1.42109e-14 20.014 -1.19209e-7 1.42109e-14 -1 3.707481 1 -1.19209e-7 -1.19209e-7 -11.2603 0 0 0 1 -1.19209e-7 -1 1.42109e-14 14.6554 -1.19209e-7 1.42109e-14 -1 3.707481 1 -1.19209e-7 -1.19209e-7 -11.2603 0 0 0 1 -1.19209e-7 -1 1.42109e-14 25.3953 -1.19209e-7 1.42109e-14 -1 3.707491 1 -1.19209e-7 -1.19209e-7 -5.720657 0 0 0 1 -1.19209e-7 -1 1.42109e-14 17.2489 -1.19209e-7 1.42109e-14 -1 3.707491 1 -1.19209e-7 -1.19209e-7 -5.720658 0 0 0 1 -1.19209e-7 -1 1.42109e-14 11.1662 -1.19209e-7 1.42109e-14 -1 3.707491 1 -1.19209e-7 -1.19209e-7 -5.720658 0 0 0 1 -0.4249865 -0.8942541 -0.1403402 36.88356 0.8491521 -0.4475581 0.2804141 27.3052 -0.3135721 2.03401e-6 0.9495646 -0.485405 0 0 0 1 -0.06441978 -0.9841304 -0.1653421 33.18059 0.9509868 -0.1107573 0.2887174 16.76925 -0.3024482 -0.1386389 0.9430298 4.500727 0 0 0 1 -0.06441975 -0.9841301 -0.1653421 25.18804 0.9509868 -0.1107573 0.2887173 16.7692 -0.3024479 -0.1386389 0.9430295 4.500803 0 0 0 1</float_array>
          <technique_common>
            <accessor source="#geom-hand_baseShape-skin1-bind_poses-array" count="25" stride="16">
              <param name="TRANSFORM" type="float4x4"/>
            </accessor>
          </technique_common>
        </source>
        <source id="geom-hand_baseShape-skin1-weights">
          <float_array id="geom-hand_baseShape-skin1-weights-array" count="2933">1 0.31 0.69 0.25 0.75 0.09 0.91 0.04 0.96 0.43 0.57 0.38 0.62 0.24 0.76 0.19 0.81 0.24 0.76 0.28 0.72 0.43 0.57 0.48 0.52 0.15 0.85 0.03 0.97 0.08 0.92 0.01 0.99 0.37 0.63 0.41 0.59 0.54 0.01 0.45 0.53 0.02 0.45 0.3 0.7 0.52 0.48 0.42 0.58 0.52 0.01 0.02 0.45 0.43 0.02 0.55 0.48 0.07 0.45 0.27 0.73 0.27 0.73 0.11 0.89 0.11 0.89 0.27 0.73 0.08 0.92 0.29 0.71 0.12 0.88 0.28 0.72 0.07 0.93 0.26 0.74 0.28 0.72 0.08 0.92 0.07 0.93 0.22 0.78 0.25 0.75 0.08 0.92 0.08 0.92 0.01 0.99 0.01 0.99 0.01 0.99 0.01 0.99 0.28 0.72 0.3 0.7 0.13 0.87 0.17 0.83 0.24 0.76 0.46 0.04 0.01 0.49 0.03 0.97 0.05 0.95 0.03 0.97 0.07 0.93 0.07 0.93 0.04 0.96 0.01 0.99 0.06 0.39 0.02 0.53 0.44 0.03 0.53 0.02 0.33 0.65 0.31 0.69 0.45 0.04 0.51 0.34 0.01 0.65 0.02 0.33 0.65 0.1 0.37 0.53 0.02 0.37 0.61 0.08 0.41 0.02 0.49 0.43 0.57 0.5 0.02 0.06 0.42 0.45 0.01 0.54 0.52 0.11 0.37 0.39 0.01 0.6 0.48 0.05 0.01 0.46 0.53 0.1 0.37 0.47 0.16 0.37 0.4 0.02 0.58 0.4 0.02 0.58 0.55 0.03 0.05 0.37 0.44 0.01 0.55 0.44 0.03 0.53 0.46 0.08 0.46 0.46 0.08 0.46 0.44 0.03 0.53 0.44 0.03 0.53 0.46 0.08 0.46 0.47 0.03 0.5 0.16 0.84 0.23 0.77 0.04 0.96 0.13 0.87 0.31 0.69 0.23 0.77 0.31 0.69 0.35 0.01 0.64 0.22 0.78 0.27 0.73 0.32 0.68 0.36 0.64 0.36 0.01 0.63 0.07 0.93 0.31 0.69 0.37 0.63 0.38 0.62 0.38 0.62 0.4 0.6 0.49 0.02 0.49 0.39 0.61 0.38 0.62 0.45 0.55 0.53 0.01 0.46 0.01 0.56 0.06 0.37 0.67 0.08 0.25 0.41 0.59 0.01 0.51 0.03 0.45 0.61 0.1 0.29 0.56 0.02 0.42 0.02 0.58 0.1 0.3 0.6 0.01 0.39 0.47 0.53 0.53 0.47 0.37 0.63 0.43 0.57 0.6 0.01 0.39 0.53 0.47 0.01 0.64 0.35 0.58 0.42 0.06 0.67 0.02 0.25 0.03 0.61 0.08 0.28 0.37 0.63 0.07 0.93 0.01 0.99 0.03 0.97 0.25 0.75 0.22 0.78 0.25 0.75 0.07 0.93 0.14 0.86 0.04 0.96 0.08 0.92 0.15 0.85 0.01 0.31 0.68 0.01 0.33 0.66 0.3 0.7 0.04 0.43 0.02 0.51 0.06 0.46 0.04 0.44 0.05 0.49 0.08 0.38 0.32 0.68 0.26 0.74 0.23 0.77 0.01 0.99 0.01 0.99 0.09 0.91 0.11 0.89 0.01 0.99 0.02 0.98 0.07 0.93 0.02 0.98 0.04 0.96 0.01 0.99 0.01 0.56 0.06 0.37 0.01 0.6 0.08 0.31 0.48 0.12 0.4 0.48 0.12 0.4 0.02 0.47 0.11 0.4 0.17 0.39 0.06 0.38 0.22 0.4 0.01 0.37 0.14 0.44 0.04 0.38 0.5 0.1 0.02 0.38 0.5 0.04 0.09 0.37 0.61 0.01 0.03 0.35 0.52 0.11 0.01 0.36 0.62 0.03 0.35 0.54 0.04 0.42 0.5 0.05 0.45 0.49 0.09 0.01 0.41 0.62 0.01 0.01 0.36 0.62 0.01 0.37 0.04 0.66 0.02 0.28 0.09 0.69 0.04 0.18 0.3 0.7 0.22 0.78 0.28 0.72 0.41 0.59 0.07 0.93 0.04 0.96 0.01 0.99 0.44 0.56 0.48 0.52 0.49 0.51 0.5 0.5 0.03 0.97 0.27 0.73 0.06 0.94 0.3 0.7 0.71 0.29 0.8 0.2 0.59 0.41 0.67 0.33 0.5 0.5 0.37 0.63 0.07 0.93 0.57 0.43 0.46 0.54 0.2 0.8 0.3 0.7 0.3 0.7 0.06 0.94 0.49 0.51 0.74 0.26 0.71 0.29 0.35 0.65 0.08 0.92 0.39 0.61 0.01 0.98 0.01 0.92 0.08 0.92 0.08 0.93 0.07 0.93 0.07 0.94 0.06 0.35 0.65 0.26 0.74 0.08 0.92 0.03 0.97 0.57 0.43 0.58 0.42 0.9 0.1 0.9 0.1 0.57 0.43 0.9 0.1 0.9 0.1 0.57 0.43 0.9 0.1 0.57 0.43 0.37 0.63 0.97 0.03 0.14 0.86 0.97 0.03 0.14 0.86 0.04 0.96 0.03 0.97 0.01 0.99 0.64 0.36 0.71 0.29 0.55 0.45 0.49 0.51 0.65 0.35 0.55 0.45 0.76 0.24 0.79 0.21 0.95 0.05 0.93 0.07 0.6 0.4 0.04 0.57 0.39 0.38 0.62 0.02 0.37 0.61 0.52 0.48 0.03 0.97 0.44 0.56 0.19 0.81 0.19 0.81 0.64 0.36 0.64 0.36 0.49 0.51 0.66 0.34 0.66 0.34 0.82 0.18 0.84 0.16 0.64 0.36 0.56 0.44 0.64 0.36 0.27 0.73 0.04 0.96 0.23 0.77 0.02 0.98 0.28 0.72 0.37 0.63 0.55 0.45 0.68 0.32 0.56 0.44 0.52 0.48 0.02 0.05 0.93 0.01 0.99 0.07 0.93 0.99 0.01 0.5 0.5 0.97 0.03 0.48 0.52 0.53 0.47 0.56 0.43 0.01 0.46 0.42 0.12 0.41 0.59 0.4 0.59 0.01 0.48 0.52 0.81 0.19 0.73 0.22 0.04 0.01 0.58 0.4 0.01 0.01 0.07 0.93 0.07 0.93 0.19 0.79 0.02 0.21 0.77 0.02 0.01 0.99 0.01 0.99 0.53 0.47 0.01 0.02 0.96 0.01 0.13 0.87 0.46 0.54 0.01 0.02 0.96 0.01 0.13 0.87 0.16 0.84 0.43 0.57 0.15 0.84 0.01 0.47 0.53 0.68 0.32 0.37 0.63 0.98 0.02 0.66 0.34 0.89 0.11 0.61 0.39 0.75 0.25 0.58 0.42 0.68 0.32 0.49 0.51 0.3 0.7 0.06 0.94 0.21 0.79 0.06 0.94 0.15 0.85 0.01 0.97 0.02 0.15 0.85 0.66 0.34 0.66 0.34 0.3 0.7 0.21 0.79 0.83 0.17 0.68 0.32 0.58 0.42 0.58 0.42 0.68 0.32 0.86 0.14 0.86 0.14 0.86 0.14 0.15 0.85 0.15 0.85 0.14 0.86 0.4 0.57 0.02 0.01 0.56 0.26 0.17 0.01 0.73 0.27 0.34 0.21 0.22 0.23 0.32 0.1 0.53 0.05 0.37 0.43 0.2 0.38 0.44 0.18 0.23 0.74 0.03 0.42 0.34 0.24 0.37 0.58 0.05 0.44 0.3 0.26 0.3 0.66 0.04 0.23 0.74 0.03 0.42 0.34 0.24 0.75 0.25 0.61 0.39 0.15 0.85 0.8 0.2 0.7 0.3 0.45 0.55 0.26 0.74 0.86 0.14 0.11 0.89 0.02 0.98 0.02 0.98 0.01 0.99 0.95 0.01 0.04 0.99 0.01 0.99 0.01 0.02 0.98 0.03 0.97 0.24 0.76 0.16 0.84 0.11 0.89 0.06 0.94 0.97 0.03 0.92 0.08 0.98 0.02 0.65 0.35 0.89 0.11 0.47 0.53 0.99 0.01 0.28 0.72 0.42 0.58 0.2 0.8 0.24 0.76 0.89 0.11 0.65 0.35 0.47 0.53 0.52 0.48 0.64 0.36 0.78 0.22 0.78 0.22 0.99 0.01 0.21 0.79 0.56 0.44 0.77 0.23 0.99 0.01 0.21 0.79 0.56 0.44 0.77 0.23 0.24 0.76 0.02 0.98 0.02 0.98 0.48 0.52 0.52 0.48 0.5 0.5 0.5 0.5 0.5 0.5 0.48 0.52 0.29 0.7 0.01 0.29 0.7 0.01 0.31 0.69 0.59 0.4 0.01 0.07 0.93 0.48 0.52 0.35 0.65 0.1 0.9 0.08 0.92 0.97 0.03 0.67 0.33 0.06 0.94 0.47 0.53 0.06 0.94 0.45 0.55 0.52 0.34 0.03 0.11 0.5 0.5 0.12 0.5 0.09 0.29 0.05 0.5 0.45 0.06 0.77 0.17 0.31 0.69 0.34 0.66 0.58 0.42 0.58 0.42 0.6 0.4 0.58 0.42 0.66 0.34 0.72 0.28 0.67 0.33 0.72 0.28 0.8 0.2 0.78 0.22 0.49 0.51 0.75 0.25 0.69 0.31 0.7 0.3 0.57 0.43 0.35 0.65 0.53 0.47 0.58 0.42 0.5 0.5 0.58 0.42 0.66 0.34 0.59 0.41 0.87 0.13 0.97 0.03 0.56 0.44 0.81 0.19 0.02 0.98 0.76 0.24 0.1 0.9 0.52 0.48 0.85 0.15 0.07 0.79 0.14 0.81 0.19 0.39 0.61 0.04 0.85 0.08 0.03 0.05 0.85 0.06 0.04 0.07 0.85 0.08 0.09 0.8399999 0.05999999 0.01 0.12 0.87 0.01 0.87 0.13 0.12 0.87 0.01 0.2 0.78 0.01 0.01 0.06 0.77 0.17 0.87 0.13 0.91 0.09 0.85 0.15 0.85 0.15 0.85 0.15 0.72 0.28 0.07 0.79 0.14 0.63 0.37 0.73 0.27 0.69 0.31 0.72 0.28 0.69 0.31 0.7 0.3 0.71 0.29 0.02 0.98 0.66 0.34 0.56 0.44 0.08 0.92 0.06 0.94 0.8 0.2 0.06 0.94 0.87 0.13 0.84 0.16 0.84 0.16 0.84 0.16 0.91 0.09 0.91 0.09 0.75 0.25 0.72 0.28 0.71 0.28 0.01 0.68 0.32 0.9 0.1 0.89 0.1 0.01 0.03 0.97 0.15 0.85 0.95 0.05 0.76 0.23 0.01 0.42 0.58 0.02 0.98 0.43 0.57 0.74 0.26 0.75 0.25 0.06 0.94 0.64 0.36 0.97 0.03 0.62 0.37 0.01 0.58 0.38 0.04 0.7 0.3 0.81 0.19 0.04 0.91 0.05 0.82 0.17 0.01 0.95 0.05 0.58 0.38 0.04 0.9 0.1 0.43 0.57 0.74 0.26 0.97 0.03 0.81 0.19 0.03 0.97 0.15 0.85 0.27 0.18 0.29 0.26 0.06 0.4 0.13 0.41 0.14 0.18 0.68 0.06 0.22 0.72 0.19 0.07 0.74 0.05 0.07 0.88 0.3 0.7 0.45 0.55 0.37 0.63 0.49 0.51 0.56 0.38 0.04 0.02 0.03 0.53 0.44 0.3 0.7 0.01 0.29 0.7 0.22 0.77 0.01 0.19 0.81 0.09 0.91 0.11 0.89 0.01 0.99 0.19 0.81 0.19 0.81 0.19 0.81 0.54 0.46 0.48 0.52 0.01 0.34 0.65 0.23 0.77 0.2 0.8 0.24 0.76 0.36 0.63 0.01 0.33 0.67 0.26 0.7 0.01 0.03 0.06 0.16 0.77 0.01 0.13 0.87 0.02 0.04 0.94 0.07 0.93 0.05 0.95 0.75 0.25 0.71 0.29 0.59 0.41 0.16 0.84 0.1 0.9 0.72 0.28 0.72 0.28 0.6 0.4 0.6 0.4 0.77 0.23 0.77 0.23 0.64 0.36 0.5 0.5 0.19 0.81 0.71 0.29 0.58 0.42 0.27 0.73 0.74 0.26 0.43 0.57 0.7 0.3 0.61 0.39 0.41 0.59 0.59 0.41 0.32 0.68 0.41 0.59 0.2 0.8 0.4 0.6 0.15 0.85 0.06 0.16 0.77 0.01 0.02 0.04 0.94 0.68 0.32 0.6 0.4 0.32 0.68 0.59 0.41 0.17 0.83 0.03 0.97 0.13 0.8 0.07 0.13 0.8 0.07 0.13 0.8 0.07 0.06 0.94 0.95 0.05 0.96 0.04 0.94 0.06 0.87 0.13 0.85 0.15 0.85 0.15 0.77 0.23 0.57 0.43 0.03 0.97 0.03 0.95 0.02 0.03 0.97 0.03 0.97 0.04 0.93 0.03 0.69 0.31 0.73 0.27 0.25 0.52 0.09 0.14 0.26 0.22 0.26 0.26 0.09 0.01 0.44 0.46 0.05 0.02 0.25 0.68 0.49 0.51 0.2 0.8 0.2 0.8 0.22 0.78 0.19 0.81 0.4 0.6 0.4 0.6 0.38 0.62 0.15 0.85 0.19 0.81 0.5 0.5 0.66 0.34 0.65 0.35 0.7 0.3 0.03 0.97 0.1 0.9 0.66 0.34 0.54 0.46 0.44 0.56 0.68 0.32 0.49 0.51 0.03 0.97 0.68 0.32 0.44 0.56 0.04 0.96 0.04 0.96 0.66 0.34 0.65 0.34 0.01 0.75 0.25 0.56 0.34 0.1 0.09 0.74 0.17 0.68 0.16 0.14 0.02 0.01 0.8 0.19 0.1 0.69 0.21 0.53 0.22 0.25 0.35 0.22 0.43 0.34 0.36 0.28 0.02 0.21 0.47 0.03 0.29 0.37 0.34 0.29 0.23 0.24 0.51 0.02 0.06 0.39 0.55 0.66 0.07 0.17 0.1 0.57 0.21 0.12 0.1 0.35 0.39 0.26 0.45 0.16 0.39 0.5 0.08 0.36 0.06 0.44 0.29 0.21 0.06 0.5 0.05 0.38 0.07 0.46 0.27 0.19 0.08 0.23 0.72 0.04 0.01 0.25 0.62 0.12 0.01 0.38 0.44 0.04 0.14 0.44 0.36 0.07 0.13 0.08000001 0.89 0.03 0.1 0.76 0.14 0.28 0.47 0.11 0.14 0.3 0.32 0.25 0.13 0.73 0.1 0.05 0.12 0.75 0.01 0.12 0.12 0.09 0.55 0.24 0.12 0.07 0.7 0.11 0.12 0.13 0.73 0.04 0.1 0.1 0.72 0.06 0.12 0.23 0.59 0.18 0.01 0.01 0.61 0.37 0.04 0.02 0.78 0.16 0.42 0.44 0.11 0.03 0.38 0.38 0.19 0.05 0.35 0.35 0.24 0.06 0.24 0.36 0.34 0.06 0.07000001 0.42 0.45 0.06 0.45 0.44 0.05 0.06 0.22 0.63 0.15 0.45 0.04 0.45 0.06 0.15 0.56 0.29 0.36 0.48 0.16 0.08 0.5 0.11 0.31 0.02 0.47 0.39 0.12 0.02 0.58 0.1 0.3 0.59 0.08 0.03 0.3 0.62 0.26 0.12 0.06 0.33 0.61 0.26 0.29 0.45 0.07 0.51 0.31 0.11 0.15 0.5 0.26 0.09 0.25 0.06 0.67 0.02 0.06 0.06 0.82 0.06 0.49 0.24 0.27 0.3 0.49 0.16 0.05 0.22 0.49 0.21 0.08 0.6 0.17 0.23 0.68 0.19 0.13 0.33 0.05 0.62 0.32 0.21 0.47 0.29 0.6 0.11 0.05 0.25 0.7 0.45 0.18 0.37 0.21 0.21 0.58 0.56 0.03 0.4 0.01 0.35 0.04 0.61 0.34 0.35 0.3 0.01 0.12 0.39 0.49 0.13 0.03 0.84 0.12 0.73 0.15 0.01 0.11 0.87 0.01 0.1 0.06 0.84 0.1 0.25 0.65 0.76 0.05 0.19 0.66 0.05 0.29 0.78 0.07000001 0.13 0.02 0.47 0.06 0.47 0.26 0.08 0.66 0.75 0.25 0.76 0.24 0.93 0.07 0.92 0.08 0.88 0.04 0.08 0.69 0.03 0.28 0.38 0.01 0.61 0.13 0.86 0.01 0.1 0.02 0.75 0.13 0.68 0.18 0.14 0.22 0.01 0.59 0.18 0.68 0.06 0.26 0.67 0.31 0.02 0.83 0.04 0.13 0.94 0.05 0.01 0.97 0.03 0.86 0.14 0.49 0.51 0.29 0.1 0.44 0.17 0.01 0.99 0.13 0.87 0.04 0.96 0.85 0.11 0.02 0.02 0.87 0.1 0.03 0.81 0.07 0.12 0.6 0.07 0.33 0.42 0.14 0.36 0.08 0.03 0.96 0.01 0.2 0.8 0.06 0.94 0.29 0.71 0.97 0.03 0.79 0.21 0.66 0.34 0.83 0.14 0.03 0.72 0.28 0.05 0.04 0.52 0.39 0.48 0.52 0.42 0.57 0.01 0.55 0.38 0.05 0.02 0.71 0.19 0.06 0.04 0.38 0.19 0.23 0.2 0.33 0.47 0.2 0.9 0.02 0.08000001 0.39 0.59 0.02 0.07 0.01 0.91 0.01 0.06 0.01 0.72 0.21 0.03 0.95 0.02 0.92 0.08 0.03 0.85 0.12 0.41 0.59 0.42 0.01 0.56 0.01 0.27 0.06 0.54 0.13 0.43 0.23 0.34 0.38 0.03 0.55 0.04 0.49 0.23 0.28 0.64 0.22 0.14 0.77 0.23 0.44 0.56 0.49 0.46 0.05 0.34 0.57 0.09 0.23 0.76 0.01 0.1 0.9 0.18 0.34 0.45 0.03 0.11 0.59 0.29 0.01 0.13 0.09 0.77 0.01 0.12 0.87 0.01 0.01 0.95 0.04 0.01 0.82 0.17 0.15 0.5 0.35 0.22 0.01 0.23 0.54 0.32 0.09 0.07 0.52 0.34 0.43 0.01 0.22 0.94 0.06 0.84 0.16 0.58 0.42 0.01 0.25 0.74 0.01 0.52 0.47 0.02 0.01 0.24 0.73 0.45 0.55 0.41 0.59 0.01 0.19 0.8 0.14 0.86 0.07 0.05 0.88 0.09 0.02 0.89 0.07 0.35 0.57 0.01 0.04 0.56 0.01 0.39 0.06 0.09 0.85 0.11 0.06 0.83 0.47 0.01 0.52 0.03 0.13 0.07 0.77 0.06 0.88 0.06 0.27 0.01 0.72 0.63 0.01 0.36 0.08 0.92 0.32 0.68 0.11 0.84 0.05 0.87 0.13 0.05 0.95 0.33 0.67 0.71 0.29 0.24 0.76 0.03 0.97 0.37 0.63 0.02 0.98 0.54 0.46 0.49 0.51 0.87 0.13 0.63 0.37 0.86 0.14 0.08 0.4 0.52 0.16 0.43 0.41 0.03 0.19 0.78 0.07 0.21 0.72 0.61 0.39 0.3 0.7 0.73 0.27 0.01 0.96 0.03 0.03 0.97 0.86 0.14 0.91 0.09 0.86 0.14 0.65 0.35 0.94 0.06 0.68 0.32 0.91 0.09 0.06 0.09 0.75 0.1 0.13 0.8 0.07 0.02 0.7 0.28 0.79 0.21 0.01 0.14 0.7699999 0.08 0.01 0.36 0.63 0.97 0.03 0.98 0.02 0.87 0.13 0.66 0.34 0.36 0.64 0.48 0.52 0.72 0.28 0.79 0.21 0.66 0.34 0.44 0.56 0.87 0.13 0.95 0.05 0.96 0.04 0.96 0.04 0.32 0.68 0.7 0.3 0.89 0.11 0.69 0.31 0.49 0.51 0.5 0.5 0.87 0.13 0.89 0.11 0.7 0.3 0.5 0.5 0.02 0.98 0.02 0.98 0.44 0.56 0.12 0.88 0.12 0.88 0.01 0.45 0.54 0.51 0.49 0.14 0.86 0.12 0.88 0.53 0.42 0.05 0.46 0.46 0.08 0.36 0.64 0.31 0.69 0.09 0.8 0.11 0.11 0.8 0.09 0.41 0.59 0.01 0.53 0.38 0.08 0.02 0.95 0.03 0.07 0.22 0.71 0.18 0.46 0.36 0.02 0.98 0.08000001 0.89 0.03 0.09 0.25 0.66 0.1 0.22 0.68 0.02 0.98 0.03 0.15 0.82 0.09 0.25 0.66 0.38 0.5 0.12 0.02 0.37 0.61 0.01 0.14 0.85 0.03 0.01 0.65 0.31 0.1 0.9 0.4 0.6 0.01 0.99 0.1 0.9 0.01 0.76 0.23 0.01 0.99 0.48 0.52 0.78 0.22 0.73 0.27 0.46 0.54 0.4 0.6 0.99 0.01 0.73 0.27 0.98 0.02 0.67 0.32 0.01 0.73 0.27 0.99 0.01 0.78 0.22 0.59 0.41 0.24 0.61 0.15 0.88 0.03 0.09 0.89 0.02 0.03 0.06 0.46 0.51 0.03 0.74 0.06 0.2 0.81 0.15 0.04 0.18 0.52 0.3 0.17 0.49 0.34 0.06 0.48 0.46 0.34 0.55 0.11 0.38 0.52 0.1 0.17 0.49 0.34 0.2 0.45 0.35 0.38 0.52 0.1 0.01 0.99 0.07 0.93 0.96 0.04 0.96 0.04 0.07 0.93 0.66 0.34 0.68 0.32 0.55 0.45 0.57 0.43 0.84 0.16 0.84 0.16 0.93 0.07 0.71 0.29 0.59 0.41 0.78 0.22 0.61 0.39 0.84 0.16 0.61 0.39 0.78 0.22 0.25 0.75 0.3 0.55 0.13 0.02 0.16 0.21 0.45 0.18 0.14 0.48 0.3 0.08 0.01 0.02 0.04 0.93 0.12 0.11 0.77 0.11 0.34 0.11 0.44 0.22 0.14 0.15 0.49 0.04 0.96 0.09 0.91 0.09 0.91 0.95 0.05 0.02 0.01 0.97 0.95 0.05 0.02 0.07 0.91 0.01 0.39 0.6 0.2 0.8 0.01 0.03 0.16 0.8 0.01 0.02 0.04 0.93 0.11 0.34 0.11 0.44 0.05 0.15 0.33 0.47 0.01 0.02 0.33 0.64 0.02 0.03 0.52 0.43 0.04 0.26 0.7 0.07 0.51 0.42 0.19 0.12 0.66 0.03 0.95 0.05 0.01 0.01 0.14 0.84 0.04 0.08 0.88 0.95 0.05 0.18 0.01 0.24 0.57 0.17 0.83 0.04 0.09 0.87 0.04 0.96 0.05 0.95 0.06 0.94 0.09 0.91 0.19 0.81 0.22 0.27 0.16 0.35 0.03 0.97 0.01 0.99 0.01 0.08 0.91 0.23 0.41 0.36 0.3 0.12 0.08 0.5 0.36 0.26 0.06 0.32 0.3 0.12 0.08 0.5 0.36 0.26 0.06 0.32 0.32 0.21 0.12 0.35 0.34 0.38 0.08 0.2 0.15 0.09 0.76 0.3 0.03 0.15 0.52 0.1 0.01 0.21 0.68 0.25 0.1 0.65 0.1 0.14 0.76 0.01 0.08 0.91 0.95 0.05 0.03 0.05 0.92 0.1 0.14 0.76 0.25 0.1 0.65 0.3 0.17 0.53 0.04 0.9 0.06 0.03 0.91 0.06 0.03 0.91 0.06 0.08 0.87 0.05 0.95 0.05 0.95 0.05 0.21 0.75 0.04 0.1 0.8 0.1 0.64 0.36 0.59 0.41 0.78 0.22 0.78 0.22 0.78 0.22 0.09 0.86 0.05 0.11 0.71 0.17 0.01 0.07 0.91 0.02 0.22 0.6 0.06 0.12 0.64 0.36 0.59 0.41 0.22 0.36 0.11 0.31 0.11 0.55 0.14 0.2 0.11 0.71 0.17 0.01 0.11 0.55 0.14 0.2 0.09 0.3 0.32 0.29 0.06 0.93 0.01 0.03 0.91 0.06 0.09 0.86 0.05 0.06 0.93 0.01 0.24 0.57 0.07 0.12 0.3 0.13 0.34 0.23 0.04 0.4 0.02 0.54 0.1 0.9 0.07 0.14 0.14 0.65 0.05 0.07 0.88 0.19 0.07 0.74 0.02 0.15 0.83 0.11 0.89 0.03 0.97 0.05 0.94 0.01 0.07 0.93 0.21 0.57 0.22 0.13 0.3 0.21 0.36 0.34 0.66 0.15 0.85 0.01 0.95 0.04 0.7 0.01 0.29 0.62 0.38 0.83 0.15 0.02 0.04 0.32 0.04 0.6 0.04 0.32 0.04 0.6 0.04 0.4 0.02 0.54 0.19 0.43 0.14 0.24 0.05 0.5 0.45 0.01 0.76 0.23 0.01 0.14 0.7699999 0.08 0.01 0.36 0.63 0.02 0.47 0.39 0.12 0.31 0.67 0.02 0.42 0.49 0.01 0.08 0.84 0.16 0.84 0.16 0.84 0.16 0.84 0.16 0.84 0.16 0.84 0.16 0.85 0.15 0.9 0.1 0.9 0.1 0.01 0.93 0.06 0.94 0.06 0.94 0.06 0.03 0.9400001 0.03 0.95 0.05 0.03 0.9400001 0.03 0.78 0.22 0.86 0.14 0.78 0.22 0.91 0.09 0.8 0.2 0.8 0.2 0.59 0.41 0.87 0.13 0.59 0.41 0.89 0.11 0.6 0.4 0.6 0.4 0.93 0.07 0.84 0.16 0.93 0.07 0.84 0.16 0.92 0.08 0.92 0.08 0.78 0.22 0.53 0.47 0.53 0.47 0.93 0.07 0.93 0.07 0.86 0.14 0.93 0.07 0.93 0.07 0.4 0.6 0.23 0.77 0.29 0.71 0.47 0.53 0.79 0.21 0.89 0.02 0.09 0.8299999 0.07 0.03 0.07 0.64 0.2 0.04 0.12 0.11 0.46 0.1 0.33 0.1 0.5 0.15 0.25</float_array>
          <technique_common>
            <accessor source="#geom-hand_baseShape-skin1-weights-array" count="2933" stride="1">
              <param name="WEIGHT" type="float"/>
            </accessor>
          </technique_common>
        </source>
        <joints>
          <input semantic="JOINT" source="#geom-hand_baseShape-skin1-joints"/>
          <input semantic="INV_BIND_MATRIX" source="#geom-hand_baseShape-skin1-bind_poses"/>
        </joints>
        <vertex_weights count="1714">
          <input semantic="JOINT" source="#geom-hand_baseShape-skin1-joints" offset="0"/>
          <input semantic="WEIGHT" source="#geom-hand_baseShape-skin1-weights" offset="1"/>
          <vcount>2 2 2 2 2 2 2 2 2 2 2 2 2 2 2 2 2 2 3 3 2 2 2 4 3 3 2 2 2 2 2 2 2 2 2 2 2 2 2 2 2 2 2 2 2 2 2 1 2 1 1 1 1 2 2 2 2 2 4 2 2 2 1 1 1 1 1 2 1 2 1 1 2 2 4 3 3 2 3 3 3 3 3 4 2 4 3 3 3 4 3 3 3 3 4 3 3 3 3 3 3 3 3 2 2 2 2 2 2 2 3 2 2 2 2 3 2 2 2 2 2 2 3 2 2 2 3 4 3 2 4 3 3 4 3 2 2 2 2 3 2 3 2 4 4 2 2 2 2 1 2 2 2 2 2 2 2 2 3 3 2 4 4 4 2 2 2 1 1 2 2 2 2 2 2 2 2 1 1 2 1 1 1 1 1 1 2 1 1 1 1 1 1 1 1 1 1 1 1 1 1 1 1 1 1 1 1 1 1 1 1 1 1 1 1 1 1 1 1 1 1 1 1 1 1 1 1 1 1 1 1 1 1 1 1 1 1 1 1 1 1 1 1 1 1 1 1 1 1 1 1 1 1 1 1 1 1 1 1 1 1 1 1 1 1 1 1 1 1 1 1 1 1 1 1 1 1 1 1 1 1 4 4 3 3 4 4 4 4 4 4 4 4 3 3 3 4 4 3 4 4 2 1 2 1 1 1 2 2 2 1 2 1 1 2 2 2 1 1 2 2 2 2 2 2 2 2 2 2 1 1 1 1 2 2 2 1 1 1 1 2 2 2 2 2 2 2 2 2 1 1 2 2 2 3 2 2 2 2 2 2 2 2 2 2 2 2 2 2 2 2 2 2 2 2 2 2 1 1 1 1 1 1 1 1 1 1 1 1 1 1 1 1 1 1 1 1 1 1 1 1 1 1 1 2 1 2 2 1 1 2 2 1 1 2 2 2 2 2 2 2 2 2 2 2 3 2 3 1 1 1 1 1 1 1 1 1 1 1 1 1 1 1 1 1 1 1 2 2 2 1 2 2 1 1 2 2 2 2 2 2 2 2 2 2 2 2 2 2 2 2 2 2 2 1 2 1 3 2 2 2 2 2 2 1 2 3 3 2 3 1 1 1 1 2 2 4 4 2 2 3 3 1 2 2 2 1 1 1 1 1 4 1 2 2 1 1 1 1 4 2 1 1 1 1 1 1 1 1 1 1 1 2 2 3 2 2 2 2 1 1 2 2 2 2 2 2 2 2 2 1 2 1 2 2 3 2 1 2 2 2 2 1 2 2 2 2 2 2 2 2 1 1 2 2 1 1 1 1 1 2 4 4 2 4 4 3 3 3 3 3 3 3 3 3 2 2 2 1 2 2 2 2 2 2 2 2 2 3 2 2 1 1 2 1 2 2 2 2 2 1 2 2 1 2 1 1 2 2 2 2 1 1 1 1 1 1 2 2 2 2 2 2 2 2 2 2 2 2 2 2 2 2 2 2 2 2 1 1 1 1 1 1 1 1 1 1 1 1 1 1 1 1 1 1 1 1 1 1 1 1 1 1 1 1 2 2 2 2 1 1 2 2 1 1 2 2 3 1 3 1 2 3 1 2 1 2 2 2 2 2 2 2 2 2 2 1 1 4 2 4 3 1 3 2 2 1 1 1 1 2 2 2 2 2 2 2 2 2 2 2 1 1 1 1 2 2 2 1 1 1 1 2 2 2 2 2 2 1 1 1 1 2 2 2 2 2 2 1 1 2 1 1 1 2 2 1 2 1 2 3 2 2 4 4 3 4 3 2 3 4 3 2 1 2 2 2 2 2 3 2 2 2 2 1 1 2 1 2 1 2 1 2 1 1 1 1 2 2 2 2 2 2 2 2 2 2 2 1 2 1 2 2 3 2 2 3 2 2 1 2 1 3 2 2 2 2 1 1 2 1 1 2 2 2 1 1 1 3 3 2 2 3 3 2 3 2 1 1 1 2 2 1 2 2 2 2 1 1 1 1 1 1 1 1 1 1 1 1 1 1 1 1 1 1 4 4 3 3 3 3 1 2 1 2 1 1 2 2 4 3 2 3 3 2 2 2 1 2 1 2 2 1 2 1 1 2 1 2 1 1 1 1 3 2 2 2 3 2 4 4 2 3 2 2 2 2 2 2 2 2 2 2 2 2 2 2 2 2 2 2 2 2 2 2 2 2 2 2 1 1 1 2 2 2 2 1 1 1 4 3 2 2 2 2 2 2 3 3 3 2 2 2 2 2 2 2 2 2 2 3 2 2 3 2 2 1 1 1 1 4 4 4 4 1 1 1 2 2 1 2 1 1 1 1 1 1 1 1 1 1 1 1 1 1 1 1 1 1 2 1 1 1 1 1 1 1 1 1 2 2 2 2 2 2 2 2 2 2 1 1 1 1 1 1 1 1 1 1 1 1 1 1 1 1 1 1 2 2 2 2 2 2 2 2 1 2 2 1 2 2 1 1 1 1 1 1 1 1 1 2 3 2 3 3 4 3 3 3 3 4 4 3 4 3 4 4 3 3 4 4 4 4 4 4 4 4 3 3 4 4 4 4 4 4 4 4 3 4 4 4 4 4 4 4 4 3 4 3 3 4 4 4 4 3 3 3 4 4 4 4 3 4 4 3 3 3 3 3 3 3 3 4 3 4 3 3 3 4 3 3 3 3 4 3 3 2 2 2 2 3 3 3 3 4 3 4 3 3 3 3 2 2 2 4 2 2 2 4 3 3 3 4 3 2 2 2 2 2 2 3 2 4 2 3 4 4 4 3 3 3 4 4 3 2 3 2 4 4 3 4 3 3 2 2 3 3 3 2 4 4 4 3 3 3 3 4 4 4 2 2 2 3 3 4 2 2 3 2 3 3 4 4 3 3 3 4 3 3 3 2 2 3 2 2 2 2 2 2 2 2 2 1 2 1 1 1 1 1 2 2 2 3 3 3 3 2 2 2 1 1 3 2 2 1 1 2 2 2 2 2 2 4 3 3 2 4 3 2 2 2 2 2 2 2 2 2 2 2 2 2 2 1 1 2 2 2 2 2 2 2 2 2 1 1 1 1 1 1 1 1 1 1 2 1 1 1 1 1 1 2 2 1 2 1 2 1 2 1 3 2 2 2 1 1 1 1 1 1 1 1 1 1 1 1 1 1 1 1 1 1 1 1 1 1 1 1 3 3 2 2 3 3 2 4 3 3 3 2 3 3 3 2 3 3 3 3 3 4 1 2 2 2 2 3 2 2 2 2 2 2 1 1 1 1 1 1 1 2 2 2 3 2 2 2 1 2 3 3 4 3 3 3 3 3 3 3 3 3 3 3 2 1 2 2 2 2 2 2 2 2 2 2 2 2 2 2 2 2 2 2 2 4 4 4 4 3 4 4 2 1 2 2 1 1 1 2 1 3 2 3 3 2 4 4 4 4 4 4 3 3 4 2 4 3 2 4 2 3 2 2 2 2 2 4 2 2 3 1 3 4 4 4 4 4 4 3 4 4 3 3 1 3 2 3 3 3 3 3 3 3 3 2 1 2 1 3 3 2 2 2 2 2 3 4 3 4 2 2 4 4 4 4 4 3 3 1 1 1 3 3 4 4 4 2 4 3 3 3 2 2 3 2 3 4 2 2 3 3 2 3 4 4 4 4 3 3 4 3 4 3 4 2 2 2 2 2 2 1 1 1 1 1 1 1 1 2 2 2 3 2 2 3 2 3 2 2 2 2 2 2 2 2 2 2 2 2 2 2 2 2 2 2 2 2 2 2 2 2 2 2 2 2 2 2 2 3 4 4 4 1 1 1 1 1 1 1 1 1 1 1 1 1 1 1 1 1 1 1 1 1 1 1 1 1 1 1 1 1 1 1 1 1 4</vcount>
          <v>5 1 4 2 5 3 4 4 5 5 4 6 5 7 4 8 5 9 4 10 5 11 4 12 5 13 4 14 5 15 4 16 5 17 4 18 5 19 4 20 5 21 4 22 5 23 4 24 5 25 4 26 5 27 4 28 5 29 4 30 5 31 4 32 5 33 4 34 5 35 4 36 5 37 14 38 4 39 5 40 14 41 4 42 5 43 4 44 5 45 4 46 5 47 4 48 5 49 15 50 14 51 4 52 5 53 15 54 4 55 5 56 15 57 4 58 5 59 4 60 5 61 4 62 5 63 4 64 5 65 4 66 5 67 4 68 5 69 4 70 5 71 4 72 5 73 4 74 5 75 4 76 5 77 4 78 5 79 4 80 5 81 4 82 5 83 4 84 5 85 4 86 5 87 4 88 5 89 4 90 5 91 4 92 5 93 4 94 5 95 4 96 5 97 4 98 5 99 4 100 4 0 5 101 4 102 4 0 4 0 4 0 4 0 5 103 4 104 5 105 4 106 5 107 4 108 5 109 4 110 5 111 4 112 5 113 15 114 14 115 4 116 5 117 4 118 5 119 4 120 5 121 4 122 4 0 4 0 4 0 4 0 4 0 5 123 4 124 4 0 5 125 4 126 4 0 4 0 5 127 4 128 5 129 4 130 6 131 5 132 10 133 4 134 5 135 10 136 4 137 6 138 5 139 4 140 5 141 4 142 5 143 10 144 4 145 5 146 10 147 4 148 6 149 5 150 4 151 6 152 5 153 4 154 6 155 5 156 4 157 6 158 5 159 22 160 4 161 5 162 4 163 5 164 10 165 14 166 4 167 5 168 14 169 4 170 5 171 14 172 4 173 5 174 10 175 4 176 5 177 10 178 14 179 4 180 5 181 15 182 4 183 5 184 15 185 4 186 5 187 15 188 4 189 5 190 15 191 4 192 5 193 15 194 14 195 4 196 5 197 15 198 4 199 5 200 15 201 4 202 5 203 15 204 4 205 5 206 15 207 4 208 5 209 15 210 4 211 5 212 15 213 4 214 5 215 15 216 4 217 5 218 15 219 4 220 5 221 4 222 5 223 4 224 5 225 4 226 5 227 4 228 5 229 4 230 5 231 4 232 5 233 4 234 5 235 15 236 4 237 5 238 4 239 5 240 4 241 5 242 4 243 5 244 4 245 5 246 15 247 4 248 5 249 4 250 5 251 4 252 5 253 4 254 5 255 4 256 5 257 4 258 5 259 4 260 5 261 15 262 4 263 5 264 4 265 5 266 4 267 5 268 4 269 5 270 22 271 4 272 6 273 5 274 22 275 4 276 5 277 22 278 4 279 5 280 4 281 6 282 5 283 22 284 4 285 5 286 22 287 4 288 5 289 22 290 4 291 6 292 5 293 22 294 4 295 5 296 22 297 4 298 5 299 4 300 5 301 4 302 5 303 4 304 5 305 4 306 5 307 22 308 4 309 5 310 4 311 6 312 5 313 4 314 5 315 4 316 6 317 5 318 10 319 4 320 6 321 5 322 22 323 4 324 5 325 4 326 5 327 4 328 5 329 4 330 5 331 4 332 4 0 5 333 4 334 5 335 4 336 5 337 4 338 5 339 4 340 5 341 4 342 5 343 4 344 5 345 4 346 5 347 4 348 6 349 5 350 4 351 6 352 5 353 4 354 5 355 4 356 6 357 5 358 22 359 4 360 6 361 5 362 22 363 4 364 6 365 5 366 22 367 4 368 5 369 4 370 5 371 4 372 5 373 4 374 4 0 4 0 5 375 4 376 5 377 4 378 5 379 4 380 5 381 4 382 5 383 4 384 5 385 4 386 5 387 4 388 5 389 4 390 4 0 4 0 5 391 4 392 4 0 4 0 4 0 4 0 4 0 4 0 5 393 4 394 4 0 4 0 4 0 4 0 4 0 4 0 4 0 4 0 4 0 4 0 4 0 4 0 4 0 4 0 4 0 4 0 4 0 4 0 4 0 4 0 4 0 4 0 4 0 4 0 4 0 4 0 4 0 4 0 4 0 4 0 4 0 4 0 4 0 4 0 4 0 4 0 4 0 4 0 4 0 4 0 4 0 4 0 4 0 4 0 4 0 4 0 4 0 4 0 4 0 4 0 4 0 4 0 4 0 4 0 4 0 4 0 4 0 4 0 4 0 4 0 4 0 4 0 4 0 4 0 4 0 4 0 4 0 4 0 4 0 4 0 4 0 4 0 4 0 4 0 4 0 4 0 4 0 4 0 4 0 4 0 4 0 4 0 4 0 4 0 4 0 4 0 4 0 4 0 4 0 4 0 4 0 4 0 4 0 4 0 6 395 5 396 22 397 4 398 6 399 5 400 22 401 4 402 5 403 10 404 4 405 5 406 10 407 4 408 6 409 5 410 10 411 4 412 6 413 5 414 10 415 4 416 6 417 5 418 22 419 4 420 6 421 5 422 22 423 4 424 5 425 10 426 14 427 4 428 5 429 10 430 14 431 4 432 5 433 15 434 14 435 4 436 5 437 15 438 14 439 4 440 5 441 14 442 4 443 5 444 15 445 4 446 5 447 15 448 4 449 5 450 15 451 14 452 4 453 5 454 10 455 14 456 4 457 5 458 10 459 4 460 6 461 5 462 10 463 4 464 6 465 5 466 10 467 4 468 20 469 21 470 21 0 20 471 21 472 21 0 21 0 21 0 20 473 21 474 20 475 21 476 20 477 21 478 21 0 20 479 21 480 21 0 20 0 19 481 20 482 19 483 20 484 19 485 20 486 20 0 20 0 19 487 20 488 19 489 20 490 20 491 21 492 20 493 21 494 20 495 21 496 20 497 21 498 19 499 20 500 19 501 20 502 20 503 21 504 20 505 21 506 21 0 21 0 21 0 21 0 20 507 21 508 20 509 21 510 20 511 21 512 21 0 21 0 21 0 21 0 20 513 21 514 20 515 21 516 20 517 21 518 20 519 21 520 20 521 21 522 20 523 21 524 19 525 20 526 19 527 20 528 19 529 20 530 21 0 21 0 20 531 21 532 20 533 21 534 19 535 20 536 19 537 20 538 21 539 20 540 21 541 20 542 21 543 20 544 21 545 19 546 20 547 19 548 20 549 20 550 21 551 20 552 21 553 20 554 21 555 20 556 21 557 20 558 21 559 20 560 21 561 20 562 21 563 20 564 21 565 20 566 21 567 20 568 21 569 20 570 21 571 20 572 21 573 20 574 21 575 20 576 21 577 20 578 21 579 20 580 21 581 19 582 20 583 21 0 21 0 21 0 21 0 21 0 21 0 21 0 21 0 21 0 21 0 21 0 21 0 21 0 21 0 21 0 21 0 21 0 21 0 21 0 21 0 21 0 21 0 21 0 21 0 21 0 21 0 21 0 20 584 21 585 20 0 19 586 20 587 19 588 20 589 20 0 20 0 19 590 20 591 19 592 20 593 20 0 20 0 19 594 20 595 19 596 20 597 19 598 20 599 19 600 20 601 19 602 20 603 19 604 20 605 19 606 20 607 19 608 20 609 19 610 20 611 19 612 20 613 14 614 19 615 10 616 14 617 19 618 14 619 19 620 10 621 14 622 19 623 21 0 21 0 21 0 21 0 21 0 21 0 21 0 21 0 21 0 21 0 21 0 21 0 21 0 21 0 21 0 21 0 21 0 21 0 21 0 16 624 17 625 16 626 17 627 16 628 17 629 17 0 17 630 18 631 17 632 18 633 18 0 18 0 16 634 17 635 16 636 17 637 16 638 17 639 17 640 18 641 17 642 18 643 17 644 18 645 17 646 18 647 16 648 17 649 16 650 17 651 16 652 17 653 17 654 18 655 17 656 18 657 17 658 18 659 17 660 18 661 17 662 18 663 17 664 18 665 17 666 18 667 17 668 18 669 17 670 18 671 18 0 17 672 18 673 18 0 16 674 17 675 18 676 16 677 17 678 16 679 17 680 17 681 18 682 17 683 18 684 17 685 18 686 17 687 18 688 17 0 17 689 18 690 15 691 16 692 14 693 15 694 16 695 14 696 15 697 16 698 15 699 16 700 14 701 18 0 18 0 18 0 18 0 17 702 18 703 15 704 16 705 15 706 16 707 14 708 19 709 15 710 16 711 14 712 19 713 5 714 15 715 5 716 15 717 5 718 15 719 4 720 5 721 15 722 4 723 18 0 17 724 18 725 17 726 18 727 17 728 18 729 18 0 18 0 18 0 18 0 18 0 16 730 17 731 18 732 20 733 18 0 17 734 18 735 17 736 18 737 18 0 18 0 18 0 18 0 16 738 17 739 18 740 20 741 17 742 18 743 18 0 18 0 18 0 18 0 18 0 18 0 18 0 18 0 18 0 18 0 18 0 15 744 16 745 15 746 16 747 15 748 16 749 14 750 15 751 16 752 17 753 18 754 17 755 18 756 17 757 18 758 17 0 17 0 17 759 18 760 17 761 18 762 16 763 17 764 16 765 17 766 16 767 17 768 16 769 17 770 17 771 18 772 17 773 18 774 17 775 18 776 17 0 16 777 17 778 18 0 17 779 18 780 16 781 17 782 16 783 17 784 18 785 16 786 17 787 17 0 17 788 18 789 17 790 18 791 17 792 18 793 16 794 17 795 17 0 17 796 18 797 16 798 17 799 16 800 17 801 16 802 17 803 16 804 17 805 16 806 17 807 16 808 17 809 16 810 17 811 17 0 17 0 16 812 17 813 16 814 17 815 18 0 18 0 18 0 18 0 18 0 15 816 16 817 15 818 16 819 14 820 19 821 15 822 16 823 14 824 19 825 15 826 16 827 15 828 16 829 14 830 19 831 15 832 16 833 14 834 19 835 5 836 15 837 4 838 5 839 15 840 4 841 5 842 15 843 4 844 5 845 15 846 4 847 5 848 15 849 4 850 5 851 15 852 4 853 5 854 15 855 4 856 5 857 15 858 4 859 5 860 15 861 4 862 16 863 17 864 16 865 17 866 16 867 17 868 17 0 15 869 16 870 15 871 16 872 15 873 16 874 15 875 16 876 16 877 17 878 5 879 15 880 5 881 15 882 5 883 15 884 5 885 15 886 15 887 16 888 14 889 15 890 16 891 15 892 14 893 15 0 15 0 5 894 15 895 15 0 5 896 15 897 5 898 15 899 5 900 15 901 5 902 15 903 5 904 15 905 15 0 15 906 16 907 15 908 16 909 15 0 15 910 14 911 15 0 15 0 15 912 16 913 15 914 16 915 15 916 16 917 15 918 14 919 15 0 15 0 15 0 15 0 15 0 15 0 15 920 16 921 15 922 16 923 15 924 16 925 15 926 16 927 15 928 16 929 15 930 16 931 15 932 16 933 16 934 17 935 16 936 17 937 16 938 17 939 16 940 17 941 17 942 18 943 16 944 17 945 16 946 17 947 16 948 17 949 17 950 18 951 16 952 17 953 16 954 17 955 16 956 17 957 15 958 16 959 18 0 18 0 18 0 18 0 18 0 18 0 18 0 18 0 18 0 18 0 18 0 18 0 18 0 18 0 18 0 18 0 18 0 18 0 18 0 18 0 18 0 18 0 18 0 18 0 9 0 9 0 9 0 9 0 8 960 9 961 8 962 9 963 8 964 9 965 8 966 9 967 9 0 9 0 8 968 9 969 8 970 9 971 9 0 9 0 8 972 9 973 8 974 9 975 6 976 7 977 10 978 7 0 6 979 7 980 10 981 7 0 6 982 7 983 6 984 7 985 22 986 7 0 7 987 8 988 8 0 7 989 8 990 7 991 8 992 7 993 8 994 7 995 8 996 7 997 8 998 7 999 8 1000 7 1001 8 1002 7 1003 8 1004 7 1005 8 1006 7 1007 8 1008 7 0 7 0 6 1009 7 1010 10 1011 11 1012 6 1013 7 1014 6 1015 7 1016 10 1017 11 1018 6 1019 7 1020 11 1021 7 0 6 1022 7 1023 11 1024 6 1025 7 1026 6 1027 7 1028 9 0 9 0 9 0 9 0 8 1029 9 1030 8 1031 9 1032 7 1033 8 1034 7 1035 8 1036 7 1037 8 1038 7 1039 8 1040 7 1041 8 1042 7 1043 8 1044 8 1045 9 1046 8 1047 9 1048 8 1049 9 1050 9 0 9 0 9 0 9 0 7 1051 8 1052 7 1053 8 1054 7 1055 8 1056 9 0 9 0 9 0 9 0 7 1057 8 1058 7 1059 8 1060 7 1061 8 1062 8 1063 9 1064 8 1065 9 1066 8 1067 9 1068 9 0 9 0 9 0 9 0 8 1069 9 1070 8 1071 9 1072 8 1073 9 1074 7 1075 8 1076 7 1077 8 1078 7 1079 8 1080 9 0 9 0 8 1081 9 1082 9 0 9 0 9 0 8 1083 9 1084 7 1085 8 1086 8 0 6 1087 7 1088 7 0 7 1089 8 1090 6 1091 7 1092 8 1093 7 1094 8 1095 6 1096 7 1097 6 1098 7 1099 8 1100 11 1101 6 1102 7 1103 8 1104 11 1105 6 1106 7 1107 8 1108 6 1109 7 1110 8 1111 10 1112 6 1113 7 1114 11 1115 7 1116 8 1117 6 1118 7 1119 11 1120 6 1121 7 1122 10 1123 11 1124 6 1125 7 1126 11 1127 7 1128 8 1129 7 0 7 1130 8 1131 7 1132 8 1133 7 1134 8 1135 7 1136 8 1137 7 1138 8 1139 6 1140 7 1141 8 1142 7 1143 8 1144 7 1145 8 1146 8 1147 9 1148 8 1149 9 1150 8 0 8 0 8 1151 9 1152 8 0 8 1153 9 1154 8 0 8 1155 9 1156 8 0 8 1157 9 1158 9 0 9 0 9 0 9 0 8 1159 9 1160 8 1161 9 1162 7 1163 8 1164 7 1165 8 1166 8 1167 9 1168 7 1169 8 1170 8 1171 9 1172 8 1173 9 1174 8 1175 9 1176 8 1177 9 1178 7 1179 8 1180 7 0 7 1181 8 1182 7 0 7 1183 8 1184 7 1185 8 1186 6 1187 7 1188 10 1189 6 1190 7 1191 6 1192 7 1193 6 1194 7 1195 10 1196 6 1197 7 1198 6 1199 7 1200 6 0 6 1201 7 1202 6 0 6 1203 7 1204 22 1205 8 1206 9 1207 8 1208 9 1209 8 1210 9 1211 8 1212 9 1213 9 0 9 0 8 1214 9 1215 9 0 9 0 7 1216 8 1217 7 1218 8 1219 7 1220 8 1221 8 0 8 0 7 0 6 1222 7 1223 22 1224 6 1225 7 1226 22 1227 7 1228 8 1229 7 1230 8 1231 6 1232 7 1233 8 1234 6 1235 7 1236 22 1237 6 1238 7 1239 6 1240 7 1241 22 1242 6 1243 7 1244 6 0 9 0 9 0 8 1245 9 1246 8 1247 9 1248 8 0 7 1249 8 1250 7 1251 8 1252 6 1253 7 1254 6 1255 7 1256 9 0 9 0 9 0 9 0 9 0 9 0 9 0 9 0 9 0 9 0 9 0 9 0 9 0 9 0 9 0 9 0 9 0 9 0 6 1257 7 1258 10 1259 11 1260 6 1261 7 1262 10 1263 11 1264 7 1265 10 1266 11 1267 7 1268 10 1269 11 1270 7 1271 10 1272 11 1273 7 1274 10 1275 11 1276 13 0 12 1277 13 1278 13 0 12 1279 13 1280 13 0 13 0 12 1281 13 1282 12 1283 13 1284 10 1285 11 1286 14 1287 19 1288 6 1289 10 1290 11 1291 10 1292 11 1293 6 1294 10 1295 11 1296 10 1297 11 1298 14 1299 10 1300 11 1301 10 1302 11 1303 10 1304 11 1305 12 0 11 1306 12 1307 12 0 11 1308 12 1309 11 1310 12 1311 12 0 11 1312 12 1313 12 0 12 0 11 1314 12 1315 12 0 11 1316 12 1317 12 0 12 0 12 0 12 0 7 1318 10 1319 11 1320 10 1321 11 1322 10 1323 11 1324 10 1325 11 1326 10 1327 11 1328 14 1329 10 1330 11 1331 10 1332 11 1333 14 1334 19 1335 6 1336 10 1337 11 1338 14 1339 10 1340 11 1341 6 1342 10 1343 11 1344 10 1345 11 1346 10 1347 11 1348 11 1349 12 1350 11 1351 12 1352 11 1353 12 1354 10 1355 11 1356 10 1357 11 1358 11 1359 12 1360 11 1361 12 1362 11 1363 12 1364 11 1365 12 1366 12 1367 13 1368 12 1369 13 1370 12 1371 13 1372 12 1373 13 1374 12 1375 13 1376 12 1377 13 1378 12 1379 13 1380 12 1381 13 1382 11 1383 12 1384 11 1385 12 1386 11 1387 12 1388 11 1389 12 1390 11 1391 12 1392 11 1393 12 1394 11 1395 12 1396 13 0 13 0 13 0 12 1397 13 1398 12 1399 13 1400 12 1401 13 1402 12 1403 13 1404 12 0 12 0 12 0 6 1405 10 1406 11 1407 14 1408 6 1409 10 1410 11 1411 11 1412 12 1413 11 1414 12 1415 11 1416 12 1417 11 1418 12 1419 10 1420 11 1421 10 1422 11 1423 10 1424 11 1425 12 1426 10 1427 11 1428 12 1429 10 1430 11 1431 12 1432 10 1433 11 1434 12 1435 13 1436 12 1437 13 1438 12 1439 13 1440 11 1441 12 1442 11 1443 12 1444 11 1445 12 1446 11 1447 12 1448 11 1449 12 1450 10 1451 11 1452 10 1453 11 1454 12 1455 10 1456 11 1457 10 1458 11 1459 10 1460 11 1461 12 1462 12 1463 13 1464 12 1465 13 1466 12 0 12 0 12 0 12 0 10 1467 11 1468 14 1469 19 1470 10 1471 11 1472 14 1473 19 1474 6 1475 7 1476 10 1477 11 1478 6 1479 7 1480 10 1481 11 1482 13 0 13 0 13 0 12 1483 13 1484 12 1485 13 1486 13 0 12 1487 13 1488 13 0 13 0 13 0 13 0 13 0 13 0 13 0 13 0 13 0 13 0 13 0 13 0 13 0 13 0 13 0 13 0 13 0 13 0 12 1489 13 1490 13 0 13 0 13 0 13 0 13 0 13 0 13 0 13 0 13 0 12 1491 13 1492 12 1493 13 1494 12 1495 13 1496 12 1497 13 1498 12 1499 13 1500 12 1501 13 1502 12 1503 13 1504 12 1505 13 1506 12 1507 13 1508 12 1509 13 1510 13 0 13 0 13 0 13 0 13 0 13 0 13 0 13 0 13 0 13 0 13 0 13 0 13 0 13 0 13 0 12 0 12 0 12 0 11 1511 12 1512 11 1513 12 1514 11 1515 12 1516 11 1517 12 1518 11 1519 12 1520 11 1521 12 1522 12 1523 13 1524 11 1525 12 1526 12 0 11 1527 12 1528 11 1529 12 1530 11 0 10 1531 11 1532 10 1533 11 1534 13 0 13 0 13 0 13 0 13 0 13 0 13 0 13 0 13 0 6 1535 7 1536 6 1537 7 1538 10 1539 6 1540 7 1541 6 1542 7 1543 10 1544 6 1545 10 1546 11 1547 10 1548 11 1549 14 1550 19 1551 10 1552 14 1553 19 1554 10 1555 14 1556 19 1557 15 1558 16 1559 14 1560 15 1561 16 1562 14 1563 15 1564 16 1565 14 1566 19 1567 6 1568 5 1569 10 1570 22 1571 6 1572 5 1573 22 1574 6 1575 5 1576 22 1577 23 1578 6 1579 5 1580 22 1581 5 1582 15 1583 14 1584 4 1585 5 1586 15 1587 14 1588 4 1589 5 1590 15 1591 14 1592 5 1593 15 1594 14 1595 5 1596 10 1597 14 1598 4 1599 5 1600 10 1601 14 1602 4 1603 5 1604 15 1605 14 1606 4 1607 5 1608 15 1609 14 1610 4 1611 5 1612 15 1613 14 1614 4 1615 5 1616 15 1617 14 1618 4 1619 5 1620 15 1621 14 1622 4 1623 5 1624 15 1625 14 1626 4 1627 5 1628 15 1629 14 1630 5 1631 15 1632 14 1633 6 1634 5 1635 10 1636 22 1637 6 1638 5 1639 10 1640 22 1641 5 1642 10 1643 14 1644 4 1645 5 1646 15 1647 14 1648 4 1649 6 1650 5 1651 22 1652 4 1653 6 1654 5 1655 10 1656 4 1657 6 1658 5 1659 10 1660 4 1661 6 1662 5 1663 10 1664 4 1665 6 1666 5 1667 10 1668 15 1669 16 1670 14 1671 19 1672 15 1673 16 1674 14 1675 19 1676 6 1677 5 1678 10 1679 4 1680 6 1681 5 1682 10 1683 4 1684 6 1685 5 1686 10 1687 4 1688 6 1689 5 1690 10 1691 4 1692 6 1693 5 1694 10 1695 4 1696 5 1697 10 1698 14 1699 4 1700 6 1701 22 1702 23 1703 6 1704 10 1705 22 1706 23 1707 6 1708 22 1709 23 1710 6 1711 22 1712 23 1713 6 1714 5 1715 22 1716 4 1717 6 1718 5 1719 22 1720 4 1721 6 1722 5 1723 22 1724 4 1725 5 1726 10 1727 15 1728 14 1729 5 1730 10 1731 14 1732 6 1733 5 1734 22 1735 6 1736 5 1737 22 1738 6 1739 5 1740 22 1741 4 1742 6 1743 5 1744 22 1745 4 1746 6 1747 5 1748 22 1749 23 1750 6 1751 5 1752 22 1753 23 1754 6 1755 5 1756 22 1757 6 1758 5 1759 22 1760 4 1761 6 1762 5 1763 22 1764 4 1765 6 1766 5 1767 10 1768 6 1769 5 1770 10 1771 5 1772 10 1773 14 1774 5 1775 10 1776 14 1777 5 1778 10 1779 14 1780 6 1781 5 1782 10 1783 6 1784 5 1785 10 1786 6 1787 5 1788 10 1789 6 1790 5 1791 22 1792 23 1793 5 1794 15 1795 14 1796 5 1797 15 1798 14 1799 4 1800 5 1801 15 1802 14 1803 5 1804 15 1805 14 1806 5 1807 10 1808 14 1809 6 1810 5 1811 10 1812 14 1813 5 1814 10 1815 14 1816 5 1817 10 1818 14 1819 6 1820 5 1821 22 1822 6 1823 5 1824 10 1825 6 1826 5 1827 10 1828 22 1829 6 1830 5 1831 10 1832 6 1833 5 1834 10 1835 15 1836 14 1837 15 1838 14 1839 15 1840 14 1841 15 1842 14 1843 15 1844 16 1845 14 1846 15 1847 16 1848 14 1849 15 1850 16 1851 14 1852 15 1853 14 1854 19 1855 15 1856 16 1857 14 1858 19 1859 6 1860 7 1861 10 1862 6 1863 7 1864 10 1865 11 1866 6 1867 10 1868 22 1869 6 1870 22 1871 23 1872 6 1873 7 1874 10 1875 6 1876 10 1877 22 1878 6 1879 22 1880 10 1881 14 1882 10 1883 14 1884 10 1885 11 1886 14 1887 19 1888 10 1889 14 1890 10 1891 14 1892 15 1893 14 1894 6 1895 7 1896 10 1897 22 1898 6 1899 7 1900 22 1901 6 1902 7 1903 10 1904 6 1905 7 1906 10 1907 6 1908 7 1909 10 1910 11 1911 10 1912 14 1913 19 1914 10 1915 14 1916 10 1917 14 1918 10 1919 14 1920 10 1921 14 1922 10 1923 14 1924 6 1925 10 1926 6 1927 10 1928 22 1929 10 1930 11 1931 6 1932 7 1933 10 1934 11 1935 10 1936 11 1937 6 1938 10 1939 11 1940 10 1941 11 1942 14 1943 19 1944 10 1945 11 1946 14 1947 19 1948 10 1949 11 1950 14 1951 19 1952 10 1953 14 1954 19 1955 10 1956 11 1957 14 1958 10 1959 14 1960 19 1961 10 1962 15 1963 14 1964 19 1965 10 1966 15 1967 14 1968 19 1969 6 1970 10 1971 11 1972 10 1973 14 1974 6 1975 10 1976 14 1977 10 1978 14 1979 10 1980 15 1981 14 1982 19 1983 6 1984 5 1985 10 1986 22 1987 6 1988 10 1989 22 1990 6 1991 10 1992 22 1993 23 1994 6 1995 10 1996 22 1997 6 1998 10 1999 22 2000 6 2001 10 2002 6 2003 10 2004 6 2005 10 2006 22 2007 6 2008 10 2009 22 2010 6 2011 10 2012 11 2013 6 2014 10 2015 6 2016 5 2017 10 2018 22 2019 6 2020 5 2021 10 2022 14 2023 6 2024 5 2025 10 2026 22 2027 6 2028 10 2029 22 2030 5 2031 15 2032 14 2033 5 2034 15 2035 14 2036 5 2037 15 2038 14 2039 5 2040 10 2041 15 2042 14 2043 5 2044 10 2045 15 2046 14 2047 5 2048 10 2049 15 2050 14 2051 15 2052 14 2053 15 2054 14 2055 15 2056 14 2057 10 2058 15 2059 14 2060 5 2061 15 2062 14 2063 5 2064 10 2065 15 2066 14 2067 15 2068 14 2069 15 2070 14 2071 10 2072 15 2073 14 2074 15 2075 14 2076 10 2077 15 2078 14 2079 10 2080 15 2081 14 2082 6 2083 5 2084 10 2085 14 2086 5 2087 10 2088 15 2089 14 2090 6 2091 5 2092 10 2093 10 2094 15 2095 14 2096 10 2097 15 2098 14 2099 5 2100 10 2101 15 2102 14 2103 6 2104 10 2105 14 2106 15 2107 16 2108 14 2109 15 2110 16 2111 14 2112 15 2113 14 2114 15 2115 14 2116 5 2117 15 2118 14 2119 15 2120 14 2121 15 2122 14 2123 15 2124 14 2125 15 2126 14 2127 23 2128 24 2129 23 2130 24 2131 23 2132 24 2133 23 2134 24 2135 23 2136 24 2137 24 0 23 2138 24 2139 24 0 24 0 24 0 24 0 24 0 23 2140 24 2141 23 2142 24 2143 23 2144 24 2145 6 2146 22 2147 23 2148 6 2149 22 2150 23 2151 6 2152 22 2153 23 2154 6 2155 22 2156 23 2157 23 2158 24 2159 23 2160 24 2161 23 2162 24 2163 24 0 24 0 6 2164 23 2165 24 2166 6 2167 23 2168 23 2169 24 2170 24 0 24 0 23 2171 24 2172 23 2173 24 2174 23 2175 24 2176 23 2177 24 2178 23 2179 24 2180 23 2181 24 2182 6 2183 5 2184 22 2185 23 2186 5 2187 22 2188 23 2189 6 2190 22 2191 23 2192 22 2193 23 2194 6 2195 5 2196 22 2197 23 2198 6 2199 5 2200 22 2201 23 2202 24 2203 23 2204 24 2205 23 2206 24 2207 23 2208 24 2209 23 2210 24 2211 23 2212 24 2213 23 2214 24 2215 23 2216 24 2217 23 2218 24 2219 23 2220 24 2221 23 2222 24 2223 23 2224 24 2225 23 2226 24 2227 23 2228 24 2229 23 0 23 0 23 2230 24 2231 23 2232 24 2233 23 2234 24 2235 23 2236 24 2237 23 2238 24 2239 23 2240 24 2241 23 2242 24 2243 23 2244 24 2245 23 2246 24 2247 24 0 24 0 24 0 24 0 24 0 24 0 24 0 24 0 24 0 24 0 23 2248 24 2249 24 0 24 0 24 0 24 0 24 0 24 0 23 2250 24 2251 23 2252 24 2253 24 0 23 2254 24 2255 23 0 22 2256 23 2257 23 0 22 2258 23 2259 23 0 6 2260 22 2261 23 2262 22 2263 23 2264 22 2265 23 2266 22 2267 23 2268 24 0 24 0 24 0 24 0 24 0 24 0 24 0 24 0 24 0 24 0 24 0 24 0 24 0 24 0 24 0 24 0 24 0 24 0 24 0 24 0 24 0 24 0 24 0 24 0 5 2269 22 2270 4 2271 5 2272 22 2273 4 2274 5 2275 22 2276 5 2277 22 2278 5 2279 22 2280 23 2281 5 2282 22 2283 23 2284 5 2285 22 2286 6 2287 5 2288 22 2289 4 2290 6 2291 23 2292 24 2293 6 2294 22 2295 23 2296 6 2297 22 2298 23 2299 6 2300 23 2301 6 2302 23 2303 24 2304 6 2305 22 2306 23 2307 6 2308 22 2309 23 2310 6 2311 23 2312 6 2313 22 2314 23 2315 6 2316 22 2317 23 2318 6 2319 22 2320 23 2321 6 2322 22 2323 23 2324 6 2325 22 2326 23 2327 6 2328 5 2329 22 2330 23 2331 23 0 22 2332 23 2333 22 2334 23 2335 22 2336 23 2337 22 2338 23 2339 6 2340 22 2341 23 2342 22 2343 23 2344 22 2345 23 2346 22 2347 23 2348 22 2349 23 2350 22 2351 23 2352 22 2353 23 2354 24 0 24 0 24 0 24 0 24 0 24 0 24 0 6 2355 22 2356 6 2357 22 2358 6 2359 22 2360 6 2361 22 2362 23 2363 6 2364 22 2365 6 2366 22 2367 6 2368 22 2369 6 0 6 2370 22 2371 6 2372 22 2373 23 2374 6 2375 7 2376 22 2377 6 2378 7 2379 10 2380 22 2381 6 2382 22 2383 23 2384 6 2385 7 2386 22 2387 6 2388 7 2389 22 2390 6 2391 22 2392 23 2393 6 2394 22 2395 23 2396 6 2397 22 2398 23 2399 6 2400 22 2401 23 2402 6 2403 22 2404 23 2405 6 2406 22 2407 23 2408 6 2409 22 2410 23 2411 6 2412 22 2413 23 2414 19 2415 20 2416 20 0 19 2417 20 2418 20 2419 21 2420 20 2421 21 2422 19 2423 20 2424 19 2425 20 2426 19 2427 20 2428 19 2429 20 2430 19 2431 20 2432 19 2433 20 2434 19 2435 20 2436 19 2437 20 2438 19 2439 20 2440 19 2441 20 2442 19 2443 20 2444 19 2445 20 2446 19 2447 20 2448 19 2449 20 2450 19 2451 20 2452 15 2453 16 2454 15 2455 16 2456 14 2457 19 2458 15 2459 16 2460 14 2461 19 2462 15 2463 16 2464 14 2465 19 2466 15 2467 16 2468 14 2469 19 2470 15 2471 14 2472 19 2473 15 2474 16 2475 14 2476 19 2477 15 2478 16 2479 14 2480 19 2481 14 2482 19 2483 19 0 14 2484 19 2485 14 2486 19 2487 19 0 19 0 19 0 19 2488 20 2489 19 0 15 2490 14 2491 19 2492 19 2493 20 2494 15 2495 14 2496 19 2497 16 2498 14 2499 19 2500 14 2501 19 2502 15 2503 16 2504 14 2505 19 2506 15 2507 16 2508 14 2509 19 2510 15 2511 16 2512 14 2513 19 2514 15 2515 16 2516 14 2517 19 2518 10 2519 15 2520 14 2521 19 2522 10 2523 15 2524 14 2525 19 2526 15 2527 14 2528 19 2529 15 2530 14 2531 19 2532 15 2533 16 2534 14 2535 19 2536 19 2537 20 2538 10 2539 15 2540 14 2541 19 2542 10 2543 14 2544 19 2545 19 2546 20 2547 10 2548 11 2549 14 2550 19 2551 14 2552 19 2553 10 2554 14 2555 19 2556 14 2557 19 2558 14 2559 19 2560 14 2561 19 2562 14 2563 19 2564 14 2565 19 2566 10 2567 11 2568 14 2569 19 2570 14 2571 19 2572 14 2573 19 2574 10 2575 14 2576 19 2577 19 0 10 2578 14 2579 19 2580 10 2581 11 2582 14 2583 19 2584 10 2585 11 2586 14 2587 19 2588 10 2589 11 2590 14 2591 19 2592 10 2593 11 2594 14 2595 19 2596 10 2597 11 2598 14 2599 19 2600 10 2601 11 2602 14 2603 19 2604 10 2605 14 2606 19 2607 10 2608 11 2609 14 2610 19 2611 10 2612 15 2613 14 2614 19 2615 10 2616 14 2617 19 2618 10 2619 14 2620 19 2621 19 0 10 2622 14 2623 19 2624 19 2625 20 2626 10 2627 14 2628 19 2629 10 2630 14 2631 19 2632 10 2633 14 2634 19 2635 7 2636 10 2637 11 2638 15 2639 16 2640 17 2641 15 2642 16 2643 17 2644 15 2645 16 2646 17 2647 15 2648 16 2649 17 2650 16 2651 17 2652 16 0 16 2653 17 2654 16 0 15 2655 16 2656 14 2657 15 2658 16 2659 14 2660 16 2661 17 2662 16 2663 17 2664 16 2665 17 2666 16 2667 17 2668 16 2669 17 2670 15 2671 16 2672 14 2673 15 2674 16 2675 14 2676 19 2677 15 2678 16 2679 14 2680 15 2681 16 2682 14 2683 19 2684 16 2685 17 2686 16 2687 17 2688 15 2689 16 2690 14 2691 19 2692 15 2693 16 2694 14 2695 19 2696 15 2697 16 2698 14 2699 19 2700 15 2701 16 2702 14 2703 19 2704 15 2705 16 2706 14 2707 19 2708 15 2709 16 2710 17 2711 15 2712 16 2713 17 2714 16 0 16 0 16 0 15 2715 16 2716 14 2717 15 2718 16 2719 17 2720 6 2721 7 2722 10 2723 11 2724 6 2725 7 2726 10 2727 11 2728 6 2729 7 2730 10 2731 11 2732 10 2733 11 2734 6 2735 7 2736 10 2737 11 2738 7 2739 10 2740 11 2741 7 2742 10 2743 11 2744 6 2745 10 2746 11 2747 10 2748 11 2749 10 2750 11 2751 10 2752 11 2753 12 2754 10 2755 11 2756 6 2757 10 2758 11 2759 6 2760 7 2761 10 2762 11 2763 6 2764 10 2765 6 2766 10 2767 6 2768 10 2769 14 2770 10 2771 15 2772 14 2773 6 2774 10 2775 6 2776 10 2777 22 2778 6 2779 7 2780 10 2781 11 2782 6 2783 7 2784 10 2785 11 2786 6 2787 7 2788 10 2789 11 2790 6 2791 7 2792 10 2793 11 2794 6 2795 7 2796 11 2797 6 2798 22 2799 23 2800 6 2801 5 2802 22 2803 23 2804 6 2805 5 2806 22 2807 6 2808 5 2809 22 2810 4 2811 5 2812 15 2813 14 2814 5 2815 15 2816 14 2817 4 2818 8 2819 9 2820 8 2821 9 2822 8 2823 9 2824 8 2825 9 2826 8 2827 9 2828 8 2829 9 2830 8 0 8 0 8 0 8 0 8 0 8 0 8 0 8 0 7 2831 8 2832 7 2833 8 2834 7 2835 8 2836 10 2837 11 2838 12 2839 11 2840 12 2841 11 2842 12 2843 10 2844 11 2845 12 2846 11 2847 12 2848 10 2849 11 2850 12 2851 12 2852 13 2853 12 2854 13 2855 12 2856 13 2857 12 2858 13 2859 12 2860 13 2861 12 2862 13 2863 20 2864 21 2865 20 2866 21 2867 20 2868 21 2869 20 2870 21 2871 20 2872 21 2873 20 2874 21 2875 19 2876 20 2877 19 2878 20 2879 19 2880 20 2881 19 2882 20 2883 19 2884 20 2885 19 2886 20 2887 17 2888 18 2889 17 2890 18 2891 17 2892 18 2893 16 2894 17 2895 16 2896 17 2897 16 2898 17 2899 16 2900 17 2901 16 2902 17 2903 6 2904 10 2905 6 2906 10 2907 6 2908 10 2909 6 2910 10 2911 6 2912 22 2913 6 2914 10 2915 22 2916 6 2917 5 2918 10 2919 22 2920 6 2921 5 2922 10 2923 22 2924 6 2925 5 2926 22 2927 4 2928 4 0 4 0 4 0 4 0 4 0 4 0 4 0 4 0 4 0 4 0 4 0 4 0 4 0 4 0 4 0 4 0 4 0 4 0 4 0 4 0 4 0 4 0 4 0 4 0 4 0 4 0 4 0 4 0 4 0 4 0 4 0 4 0 4 0 6 2929 5 2930 22 2931 4 2932</v>
        </vertex_weights>
      </skin>
    </controller>
  </library_controllers>
  <library_lights>
    <light id="EnvironmentAmbientLight" name="EnvironmentAmbientLight">
      <technique_common>
        <ambient>
          <color>0 0 0</color>
        </ambient>
      </technique_common>
    </light>
  </library_lights>
  <library_images>
    <image id="_png">
      <init_from>./images/.png</init_from>
    </image>
    <image id="crazyhand_col_png">
      <init_from>./images/crazyhand_col.png</init_from>
    </image>
    <image id="crazyhand_effA_col_png">
      <init_from>./images/crazyhand_effA_col.png</init_from>
    </image>
    <image id="crazyhand_effB_col_png">
      <init_from>./images/crazyhand_effB_col.png</init_from>
    </image>
  </library_images>
  <library_visual_scenes>
    <visual_scene id="MaxScene">
      <node name="EnvironmentAmbientLight">
        <instance_light url="#EnvironmentAmbientLight"/>
      </node>
      <node id="node-Trans" name="Trans" sid="joint0" type="JOINT">
        <node id="node-Rot" name="Rot" sid="joint1" type="JOINT">
          <translate>0 30 0</translate>
          <node id="node-RotX" name="RotX" sid="joint2" type="JOINT">
            <node id="node-Throw" name="Throw" sid="joint3" type="JOINT">
              <translate>0 -30 0</translate>
              <extra>
                <technique profile="OpenCOLLADA">
                  <cast_shadows sid="cast_shadows" type="bool">1</cast_shadows>
                  <receive_shadows sid="receive_shadows" type="bool">1</receive_shadows>
                  <primary_visibility sid="primary_visibility" type="bool">1</primary_visibility>
                  <secondary_visibility sid="secondary_visibility" type="bool">1</secondary_visibility>
                </technique>
              </extra>
            </node>
            <node id="node-Wrist" name="Wrist" sid="joint4" type="JOINT">
              <translate>0 30 0</translate>
              <rotate>-0.5773503 0.5773503 -0.5773503 -240</rotate>
              <node id="node-Hand" name="Hand" sid="joint5" type="JOINT">
                <translate>10 -1.42109e-13 1.19209e-6</translate>
                <node id="node-Fingerbase" name="Fingerbase" sid="joint6" type="JOINT">
                  <translate>3.950199 -2.044559 -4.41534</translate>
                  <node id="node-Index1" name="Index1" sid="joint7" type="JOINT">
                    <translate>21.0527 -1.66294 -0.6535563</translate>
                    <node id="node-Index2" name="Index2" sid="joint8" type="JOINT">
                      <translate>8.695002 0 4.76837e-7</translate>
                      <node id="node-Index3" name="Index3" sid="joint9" type="JOINT">
                        <translate>5.379501 0 4.76837e-7</translate>
                        <extra>
                          <technique profile="OpenCOLLADA">
                            <cast_shadows sid="cast_shadows" type="bool">1</cast_shadows>
                            <receive_shadows sid="receive_shadows" type="bool">1</receive_shadows>
                            <primary_visibility sid="primary_visibility" type="bool">1</primary_visibility>
                            <secondary_visibility sid="secondary_visibility" type="bool">1</secondary_visibility>
                          </technique>
                        </extra>
                      </node>
                      <extra>
                        <technique profile="OpenCOLLADA">
                          <cast_shadows sid="cast_shadows" type="bool">1</cast_shadows>
                          <receive_shadows sid="receive_shadows" type="bool">1</receive_shadows>
                          <primary_visibility sid="primary_visibility" type="bool">1</primary_visibility>
                          <secondary_visibility sid="secondary_visibility" type="bool">1</secondary_visibility>
                        </technique>
                      </extra>
                    </node>
                    <extra>
                      <technique profile="OpenCOLLADA">
                        <cast_shadows sid="cast_shadows" type="bool">1</cast_shadows>
                        <receive_shadows sid="receive_shadows" type="bool">1</receive_shadows>
                        <primary_visibility sid="primary_visibility" type="bool">1</primary_visibility>
                        <secondary_visibility sid="secondary_visibility" type="bool">1</secondary_visibility>
                      </technique>
                    </extra>
                  </node>
                  <node id="node-Middle" name="Middle" sid="joint10" type="JOINT">
                    <translate>0 -4.76837e-7 4.415341</translate>
                    <node id="node-Middle1" name="Middle1" sid="joint11" type="JOINT">
                      <translate>22.0304 -1.66295 1.95115e-6</translate>
                      <node id="node-Middle2" name="Middle2" sid="joint12" type="JOINT">
                        <translate>8.4822 0 1.01116e-6</translate>
                        <node id="node-Middle3" name="Middle3" sid="joint13" type="JOINT">
                          <translate>6.8369 0 8.15022e-7</translate>
                          <extra>
                            <technique profile="OpenCOLLADA">
                              <cast_shadows sid="cast_shadows" type="bool">1</cast_shadows>
                              <receive_shadows sid="receive_shadows" type="bool">1</receive_shadows>
                              <primary_visibility sid="primary_visibility" type="bool">1</primary_visibility>
                              <secondary_visibility sid="secondary_visibility" type="bool">1</secondary_visibility>
                            </technique>
                          </extra>
                        </node>
                        <extra>
                          <technique profile="OpenCOLLADA">
                            <cast_shadows sid="cast_shadows" type="bool">1</cast_shadows>
                            <receive_shadows sid="receive_shadows" type="bool">1</receive_shadows>
                            <primary_visibility sid="primary_visibility" type="bool">1</primary_visibility>
                            <secondary_visibility sid="secondary_visibility" type="bool">1</secondary_visibility>
                          </technique>
                        </extra>
                      </node>
                      <extra>
                        <technique profile="OpenCOLLADA">
                          <cast_shadows sid="cast_shadows" type="bool">1</cast_shadows>
                          <receive_shadows sid="receive_shadows" type="bool">1</receive_shadows>
                          <primary_visibility sid="primary_visibility" type="bool">1</primary_visibility>
                          <secondary_visibility sid="secondary_visibility" type="bool">1</secondary_visibility>
                        </technique>
                      </extra>
                    </node>
                    <node id="node-Ring" name="Ring" sid="joint14" type="JOINT">
                      <translate>0 -4.76837e-7 3.77359</translate>
                      <node id="node-Pinky" name="Pinky" sid="joint15" type="JOINT">
                        <translate>0 -4.76837e-7 4.2893</translate>
                        <node id="node-Pinky1" name="Pinky1" sid="joint16" type="JOINT">
                          <translate>18.5412 -1.66292 3.197413</translate>
                          <node id="node-Pinky2" name="Pinky2" sid="joint17" type="JOINT">
                            <translate>7.494602 0 -1.90735e-6</translate>
                            <node id="node-Pinky3" name="Pinky3" sid="joint18" type="JOINT">
                              <translate>5.358602 0 1.90735e-6</translate>
                              <extra>
                                <technique profile="OpenCOLLADA">
                                  <cast_shadows sid="cast_shadows" type="bool">1</cast_shadows>
                                  <receive_shadows sid="receive_shadows" type="bool">1</receive_shadows>
                                  <primary_visibility sid="primary_visibility" type="bool">1</primary_visibility>
                                  <secondary_visibility sid="secondary_visibility" type="bool">1</secondary_visibility>
                                </technique>
                              </extra>
                            </node>
                            <extra>
                              <technique profile="OpenCOLLADA">
                                <cast_shadows sid="cast_shadows" type="bool">1</cast_shadows>
                                <receive_shadows sid="receive_shadows" type="bool">1</receive_shadows>
                                <primary_visibility sid="primary_visibility" type="bool">1</primary_visibility>
                                <secondary_visibility sid="secondary_visibility" type="bool">1</secondary_visibility>
                              </technique>
                            </extra>
                          </node>
                          <extra>
                            <technique profile="OpenCOLLADA">
                              <cast_shadows sid="cast_shadows" type="bool">1</cast_shadows>
                              <receive_shadows sid="receive_shadows" type="bool">1</receive_shadows>
                              <primary_visibility sid="primary_visibility" type="bool">1</primary_visibility>
                              <secondary_visibility sid="secondary_visibility" type="bool">1</secondary_visibility>
                            </technique>
                          </extra>
                        </node>
                        <extra>
                          <technique profile="OpenCOLLADA">
                            <cast_shadows sid="cast_shadows" type="bool">1</cast_shadows>
                            <receive_shadows sid="receive_shadows" type="bool">1</receive_shadows>
                            <primary_visibility sid="primary_visibility" type="bool">1</primary_visibility>
                            <secondary_visibility sid="secondary_visibility" type="bool">1</secondary_visibility>
                          </technique>
                        </extra>
                      </node>
                      <node id="node-Ring1" name="Ring1" sid="joint19" type="JOINT">
                        <translate>20.6545 -1.66293 1.947073</translate>
                        <node id="node-Ring2" name="Ring2" sid="joint20" type="JOINT">
                          <translate>8.1464 0 9.53674e-7</translate>
                          <node id="node-Ring3" name="Ring3" sid="joint21" type="JOINT">
                            <translate>6.082698 0 0</translate>
                            <extra>
                              <technique profile="OpenCOLLADA">
                                <cast_shadows sid="cast_shadows" type="bool">1</cast_shadows>
                                <receive_shadows sid="receive_shadows" type="bool">1</receive_shadows>
                                <primary_visibility sid="primary_visibility" type="bool">1</primary_visibility>
                                <secondary_visibility sid="secondary_visibility" type="bool">1</secondary_visibility>
                              </technique>
                            </extra>
                          </node>
                          <extra>
                            <technique profile="OpenCOLLADA">
                              <cast_shadows sid="cast_shadows" type="bool">1</cast_shadows>
                              <receive_shadows sid="receive_shadows" type="bool">1</receive_shadows>
                              <primary_visibility sid="primary_visibility" type="bool">1</primary_visibility>
                              <secondary_visibility sid="secondary_visibility" type="bool">1</secondary_visibility>
                            </technique>
                          </extra>
                        </node>
                        <extra>
                          <technique profile="OpenCOLLADA">
                            <cast_shadows sid="cast_shadows" type="bool">1</cast_shadows>
                            <receive_shadows sid="receive_shadows" type="bool">1</receive_shadows>
                            <primary_visibility sid="primary_visibility" type="bool">1</primary_visibility>
                            <secondary_visibility sid="secondary_visibility" type="bool">1</secondary_visibility>
                          </technique>
                        </extra>
                      </node>
                      <extra>
                        <technique profile="OpenCOLLADA">
                          <cast_shadows sid="cast_shadows" type="bool">1</cast_shadows>
                          <receive_shadows sid="receive_shadows" type="bool">1</receive_shadows>
                          <primary_visibility sid="primary_visibility" type="bool">1</primary_visibility>
                          <secondary_visibility sid="secondary_visibility" type="bool">1</secondary_visibility>
                        </technique>
                      </extra>
                    </node>
                    <extra>
                      <technique profile="OpenCOLLADA">
                        <cast_shadows sid="cast_shadows" type="bool">1</cast_shadows>
                        <receive_shadows sid="receive_shadows" type="bool">1</receive_shadows>
                        <primary_visibility sid="primary_visibility" type="bool">1</primary_visibility>
                        <secondary_visibility sid="secondary_visibility" type="bool">1</secondary_visibility>
                      </technique>
                    </extra>
                  </node>
                  <extra>
                    <technique profile="OpenCOLLADA">
                      <cast_shadows sid="cast_shadows" type="bool">1</cast_shadows>
                      <receive_shadows sid="receive_shadows" type="bool">1</receive_shadows>
                      <primary_visibility sid="primary_visibility" type="bool">1</primary_visibility>
                      <secondary_visibility sid="secondary_visibility" type="bool">1</secondary_visibility>
                    </technique>
                  </extra>
                </node>
                <node id="node-Thumb1" name="Thumb1" sid="joint22" type="JOINT">
                  <translate>4.796001 2.019601 -7.663479</translate>
                  <rotate>-0.9600325 -0.2268276 0.1639722 -110.4791</rotate>
                  <node id="node-Thumb2" name="Thumb2" sid="joint23" type="JOINT">
                    <translate>11.25934 -6.10352e-5 1.4782e-5</translate>
                    <rotate>0.1270464 -0.3483882 -0.9287007 -21.64194</rotate>
                    <node id="node-Thumb3" name="Thumb3" sid="joint24" type="JOINT">
                      <translate>7.99255 5.91278e-5 -7.67708e-5</translate>
                      <extra>
                        <technique profile="OpenCOLLADA">
                          <cast_shadows sid="cast_shadows" type="bool">1</cast_shadows>
                          <receive_shadows sid="receive_shadows" type="bool">1</receive_shadows>
                          <primary_visibility sid="primary_visibility" type="bool">1</primary_visibility>
                          <secondary_visibility sid="secondary_visibility" type="bool">1</secondary_visibility>
                        </technique>
                      </extra>
                    </node>
                    <extra>
                      <technique profile="OpenCOLLADA">
                        <cast_shadows sid="cast_shadows" type="bool">1</cast_shadows>
                        <receive_shadows sid="receive_shadows" type="bool">1</receive_shadows>
                        <primary_visibility sid="primary_visibility" type="bool">1</primary_visibility>
                        <secondary_visibility sid="secondary_visibility" type="bool">1</secondary_visibility>
                      </technique>
                    </extra>
                  </node>
                  <extra>
                    <technique profile="OpenCOLLADA">
                      <cast_shadows sid="cast_shadows" type="bool">1</cast_shadows>
                      <receive_shadows sid="receive_shadows" type="bool">1</receive_shadows>
                      <primary_visibility sid="primary_visibility" type="bool">1</primary_visibility>
                      <secondary_visibility sid="secondary_visibility" type="bool">1</secondary_visibility>
                    </technique>
                  </extra>
                </node>
                <extra>
                  <technique profile="OpenCOLLADA">
                    <cast_shadows sid="cast_shadows" type="bool">1</cast_shadows>
                    <receive_shadows sid="receive_shadows" type="bool">1</receive_shadows>
                    <primary_visibility sid="primary_visibility" type="bool">1</primary_visibility>
                    <secondary_visibility sid="secondary_visibility" type="bool">1</secondary_visibility>
                  </technique>
                </extra>
              </node>
              <extra>
                <technique profile="OpenCOLLADA">
                  <cast_shadows sid="cast_shadows" type="bool">1</cast_shadows>
                  <receive_shadows sid="receive_shadows" type="bool">1</receive_shadows>
                  <primary_visibility sid="primary_visibility" type="bool">1</primary_visibility>
                  <secondary_visibility sid="secondary_visibility" type="bool">1</secondary_visibility>
                </technique>
              </extra>
            </node>
            <extra>
              <technique profile="OpenCOLLADA">
                <cast_shadows sid="cast_shadows" type="bool">1</cast_shadows>
                <receive_shadows sid="receive_shadows" type="bool">1</receive_shadows>
                <primary_visibility sid="primary_visibility" type="bool">1</primary_visibility>
                <secondary_visibility sid="secondary_visibility" type="bool">1</secondary_visibility>
              </technique>
            </extra>
          </node>
          <extra>
            <technique profile="OpenCOLLADA">
              <cast_shadows sid="cast_shadows" type="bool">1</cast_shadows>
              <receive_shadows sid="receive_shadows" type="bool">1</receive_shadows>
              <primary_visibility sid="primary_visibility" type="bool">1</primary_visibility>
              <secondary_visibility sid="secondary_visibility" type="bool">1</secondary_visibility>
            </technique>
          </extra>
        </node>
        <extra>
          <technique profile="OpenCOLLADA">
            <cast_shadows sid="cast_shadows" type="bool">1</cast_shadows>
            <receive_shadows sid="receive_shadows" type="bool">1</receive_shadows>
            <primary_visibility sid="primary_visibility" type="bool">1</primary_visibility>
            <secondary_visibility sid="secondary_visibility" type="bool">1</secondary_visibility>
          </technique>
        </extra>
      </node>
      <node id="node-hand_alphaE_ZwriteOFFShape" name="hand_alphaE_ZwriteOFFShape">
        <instance_controller url="#geom-hand_alphaE_ZwriteOFFShape-skin1">
          <skeleton>#node-Trans</skeleton>
          <bind_material>
            <technique_common>
              <instance_material symbol="EffectB_mat" target="#EffectB_mat-material">
                <bind_vertex_input semantic="CHANNEL1" input_semantic="TEXCOORD" input_set="0"/>
                <bind_vertex_input semantic="CHANNEL1" input_semantic="TEXCOORD" input_set="0"/>
              </instance_material>
            </technique_common>
          </bind_material>
        </instance_controller>
        <extra>
          <technique profile="OpenCOLLADA">
            <cast_shadows sid="cast_shadows" type="bool">1</cast_shadows>
            <receive_shadows sid="receive_shadows" type="bool">1</receive_shadows>
            <primary_visibility sid="primary_visibility" type="bool">1</primary_visibility>
            <secondary_visibility sid="secondary_visibility" type="bool">1</secondary_visibility>
          </technique>
        </extra>
      </node>
      <node id="node-hand_alphaE_ZwriteONShape" name="hand_alphaE_ZwriteONShape">
        <instance_controller url="#geom-hand_alphaE_ZwriteONShape-skin1">
          <skeleton>#node-Trans</skeleton>
          <bind_material>
            <technique_common>
              <instance_material symbol="EffectB_mat_isstencil" target="#EffectB_mat_isstencil-material">
                <bind_vertex_input semantic="CHANNEL1" input_semantic="TEXCOORD" input_set="0"/>
                <bind_vertex_input semantic="CHANNEL1" input_semantic="TEXCOORD" input_set="0"/>
              </instance_material>
            </technique_common>
          </bind_material>
        </instance_controller>
        <extra>
          <technique profile="OpenCOLLADA">
            <cast_shadows sid="cast_shadows" type="bool">1</cast_shadows>
            <receive_shadows sid="receive_shadows" type="bool">1</receive_shadows>
            <primary_visibility sid="primary_visibility" type="bool">1</primary_visibility>
            <secondary_visibility sid="secondary_visibility" type="bool">1</secondary_visibility>
          </technique>
        </extra>
      </node>
      <node id="node-hand_alphaD_ZwriteOFFShape" name="hand_alphaD_ZwriteOFFShape">
        <instance_controller url="#geom-hand_alphaD_ZwriteOFFShape-skin1">
          <skeleton>#node-Trans</skeleton>
          <bind_material>
            <technique_common>
              <instance_material symbol="EffectB_mat" target="#EffectB_mat-material">
                <bind_vertex_input semantic="CHANNEL1" input_semantic="TEXCOORD" input_set="0"/>
                <bind_vertex_input semantic="CHANNEL1" input_semantic="TEXCOORD" input_set="0"/>
              </instance_material>
            </technique_common>
          </bind_material>
        </instance_controller>
        <extra>
          <technique profile="OpenCOLLADA">
            <cast_shadows sid="cast_shadows" type="bool">1</cast_shadows>
            <receive_shadows sid="receive_shadows" type="bool">1</receive_shadows>
            <primary_visibility sid="primary_visibility" type="bool">1</primary_visibility>
            <secondary_visibility sid="secondary_visibility" type="bool">1</secondary_visibility>
          </technique>
        </extra>
      </node>
      <node id="node-hand_alphaD_ZwriteONShape" name="hand_alphaD_ZwriteONShape">
        <instance_controller url="#geom-hand_alphaD_ZwriteONShape-skin1">
          <skeleton>#node-Trans</skeleton>
          <bind_material>
            <technique_common>
              <instance_material symbol="EffectB_mat_isstencil" target="#EffectB_mat_isstencil-material">
                <bind_vertex_input semantic="CHANNEL1" input_semantic="TEXCOORD" input_set="0"/>
                <bind_vertex_input semantic="CHANNEL1" input_semantic="TEXCOORD" input_set="0"/>
              </instance_material>
            </technique_common>
          </bind_material>
        </instance_controller>
        <extra>
          <technique profile="OpenCOLLADA">
            <cast_shadows sid="cast_shadows" type="bool">1</cast_shadows>
            <receive_shadows sid="receive_shadows" type="bool">1</receive_shadows>
            <primary_visibility sid="primary_visibility" type="bool">1</primary_visibility>
            <secondary_visibility sid="secondary_visibility" type="bool">1</secondary_visibility>
          </technique>
        </extra>
      </node>
      <node id="node-panorama_ZwriteOFFShape" name="panorama_ZwriteOFFShape">
        <instance_controller url="#geom-panorama_ZwriteOFFShape-skin1">
          <skeleton>#node-Trans</skeleton>
          <bind_material>
            <technique_common>
              <instance_material symbol="panorama_mat" target="#panorama_mat-material">
                <bind_vertex_input semantic="CHANNEL1" input_semantic="TEXCOORD" input_set="0"/>
                <bind_vertex_input semantic="CHANNEL1" input_semantic="TEXCOORD" input_set="0"/>
              </instance_material>
            </technique_common>
          </bind_material>
        </instance_controller>
        <extra>
          <technique profile="OpenCOLLADA">
            <cast_shadows sid="cast_shadows" type="bool">1</cast_shadows>
            <receive_shadows sid="receive_shadows" type="bool">1</receive_shadows>
            <primary_visibility sid="primary_visibility" type="bool">1</primary_visibility>
            <secondary_visibility sid="secondary_visibility" type="bool">1</secondary_visibility>
          </technique>
        </extra>
      </node>
      <node id="node-panorama_ZwriteONShape" name="panorama_ZwriteONShape">
        <instance_controller url="#geom-panorama_ZwriteONShape-skin1">
          <skeleton>#node-Trans</skeleton>
          <bind_material>
            <technique_common>
              <instance_material symbol="panorama_mat_isstencil" target="#panorama_mat_isstencil-material">
                <bind_vertex_input semantic="CHANNEL1" input_semantic="TEXCOORD" input_set="0"/>
                <bind_vertex_input semantic="CHANNEL1" input_semantic="TEXCOORD" input_set="0"/>
              </instance_material>
            </technique_common>
          </bind_material>
        </instance_controller>
        <extra>
          <technique profile="OpenCOLLADA">
            <cast_shadows sid="cast_shadows" type="bool">1</cast_shadows>
            <receive_shadows sid="receive_shadows" type="bool">1</receive_shadows>
            <primary_visibility sid="primary_visibility" type="bool">1</primary_visibility>
            <secondary_visibility sid="secondary_visibility" type="bool">1</secondary_visibility>
          </technique>
        </extra>
      </node>
      <node id="node-hand_alphaC_ZwriteOFFShape" name="hand_alphaC_ZwriteOFFShape">
        <instance_controller url="#geom-hand_alphaC_ZwriteOFFShape-skin1">
          <skeleton>#node-Trans</skeleton>
          <bind_material>
            <technique_common>
              <instance_material symbol="EffectA_mat" target="#EffectA_mat-material">
                <bind_vertex_input semantic="CHANNEL1" input_semantic="TEXCOORD" input_set="0"/>
                <bind_vertex_input semantic="CHANNEL1" input_semantic="TEXCOORD" input_set="0"/>
              </instance_material>
            </technique_common>
          </bind_material>
        </instance_controller>
        <extra>
          <technique profile="OpenCOLLADA">
            <cast_shadows sid="cast_shadows" type="bool">1</cast_shadows>
            <receive_shadows sid="receive_shadows" type="bool">1</receive_shadows>
            <primary_visibility sid="primary_visibility" type="bool">1</primary_visibility>
            <secondary_visibility sid="secondary_visibility" type="bool">1</secondary_visibility>
          </technique>
        </extra>
      </node>
      <node id="node-hand_alphaC_ZwriteONShape" name="hand_alphaC_ZwriteONShape">
        <instance_controller url="#geom-hand_alphaC_ZwriteONShape-skin1">
          <skeleton>#node-Trans</skeleton>
          <bind_material>
            <technique_common>
              <instance_material symbol="EffectA_mat_isstencil" target="#EffectA_mat_isstencil-material">
                <bind_vertex_input semantic="CHANNEL1" input_semantic="TEXCOORD" input_set="0"/>
                <bind_vertex_input semantic="CHANNEL1" input_semantic="TEXCOORD" input_set="0"/>
              </instance_material>
            </technique_common>
          </bind_material>
        </instance_controller>
        <extra>
          <technique profile="OpenCOLLADA">
            <cast_shadows sid="cast_shadows" type="bool">1</cast_shadows>
            <receive_shadows sid="receive_shadows" type="bool">1</receive_shadows>
            <primary_visibility sid="primary_visibility" type="bool">1</primary_visibility>
            <secondary_visibility sid="secondary_visibility" type="bool">1</secondary_visibility>
          </technique>
        </extra>
      </node>
      <node id="node-hand_alphaB_ZwriteOFFShape" name="hand_alphaB_ZwriteOFFShape">
        <instance_controller url="#geom-hand_alphaB_ZwriteOFFShape-skin1">
          <skeleton>#node-Trans</skeleton>
          <bind_material>
            <technique_common>
              <instance_material symbol="EffectA_mat" target="#EffectA_mat-material">
                <bind_vertex_input semantic="CHANNEL1" input_semantic="TEXCOORD" input_set="0"/>
                <bind_vertex_input semantic="CHANNEL1" input_semantic="TEXCOORD" input_set="0"/>
              </instance_material>
            </technique_common>
          </bind_material>
        </instance_controller>
        <extra>
          <technique profile="OpenCOLLADA">
            <cast_shadows sid="cast_shadows" type="bool">1</cast_shadows>
            <receive_shadows sid="receive_shadows" type="bool">1</receive_shadows>
            <primary_visibility sid="primary_visibility" type="bool">1</primary_visibility>
            <secondary_visibility sid="secondary_visibility" type="bool">1</secondary_visibility>
          </technique>
        </extra>
      </node>
      <node id="node-hand_alphaB_ZwriteONShape" name="hand_alphaB_ZwriteONShape">
        <instance_controller url="#geom-hand_alphaB_ZwriteONShape-skin1">
          <skeleton>#node-Trans</skeleton>
          <bind_material>
            <technique_common>
              <instance_material symbol="EffectA_mat_isstencil" target="#EffectA_mat_isstencil-material">
                <bind_vertex_input semantic="CHANNEL1" input_semantic="TEXCOORD" input_set="0"/>
                <bind_vertex_input semantic="CHANNEL1" input_semantic="TEXCOORD" input_set="0"/>
              </instance_material>
            </technique_common>
          </bind_material>
        </instance_controller>
        <extra>
          <technique profile="OpenCOLLADA">
            <cast_shadows sid="cast_shadows" type="bool">1</cast_shadows>
            <receive_shadows sid="receive_shadows" type="bool">1</receive_shadows>
            <primary_visibility sid="primary_visibility" type="bool">1</primary_visibility>
            <secondary_visibility sid="secondary_visibility" type="bool">1</secondary_visibility>
          </technique>
        </extra>
      </node>
      <node id="node-hand_alphaA_ZwriteOFFShape" name="hand_alphaA_ZwriteOFFShape">
        <instance_controller url="#geom-hand_alphaA_ZwriteOFFShape-skin1">
          <skeleton>#node-Trans</skeleton>
          <bind_material>
            <technique_common>
              <instance_material symbol="Hand_matB" target="#Hand_matB-material">
                <bind_vertex_input semantic="CHANNEL1" input_semantic="TEXCOORD" input_set="0"/>
                <bind_vertex_input semantic="CHANNEL1" input_semantic="TEXCOORD" input_set="0"/>
              </instance_material>
            </technique_common>
          </bind_material>
        </instance_controller>
        <extra>
          <technique profile="OpenCOLLADA">
            <cast_shadows sid="cast_shadows" type="bool">1</cast_shadows>
            <receive_shadows sid="receive_shadows" type="bool">1</receive_shadows>
            <primary_visibility sid="primary_visibility" type="bool">1</primary_visibility>
            <secondary_visibility sid="secondary_visibility" type="bool">1</secondary_visibility>
          </technique>
        </extra>
      </node>
      <node id="node-hand_alphaA_ZwriteONShape" name="hand_alphaA_ZwriteONShape">
        <instance_controller url="#geom-hand_alphaA_ZwriteONShape-skin1">
          <skeleton>#node-Trans</skeleton>
          <bind_material>
            <technique_common>
              <instance_material symbol="Hand_matB_isstencil" target="#Hand_matB_isstencil-material">
                <bind_vertex_input semantic="CHANNEL1" input_semantic="TEXCOORD" input_set="0"/>
                <bind_vertex_input semantic="CHANNEL1" input_semantic="TEXCOORD" input_set="0"/>
              </instance_material>
            </technique_common>
          </bind_material>
        </instance_controller>
        <extra>
          <technique profile="OpenCOLLADA">
            <cast_shadows sid="cast_shadows" type="bool">1</cast_shadows>
            <receive_shadows sid="receive_shadows" type="bool">1</receive_shadows>
            <primary_visibility sid="primary_visibility" type="bool">1</primary_visibility>
            <secondary_visibility sid="secondary_visibility" type="bool">1</secondary_visibility>
          </technique>
        </extra>
      </node>
      <node id="node-hand_baseShape" name="hand_baseShape">
        <instance_controller url="#geom-hand_baseShape-skin1">
          <skeleton>#node-Trans</skeleton>
          <bind_material>
            <technique_common>
              <instance_material symbol="Hand_matA" target="#Hand_matA-material">
                <bind_vertex_input semantic="CHANNEL1" input_semantic="TEXCOORD" input_set="0"/>
                <bind_vertex_input semantic="CHANNEL1" input_semantic="TEXCOORD" input_set="0"/>
              </instance_material>
            </technique_common>
          </bind_material>
        </instance_controller>
        <extra>
          <technique profile="OpenCOLLADA">
            <cast_shadows sid="cast_shadows" type="bool">1</cast_shadows>
            <receive_shadows sid="receive_shadows" type="bool">1</receive_shadows>
            <primary_visibility sid="primary_visibility" type="bool">1</primary_visibility>
            <secondary_visibility sid="secondary_visibility" type="bool">1</secondary_visibility>
          </technique>
        </extra>
      </node>
    </visual_scene>
  </library_visual_scenes>
  <scene>
    <instance_visual_scene url="#MaxScene"/>
  </scene>
</COLLADA>