<?xml version="1.0" encoding="utf-8"?>
<COLLADA xmlns="http://www.collada.org/2005/11/COLLADASchema" version="1.4.1" xmlns:xsi="http://www.w3.org/2001/XMLSchema-instance">
  <asset>
    <contributor>
      <author>Centrixe</author>
      <authoring_tool>OpenCOLLADA for 3ds Max;  Version: 1.6;  Revision: 68</authoring_tool>
    </contributor>
    <created>2019-09-08T01:07:00</created>
    <modified>2019-09-08T01:07:00</modified>
    <unit name="inch" meter="0.0254"/>
    <up_axis>Z_UP</up_axis>
  </asset>
  <library_effects>
    <effect id="eff_mt">
      <profile_COMMON>
        <newparam sid="default_White_png-surface">
          <surface type="2D">
            <init_from>default_White_png</init_from>
          </surface>
        </newparam>
        <newparam sid="default_White_png-sampler">
          <sampler2D>
            <source>default_White_png-surface</source>
          </sampler2D>
        </newparam>
        <technique sid="common">
          <blinn>
            <emission>
              <color>0 0 0 1</color>
            </emission>
            <ambient>
              <color>0.588 0.588 0.588 1</color>
            </ambient>
            <diffuse>
              <texture texture="default_White_png-sampler" texcoord="CHANNEL1"/>
            </diffuse>
            <specular>
              <color>0 0 0 1</color>
            </specular>
            <shininess>
              <float>10</float>
            </shininess>
            <reflective>
              <color>0 0 0 1</color>
            </reflective>
            <transparent opaque="A_ONE">
              <texture texture="default_White_png-sampler" texcoord="CHANNEL1"/>
            </transparent>
            <transparency>
              <float>1</float>
            </transparency>
          </blinn>
        </technique>
      </profile_COMMON>
      <extra>
        <technique profile="OpenCOLLADA3dsMax">
          <extended_shader>
            <opacity_type sid="opacity_type" type="int">0</opacity_type>
            <falloff_type sid="falloff_type" type="int">0</falloff_type>
            <falloff sid="falloff" type="float">0</falloff>
            <index_of_refraction sid="index_of_refraction" type="float">1.5</index_of_refraction>
            <wire_size sid="wire_size" type="float">1</wire_size>
            <wire_units sid="wire_units" type="int">0</wire_units>
            <apply_reflection_dimming sid="apply_reflection_dimming" type="bool">0</apply_reflection_dimming>
            <dim_level sid="dim_level" type="float">0</dim_level>
            <reflection_level sid="reflection_level" type="float">3</reflection_level>
          </extended_shader>
          <shader>
            <ambient_diffuse_texture_lock sid="ambient_diffuse_texture_lock" type="bool">1</ambient_diffuse_texture_lock>
            <ambient_diffuse_lock sid="ambient_diffuse_lock" type="bool">1</ambient_diffuse_lock>
            <diffuse_specular_lock sid="diffuse_specular_lock" type="bool">0</diffuse_specular_lock>
            <use_self_illum_color sid="use_self_illum_color" type="bool">0</use_self_illum_color>
            <self_illumination sid="self_illumination" type="float">0</self_illumination>
            <specular_level sid="specular_level" type="float">0</specular_level>
            <soften sid="soften" type="float">0.1</soften>
          </shader>
        </technique>
      </extra>
    </effect>
    <effect id="searchlight_mt">
      <profile_COMMON>
        <newparam sid="crazyhandsearchlight_col_png-surface">
          <surface type="2D">
            <init_from>crazyhandsearchlight_col_png</init_from>
          </surface>
        </newparam>
        <newparam sid="crazyhandsearchlight_col_png-sampler">
          <sampler2D>
            <source>crazyhandsearchlight_col_png-surface</source>
          </sampler2D>
        </newparam>
        <technique sid="common">
          <blinn>
            <emission>
              <color>0 0 0 1</color>
            </emission>
            <ambient>
              <color>0.588 0.588 0.588 1</color>
            </ambient>
            <diffuse>
              <texture texture="crazyhandsearchlight_col_png-sampler" texcoord="CHANNEL1"/>
            </diffuse>
            <specular>
              <color>0 0 0 1</color>
            </specular>
            <shininess>
              <float>10</float>
            </shininess>
            <reflective>
              <color>0 0 0 1</color>
            </reflective>
            <transparent opaque="A_ONE">
              <texture texture="crazyhandsearchlight_col_png-sampler" texcoord="CHANNEL1"/>
            </transparent>
            <transparency>
              <float>1</float>
            </transparency>
          </blinn>
        </technique>
      </profile_COMMON>
      <extra>
        <technique profile="OpenCOLLADA3dsMax">
          <extended_shader>
            <opacity_type sid="opacity_type" type="int">0</opacity_type>
            <falloff_type sid="falloff_type" type="int">0</falloff_type>
            <falloff sid="falloff" type="float">0</falloff>
            <index_of_refraction sid="index_of_refraction" type="float">1.5</index_of_refraction>
            <wire_size sid="wire_size" type="float">1</wire_size>
            <wire_units sid="wire_units" type="int">0</wire_units>
            <apply_reflection_dimming sid="apply_reflection_dimming" type="bool">0</apply_reflection_dimming>
            <dim_level sid="dim_level" type="float">0</dim_level>
            <reflection_level sid="reflection_level" type="float">3</reflection_level>
          </extended_shader>
          <shader>
            <ambient_diffuse_texture_lock sid="ambient_diffuse_texture_lock" type="bool">1</ambient_diffuse_texture_lock>
            <ambient_diffuse_lock sid="ambient_diffuse_lock" type="bool">1</ambient_diffuse_lock>
            <diffuse_specular_lock sid="diffuse_specular_lock" type="bool">0</diffuse_specular_lock>
            <use_self_illum_color sid="use_self_illum_color" type="bool">0</use_self_illum_color>
            <self_illumination sid="self_illumination" type="float">0</self_illumination>
            <specular_level sid="specular_level" type="float">0</specular_level>
            <soften sid="soften" type="float">0.1</soften>
          </shader>
        </technique>
      </extra>
    </effect>
  </library_effects>
  <library_materials>
    <material id="eff_mt-material" name="eff_mt">
      <instance_effect url="#eff_mt"/>
    </material>
    <material id="searchlight_mt-material" name="searchlight_mt">
      <instance_effect url="#searchlight_mt"/>
    </material>
  </library_materials>
  <library_geometries>
    <geometry id="geom-GamemodelShape" name="GamemodelShape">
      <mesh>
        <source id="geom-GamemodelShape-positions">
          <float_array id="geom-GamemodelShape-positions-array" count="1206">0 0 -3.5459 2.16885 1.57576 -3.51611 2.54964 0.828427 -3.51611 1.57576 2.16885 -3.51611 0.828427 2.54964 -3.51611 0 2.68085 -3.51611 -0.828427 2.54964 -3.51611 -1.57576 2.16885 -3.51611 -2.16885 1.57576 -3.51611 -2.54964 0.828427 -3.51611 -2.68085 0 -3.51611 -2.54964 -0.828427 -3.51611 -2.16885 -1.57576 -3.51611 -1.57576 -2.16885 -3.51611 -0.828427 -2.54964 -3.51611 0 -2.68085 -3.51611 0.828427 -2.54964 -3.51611 1.57576 -2.16885 -3.51611 2.16885 -1.57576 -3.51611 2.54964 -0.828427 -3.51611 2.68085 0 -3.51611 3.02625 0.983287 -3.09923 2.57428 1.87032 -3.09923 3.4624 1.125 -2.57625 2.94529 2.13988 -2.57625 1.87032 2.57428 -3.09923 2.13988 2.94529 -2.57625 0.983287 3.02624 -3.09923 1.125 3.4624 -2.57625 0 3.18198 -3.09923 0 3.64058 -2.57625 -0.983287 3.02624 -3.09923 -1.125 3.4624 -2.57625 -1.87032 2.57428 -3.09923 -2.13988 2.94529 -2.57625 -2.57428 1.87032 -3.09923 -2.94529 2.13988 -2.57625 -3.02624 0.983286 -3.09923 -3.46239 1.125 -2.57625 -3.18198 0 -3.09923 -3.64058 0 -2.57625 -3.02624 -0.983286 -3.09923 -3.46239 -1.125 -2.57625 -2.57428 -1.87032 -3.09923 -2.94529 -2.13988 -2.57625 -1.87032 -2.57428 -3.09923 -2.13988 -2.94529 -2.57625 -0.983286 -3.02624 -3.09923 -1.125 -3.46239 -2.57625 0 -3.18198 -3.09923 0 -3.64058 -2.57625 0.983286 -3.02624 -3.09923 1.125 -3.46239 -2.57625 1.87032 -2.57428 -3.09923 2.13988 -2.94529 -2.57625 2.57428 -1.87032 -3.09923 2.94529 -2.13988 -2.57625 3.02624 -0.983286 -3.09923 3.46239 -1.125 -2.57625 3.18198 0 -3.09923 3.64058 0 -2.57625 3.4624 1.125 -2.57625 2.94529 2.13988 -2.57625 3.81329 1.23901 -1.98983 3.24378 2.35674 -1.98983 2.13988 2.94529 -2.57625 2.35674 3.24378 -1.98983 1.125 3.4624 -2.57625 1.23901 3.81329 -1.98983 0 3.64058 -2.57625 0 4.00953 -1.98983 -1.125 3.4624 -2.57625 -1.23901 3.81329 -1.98983 -2.13988 2.94529 -2.57625 -2.35674 3.24378 -1.98983 -2.94529 2.13988 -2.57625 -3.24378 2.35674 -1.98983 -3.46239 1.125 -2.57625 -3.81329 1.23901 -1.98983 -3.64058 0 -2.57625 -4.00953 0 -1.98983 -3.46239 -1.125 -2.57625 -3.81329 -1.23901 -1.98983 -2.94529 -2.13988 -2.57625 -3.24378 -2.35674 -1.98983 -2.13988 -2.94529 -2.57625 -2.35674 -3.24378 -1.98983 -1.125 -3.46239 -2.57625 -1.23901 -3.81329 -1.98983 0 -3.64058 -2.57625 0 -4.00953 -1.98983 1.125 -3.46239 -2.57625 1.23901 -3.81329 -1.98983 2.13988 -2.94529 -2.57625 2.35674 -3.24378 -1.98983 2.94529 -2.13988 -2.57625 3.24378 -2.35674 -1.98983 3.46239 -1.125 -2.57625 3.81329 -1.23901 -1.98983 3.64058 0 -2.57625 4.00953 0 -1.98983 4.07029 1.32252 -1.35441 3.4624 2.51558 -1.35441 2.51558 3.4624 -1.35441 1.32252 4.07029 -1.35441 0 4.27976 -1.35441 -1.32252 4.07029 -1.35441 -2.51558 3.4624 -1.35441 -3.4624 2.51558 -1.35441 -4.07029 1.32252 -1.35441 -4.27976 0 -1.35441 -4.07029 -1.32252 -1.35441 -3.46239 -2.51558 -1.35441 -2.51558 -3.46239 -1.35441 -1.32252 -4.07029 -1.35441 0 -4.27976 -1.35441 1.32252 -4.07029 -1.35441 2.51558 -3.46239 -1.35441 3.46239 -2.51558 -1.35441 4.07029 -1.32252 -1.35441 4.27975 0 -1.35441 4.07029 1.32252 -1.35441 3.4624 2.51558 -1.35441 4.22707 1.37346 -0.685648 3.59576 2.61247 -0.685648 2.51558 3.4624 -1.35441 2.61247 3.59576 -0.685648 1.32252 4.07029 -1.35441 1.37346 4.22707 -0.685648 0 4.27976 -1.35441 0 4.4446 -0.685648 -1.32252 4.07029 -1.35441 -1.37346 4.22707 -0.685648 -2.51558 3.4624 -1.35441 -2.61247 3.59576 -0.685648 -3.4624 2.51558 -1.35441 -3.59576 2.61247 -0.685648 -4.07029 1.32252 -1.35441 -4.22706 1.37346 -0.685648 -4.27976 0 -1.35441 -4.4446 0 -0.685648 -4.07029 -1.32252 -1.35441 -4.22706 -1.37346 -0.685648 -3.46239 -2.51558 -1.35441 -3.59576 -2.61247 -0.685648 -2.51558 -3.46239 -1.35441 -2.61247 -3.59576 -0.685648 -1.32252 -4.07029 -1.35441 -1.37346 -4.22706 -0.685648 0 -4.27976 -1.35441 0 -4.4446 -0.685648 1.32252 -4.07029 -1.35441 1.37346 -4.22706 -0.685648 2.51558 -3.46239 -1.35441 2.61247 -3.59576 -0.685648 3.46239 -2.51558 -1.35441 3.59575 -2.61247 -0.685648 4.07029 -1.32252 -1.35441 4.22706 -1.37346 -0.685648 4.27975 0 -1.35441 4.4446 0 -0.685648 4.22707 1.37346 -0.685648 3.59576 2.61247 -0.685648 4.27976 1.39058 0 3.64058 2.64504 0 2.61247 3.59576 -0.685648 2.64504 3.64058 0 1.37346 4.22707 -0.685648 1.39058 4.27976 0 0 4.4446 -0.685648 0 4.5 0 -1.37346 4.22707 -0.685648 -1.39058 4.27976 0 -2.61247 3.59576 -0.685648 -2.64504 3.64058 0 -3.59576 2.61247 -0.685648 -3.64058 2.64503 0 -4.22706 1.37346 -0.685648 -4.27976 1.39058 0 -4.4446 0 -0.685648 -4.5 0 0 -4.22706 -1.37346 -0.685648 -4.27976 -1.39058 0 -3.59576 -2.61247 -0.685648 -3.64058 -2.64503 0 -2.61247 -3.59576 -0.685648 -2.64503 -3.64058 0 -1.37346 -4.22706 -0.685648 -1.39058 -4.27976 0 0 -4.4446 -0.685648 0 -4.5 0 1.37346 -4.22706 -0.685648 1.39058 -4.27975 0 2.61247 -3.59576 -0.685648 2.64503 -3.64058 0 3.59575 -2.61247 -0.685648 3.64058 -2.64503 0 4.22706 -1.37346 -0.685648 4.27975 -1.39058 0 4.4446 0 -0.685648 4.5 0 0 4.22707 1.37346 0.685648 3.59576 2.61247 0.685648 2.61247 3.59576 0.685648 1.37346 4.22707 0.685648 0 4.4446 0.685648 -1.37346 4.22707 0.685648 -2.61247 3.59576 0.685648 -3.59576 2.61247 0.685648 -4.22706 1.37346 0.685648 -4.4446 0 0.685648 -4.22706 -1.37346 0.685648 -3.59576 -2.61247 0.685648 -2.61247 -3.59576 0.685648 -1.37346 -4.22706 0.685648 0 -4.4446 0.685648 1.37346 -4.22706 0.685648 2.61247 -3.59576 0.685648 3.59575 -2.61247 0.685648 4.22706 -1.37346 0.685648 4.4446 0 0.685648 4.07029 1.32252 1.1538 3.4624 2.51558 1.1538 2.51558 3.4624 1.1538 1.32252 4.07029 1.1538 0 4.27976 1.1538 -1.32252 4.07029 1.1538 -2.51558 3.4624 1.1538 -3.4624 2.51558 1.1538 -4.07029 1.32252 1.1538 -4.27976 0 1.1538 -4.07029 -1.32252 1.1538 -3.46239 -2.51558 1.1538 -2.51558 -3.46239 1.1538 -1.32252 -4.07029 1.1538 0 -4.27976 1.1538 1.32252 -4.07029 1.1538 2.51558 -3.46239 1.1538 3.46239 -2.51558 1.1538 4.07029 -1.32252 1.1538 4.27975 0 1.1538 3.81329 1.23901 1.5986 3.24378 2.35674 1.5986 2.35674 3.24378 1.5986 1.23901 3.81329 1.5986 0 4.00953 1.5986 -1.23901 3.81329 1.5986 -2.35674 3.24378 1.5986 -3.24378 2.35674 1.5986 -3.81329 1.23901 1.5986 -4.00953 0 1.5986 -3.81329 -1.23901 1.5986 -3.24378 -2.35674 1.5986 -2.35674 -3.24378 1.5986 -1.23901 -3.81329 1.5986 0 -4.00953 1.5986 1.23901 -3.81329 1.5986 2.35674 -3.24378 1.5986 3.24378 -2.35674 1.5986 3.81329 -1.23901 1.5986 4.00953 0 1.5986 3.4624 1.125 2.00911 2.94529 2.13988 2.00911 2.13988 2.94529 2.00911 1.125 3.4624 2.00911 0 3.64058 2.00911 -1.125 3.4624 2.00911 -2.13988 2.94529 2.00911 -2.94529 2.13988 2.00911 -3.46239 1.125 2.00911 -3.64058 0 2.00911 -3.46239 -1.125 2.00911 -2.94529 -2.13988 2.00911 -2.13988 -2.94529 2.00911 -1.125 -3.46239 2.00911 0 -3.64058 2.00911 1.125 -3.46239 2.00911 2.13988 -2.94529 2.00911 2.94529 -2.13988 2.00911 3.46239 -1.125 2.00911 3.64058 0 2.00911 3.02625 0.983287 2.37521 2.57428 1.87032 2.37521 1.87032 2.57428 2.37521 0.983287 3.02624 2.37521 0 3.18198 2.37521 -0.983287 3.02624 2.37521 -1.87032 2.57428 2.37521 -2.57428 1.87032 2.37521 -3.02624 0.983286 2.37521 -3.18198 0 2.37521 -3.02624 -0.983286 2.37521 -2.57428 -1.87032 2.37521 -1.87032 -2.57428 2.37521 -0.983286 -3.02624 2.37521 0 -3.18198 2.37521 0.983286 -3.02624 2.37521 1.87032 -2.57428 2.37521 2.57428 -1.87032 2.37521 3.02624 -0.983286 2.37521 3.18198 0 2.37521 2.51558 0.817361 2.68789 2.13988 1.55471 2.68788 1.55471 2.13988 2.68788 0.817361 2.51558 2.68789 0 2.64503 2.68788 -0.817361 2.51558 2.68788 -1.55471 2.13988 2.68789 -2.13988 1.55471 2.68788 -2.51558 0.81736 2.68788 -2.64503 0 2.68788 -2.51558 -0.81736 2.68788 -2.13988 -1.55471 2.68788 -1.55471 -2.13988 2.68788 -0.81736 -2.51558 2.68788 0 -2.64503 2.68789 0.81736 -2.51558 2.68788 1.55471 -2.13988 2.68788 2.13988 -1.55471 2.68788 2.51558 -0.81736 2.68788 2.64503 0 2.68788 1.94297 0.631309 2.93944 1.65279 1.20082 2.93944 1.20082 1.65279 2.93944 0.631309 1.94297 2.93944 0 2.04296 2.93944 -0.631309 1.94297 2.93944 -1.20082 1.65279 2.93944 -1.65279 1.20082 2.93944 -1.94297 0.631309 2.93944 -2.04296 0 2.93944 -1.94297 -0.631309 2.93944 -1.65279 -1.20082 2.93944 -1.20082 -1.65279 2.93944 -0.631309 -1.94297 2.93944 0 -2.04296 2.93944 0.631308 -1.94297 2.93944 1.20082 -1.65279 2.93944 1.65279 -1.20082 2.93944 1.94297 -0.631309 2.93944 2.04296 0 2.93944 1.32252 0.429712 3.12369 1.125 0.817361 3.12369 0.817361 1.125 3.12369 0.429712 1.32252 3.12369 0 1.39058 3.12369 -0.429712 1.32252 3.12369 -0.817361 1.125 3.12369 -1.125 0.817361 3.12369 -1.32252 0.429712 3.12369 -1.39058 0 3.12369 -1.32252 -0.429712 3.12369 -1.125 -0.817361 3.12369 -0.817361 -1.125 3.12369 -0.429712 -1.32252 3.12369 0 -1.39058 3.12369 0.429712 -1.32252 3.12369 0.81736 -1.125 3.12369 1.125 -0.81736 3.12369 1.32252 -0.429712 3.12369 1.39058 0 3.12369 0.669502 0.217534 3.23608 0.569512 0.413775 3.23608 0.413775 0.569512 3.23608 0.217534 0.669501 3.23608 0 0.703955 3.23608 -0.217534 0.669501 3.23608 -0.413775 0.569512 3.23608 -0.569512 0.413775 3.23608 -0.669501 0.217534 3.23608 -0.703955 0 3.23608 -0.669501 -0.217534 3.23608 -0.569512 -0.413775 3.23608 -0.413775 -0.569512 3.23608 -0.217534 -0.669501 3.23608 0 -0.703955 3.23608 0.217534 -0.669501 3.23608 0.413774 -0.569512 3.23608 0.569512 -0.413775 3.23608 0.669501 -0.217534 3.23608 0.703955 0 3.23608 0 0 3.27385 -1.57576 2.16885 -3.51611 -2.16885 1.57576 -3.51611 -0.828427 2.54964 -3.51611 0 2.68085 -3.51611 0.828427 2.54964 -3.51611 1.57576 2.16885 -3.51611 2.16885 1.57576 -3.51611 2.54964 0.828427 -3.51611 2.68085 0 -3.51611 2.54964 -0.828427 -3.51611 2.16885 -1.57576 -3.51611 1.57576 -2.16885 -3.51611 0.828427 -2.54964 -3.51611 0 -2.68085 -3.51611 -0.828427 -2.54964 -3.51611 -1.57576 -2.16885 -3.51611 -2.16885 -1.57576 -3.51611 -2.54964 -0.828427 -3.51611 -2.68085 0 -3.51611 -2.54964 0.828427 -3.51611</float_array>
          <technique_common>
            <accessor source="#geom-GamemodelShape-positions-array" count="402" stride="3">
              <param name="X" type="float"/>
              <param name="Y" type="float"/>
              <param name="Z" type="float"/>
            </accessor>
          </technique_common>
        </source>
        <source id="geom-GamemodelShape-normals">
          <float_array id="geom-GamemodelShape-normals-array" count="1206">3.05176e-5 3.05176e-5 -1 0.2569446 0.08353141 -0.9628094 0.2701373 3.05309e-5 -0.9628219 0.2569446 -0.08353141 -0.9628094 0.2187113 -0.158874 -0.9627692 0.158874 -0.2187113 -0.9627692 0.08353141 -0.2569446 -0.9628094 3.05309e-5 -0.2701373 -0.9628219 -0.08353141 -0.2569446 -0.9628094 -0.158874 -0.2187113 -0.9627692 -0.2187113 -0.158874 -0.9627692 -0.2569446 -0.08353141 -0.9628094 -0.2701373 3.05309e-5 -0.9628219 -0.2569446 0.08353141 -0.9628094 -0.2187113 0.158874 -0.9627692 -0.158874 0.2187113 -0.9627692 -0.08353141 0.2569446 -0.9628094 3.05309e-5 0.2701373 -0.9628219 0.08353141 0.2569446 -0.9628094 0.158874 0.2187113 -0.9627692 0.2187113 0.158874 -0.9627692 0.7078392 3.05314e-5 -0.7063737 0.2569446 0.08353141 -0.9628094 0.6731746 0.2187329 -0.7063937 0.2187113 0.158874 -0.9627692 0.5725319 0.4162092 -0.7063832 0.8069792 3.05304e-5 -0.5905798 0.7674299 0.2495002 -0.5905938 0.6731746 -0.2187329 -0.7063937 0.2701373 3.05309e-5 -0.9628219 0.7674299 -0.2495002 -0.5905938 0.5725319 -0.4162092 -0.7063832 0.2569446 -0.08353141 -0.9628094 0.6529287 -0.4744355 -0.5904194 0.4162092 -0.5725319 -0.7063832 0.2187113 -0.158874 -0.9627692 0.4744355 -0.6529287 -0.5904194 0.2187329 -0.6731746 -0.7063937 0.158874 -0.2187113 -0.9627692 0.2495002 -0.7674299 -0.5905938 3.05314e-5 -0.7078392 -0.7063737 0.08353141 -0.2569446 -0.9628094 3.05304e-5 -0.8069792 -0.5905798 -0.2187329 -0.6731746 -0.7063937 3.05309e-5 -0.2701373 -0.9628219 -0.2495002 -0.7674299 -0.5905938 -0.4162092 -0.5725319 -0.7063832 -0.08353141 -0.2569446 -0.9628094 -0.4744355 -0.6529287 -0.5904194 -0.5725319 -0.4162092 -0.7063832 -0.158874 -0.2187113 -0.9627692 -0.6529287 -0.4744355 -0.5904194 -0.6731746 -0.2187329 -0.7063937 -0.2187113 -0.158874 -0.9627692 -0.7674299 -0.2495002 -0.5905938 -0.7078392 3.05314e-5 -0.7063737 -0.2569446 -0.08353141 -0.9628094 -0.8069792 3.05304e-5 -0.5905798 -0.6731746 0.2187329 -0.7063937 -0.2701373 3.05309e-5 -0.9628219 -0.7674299 0.2495002 -0.5905938 -0.5725319 0.4162092 -0.7063832 -0.2569446 0.08353141 -0.9628094 -0.6529287 0.4744355 -0.5904194 -0.2187113 0.158874 -0.9627692 -0.4162092 0.5725319 -0.7063832 -0.4744355 0.6529287 -0.5904194 -0.158874 0.2187113 -0.9627692 -0.2187329 0.6731746 -0.7063937 -0.2495002 0.7674299 -0.5905938 -0.08353141 0.2569446 -0.9628094 3.05314e-5 0.7078392 -0.7063737 3.05304e-5 0.8069792 -0.5905798 3.05309e-5 0.2701373 -0.9628219 0.2187329 0.6731746 -0.7063937 0.2495002 0.7674299 -0.5905938 0.08353141 0.2569446 -0.9628094 0.4162092 0.5725319 -0.7063832 0.4744355 0.6529287 -0.5904194 0.158874 0.2187113 -0.9627692 0.6529287 0.4744355 -0.5904194 0.8892906 3.05221e-5 -0.4573425 0.7674299 0.2495002 -0.5905938 0.8458081 0.2746923 -0.4573322 0.8069792 3.05304e-5 -0.5905798 0.6529287 0.4744355 -0.5904194 0.9500421 3.05283e-5 -0.3121218 0.9035662 -0.2935369 -0.3120966 0.8458081 -0.2746923 -0.4573322 0.9035662 0.2935369 -0.3120966 0.719465 0.5226256 -0.4574195 0.4744355 0.6529287 -0.5904194 0.5226256 0.719465 -0.4574195 0.7687433 0.5582424 -0.3120883 0.2495002 0.7674299 -0.5905938 0.2746923 0.8458081 -0.4573322 0.5582424 0.7687433 -0.3120883 3.05304e-5 0.8069792 -0.5905798 3.05221e-5 0.8892906 -0.4573425 0.2935369 0.9035662 -0.3120966 -0.2495002 0.7674299 -0.5905938 -0.2746923 0.8458081 -0.4573322 3.05283e-5 0.9500421 -0.3121218 -0.4744355 0.6529287 -0.5904194 -0.5226256 0.719465 -0.4574195 -0.2935369 0.9035662 -0.3120966 -0.6529287 0.4744355 -0.5904194 -0.719465 0.5226256 -0.4574195 -0.5582424 0.7687433 -0.3120883 -0.7674299 0.2495002 -0.5905938 -0.8458081 0.2746923 -0.4573322 -0.7687433 0.5582424 -0.3120883 -0.8069792 3.05304e-5 -0.5905798 -0.8892906 3.05221e-5 -0.4573425 -0.9035662 0.2935369 -0.3120966 -0.7674299 -0.2495002 -0.5905938 -0.8458081 -0.2746923 -0.4573322 -0.9500421 3.05283e-5 -0.3121218 -0.6529287 -0.4744355 -0.5904194 -0.719465 -0.5226256 -0.4574195 -0.9035662 -0.2935369 -0.3120966 -0.4744355 -0.6529287 -0.5904194 -0.5226256 -0.719465 -0.4574195 -0.7687433 -0.5582424 -0.3120883 -0.2495002 -0.7674299 -0.5905938 -0.2746923 -0.8458081 -0.4573322 -0.5582424 -0.7687433 -0.3120883 3.05304e-5 -0.8069792 -0.5905798 3.05221e-5 -0.8892906 -0.4573425 -0.2935369 -0.9035662 -0.3120966 0.2495002 -0.7674299 -0.5905938 0.2746923 -0.8458081 -0.4573322 3.05283e-5 -0.9500421 -0.3121218 0.4744355 -0.6529287 -0.5904194 0.5226256 -0.719465 -0.4574195 0.2935369 -0.9035662 -0.3120966 0.6529287 -0.4744355 -0.5904194 0.719465 -0.5226256 -0.4574195 0.5582424 -0.7687433 -0.3120883 0.7674299 -0.2495002 -0.5905938 0.7687433 -0.5582424 -0.3120883 0.987404 3.05206e-5 -0.158219 0.9035662 0.2935369 -0.3120966 0.9391214 0.3049825 -0.1582295 0.9500421 3.05283e-5 -0.3121218 0.7687433 0.5582424 -0.3120883 0.9391214 -0.3049825 -0.1582295 0.9035662 -0.2935369 -0.3120966 0.7987931 -0.5804075 -0.1582929 0.7687433 -0.5582424 -0.3120883 0.5804075 -0.7987931 -0.1582929 0.5582424 -0.7687433 -0.3120883 0.3049825 -0.9391214 -0.1582295 0.2935369 -0.9035662 -0.3120966 3.05206e-5 -0.987404 -0.158219 3.05283e-5 -0.9500421 -0.3121218 -0.3049825 -0.9391214 -0.1582295 -0.2935369 -0.9035662 -0.3120966 -0.5804075 -0.7987931 -0.1582929 -0.5582424 -0.7687433 -0.3120883 -0.7987931 -0.5804075 -0.1582929 -0.7687433 -0.5582424 -0.3120883 -0.9391214 -0.3049825 -0.1582295 -0.9035662 -0.2935369 -0.3120966 -0.987404 3.05206e-5 -0.158219 -0.9500421 3.05283e-5 -0.3121218 -0.9391214 0.3049825 -0.1582295 -0.9035662 0.2935369 -0.3120966 -0.7987931 0.5804075 -0.1582929 -0.7687433 0.5582424 -0.3120883 -0.5804075 0.7987931 -0.1582929 -0.5582424 0.7687433 -0.3120883 -0.3049825 0.9391214 -0.1582295 -0.2935369 0.9035662 -0.3120966 3.05206e-5 0.987404 -0.158219 3.05283e-5 0.9500421 -0.3121218 0.3049825 0.9391214 -0.1582295 0.2935369 0.9035662 -0.3120966 0.5804075 0.7987931 -0.1582929 0.5582424 0.7687433 -0.3120883 0.7987931 0.5804075 -0.1582929 1 3.05176e-5 3.05176e-5 0.9391214 0.3049825 -0.1582295 0.9510736 0.3089646 3.05301e-5 0.987404 3.05206e-5 -0.158219 0.7987931 0.5804075 -0.1582929 0.9830431 3.05217e-5 0.1833744 0.9349074 -0.3038205 0.1834158 0.9510736 -0.3089646 3.05301e-5 0.9349074 0.3038205 0.1834158 0.8090529 0.5877359 3.05349e-5 0.5804075 0.7987931 -0.1582929 0.5877359 0.8090529 3.05349e-5 0.7952472 0.5778731 0.1834247 0.9058398 3.05202e-5 0.4236205 0.861505 0.2798426 0.423671 0.861505 -0.2798426 0.423671 0.7327406 -0.5324581 0.4237683 0.7952472 -0.5778731 0.1834247 0.8090529 -0.5877359 3.05349e-5 0.9391214 -0.3049825 -0.1582295 0.5324581 -0.7327406 0.4237683 0.5778731 -0.7952472 0.1834247 0.6526113 -0.4740713 0.5910626 0.4740713 -0.6526113 0.5910626 0.7672552 -0.2491992 0.5909476 0.8065758 3.05336e-5 0.5911306 0.7672552 0.2491992 0.5909476 0.7327406 0.5324581 0.4237683 0.5778731 0.7952472 0.1834247 0.3089646 0.9510736 3.05301e-5 0.3049825 0.9391214 -0.1582295 0.3038205 0.9349074 0.1834158 0.5324581 0.7327406 0.4237683 0.6526113 0.4740713 0.5910626 0.6920538 3.05246e-5 0.7218458 0.6582887 0.2137729 0.7217736 0.6582716 -0.2138894 0.7217547 0.5597448 -0.4068651 0.7219048 0.4068651 -0.5597448 0.7219048 0.2138894 -0.6582716 0.7217547 0.2491992 -0.7672552 0.5909476 0.2798426 -0.861505 0.423671 0.3038205 -0.9349074 0.1834158 0.5877359 -0.8090529 3.05349e-5 0.7987931 -0.5804075 -0.1582929 0.3089646 -0.9510736 3.05301e-5 0.5804075 -0.7987931 -0.1582929 3.05202e-5 -0.9058398 0.4236205 3.05217e-5 -0.9830431 0.1833744 3.05336e-5 -0.8065758 0.5911306 3.05246e-5 -0.6920538 0.7218458 0.177039 -0.5450361 0.8195077 3.05274e-5 -0.5729377 0.8195989 0.3367747 -0.4635231 0.8195909 0.4635231 -0.3367747 0.8195909 0.5450361 -0.177039 0.8195077 0.5729377 3.05274e-5 0.8195989 0.5450361 0.177039 0.8195077 0.5597448 0.4068651 0.7219048 0.4740713 0.6526113 0.5910626 0.2798426 0.861505 0.423671 0.2491992 0.7672552 0.5909476 0.4068651 0.5597448 0.7219048 0.4635231 0.3367747 0.8195909 0.4553993 3.05227e-5 0.8902873 0.4331706 0.1406462 0.8902707 0.4331706 -0.1406462 0.8902707 0.3684697 -0.2676228 0.8902854 0.2676228 -0.3684697 0.8902854 0.1406462 -0.4331706 0.8902707 3.05227e-5 -0.4553993 0.8902873 -0.1406462 -0.4331706 0.8902707 -0.177039 -0.5450361 0.8195077 -0.2138894 -0.6582716 0.7217547 -0.2491992 -0.7672552 0.5909476 -0.2798426 -0.861505 0.423671 -0.4068651 -0.5597448 0.7219048 -0.4740713 -0.6526113 0.5910626 -0.3367747 -0.4635231 0.8195909 -0.2676228 -0.3684697 0.8902854 -0.1057394 -0.3252768 0.9396884 -0.2010994 -0.2766795 0.9396848 3.05242e-5 -0.3421156 0.9396579 0.1057394 -0.3252768 0.9396884 0.2010994 -0.2766795 0.9396848 0.2766795 -0.2010994 0.9396848 0.3252768 -0.1057394 0.9396884 0.3421156 3.05242e-5 0.9396579 0.3252768 0.1057394 0.9396884 0.3684697 0.2676228 0.8902854 0.3367747 0.4635231 0.8195909 0.2138894 0.6582716 0.7217547 0.177039 0.5450361 0.8195077 0.2676228 0.3684697 0.8902854 0.2766795 0.2010994 0.9396848 0.2347122 3.05297e-5 0.972065 0.2232324 0.07253833 0.9720625 0.2232324 -0.07253833 0.9720625 0.1898966 -0.1378735 0.9720752 0.1378735 -0.1898966 0.9720752 0.07253833 -0.2232324 0.9720625 3.05297e-5 -0.2347122 0.972065 -0.07253833 -0.2232324 0.9720625 -0.1378735 -0.1898966 0.9720752 -0.1898966 -0.1378735 0.9720752 -0.2766795 -0.2010994 0.9396848 -0.3684697 -0.2676228 0.8902854 -0.4635231 -0.3367747 0.8195909 -0.3252768 -0.1057394 0.9396884 -0.4331706 -0.1406462 0.8902707 -0.2232324 -0.07253833 0.9720625 -0.111715 -0.08119181 0.990418 -0.1313715 -0.04267133 0.9904144 -0.08119181 -0.111715 0.990418 -0.04267133 -0.1313715 0.9904144 3.05233e-5 -0.1380874 0.99042 0.04267133 -0.1313715 0.9904144 0.08119181 -0.111715 0.990418 0.111715 -0.08119181 0.990418 0.1313715 -0.04267133 0.9904144 0.1380874 3.05233e-5 0.99042 0.1313715 0.04267133 0.9904144 0.1898966 0.1378735 0.9720752 0.2010994 0.2766795 0.9396848 0.1378735 0.1898966 0.9720752 0.111715 0.08119181 0.990418 3.05176e-5 3.05176e-5 1 -0.1380874 3.05233e-5 0.99042 -0.2347122 3.05297e-5 0.972065 -0.3421156 3.05242e-5 0.9396579 -0.4553993 3.05227e-5 0.8902873 -0.5450361 -0.177039 0.8195077 -0.5597448 -0.4068651 0.7219048 -0.5729377 3.05274e-5 0.8195989 -0.6582716 -0.2138894 0.7217547 -0.3252768 0.1057394 0.9396884 -0.4331706 0.1406462 0.8902707 -0.2232324 0.07253833 0.9720625 -0.1313715 0.04267133 0.9904144 -0.111715 0.08119181 0.990418 -0.08119181 0.111715 0.990418 -0.04267133 0.1313715 0.9904144 3.05233e-5 0.1380874 0.99042 0.04267133 0.1313715 0.9904144 0.08119181 0.111715 0.990418 0.07253833 0.2232324 0.9720625 0.1057394 0.3252768 0.9396884 0.1406462 0.4331706 0.8902707 3.05242e-5 0.3421156 0.9396579 3.05227e-5 0.4553993 0.8902873 3.05297e-5 0.2347122 0.972065 -0.07253833 0.2232324 0.9720625 -0.1378735 0.1898966 0.9720752 -0.1898966 0.1378735 0.9720752 -0.2766795 0.2010994 0.9396848 -0.3684697 0.2676228 0.8902854 -0.5450361 0.177039 0.8195077 -0.6920538 3.05246e-5 0.7218458 -0.6526113 -0.4740713 0.5910626 -0.7672552 -0.2491992 0.5909476 -0.5324581 -0.7327406 0.4237683 -0.7327406 -0.5324581 0.4237683 -0.8065758 3.05336e-5 0.5911306 -0.861505 -0.2798426 0.423671 -0.6582716 0.2138894 0.7217547 -0.4635231 0.3367747 0.8195909 -0.2010994 0.2766795 0.9396848 -0.2676228 0.3684697 0.8902854 -0.1057394 0.3252768 0.9396884 -0.1406462 0.4331706 0.8902707 -0.177039 0.5450361 0.8195077 3.05274e-5 0.5729377 0.8195989 -0.2138894 0.6582716 0.7217547 3.05246e-5 0.6920538 0.7218458 -0.3367747 0.4635231 0.8195909 -0.4068651 0.5597448 0.7219048 -0.5597448 0.4068651 0.7219048 -0.7672552 0.2491992 0.5909476 -0.9058398 3.05202e-5 0.4236205 -0.7952472 -0.5778731 0.1834247 -0.9349074 -0.3038205 0.1834158 -0.5778731 -0.7952472 0.1834247 -0.3038205 -0.9349074 0.1834158 -0.3089646 -0.9510736 3.05301e-5 -0.5877359 -0.8090529 3.05349e-5 -0.8090529 -0.5877359 3.05349e-5 -0.9830431 3.05217e-5 0.1833744 -0.9510736 -0.3089646 3.05301e-5 -0.861505 0.2798426 0.423671 -0.6526113 0.4740713 0.5910626 -0.4740713 0.6526113 0.5910626 -0.2491992 0.7672552 0.5909476 3.05336e-5 0.8065758 0.5911306 -0.5324581 0.7327406 0.4237683 -0.2798426 0.861505 0.423671 -0.7327406 0.5324581 0.4237683 -0.9349074 0.3038205 0.1834158 -1 3.05176e-5 3.05176e-5 -0.7987931 -0.5804075 -0.1582929 -0.9391214 -0.3049825 -0.1582295 -0.5804075 -0.7987931 -0.1582929 -0.3049825 -0.9391214 -0.1582295 3.05176e-5 -1 3.05176e-5 3.05206e-5 -0.987404 -0.158219 0.3049825 -0.9391214 -0.1582295 -0.987404 3.05206e-5 -0.158219 -0.9510736 0.3089646 3.05301e-5 -0.7952472 0.5778731 0.1834247 -0.5778731 0.7952472 0.1834247 3.05202e-5 0.9058398 0.4236205 -0.3038205 0.9349074 0.1834158 3.05217e-5 0.9830431 0.1833744 -0.5877359 0.8090529 3.05349e-5 -0.3089646 0.9510736 3.05301e-5 -0.8090529 0.5877359 3.05349e-5 -0.9391214 0.3049825 -0.1582295 -0.7987931 0.5804075 -0.1582929 -0.5804075 0.7987931 -0.1582929 3.05176e-5 1 3.05176e-5 -0.3049825 0.9391214 -0.1582295 3.05206e-5 0.987404 -0.158219</float_array>
          <technique_common>
            <accessor source="#geom-GamemodelShape-normals-array" count="402" stride="3">
              <param name="X" type="float"/>
              <param name="Y" type="float"/>
              <param name="Z" type="float"/>
            </accessor>
          </technique_common>
        </source>
        <source id="geom-GamemodelShape-map-2">
          <float_array id="geom-GamemodelShape-map-2-array" count="1206">1 1 1 1 1 1 1 1 1 1 1 1 1 1 1 1 1 1 1 1 1 1 1 1 1 1 1 1 1 1 1 1 1 1 1 1 1 1 1 1 1 1 1 1 1 1 1 1 1 1 1 1 1 1 1 1 1 1 1 1 1 1 1 1 1 1 1 1 1 1 1 1 1 1 1 1 1 1 1 1 1 1 1 1 1 1 1 1 1 1 1 1 1 1 1 1 1 1 1 1 1 1 1 1 1 1 1 1 1 1 1 1 1 1 1 1 1 1 1 1 1 1 1 1 1 1 1 1 1 1 1 1 1 1 1 1 1 1 1 1 1 1 1 1 1 1 1 1 1 1 1 1 1 1 1 1 1 1 1 1 1 1 1 1 1 1 1 1 1 1 1 1 1 1 1 1 1 1 1 1 1 1 1 1 1 1 1 1 1 1 1 1 1 1 1 1 1 1 1 1 1 1 1 1 1 1 1 1 1 1 1 1 1 1 1 1 1 1 1 1 1 1 1 1 1 1 1 1 1 1 1 1 1 1 1 1 1 1 1 1 1 1 1 1 1 1 1 1 1 1 1 1 1 1 1 1 1 1 1 1 1 1 1 1 1 1 1 1 1 1 1 1 1 1 1 1 1 1 1 1 1 1 1 1 1 1 1 1 1 1 1 1 1 1 1 1 1 1 1 1 1 1 1 1 1 1 1 1 1 1 1 1 1 1 1 1 1 1 1 1 1 1 1 1 1 1 1 1 1 1 1 1 1 1 1 1 1 1 1 1 1 1 1 1 1 1 1 1 1 1 1 1 1 1 1 1 1 1 1 1 1 1 1 1 1 1 1 1 1 1 1 1 1 1 1 1 1 1 1 1 1 1 1 1 1 1 1 1 1 1 1 1 1 1 1 1 1 1 1 1 1 1 1 1 1 1 1 1 1 1 1 1 1 1 1 1 1 1 1 1 1 1 1 1 1 1 1 1 1 1 1 1 1 1 1 1 1 1 1 1 1 1 1 1 1 1 1 1 1 1 1 1 1 1 1 1 1 1 1 1 1 1 1 1 1 1 1 1 1 1 1 1 1 1 1 1 1 1 1 1 1 1 1 1 1 1 1 1 1 1 1 1 1 1 1 1 1 1 1 1 1 1 1 1 1 1 1 1 1 1 1 1 1 1 1 1 1 1 1 1 1 1 1 1 1 1 1 1 1 1 1 1 1 1 1 1 1 1 1 1 1 1 1 1 1 1 1 1 1 1 1 1 1 1 1 1 1 1 1 1 1 1 1 1 1 1 1 1 1 1 1 1 1 1 1 1 1 1 1 1 1 1 1 1 1 1 1 1 1 1 1 1 1 1 1 1 1 1 1 1 1 1 1 1 1 1 1 1 1 1 1 1 1 1 1 1 1 1 1 1 1 1 1 1 1 1 1 1 1 1 1 1 1 1 1 1 1 1 1 1 1 1 1 1 1 1 1 1 1 1 1 1 1 1 1 1 1 1 1 1 1 1 1 1 1 1 1 1 1 1 1 1 1 1 1 1 1 1 1 1 1 1 1 1 1 1 1 1 1 1 1 1 1 1 1 1 1 1 1 1 1 1 1 1 1 1 1 1 1 1 1 1 1 1 1 1 1 1 1 1 1 1 1 1 1 1 1 1 1 1 1 1 1 1 1 1 1 1 1 1 1 1 1 1 1 1 1 1 1 1 1 1 1 1 1 1 1 1 1 1 1 1 1 1 1 1 1 1 1 1 1 1 1 1 1 1 1 1 1 1 1 1 1 1 1 1 1 1 1 1 1 1 1 1 1 1 1 1 1 1 1 1 1 1 1 1 1 1 1 1 1 1 1 1 1 1 1 1 1 1 1 1 1 1 1 1 1 1 1 1 1 1 1 1 1 1 1 1 1 1 1 1 1 1 1 1 1 1 1 1 1 1 1 1 1 1 1 1 1 1 1 1 1 1 1 1 1 1 1 1 1 1 1 1 1 1 1 1 1 1 1 1 1 1 1 1 1 1 1 1 1 1 1 1 1 1 1 1 1 1 1 1 1 1 1 1 1 1 1 1 1 1 1 1 1 1 1 1 1 1 1 1 1 1 1 1 1 1 1 1 1 1 1 1 1 1 1 1 1 1 1 1 1 1 1 1 1 1 1 1 1 1 1 1 1 1 1 1 1 1 1 1 1 1 1 1 1 1 1 1 1 1 1 1 1 1 1 1 1 1 1 1 1 1 1 1 1 1 1 1 1 1 1 1 1 1 1 1 1 1 1 1 1 1 1 1 1 1 1 1 1 1 1 1 1 1 1 1 1 1 1 1 1 1 1 1 1 1 1 1 1 1 1 1 1 1 1 1 1 1 1 1 1 1 1 1 1 1 1 1 1 1 1 1 1 1 1 1 1 1 1 1 1 1 1 1 1 1 1 1 1 1 1 1 1 1 1 1 1 1 1 1 1 1 1 1 1 1 1 1 1 1 1 1 1 1 1 1 1 1 1 1 1 1 1 1 1 1 1 1 1 1 1 1 1 1 1 1 1 1 1 1 1 1 1 1 1 1 1 1 1 1 1 1 1 1 1 1 1 1 1 1 1 1 1 1 1 1 1 1 1 1 1 1 1 1 1 1 1 1 1 1 1 1 1 1 1 1 1 1 1 1 1 1 1 1 1 1 1 1 1 1 1 1 1 1 1 1 1 1 1 1 1 1 1 1 1 1 1 1 1 1 1 1 1 1</float_array>
          <technique_common>
            <accessor source="#geom-GamemodelShape-map-2-array" count="402" stride="3">
              <param name="R" type="float"/>
              <param name="G" type="float"/>
              <param name="B" type="float"/>
            </accessor>
          </technique_common>
        </source>
        <source id="geom-GamemodelShape-map0">
          <float_array id="geom-GamemodelShape-map0-array" count="1206">0.5019608 0.5019608 0.5019608 0.5019608 0.5019608 0.5019608 0.5019608 0.5019608 0.5019608 0.5019608 0.5019608 0.5019608 0.5019608 0.5019608 0.5019608 0.5019608 0.5019608 0.5019608 0.5019608 0.5019608 0.5019608 0.5019608 0.5019608 0.5019608 0.5019608 0.5019608 0.5019608 0.5019608 0.5019608 0.5019608 0.5019608 0.5019608 0.5019608 0.5019608 0.5019608 0.5019608 0.5019608 0.5019608 0.5019608 0.5019608 0.5019608 0.5019608 0.5019608 0.5019608 0.5019608 0.5019608 0.5019608 0.5019608 0.5019608 0.5019608 0.5019608 0.5019608 0.5019608 0.5019608 0.5019608 0.5019608 0.5019608 0.5019608 0.5019608 0.5019608 0.5019608 0.5019608 0.5019608 0.5019608 0.5019608 0.5019608 0.5019608 0.5019608 0.5019608 0.5019608 0.5019608 0.5019608 0.5019608 0.5019608 0.5019608 0.5019608 0.5019608 0.5019608 0.5019608 0.5019608 0.5019608 0.5019608 0.5019608 0.5019608 0.5019608 0.5019608 0.5019608 0.5019608 0.5019608 0.5019608 0.5019608 0.5019608 0.5019608 0.5019608 0.5019608 0.5019608 0.5019608 0.5019608 0.5019608 0.5019608 0.5019608 0.5019608 0.5019608 0.5019608 0.5019608 0.5019608 0.5019608 0.5019608 0.5019608 0.5019608 0.5019608 0.5019608 0.5019608 0.5019608 0.5019608 0.5019608 0.5019608 0.5019608 0.5019608 0.5019608 0.5019608 0.5019608 0.5019608 0.5019608 0.5019608 0.5019608 0.5019608 0.5019608 0.5019608 0.5019608 0.5019608 0.5019608 0.5019608 0.5019608 0.5019608 0.5019608 0.5019608 0.5019608 0.5019608 0.5019608 0.5019608 0.5019608 0.5019608 0.5019608 0.5019608 0.5019608 0.5019608 0.5019608 0.5019608 0.5019608 0.5019608 0.5019608 0.5019608 0.5019608 0.5019608 0.5019608 0.5019608 0.5019608 0.5019608 0.5019608 0.5019608 0.5019608 0.5019608 0.5019608 0.5019608 0.5019608 0.5019608 0.5019608 0.5019608 0.5019608 0.5019608 0.5019608 0.5019608 0.5019608 0.5019608 0.5019608 0.5019608 0.5019608 0.5019608 0.5019608 0.5019608 0.5019608 0.5019608 0.5019608 0.5019608 0.5019608 0.5019608 0.5019608 0.5019608 0.5019608 0.5019608 0.5019608 0.5019608 0.5019608 0.5019608 0.5019608 0.5019608 0.5019608 0.5019608 0.5019608 0.5019608 0.5019608 0.5019608 0.5019608 0.5019608 0.5019608 0.5019608 0.5019608 0.5019608 0.5019608 0.5019608 0.5019608 0.5019608 0.5019608 0.5019608 0.5019608 0.5019608 0.5019608 0.5019608 0.5019608 0.5019608 0.5019608 0.5019608 0.5019608 0.5019608 0.5019608 0.5019608 0.5019608 0.5019608 0.5019608 0.5019608 0.5019608 0.5019608 0.5019608 0.5019608 0.5019608 0.5019608 0.5019608 0.5019608 0.5019608 0.5019608 0.5019608 0.5019608 0.5019608 0.5019608 0.5019608 0.5019608 0.5019608 0.5019608 0.5019608 0.5019608 0.5019608 0.5019608 0.5019608 0.5019608 0.5019608 0.5019608 0.5019608 0.5019608 0.5019608 0.5019608 0.5019608 0.5019608 0.5019608 0.5019608 0.5019608 0.5019608 0.5019608 0.5019608 0.5019608 0.5019608 0.5019608 0.5019608 0.5019608 0.5019608 0.5019608 0.5019608 0.5019608 0.5019608 0.5019608 0.5019608 0.5019608 0.5019608 0.5019608 0.5019608 0.5019608 0.5019608 0.5019608 0.5019608 0.5019608 0.5019608 0.5019608 0.5019608 0.5019608 0.5019608 0.5019608 0.5019608 0.5019608 0.5019608 0.5019608 0.5019608 0.5019608 0.5019608 0.5019608 0.5019608 0.5019608 0.5019608 0.5019608 0.5019608 0.5019608 0.5019608 0.5019608 0.5019608 0.5019608 0.5019608 0.5019608 0.5019608 0.5019608 0.5019608 0.5019608 0.5019608 0.5019608 0.5019608 0.5019608 0.5019608 0.5019608 0.5019608 0.5019608 0.5019608 0.5019608 0.5019608 0.5019608 0.5019608 0.5019608 0.5019608 0.5019608 0.5019608 0.5019608 0.5019608 0.5019608 0.5019608 0.5019608 0.5019608 0.5019608 0.5019608 0.5019608 0.5019608 0.5019608 0.5019608 0.5019608 0.5019608 0.5019608 0.5019608 0.5019608 0.5019608 0.5019608 0.5019608 0.5019608 0.5019608 0.5019608 0.5019608 0.5019608 0.5019608 0.5019608 0.5019608 0.5019608 0.5019608 0.5019608 0.5019608 0.5019608 0.5019608 0.5019608 0.5019608 0.5019608 0.5019608 0.5019608 0.5019608 0.5019608 0.5019608 0.5019608 0.5019608 0.5019608 0.5019608 0.5019608 0.5019608 0.5019608 0.5019608 0.5019608 0.5019608 0.5019608 0.5019608 0.5019608 0.5019608 0.5019608 0.5019608 0.5019608 0.5019608 0.5019608 0.5019608 0.5019608 0.5019608 0.5019608 0.5019608 0.5019608 0.5019608 0.5019608 0.5019608 0.5019608 0.5019608 0.5019608 0.5019608 0.5019608 0.5019608 0.5019608 0.5019608 0.5019608 0.5019608 0.5019608 0.5019608 0.5019608 0.5019608 0.5019608 0.5019608 0.5019608 0.5019608 0.5019608 0.5019608 0.5019608 0.5019608 0.5019608 0.5019608 0.5019608 0.5019608 0.5019608 0.5019608 0.5019608 0.5019608 0.5019608 0.5019608 0.5019608 0.5019608 0.5019608 0.5019608 0.5019608 0.5019608 0.5019608 0.5019608 0.5019608 0.5019608 0.5019608 0.5019608 0.5019608 0.5019608 0.5019608 0.5019608 0.5019608 0.5019608 0.5019608 0.5019608 0.5019608 0.5019608 0.5019608 0.5019608 0.5019608 0.5019608 0.5019608 0.5019608 0.5019608 0.5019608 0.5019608 0.5019608 0.5019608 0.5019608 0.5019608 0.5019608 0.5019608 0.5019608 0.5019608 0.5019608 0.5019608 0.5019608 0.5019608 0.5019608 0.5019608 0.5019608 0.5019608 0.5019608 0.5019608 0.5019608 0.5019608 0.5019608 0.5019608 0.5019608 0.5019608 0.5019608 0.5019608 0.5019608 0.5019608 0.5019608 0.5019608 0.5019608 0.5019608 0.5019608 0.5019608 0.5019608 0.5019608 0.5019608 0.5019608 0.5019608 0.5019608 0.5019608 0.5019608 0.5019608 0.5019608 0.5019608 0.5019608 0.5019608 0.5019608 0.5019608 0.5019608 0.5019608 0.5019608 0.5019608 0.5019608 0.5019608 0.5019608 0.5019608 0.5019608 0.5019608 0.5019608 0.5019608 0.5019608 0.5019608 0.5019608 0.5019608 0.5019608 0.5019608 0.5019608 0.5019608 0.5019608 0.5019608 0.5019608 0.5019608 0.5019608 0.5019608 0.5019608 0.5019608 0.5019608 0.5019608 0.5019608 0.5019608 0.5019608 0.5019608 0.5019608 0.5019608 0.5019608 0.5019608 0.5019608 0.5019608 0.5019608 0.5019608 0.5019608 0.5019608 0.5019608 0.5019608 0.5019608 0.5019608 0.5019608 0.5019608 0.5019608 0.5019608 0.5019608 0.5019608 0.5019608 0.5019608 0.5019608 0.5019608 0.5019608 0.5019608 0.5019608 0.5019608 0.5019608 0.5019608 0.5019608 0.5019608 0.5019608 0.5019608 0.5019608 0.5019608 0.5019608 0.5019608 0.5019608 0.5019608 0.5019608 0.5019608 0.5019608 0.5019608 0.5019608 0.5019608 0.5019608 0.5019608 0.5019608 0.5019608 0.5019608 0.5019608 0.5019608 0.5019608 0.5019608 0.5019608 0.5019608 0.5019608 0.5019608 0.5019608 0.5019608 0.5019608 0.5019608 0.5019608 0.5019608 0.5019608 0.5019608 0.5019608 0.5019608 0.5019608 0.5019608 0.5019608 0.5019608 0.5019608 0.5019608 0.5019608 0.5019608 0.5019608 0.5019608 0.5019608 0.5019608 0.5019608 0.5019608 0.5019608 0.5019608 0.5019608 0.5019608 0.5019608 0.5019608 0.5019608 0.5019608 0.5019608 0.5019608 0.5019608 0.5019608 0.5019608 0.5019608 0.5019608 0.5019608 0.5019608 0.5019608 0.5019608 0.5019608 0.5019608 0.5019608 0.5019608 0.5019608 0.5019608 0.5019608 0.5019608 0.5019608 0.5019608 0.5019608 0.5019608 0.5019608 0.5019608 0.5019608 0.5019608 0.5019608 0.5019608 0.5019608 0.5019608 0.5019608 0.5019608 0.5019608 0.5019608 0.5019608 0.5019608 0.5019608 0.5019608 0.5019608 0.5019608 0.5019608 0.5019608 0.5019608 0.5019608 0.5019608 0.5019608 0.5019608 0.5019608 0.5019608 0.5019608 0.5019608 0.5019608 0.5019608 0.5019608 0.5019608 0.5019608 0.5019608 0.5019608 0.5019608 0.5019608 0.5019608 0.5019608 0.5019608 0.5019608 0.5019608 0.5019608 0.5019608 0.5019608 0.5019608 0.5019608 0.5019608 0.5019608 0.5019608 0.5019608 0.5019608 0.5019608 0.5019608 0.5019608 0.5019608 0.5019608 0.5019608 0.5019608 0.5019608 0.5019608 0.5019608 0.5019608 0.5019608 0.5019608 0.5019608 0.5019608 0.5019608 0.5019608 0.5019608 0.5019608 0.5019608 0.5019608 0.5019608 0.5019608 0.5019608 0.5019608 0.5019608 0.5019608 0.5019608 0.5019608 0.5019608 0.5019608 0.5019608 0.5019608 0.5019608 0.5019608 0.5019608 0.5019608 0.5019608 0.5019608 0.5019608 0.5019608 0.5019608 0.5019608 0.5019608 0.5019608 0.5019608 0.5019608 0.5019608 0.5019608 0.5019608 0.5019608 0.5019608 0.5019608 0.5019608 0.5019608 0.5019608 0.5019608 0.5019608 0.5019608 0.5019608 0.5019608 0.5019608 0.5019608 0.5019608 0.5019608 0.5019608 0.5019608 0.5019608 0.5019608 0.5019608 0.5019608 0.5019608 0.5019608 0.5019608 0.5019608 0.5019608 0.5019608 0.5019608 0.5019608 0.5019608 0.5019608 0.5019608 0.5019608 0.5019608 0.5019608 0.5019608 0.5019608 0.5019608 0.5019608 0.5019608 0.5019608 0.5019608 0.5019608 0.5019608 0.5019608 0.5019608 0.5019608 0.5019608 0.5019608 0.5019608 0.5019608 0.5019608 0.5019608 0.5019608 0.5019608 0.5019608 0.5019608 0.5019608 0.5019608 0.5019608 0.5019608 0.5019608 0.5019608 0.5019608 0.5019608 0.5019608 0.5019608 0.5019608 0.5019608 0.5019608 0.5019608 0.5019608 0.5019608 0.5019608 0.5019608 0.5019608 0.5019608 0.5019608 0.5019608 0.5019608 0.5019608 0.5019608 0.5019608 0.5019608 0.5019608 0.5019608 0.5019608 0.5019608 0.5019608 0.5019608 0.5019608 0.5019608 0.5019608 0.5019608 0.5019608 0.5019608 0.5019608 0.5019608 0.5019608 0.5019608 0.5019608 0.5019608 0.5019608 0.5019608 0.5019608 0.5019608 0.5019608 0.5019608 0.5019608 0.5019608 0.5019608 0.5019608 0.5019608 0.5019608 0.5019608 0.5019608 0.5019608 0.5019608 0.5019608 0.5019608 0.5019608 0.5019608 0.5019608 0.5019608 0.5019608 0.5019608 0.5019608 0.5019608 0.5019608 0.5019608 0.5019608 0.5019608 0.5019608 0.5019608 0.5019608 0.5019608 0.5019608 0.5019608 0.5019608 0.5019608 0.5019608 0.5019608 0.5019608 0.5019608 0.5019608 0.5019608 0.5019608 0.5019608 0.5019608 0.5019608 0.5019608 0.5019608 0.5019608 0.5019608 0.5019608 0.5019608 0.5019608 0.5019608 0.5019608 0.5019608 0.5019608 0.5019608 0.5019608 0.5019608 0.5019608 0.5019608 0.5019608 0.5019608 0.5019608 0.5019608 0.5019608 0.5019608 0.5019608 0.5019608 0.5019608 0.5019608 0.5019608 0.5019608 0.5019608 0.5019608 0.5019608 0.5019608 0.5019608 0.5019608 0.5019608 0.5019608 0.5019608 0.5019608 0.5019608 0.5019608 0.5019608 0.5019608 0.5019608 0.5019608 0.5019608 0.5019608 0.5019608 0.5019608 0.5019608 0.5019608 0.5019608 0.5019608 0.5019608 0.5019608 0.5019608 0.5019608 0.5019608 0.5019608 0.5019608 0.5019608 0.5019608 0.5019608 0.5019608 0.5019608 0.5019608 0.5019608 0.5019608 0.5019608 0.5019608 0.5019608 0.5019608 0.5019608 0.5019608 0.5019608 0.5019608 0.5019608 0.5019608 0.5019608 0.5019608 0.5019608 0.5019608 0.5019608 0.5019608 0.5019608 0.5019608 0.5019608 0.5019608 0.5019608 0.5019608 0.5019608 0.5019608 0.5019608 0.5019608 0.5019608 0.5019608 0.5019608 0.5019608 0.5019608 0.5019608 0.5019608 0.5019608 0.5019608 0.5019608 0.5019608 0.5019608 0.5019608 0.5019608 0.5019608 0.5019608 0.5019608 0.5019608 0.5019608 0.5019608 0.5019608 0.5019608 0.5019608 0.5019608 0.5019608 0.5019608 0.5019608 0.5019608 0.5019608 0.5019608 0.5019608 0.5019608 0.5019608 0.5019608 0.5019608 0.5019608 0.5019608 0.5019608 0.5019608 0.5019608 0.5019608 0.5019608 0.5019608 0.5019608 0.5019608 0.5019608 0.5019608 0.5019608 0.5019608 0.5019608 0.5019608 0.5019608 0.5019608 0.5019608 0.5019608 0.5019608 0.5019608 0.5019608 0.5019608 0.5019608 0.5019608 0.5019608 0.5019608 0.5019608 0.5019608 0.5019608 0.5019608 0.5019608 0.5019608 0.5019608 0.5019608 0.5019608 0.5019608 0.5019608 0.5019608 0.5019608 0.5019608 0.5019608 0.5019608 0.5019608 0.5019608 0.5019608 0.5019608 0.5019608 0.5019608 0.5019608 0.5019608 0.5019608 0.5019608 0.5019608 0.5019608 0.5019608 0.5019608 0.5019608 0.5019608 0.5019608 0.5019608 0.5019608 0.5019608 0.5019608 0.5019608 0.5019608 0.5019608 0.5019608 0.5019608 0.5019608 0.5019608 0.5019608 0.5019608 0.5019608 0.5019608 0.5019608 0.5019608 0.5019608 0.5019608 0.5019608 0.5019608 0.5019608 0.5019608 0.5019608 0.5019608 0.5019608 0.5019608 0.5019608 0.5019608 0.5019608 0.5019608 0.5019608 0.5019608 0.5019608 0.5019608 0.5019608 0.5019608 0.5019608 0.5019608 0.5019608 0.5019608 0.5019608 0.5019608 0.5019608 0.5019608 0.5019608 0.5019608 0.5019608 0.5019608 0.5019608 0.5019608 0.5019608 0.5019608 0.5019608 0.5019608 0.5019608 0.5019608 0.5019608 0.5019608 0.5019608 0.5019608 0.5019608 0.5019608 0.5019608 0.5019608 0.5019608 0.5019608 0.5019608 0.5019608 0.5019608 0.5019608 0.5019608 0.5019608 0.5019608 0.5019608 0.5019608 0.5019608 0.5019608 0.5019608 0.5019608 0.5019608 0.5019608 0.5019608 0.5019608 0.5019608 0.5019608 0.5019608 0.5019608 0.5019608 0.5019608 0.5019608 0.5019608 0.5019608 0.5019608 0.5019608 0.5019608 0.5019608</float_array>
          <technique_common>
            <accessor source="#geom-GamemodelShape-map0-array" count="402" stride="3">
              <param name="R" type="float"/>
              <param name="G" type="float"/>
              <param name="B" type="float"/>
            </accessor>
          </technique_common>
        </source>
        <source id="geom-GamemodelShape-map1">
          <float_array id="geom-GamemodelShape-map1-array" count="1206">0.8222656 0.06494141 0 0.8525391 0.08740234 0 0.8579102 0.07666016 0 0.8442383 0.09570312 0 0.8334961 0.1005859 0 0.8222656 0.1025391 0 0.8105469 0.1005859 0 0.800293 0.09570312 0 0.7919922 0.08740234 0 0.7866211 0.07666016 0 0.784668 0.06494141 0 0.7866211 0.05371094 0 0.7919922 0.04296875 0 0.800293 0.03466797 0 0.8105469 0.02929687 0 0.8222656 0.02783203 0 0.8334961 0.02929687 0 0.8442383 0.03466797 0 0.8525391 0.04296875 0 0.8579102 0.05371094 0 0.859375 0.06494141 0 0.9648438 0.3359375 0 0.9462891 0.3725586 0 0.965332 0.3359375 0 0.9462891 0.3725586 0 0.9169922 0.4018555 0 0.9174805 0.4018555 0 0.8803711 0.4204102 0 0.8803711 0.4208984 0 0.8398438 0.4272461 0 0.8398438 0.4272461 0 0.7988281 0.4204102 0 0.7988281 0.4208984 0 0.762207 0.4018555 0 0.762207 0.4018555 0 0.7329102 0.3725586 0 0.7329102 0.3725586 0 0.7143555 0.3359375 0 0.7143555 0.3359375 0 0.7080078 0.2954102 0 0.7080078 0.2954102 0 0.7143555 0.2543945 0 0.7143555 0.2543945 0 0.7329102 0.2177734 0 0.7329102 0.2177734 0 0.762207 0.1884766 0 0.762207 0.1884766 0 0.7988281 0.1699219 0 0.7988281 0.1699219 0 0.8398438 0.1635742 0 0.8398438 0.1635742 0 0.8803711 0.1699219 0 0.8803711 0.1699219 0 0.9169922 0.1884766 0 0.9174805 0.1884766 0 0.9462891 0.2177734 0 0.9462891 0.2177734 0 0.9648438 0.2543945 0 0.965332 0.2543945 0 0.9716797 0.2954102 0 0.9716797 0.2954102 0 0.965332 0.3359375 0 0.9462891 0.3725586 0 0.9648438 0.3359375 0 0.9462891 0.3725586 0 0.9174805 0.4018555 0 0.9169922 0.4013672 0 0.8803711 0.4208984 0 0.8803711 0.4204102 0 0.8398438 0.4272461 0 0.8398438 0.4267578 0 0.7988281 0.4208984 0 0.7993164 0.4204102 0 0.762207 0.4018555 0 0.7626953 0.4013672 0 0.7329102 0.3725586 0 0.7333984 0.3725586 0 0.7143555 0.3359375 0 0.7148438 0.3359375 0 0.7080078 0.2954102 0 0.7084961 0.2954102 0 0.7143555 0.2543945 0 0.7148438 0.2548828 0 0.7329102 0.2177734 0 0.7333984 0.2177734 0 0.762207 0.1884766 0 0.7626953 0.1889648 0 0.7988281 0.1699219 0 0.7993164 0.1704102 0 0.8398438 0.1635742 0 0.8398438 0.1640625 0 0.8803711 0.1699219 0 0.8803711 0.1704102 0 0.9174805 0.1884766 0 0.9169922 0.1889648 0 0.9462891 0.2177734 0 0.9462891 0.2177734 0 0.965332 0.2543945 0 0.9648438 0.2548828 0 0.9716797 0.2954102 0 0.9711914 0.2954102 0 0.9643555 0.3354492 0 0.9458008 0.3720703 0 0.9165039 0.4008789 0 0.8803711 0.4194336 0 0.8398438 0.4262695 0 0.7993164 0.4194336 0 0.7626953 0.4008789 0 0.7338867 0.3720703 0 0.715332 0.3354492 0 0.7089844 0.2954102 0 0.715332 0.2548828 0 0.7338867 0.2182617 0 0.7626953 0.1894531 0 0.7993164 0.1708984 0 0.8398438 0.1645508 0 0.8803711 0.1708984 0 0.9165039 0.1894531 0 0.9458008 0.2182617 0 0.9643555 0.2548828 0 0.9707031 0.2954102 0 0.9643555 0.3354492 0 0.9458008 0.3720703 0 0.9643555 0.3359375 0 0.9458008 0.3725586 0 0.9165039 0.4008789 0 0.9169922 0.4013672 0 0.8803711 0.4194336 0 0.8803711 0.4199219 0 0.8398438 0.4262695 0 0.8398438 0.4262695 0 0.7993164 0.4194336 0 0.7993164 0.4199219 0 0.7626953 0.4008789 0 0.7626953 0.4013672 0 0.7338867 0.3720703 0 0.7333984 0.3725586 0 0.715332 0.3354492 0 0.7148438 0.3359375 0 0.7089844 0.2954102 0 0.7084961 0.2954102 0 0.715332 0.2548828 0 0.7148438 0.2548828 0 0.7338867 0.2182617 0 0.7333984 0.2182617 0 0.7626953 0.1894531 0 0.7626953 0.1889648 0 0.7993164 0.1708984 0 0.7993164 0.1704102 0 0.8398438 0.1645508 0 0.8398438 0.1640625 0 0.8803711 0.1708984 0 0.8803711 0.1704102 0 0.9165039 0.1894531 0 0.9169922 0.1889648 0 0.9458008 0.2182617 0 0.9458008 0.2182617 0 0.9643555 0.2548828 0 0.9643555 0.2548828 0 0.9707031 0.2954102 0 0.9707031 0.2954102 0 0.9643555 0.3359375 0 0.9458008 0.3725586 0 0.9643555 0.3359375 0 0.9458008 0.3720703 0 0.9169922 0.4013672 0 0.9165039 0.4013672 0 0.8803711 0.4199219 0 0.8803711 0.4199219 0 0.8398438 0.4262695 0 0.8398438 0.4262695 0 0.7993164 0.4199219 0 0.7993164 0.4199219 0 0.7626953 0.4013672 0 0.7626953 0.4013672 0 0.7333984 0.3725586 0 0.7338867 0.3720703 0 0.7148438 0.3359375 0 0.715332 0.3359375 0 0.7084961 0.2954102 0 0.7089844 0.2954102 0 0.7148438 0.2548828 0 0.715332 0.2548828 0 0.7333984 0.2182617 0 0.7338867 0.2182617 0 0.7626953 0.1889648 0 0.7626953 0.1894531 0 0.7993164 0.1704102 0 0.7993164 0.1708984 0 0.8398438 0.1640625 0 0.8398438 0.1645508 0 0.8803711 0.1704102 0 0.8803711 0.1708984 0 0.9169922 0.1889648 0 0.9165039 0.1894531 0 0.9458008 0.2182617 0 0.9458008 0.2182617 0 0.9643555 0.2548828 0 0.9643555 0.2548828 0 0.9707031 0.2954102 0 0.9707031 0.2954102 0 0.9628906 0.3354492 0 0.9443359 0.3710937 0 0.9155273 0.3999023 0 0.8798828 0.4179687 0 0.8398438 0.4243164 0 0.7998047 0.4179687 0 0.7636719 0.3999023 0 0.7353516 0.3710937 0 0.7167969 0.3354492 0 0.7104492 0.2954102 0 0.7167969 0.2553711 0 0.7353516 0.2192383 0 0.7636719 0.190918 0 0.7998047 0.1723633 0 0.8398438 0.1660156 0 0.8798828 0.1723633 0 0.9155273 0.190918 0 0.9443359 0.2192383 0 0.9628906 0.2553711 0 0.9692383 0.2954102 0 0.9580078 0.3334961 0 0.9404297 0.3686523 0 0.9130859 0.3959961 0 0.878418 0.4135742 0 0.8398438 0.4199219 0 0.8012695 0.4135742 0 0.7666016 0.3959961 0 0.7392578 0.3686523 0 0.7211914 0.3334961 0 0.715332 0.2954102 0 0.7211914 0.2568359 0 0.7392578 0.222168 0 0.7666016 0.1943359 0 0.8012695 0.1767578 0 0.8398438 0.1708984 0 0.878418 0.1767578 0 0.9130859 0.1943359 0 0.9404297 0.222168 0 0.9580078 0.2568359 0 0.9643555 0.2954102 0 0.9506836 0.3310547 0 0.934082 0.3637695 0 0.9082031 0.3896484 0 0.8759766 0.40625 0 0.8398438 0.4121094 0 0.8037109 0.40625 0 0.7709961 0.3896484 0 0.7456055 0.3637695 0 0.7290039 0.3310547 0 0.7231445 0.2954102 0 0.7290039 0.2592773 0 0.7456055 0.2265625 0 0.7709961 0.2006836 0 0.8037109 0.1845703 0 0.8398438 0.1787109 0 0.8759766 0.1845703 0 0.9082031 0.2006836 0 0.934082 0.2265625 0 0.9506836 0.2592773 0 0.956543 0.2954102 0 0.9404297 0.328125 0 0.925293 0.3574219 0 0.9018555 0.3808594 0 0.8725586 0.3959961 0 0.8398438 0.4013672 0 0.8071289 0.3959961 0 0.7773438 0.3808594 0 0.7539063 0.3574219 0 0.7392578 0.328125 0 0.7338867 0.2954102 0 0.7392578 0.2626953 0 0.7539063 0.2329102 0 0.7773438 0.2094727 0 0.8071289 0.1943359 0 0.8398438 0.1894531 0 0.8725586 0.1943359 0 0.9018555 0.2094727 0 0.925293 0.2329102 0 0.9404297 0.2626953 0 0.9458008 0.2954102 0 0.9277344 0.3237305 0 0.9145508 0.3496094 0 0.894043 0.3701172 0 0.8681641 0.3833008 0 0.8398438 0.3876953 0 0.8110352 0.3833008 0 0.7851563 0.3701172 0 0.7646484 0.3496094 0 0.7519531 0.3237305 0 0.7470703 0.2954102 0 0.7519531 0.2666016 0 0.7646484 0.2407227 0 0.7851563 0.2202148 0 0.8110352 0.2070312 0 0.8398438 0.2026367 0 0.8681641 0.2070312 0 0.894043 0.2202148 0 0.9145508 0.2407227 0 0.9277344 0.2666016 0 0.9321289 0.2954102 0 0.9130859 0.3188477 0 0.9018555 0.340332 0 0.8847656 0.3574219 0 0.8632813 0.3686523 0 0.8398438 0.3720703 0 0.815918 0.3686523 0 0.7944336 0.3574219 0 0.7773438 0.340332 0 0.7666016 0.3188477 0 0.7626953 0.2954102 0 0.7666016 0.2714844 0 0.7773438 0.25 0 0.7944336 0.2329102 0 0.815918 0.222168 0 0.8398438 0.2182617 0 0.8632813 0.222168 0 0.8847656 0.2329102 0 0.9018555 0.25 0 0.9130859 0.2714844 0 0.9165039 0.2954102 0 0.8964844 0.3134766 0 0.8876953 0.3300781 0 0.8745117 0.3432617 0 0.8579102 0.3515625 0 0.8398438 0.3544922 0 0.8212891 0.3515625 0 0.8046875 0.3432617 0 0.7915039 0.3300781 0 0.7832031 0.3134766 0 0.7802734 0.2954102 0 0.7832031 0.2768555 0 0.7915039 0.2602539 0 0.8046875 0.2470703 0 0.8212891 0.2387695 0 0.8398438 0.2358398 0 0.8579102 0.2387695 0 0.8745117 0.2470703 0 0.8876953 0.2602539 0 0.8964844 0.2768555 0 0.8989258 0.2954102 0 0.878418 0.3076172 0 0.8725586 0.3188477 0 0.8632813 0.328125 0 0.8520508 0.3334961 0 0.8398438 0.3359375 0 0.8271484 0.3334961 0 0.815918 0.328125 0 0.8071289 0.3188477 0 0.8012695 0.3076172 0 0.7993164 0.2954102 0 0.8012695 0.2827148 0 0.8071289 0.2714844 0 0.815918 0.2626953 0 0.8271484 0.2568359 0 0.8398438 0.2548828 0 0.8520508 0.2568359 0 0.8632813 0.2626953 0 0.8725586 0.2714844 0 0.878418 0.2827148 0 0.8803711 0.2954102 0 0.859375 0.3017578 0 0.8564453 0.3071289 0 0.8515625 0.3120117 0 0.8461914 0.3149414 0 0.8398438 0.315918 0 0.8334961 0.3149414 0 0.8276367 0.3120117 0 0.8232422 0.3071289 0 0.8203125 0.3017578 0 0.8193359 0.2954102 0 0.8203125 0.2890625 0 0.8232422 0.2832031 0 0.8276367 0.2788086 0 0.8334961 0.2758789 0 0.8398438 0.2749023 0 0.8461914 0.2758789 0 0.8515625 0.2788086 0 0.8564453 0.2832031 0 0.859375 0.2890625 0 0.8603516 0.2954102 0 0.8398438 0.2954102 0 0.7631836 0.4008789 0 0.734375 0.3720703 0 0.7993164 0.4194336 0 0.8398438 0.4257812 0 0.8798828 0.4194336 0 0.9165039 0.4008789 0 0.9453125 0.3720703 0 0.9638672 0.3354492 0 0.9702148 0.2954102 0 0.9638672 0.2548828 0 0.9453125 0.21875 0 0.9165039 0.1894531 0 0.8798828 0.1713867 0 0.8398438 0.1645508 0 0.7993164 0.1713867 0 0.7631836 0.1894531 0 0.734375 0.21875 0 0.7158203 0.2548828 0 0.7094727 0.2954102 0 0.7158203 0.3354492 0</float_array>
          <technique_common>
            <accessor source="#geom-GamemodelShape-map1-array" count="402" stride="3">
              <param name="S" type="float"/>
              <param name="T" type="float"/>
              <param name="P" type="float"/>
            </accessor>
          </technique_common>
        </source>
        <vertices id="geom-GamemodelShape-vertices">
          <input semantic="POSITION" source="#geom-GamemodelShape-positions"/>
        </vertices>
        <triangles material="searchlight_mt" count="640">
          <input semantic="VERTEX" source="#geom-GamemodelShape-vertices" offset="0"/>
          <input semantic="NORMAL" source="#geom-GamemodelShape-normals" offset="1"/>
          <input semantic="COLOR" source="#geom-GamemodelShape-map0" offset="2" set="0"/>
          <input semantic="TEXCOORD" source="#geom-GamemodelShape-map1" offset="3" set="0"/>
          <p>0 0 0 0 2 1 2 2 20 2 20 20 0 0 0 0 20 2 20 20 19 3 19 19 0 0 0 0 19 3 19 19 18 4 18 18 0 0 0 0 18 4 18 18 17 5 17 17 0 0 0 0 17 5 17 17 16 6 16 16 0 0 0 0 16 6 16 16 15 7 15 15 0 0 0 0 15 7 15 15 14 8 14 14 0 0 0 0 14 8 14 14 13 9 13 13 0 0 0 0 13 9 13 13 12 10 12 12 0 0 0 0 12 10 12 12 11 11 11 11 0 0 0 0 11 11 11 11 10 12 10 10 0 0 0 0 10 12 10 10 9 13 9 9 0 0 0 0 9 13 9 9 8 14 8 8 0 0 0 0 8 14 8 8 7 15 7 7 0 0 0 0 7 15 7 7 6 16 6 6 0 0 0 0 6 16 6 6 5 17 5 5 0 0 0 0 5 17 5 5 4 18 4 4 0 0 0 0 4 18 4 4 3 19 3 3 0 0 0 0 3 19 3 3 1 20 1 1 0 0 0 0 1 20 1 1 2 1 2 2 59 21 59 59 389 22 389 389 21 23 21 21 21 23 21 21 388 24 388 388 22 25 22 22 389 22 389 389 388 24 388 388 21 23 21 21 60 26 60 60 21 23 21 21 23 27 23 23 59 21 59 59 21 23 21 21 60 26 60 60 21 23 21 21 22 25 22 22 23 27 23 23 57 28 57 57 390 29 390 390 59 21 59 59 390 29 390 390 389 22 389 389 59 21 59 59 58 30 58 58 59 21 59 59 60 26 60 60 57 28 57 57 59 21 59 59 58 30 58 58 55 31 55 55 391 32 391 391 57 28 57 57 391 32 391 391 390 29 390 390 57 28 57 57 56 33 56 56 57 28 57 57 58 30 58 58 55 31 55 55 57 28 57 57 56 33 56 56 53 34 53 53 392 35 392 392 55 31 55 55 392 35 392 392 391 32 391 391 55 31 55 55 54 36 54 54 55 31 55 55 56 33 56 56 53 34 53 53 55 31 55 55 54 36 54 54 51 37 51 51 393 38 393 393 53 34 53 53 393 38 393 393 392 35 392 392 53 34 53 53 52 39 52 52 53 34 53 53 54 36 54 54 51 37 51 51 53 34 53 53 52 39 52 52 49 40 49 49 394 41 394 394 51 37 51 51 394 41 394 394 393 38 393 393 51 37 51 51 50 42 50 50 51 37 51 51 52 39 52 52 49 40 49 49 51 37 51 51 50 42 50 50 47 43 47 47 395 44 395 395 49 40 49 49 395 44 395 395 394 41 394 394 49 40 49 49 48 45 48 48 49 40 49 49 50 42 50 50 47 43 47 47 49 40 49 49 48 45 48 48 45 46 45 45 396 47 396 396 47 43 47 47 396 47 396 396 395 44 395 395 47 43 47 47 46 48 46 46 47 43 47 47 48 45 48 48 45 46 45 45 47 43 47 47 46 48 46 46 43 49 43 43 397 50 397 397 45 46 45 45 397 50 397 397 396 47 396 396 45 46 45 45 44 51 44 44 45 46 45 45 46 48 46 46 43 49 43 43 45 46 45 45 44 51 44 44 41 52 41 41 398 53 398 398 43 49 43 43 398 53 398 398 397 50 397 397 43 49 43 43 42 54 42 42 43 49 43 43 44 51 44 44 41 52 41 41 43 49 43 43 42 54 42 42 39 55 39 39 399 56 399 399 41 52 41 41 399 56 399 399 398 53 398 398 41 52 41 41 40 57 40 40 41 52 41 41 42 54 42 42 39 55 39 39 41 52 41 41 40 57 40 40 37 58 37 37 400 59 400 400 39 55 39 39 400 59 400 400 399 56 399 399 39 55 39 39 38 60 38 38 39 55 39 39 40 57 40 40 37 58 37 37 39 55 39 39 38 60 38 38 35 61 35 35 401 62 401 401 37 58 37 37 401 62 401 401 400 59 400 400 37 58 37 37 36 63 36 36 37 58 37 37 38 60 38 38 35 61 35 35 37 58 37 37 36 63 36 36 383 64 383 383 401 62 401 401 35 61 35 35 33 65 33 33 383 64 383 383 35 61 35 35 34 66 34 34 35 61 35 35 36 63 36 36 33 65 33 33 35 61 35 35 34 66 34 34 382 67 382 382 383 64 383 383 33 65 33 33 31 68 31 31 382 67 382 382 33 65 33 33 32 69 32 32 33 65 33 33 34 66 34 34 31 68 31 31 33 65 33 33 32 69 32 32 384 70 384 384 382 67 382 382 31 68 31 31 29 71 29 29 384 70 384 384 31 68 31 31 30 72 30 30 31 68 31 31 32 69 32 32 29 71 29 29 31 68 31 31 30 72 30 30 385 73 385 385 384 70 384 384 29 71 29 29 27 74 27 27 385 73 385 385 29 71 29 29 28 75 28 28 29 71 29 29 30 72 30 30 27 74 27 27 29 71 29 29 28 75 28 28 386 76 386 386 385 73 385 385 27 74 27 27 25 77 25 25 386 76 386 386 27 74 27 27 26 78 26 26 27 74 27 27 28 75 28 28 25 77 25 25 27 74 27 27 26 78 26 26 387 79 387 387 386 76 386 386 25 77 25 25 22 25 22 22 387 79 387 387 25 77 25 25 24 80 24 24 25 77 25 25 26 78 26 26 22 25 22 22 25 77 25 25 24 80 24 24 388 24 388 388 387 79 387 387 22 25 22 22 23 27 23 23 22 25 22 22 24 80 24 24 100 81 100 100 61 82 61 61 63 83 63 63 99 84 99 99 61 82 61 61 100 81 100 100 61 82 61 61 62 85 62 62 63 83 63 63 100 81 100 100 63 83 63 63 120 86 120 120 119 87 119 119 100 81 100 100 120 86 120 120 98 88 98 98 100 81 100 100 119 87 119 119 98 88 98 98 99 84 99 99 100 81 100 100 120 86 120 120 63 83 63 63 101 89 101 101 63 83 63 63 64 90 64 64 101 89 101 101 63 83 63 63 62 85 62 62 64 90 64 64 62 85 62 62 65 91 65 65 64 90 64 64 64 90 64 64 66 92 66 66 102 93 102 102 101 89 101 101 64 90 64 64 102 93 102 102 64 90 64 64 65 91 65 65 66 92 66 66 65 91 65 65 67 94 67 67 66 92 66 66 66 92 66 66 68 95 68 68 103 96 103 103 102 93 102 102 66 92 66 66 103 96 103 103 66 92 66 66 67 94 67 67 68 95 68 68 67 94 67 67 69 97 69 69 68 95 68 68 68 95 68 68 70 98 70 70 104 99 104 104 103 96 103 103 68 95 68 68 104 99 104 104 68 95 68 68 69 97 69 69 70 98 70 70 69 97 69 69 71 100 71 71 70 98 70 70 70 98 70 70 72 101 72 72 105 102 105 105 104 99 104 104 70 98 70 70 105 102 105 105 70 98 70 70 71 100 71 71 72 101 72 72 71 100 71 71 73 103 73 73 72 101 72 72 72 101 72 72 74 104 74 74 106 105 106 106 105 102 105 105 72 101 72 72 106 105 106 106 72 101 72 72 73 103 73 73 74 104 74 74 73 103 73 73 75 106 75 75 74 104 74 74 74 104 74 74 76 107 76 76 107 108 107 107 106 105 106 106 74 104 74 74 107 108 107 107 74 104 74 74 75 106 75 75 76 107 76 76 75 106 75 75 77 109 77 77 76 107 76 76 76 107 76 76 78 110 78 78 108 111 108 108 107 108 107 107 76 107 76 76 108 111 108 108 76 107 76 76 77 109 77 77 78 110 78 78 77 109 77 77 79 112 79 79 78 110 78 78 78 110 78 78 80 113 80 80 109 114 109 109 108 111 108 108 78 110 78 78 109 114 109 109 78 110 78 78 79 112 79 79 80 113 80 80 79 112 79 79 81 115 81 81 80 113 80 80 80 113 80 80 82 116 82 82 110 117 110 110 109 114 109 109 80 113 80 80 110 117 110 110 80 113 80 80 81 115 81 81 82 116 82 82 81 115 81 81 83 118 83 83 82 116 82 82 82 116 82 82 84 119 84 84 111 120 111 111 110 117 110 110 82 116 82 82 111 120 111 111 82 116 82 82 83 118 83 83 84 119 84 84 83 118 83 83 85 121 85 85 84 119 84 84 84 119 84 84 86 122 86 86 112 123 112 112 111 120 111 111 84 119 84 84 112 123 112 112 84 119 84 84 85 121 85 85 86 122 86 86 85 121 85 85 87 124 87 87 86 122 86 86 86 122 86 86 88 125 88 88 113 126 113 113 112 123 112 112 86 122 86 86 113 126 113 113 86 122 86 86 87 124 87 87 88 125 88 88 87 124 87 87 89 127 89 89 88 125 88 88 88 125 88 88 90 128 90 90 114 129 114 114 113 126 113 113 88 125 88 88 114 129 114 114 88 125 88 88 89 127 89 89 90 128 90 90 89 127 89 89 91 130 91 91 90 128 90 90 90 128 90 90 92 131 92 92 115 132 115 115 114 129 114 114 90 128 90 90 115 132 115 115 90 128 90 90 91 130 91 91 92 131 92 92 91 130 91 91 93 133 93 93 92 131 92 92 92 131 92 92 94 134 94 94 116 135 116 116 115 132 115 115 92 131 92 92 116 135 116 116 92 131 92 92 93 133 93 93 94 134 94 94 93 133 93 93 95 136 95 95 94 134 94 94 94 134 94 94 96 137 96 96 117 138 117 117 116 135 116 116 94 134 94 94 117 138 117 117 94 134 94 94 95 136 95 95 96 137 96 96 95 136 95 95 97 139 97 97 96 137 96 96 96 137 96 96 98 88 98 98 118 140 118 118 117 138 117 117 96 137 96 96 118 140 118 118 96 137 96 96 97 139 97 97 98 88 98 98 97 139 97 97 99 84 99 99 98 88 98 98 118 140 118 118 98 88 98 98 119 87 119 119 160 141 160 160 121 142 121 121 123 143 123 123 159 144 159 159 121 142 121 121 160 141 160 160 121 142 121 121 122 145 122 122 123 143 123 123 158 146 158 158 159 144 159 159 160 141 160 160 157 147 157 157 159 144 159 159 158 146 158 158 156 148 156 156 157 147 157 157 158 146 158 158 155 149 155 155 157 147 157 157 156 148 156 156 154 150 154 154 155 149 155 155 156 148 156 156 153 151 153 153 155 149 155 155 154 150 154 154 152 152 152 152 153 151 153 153 154 150 154 154 151 153 151 151 153 151 153 153 152 152 152 152 150 154 150 150 151 153 151 151 152 152 152 152 149 155 149 149 151 153 151 151 150 154 150 150 148 156 148 148 149 155 149 149 150 154 150 150 147 157 147 147 149 155 149 149 148 156 148 148 146 158 146 146 147 157 147 147 148 156 148 148 145 159 145 145 147 157 147 147 146 158 146 146 144 160 144 144 145 159 145 145 146 158 146 146 143 161 143 143 145 159 145 145 144 160 144 144 142 162 142 142 143 161 143 143 144 160 144 144 141 163 141 141 143 161 143 143 142 162 142 142 140 164 140 140 141 163 141 141 142 162 142 142 139 165 139 139 141 163 141 141 140 164 140 140 138 166 138 138 139 165 139 139 140 164 140 140 137 167 137 137 139 165 139 139 138 166 138 138 136 168 136 136 137 167 137 137 138 166 138 138 135 169 135 135 137 167 137 137 136 168 136 136 134 170 134 134 135 169 135 135 136 168 136 136 133 171 133 133 135 169 135 135 134 170 134 134 132 172 132 132 133 171 133 133 134 170 134 134 131 173 131 131 133 171 133 133 132 172 132 132 130 174 130 130 131 173 131 131 132 172 132 132 129 175 129 129 131 173 131 131 130 174 130 130 128 176 128 128 129 175 129 129 130 174 130 130 127 177 127 127 129 175 129 129 128 176 128 128 126 178 126 126 127 177 127 127 128 176 128 128 125 179 125 125 127 177 127 127 126 178 126 126 124 180 124 124 125 179 125 125 126 178 126 126 122 145 122 122 125 179 125 125 124 180 124 124 123 143 123 123 122 145 122 122 124 180 124 124 200 181 200 200 161 182 161 161 163 183 163 163 199 184 199 199 161 182 161 161 200 181 200 200 161 182 161 161 162 185 162 162 163 183 163 163 200 181 200 200 163 183 163 163 220 186 220 220 219 187 219 219 200 181 200 200 220 186 220 220 198 188 198 198 200 181 200 200 219 187 219 219 198 188 198 198 199 184 199 199 200 181 200 200 220 186 220 220 163 183 163 163 201 189 201 201 163 183 163 163 164 190 164 164 201 189 201 201 163 183 163 163 162 185 162 162 164 190 164 164 162 185 162 162 165 191 165 165 164 190 164 164 164 190 164 164 166 192 166 166 202 193 202 202 201 189 201 201 164 190 164 164 202 193 202 202 164 190 164 164 165 191 165 165 166 192 166 166 240 194 240 240 201 189 201 201 221 195 221 221 220 186 220 220 201 189 201 201 240 194 240 240 201 189 201 201 202 193 202 202 221 195 221 221 239 196 239 239 220 186 220 220 240 194 240 240 219 187 219 219 220 186 220 220 239 196 239 239 238 197 238 238 219 187 219 219 239 196 239 239 218 198 218 218 219 187 219 219 238 197 238 238 218 198 218 218 198 188 198 198 219 187 219 219 196 199 196 196 198 188 198 198 218 198 218 218 197 200 197 197 199 184 199 199 198 188 198 198 196 199 196 196 197 200 197 197 198 188 198 198 237 201 237 237 218 198 218 218 238 197 238 238 217 202 217 217 218 198 218 218 237 201 237 237 217 202 217 217 196 199 196 196 218 198 218 218 238 197 238 238 239 196 239 239 258 203 258 258 257 204 257 257 238 197 238 238 258 203 258 258 237 201 237 237 238 197 238 238 257 204 257 257 239 196 239 239 240 194 240 240 259 205 259 259 258 203 258 258 239 196 239 239 259 205 259 259 240 194 240 240 221 195 221 221 260 206 260 260 259 205 259 259 240 194 240 240 260 206 260 260 260 206 260 260 221 195 221 221 241 207 241 241 221 195 221 221 222 208 222 222 241 207 241 241 221 195 221 221 202 193 202 202 222 208 222 222 202 193 202 202 203 209 203 203 222 208 222 222 202 193 202 202 166 192 166 166 203 209 203 203 166 192 166 166 168 210 168 168 203 209 203 203 166 192 166 166 167 211 167 167 168 210 168 168 165 191 165 165 167 211 167 167 166 192 166 166 203 209 203 203 204 212 204 204 223 213 223 223 222 208 222 222 203 209 203 203 223 213 223 223 203 209 203 203 168 210 168 168 204 212 204 204 222 208 222 222 223 213 223 223 242 214 242 242 241 207 241 241 222 208 222 222 242 214 242 242 280 215 280 280 241 207 241 241 261 216 261 261 260 206 260 260 241 207 241 241 280 215 280 280 241 207 241 241 242 214 242 242 261 216 261 261 279 217 279 279 260 206 260 260 280 215 280 280 259 205 259 259 260 206 260 260 279 217 279 279 278 218 278 278 259 205 259 259 279 217 279 279 258 203 258 258 259 205 259 259 278 218 278 278 277 219 277 277 258 203 258 258 278 218 278 278 257 204 257 257 258 203 258 258 277 219 277 277 276 220 276 276 257 204 257 257 277 219 277 277 256 221 256 256 257 204 257 257 276 220 276 276 256 221 256 256 237 201 237 237 257 204 257 257 236 222 236 236 237 201 237 237 256 221 256 256 236 222 236 236 217 202 217 217 237 201 237 237 216 223 216 216 217 202 217 217 236 222 236 236 194 224 194 194 196 199 196 196 217 202 217 217 216 223 216 216 194 224 194 194 217 202 217 217 195 225 195 195 197 200 197 197 196 199 196 196 194 224 194 194 195 225 195 195 196 199 196 196 192 226 192 192 194 224 194 194 216 223 216 216 193 227 193 193 195 225 195 195 194 224 194 194 192 226 192 192 193 227 193 193 194 224 194 194 235 228 235 235 216 223 216 216 236 222 236 236 215 229 215 215 216 223 216 216 235 228 235 235 215 229 215 215 192 226 192 192 216 223 216 216 255 230 255 255 236 222 236 236 256 221 256 256 235 228 235 235 236 222 236 236 255 230 255 255 275 231 275 275 256 221 256 256 276 220 276 276 255 230 255 255 256 221 256 256 275 231 275 275 276 220 276 276 277 219 277 277 296 232 296 296 295 233 295 295 276 220 276 276 296 232 296 296 275 231 275 275 276 220 276 276 295 233 295 295 277 219 277 277 278 218 278 278 297 234 297 297 296 232 296 296 277 219 277 277 297 234 297 297 278 218 278 278 279 217 279 279 298 235 298 298 297 234 297 297 278 218 278 278 298 235 298 298 279 217 279 279 280 215 280 280 299 236 299 299 298 235 298 298 279 217 279 279 299 236 299 299 280 215 280 280 261 216 261 261 300 237 300 300 299 236 299 299 280 215 280 280 300 237 300 300 300 237 300 300 261 216 261 261 281 238 281 281 261 216 261 261 262 239 262 262 281 238 281 281 261 216 261 261 242 214 242 242 262 239 262 262 242 214 242 242 243 240 243 243 262 239 262 262 242 214 242 242 223 213 223 223 243 240 243 243 223 213 223 223 224 241 224 224 243 240 243 243 223 213 223 223 204 212 204 204 224 241 224 224 243 240 243 243 244 242 244 244 263 243 263 263 262 239 262 262 243 240 243 243 263 243 263 263 243 240 243 243 224 241 224 224 244 242 244 244 262 239 262 262 263 243 263 263 282 244 282 282 281 238 281 281 262 239 262 262 282 244 282 282 320 245 320 320 281 238 281 281 301 246 301 301 300 237 300 300 281 238 281 281 320 245 320 320 281 238 281 281 282 244 282 282 301 246 301 301 319 247 319 319 300 237 300 300 320 245 320 320 299 236 299 299 300 237 300 300 319 247 319 319 318 248 318 318 299 236 299 299 319 247 319 319 298 235 298 298 299 236 299 299 318 248 318 318 317 249 317 317 298 235 298 298 318 248 318 318 297 234 297 297 298 235 298 298 317 249 317 317 316 250 316 316 297 234 297 297 317 249 317 317 296 232 296 296 297 234 297 297 316 250 316 316 315 251 315 315 296 232 296 296 316 250 316 316 295 233 295 295 296 232 296 296 315 251 315 315 314 252 314 314 295 233 295 295 315 251 315 315 294 253 294 294 295 233 295 295 314 252 314 314 294 253 294 294 275 231 275 275 295 233 295 295 274 254 274 274 275 231 275 275 294 253 294 294 274 254 274 274 255 230 255 255 275 231 275 275 254 255 254 254 255 230 255 255 274 254 274 274 254 255 254 254 235 228 235 235 255 230 255 255 234 256 234 234 235 228 235 235 254 255 254 254 234 256 234 234 215 229 215 215 235 228 235 235 273 257 273 273 254 255 254 254 274 254 274 274 253 258 253 253 254 255 254 254 273 257 273 273 253 258 253 253 234 256 234 234 254 255 254 254 293 259 293 293 274 254 274 274 294 253 294 294 273 257 273 273 274 254 274 274 293 259 293 293 313 260 313 313 294 253 294 294 314 252 314 314 293 259 293 293 294 253 294 294 313 260 313 313 314 252 314 314 315 251 315 315 334 261 334 334 333 262 333 333 314 252 314 314 334 261 334 334 313 260 313 313 314 252 314 314 333 262 333 333 315 251 315 315 316 250 316 316 335 263 335 335 334 261 334 334 315 251 315 315 335 263 335 335 316 250 316 316 317 249 317 317 336 264 336 336 335 263 335 335 316 250 316 316 336 264 336 336 317 249 317 317 318 248 318 318 337 265 337 337 336 264 336 336 317 249 317 317 337 265 337 337 318 248 318 318 319 247 319 319 338 266 338 338 337 265 337 337 318 248 318 318 338 266 338 338 319 247 319 319 320 245 320 320 339 267 339 339 338 266 338 338 319 247 319 319 339 267 339 339 320 245 320 320 301 246 301 301 340 268 340 340 339 267 339 339 320 245 320 320 340 268 340 340 340 268 340 340 301 246 301 301 321 269 321 321 301 246 301 301 302 270 302 302 321 269 321 321 301 246 301 301 282 244 282 282 302 270 302 302 282 244 282 282 283 271 283 283 302 270 302 302 282 244 282 282 263 243 263 263 283 271 283 283 263 243 263 263 264 272 264 264 283 271 283 283 263 243 263 263 244 242 244 244 264 272 264 264 283 271 283 283 284 273 284 284 303 274 303 303 302 270 302 302 283 271 283 283 303 274 303 303 283 271 283 283 264 272 264 264 284 273 284 284 302 270 302 302 303 274 303 303 322 275 322 322 321 269 321 321 302 270 302 302 322 275 322 322 360 276 360 360 321 269 321 321 341 277 341 341 340 268 340 340 321 269 321 321 360 276 360 360 321 269 321 321 322 275 322 322 341 277 341 341 359 278 359 359 340 268 340 340 360 276 360 360 339 267 339 339 340 268 340 340 359 278 359 359 358 279 358 358 339 267 339 339 359 278 359 359 338 266 338 338 339 267 339 339 358 279 358 358 357 280 357 357 338 266 338 338 358 279 358 358 337 265 337 337 338 266 338 338 357 280 357 357 356 281 356 356 337 265 337 337 357 280 357 357 336 264 336 336 337 265 337 337 356 281 356 356 355 282 355 355 336 264 336 336 356 281 356 356 335 263 335 335 336 264 336 336 355 282 355 355 354 283 354 354 335 263 335 335 355 282 355 355 334 261 334 334 335 263 335 335 354 283 354 354 353 284 353 353 334 261 334 334 354 283 354 354 333 262 333 333 334 261 334 334 353 284 353 353 352 285 352 352 333 262 333 333 353 284 353 353 332 286 332 332 333 262 333 333 352 285 352 352 332 286 332 332 313 260 313 313 333 262 333 333 312 287 312 312 313 260 313 313 332 286 332 332 312 287 312 312 293 259 293 293 313 260 313 313 292 288 292 292 293 259 293 293 312 287 312 312 292 288 292 292 273 257 273 273 293 259 293 293 331 289 331 331 312 287 312 312 332 286 332 332 311 290 311 311 312 287 312 312 331 289 331 331 311 290 311 311 292 288 292 292 312 287 312 312 351 291 351 351 332 286 332 332 352 285 352 352 331 289 331 331 332 286 332 332 351 291 351 351 352 285 352 352 353 284 353 353 372 292 372 372 371 293 371 371 352 285 352 352 372 292 372 372 351 291 351 351 352 285 352 352 371 293 371 371 353 284 353 353 354 283 354 354 373 294 373 373 372 292 372 372 353 284 353 353 373 294 373 373 354 283 354 354 355 282 355 355 374 295 374 374 373 294 373 373 354 283 354 354 374 295 374 374 355 282 355 355 356 281 356 356 375 296 375 375 374 295 374 374 355 282 355 355 375 296 375 375 356 281 356 356 357 280 357 357 376 297 376 376 375 296 375 375 356 281 356 356 376 297 376 376 357 280 357 357 358 279 358 358 377 298 377 377 376 297 376 376 357 280 357 357 377 298 377 377 358 279 358 358 359 278 359 359 378 299 378 378 377 298 377 377 358 279 358 358 378 299 378 378 359 278 359 359 360 276 360 360 379 300 379 379 378 299 378 378 359 278 359 359 379 300 379 379 360 276 360 360 341 277 341 341 380 301 380 380 379 300 379 379 360 276 360 360 380 301 380 380 380 301 380 380 341 277 341 341 361 302 361 361 341 277 341 341 342 303 342 342 361 302 361 361 341 277 341 341 322 275 322 322 342 303 342 342 322 275 322 322 323 304 323 323 342 303 342 342 322 275 322 322 303 274 303 303 323 304 323 323 342 303 342 342 343 305 343 343 362 306 362 362 361 302 361 361 342 303 342 342 362 306 362 362 342 303 342 342 323 304 323 323 343 305 343 343 380 301 380 380 361 302 361 361 381 307 381 381 361 302 361 361 362 306 362 362 381 307 381 381 379 300 379 379 380 301 380 380 381 307 381 381 378 299 378 378 379 300 379 379 381 307 381 381 377 298 377 377 378 299 378 378 381 307 381 381 376 297 376 376 377 298 377 377 381 307 381 381 375 296 375 375 376 297 376 376 381 307 381 381 374 295 374 374 375 296 375 375 381 307 381 381 373 294 373 373 374 295 374 374 381 307 381 381 372 292 372 372 373 294 373 373 381 307 381 381 371 293 371 371 372 292 372 372 381 307 381 381 370 308 370 370 371 293 371 371 381 307 381 381 370 308 370 370 351 291 351 351 371 293 371 371 350 309 350 350 351 291 351 351 370 308 370 370 350 309 350 350 331 289 331 331 351 291 351 351 330 310 330 330 331 289 331 331 350 309 350 350 330 310 330 330 311 290 311 311 331 289 331 331 310 311 310 310 311 290 311 311 330 310 330 330 291 312 291 291 292 288 292 292 311 290 311 311 310 311 310 310 291 312 291 291 311 290 311 311 272 313 272 272 273 257 273 273 292 288 292 292 291 312 291 291 272 313 272 272 292 288 292 292 290 314 290 290 291 312 291 291 310 311 310 310 271 315 271 271 272 313 272 272 291 312 291 291 290 314 290 290 271 315 271 271 291 312 291 291 329 316 329 329 310 311 310 310 330 310 330 330 309 317 309 309 310 311 310 310 329 316 329 329 309 317 309 309 290 314 290 290 310 311 310 310 349 318 349 349 330 310 330 330 350 309 350 350 329 316 329 329 330 310 330 330 349 318 349 349 369 319 369 369 350 309 350 350 370 308 370 370 349 318 349 349 350 309 350 350 369 319 369 369 369 319 369 369 370 308 370 370 381 307 381 381 368 320 368 368 369 319 369 369 381 307 381 381 367 321 367 367 368 320 368 368 381 307 381 381 366 322 366 366 367 321 367 367 381 307 381 381 365 323 365 365 366 322 366 366 381 307 381 381 364 324 364 364 365 323 365 365 381 307 381 381 363 325 363 363 364 324 364 364 381 307 381 381 362 306 362 362 363 325 363 363 381 307 381 381 362 306 362 362 343 305 343 343 363 325 363 363 343 305 343 343 344 326 344 344 363 325 363 363 343 305 343 343 324 327 324 324 344 326 344 344 323 304 323 323 324 327 324 324 343 305 343 343 323 304 323 323 304 328 304 304 324 327 324 324 303 274 303 303 304 328 304 304 323 304 323 323 324 327 324 324 325 329 325 325 344 326 344 344 324 327 324 324 305 330 305 305 325 329 325 325 304 328 304 304 305 330 305 305 324 327 324 324 344 326 344 344 345 331 345 345 364 324 364 364 363 325 363 363 344 326 344 344 364 324 364 364 344 326 344 344 325 329 325 325 345 331 345 345 364 324 364 364 345 331 345 345 365 323 365 365 365 323 365 365 346 332 346 346 366 322 366 366 345 331 345 345 346 332 346 346 365 323 365 365 366 322 366 366 347 333 347 347 367 321 367 367 346 332 346 346 347 333 347 347 366 322 366 366 367 321 367 367 348 334 348 348 368 320 368 368 347 333 347 347 348 334 348 348 367 321 367 367 368 320 368 368 349 318 349 349 369 319 369 369 348 334 348 348 349 318 349 349 368 320 368 368 348 334 348 348 329 316 329 329 349 318 349 349 328 335 328 328 329 316 329 329 348 334 348 348 328 335 328 328 309 317 309 309 329 316 329 329 308 336 308 308 309 317 309 309 328 335 328 328 289 337 289 289 290 314 290 290 309 317 309 309 308 336 308 308 289 337 289 289 309 317 309 309 270 338 270 270 271 315 271 271 290 314 290 290 289 337 289 289 270 338 270 270 290 314 290 290 271 315 271 271 252 339 252 252 272 313 272 272 251 340 251 251 252 339 252 252 271 315 271 271 270 338 270 270 251 340 251 251 271 315 271 271 272 313 272 272 253 258 253 253 273 257 273 273 252 339 252 252 253 258 253 253 272 313 272 272 252 339 252 252 233 341 233 233 253 258 253 253 232 342 232 232 233 341 233 233 252 339 252 252 251 340 251 251 232 342 232 232 252 339 252 252 250 343 250 250 251 340 251 251 270 338 270 270 231 344 231 231 232 342 232 232 251 340 251 251 250 343 250 250 231 344 231 231 251 340 251 251 269 345 269 269 270 338 270 270 289 337 289 289 269 345 269 269 250 343 250 250 270 338 270 270 288 346 288 288 289 337 289 289 308 336 308 308 288 346 288 288 269 345 269 269 289 337 289 289 327 347 327 327 308 336 308 308 328 335 328 328 307 348 307 307 308 336 308 308 327 347 327 327 307 348 307 307 288 346 288 288 308 336 308 308 347 333 347 347 328 335 328 328 348 334 348 348 327 347 327 327 328 335 328 328 347 333 347 347 346 332 346 346 327 347 327 327 347 333 347 347 326 349 326 326 327 347 327 327 346 332 346 346 345 331 345 345 326 349 326 326 346 332 346 346 325 329 325 325 326 349 326 326 345 331 345 345 325 329 325 325 306 350 306 306 326 349 326 326 305 330 305 305 306 350 306 306 325 329 325 325 305 330 305 305 286 351 286 286 306 350 306 306 285 352 285 285 286 351 286 286 305 330 305 305 304 328 304 304 285 352 285 285 305 330 305 305 284 273 284 284 285 352 285 285 304 328 304 304 303 274 303 303 284 273 284 284 304 328 304 304 285 352 285 285 266 353 266 266 286 351 286 286 265 354 265 265 266 353 266 266 285 352 285 285 284 273 284 284 265 354 265 265 285 352 285 285 286 351 286 286 287 355 287 287 306 350 306 306 286 351 286 286 267 356 267 267 287 355 287 287 266 353 266 266 267 356 267 267 286 351 286 286 306 350 306 306 307 348 307 307 326 349 326 326 306 350 306 306 287 355 287 287 307 348 307 307 326 349 326 326 307 348 307 307 327 347 327 327 287 355 287 287 288 346 288 288 307 348 307 307 268 357 268 268 269 345 269 269 288 346 288 288 287 355 287 287 268 357 268 268 288 346 288 288 249 358 249 249 250 343 250 250 269 345 269 269 268 357 268 268 249 358 249 249 269 345 269 269 230 359 230 230 231 344 231 231 250 343 250 250 249 358 249 249 230 359 230 230 250 343 250 250 231 344 231 231 212 360 212 212 232 342 232 232 211 361 211 211 212 360 212 212 231 344 231 231 230 359 230 230 211 361 211 211 231 344 231 231 232 342 232 232 213 362 213 213 233 341 233 233 212 360 212 212 213 362 213 213 232 342 232 232 233 341 233 233 234 256 234 234 253 258 253 253 233 341 233 233 214 363 214 214 234 256 234 234 213 362 213 213 214 363 214 214 233 341 233 233 213 362 213 213 188 364 188 188 214 363 214 214 186 365 186 186 188 364 188 188 213 362 213 213 212 360 212 212 186 365 186 186 213 362 213 213 184 366 184 184 186 365 186 186 212 360 212 212 211 361 211 211 184 366 184 184 212 360 212 212 210 367 210 210 211 361 211 211 230 359 230 230 182 368 182 182 184 366 184 184 211 361 211 211 210 367 210 210 182 368 182 182 211 361 211 211 229 369 229 229 230 359 230 230 249 358 249 249 229 369 229 229 210 367 210 210 230 359 230 230 248 370 248 248 249 358 249 249 268 357 268 268 248 370 248 248 229 369 229 229 249 358 249 249 267 356 267 267 268 357 268 268 287 355 287 287 267 356 267 267 248 370 248 248 268 357 268 268 247 371 247 247 248 370 248 248 267 356 267 267 266 353 266 266 247 371 247 247 267 356 267 267 246 372 246 246 247 371 247 247 266 353 266 266 265 354 265 265 246 372 246 246 266 353 266 266 264 272 264 264 265 354 265 265 284 273 284 284 245 373 245 245 246 372 246 246 265 354 265 265 264 272 264 264 245 373 245 245 265 354 265 265 246 372 246 246 227 374 227 227 247 371 247 247 226 375 226 226 227 374 227 227 246 372 246 246 245 373 245 245 226 375 226 226 246 372 246 246 247 371 247 247 228 376 228 228 248 370 248 248 227 374 227 227 228 376 228 228 247 371 247 247 228 376 228 228 229 369 229 229 248 370 248 248 209 377 209 209 210 367 210 210 229 369 229 229 228 376 228 228 209 377 209 209 229 369 229 229 180 378 180 180 182 368 182 182 210 367 210 210 209 377 209 209 180 378 180 180 210 367 210 210 182 368 182 182 183 379 183 183 184 366 184 184 181 380 181 181 183 379 183 183 182 368 182 182 180 378 180 180 181 380 181 181 182 368 182 182 184 366 184 184 185 381 185 185 186 365 186 186 183 379 183 183 185 381 185 185 184 366 184 184 186 365 186 186 187 382 187 187 188 364 188 188 185 381 185 185 187 382 187 187 186 365 186 186 188 364 188 188 190 383 190 190 214 363 214 214 188 364 188 188 189 384 189 189 190 383 190 190 187 382 187 187 189 384 189 189 188 364 188 188 214 363 214 214 215 229 215 215 234 256 234 234 214 363 214 214 190 383 190 190 215 229 215 215 190 383 190 190 192 226 192 192 215 229 215 215 190 383 190 190 191 385 191 191 192 226 192 192 189 384 189 189 191 385 191 191 190 383 190 190 191 385 191 191 193 227 193 193 192 226 192 192 179 386 179 179 181 380 181 181 180 378 180 180 178 387 178 178 180 378 180 180 209 377 209 209 178 387 178 178 179 386 179 179 180 378 180 180 208 388 208 208 209 377 209 209 228 376 228 228 208 388 208 208 178 387 178 178 209 377 209 209 227 374 227 227 208 388 208 208 228 376 228 228 207 389 207 207 208 388 208 208 227 374 227 227 226 375 226 226 207 389 207 207 227 374 227 227 225 390 225 225 226 375 226 226 245 373 245 245 206 391 206 206 207 389 207 207 226 375 226 226 225 390 225 225 206 391 206 206 226 375 226 226 244 242 244 244 245 373 245 245 264 272 264 264 244 242 244 244 225 390 225 225 245 373 245 245 224 241 224 224 225 390 225 225 244 242 244 244 205 392 205 205 206 391 206 206 225 390 225 225 224 241 224 224 205 392 205 205 225 390 225 225 206 391 206 206 174 393 174 174 207 389 207 207 172 394 172 172 174 393 174 174 206 391 206 206 205 392 205 205 172 394 172 172 206 391 206 206 207 389 207 207 176 395 176 176 208 388 208 208 174 393 174 174 176 395 176 176 207 389 207 207 176 395 176 176 178 387 178 178 208 388 208 208 177 396 177 177 179 386 179 179 178 387 178 178 176 395 176 176 177 396 177 177 178 387 178 178 175 397 175 175 177 396 177 177 176 395 176 176 174 393 174 174 175 397 175 175 176 395 176 176 173 398 173 173 175 397 175 175 174 393 174 174 172 394 172 172 173 398 173 173 174 393 174 174 170 399 170 170 172 394 172 172 205 392 205 205 171 400 171 171 173 398 173 173 172 394 172 172 170 399 170 170 171 400 171 171 172 394 172 172 204 212 204 204 205 392 205 205 224 241 224 224 204 212 204 204 170 399 170 170 205 392 205 205 168 210 168 168 170 399 170 170 204 212 204 204 169 401 169 169 171 400 171 171 170 399 170 170 168 210 168 168 169 401 169 169 170 399 170 170 167 211 167 167 169 401 169 169 168 210 168 168</p>
        </triangles>
      </mesh>
    </geometry>
    <geometry id="geom-EyeBall_Down_AShape" name="EyeBall_Down_AShape">
      <mesh>
        <source id="geom-EyeBall_Down_AShape-positions">
          <float_array id="geom-EyeBall_Down_AShape-positions-array" count="723">0.837166 0.275237 -5.56853 1.65461 0.540826 -5.36086 0.710594 0.523489 -5.56854 1.40601 1.02871 -5.36086 0.513503 0.720425 -5.56855 1.01883 1.4159 -5.36086 0.265593 0.846513 -5.5686 0.53146 1.66432 -5.36086 0 0.890462 -5.56856 0 1.75015 -5.36086 -0.53146 1.66432 -5.36086 -0.265593 0.846513 -5.5686 -0.513502 0.720425 -5.56855 -1.01883 1.4159 -5.36086 -0.710595 0.523488 -5.56854 -1.40601 1.02871 -5.36086 -0.837166 0.275237 -5.56853 -1.6546 0.540826 -5.36086 -0.880785 0 -5.56852 -1.74026 0 -5.36086 -0.837166 -0.275237 -5.56853 -1.6546 -0.540827 -5.36086 -0.710595 -0.523489 -5.56854 -1.40601 -1.02871 -5.36086 -0.513503 -0.720425 -5.56855 -1.01883 -1.4159 -5.36086 -0.265592 -0.846513 -5.5686 -0.53146 -1.66432 -5.36086 0 -0.890462 -5.56856 0 -1.75015 -5.36086 0.53146 -1.66432 -5.36086 0.265593 -0.846513 -5.5686 0.513503 -0.720425 -5.56855 1.01883 -1.4159 -5.36086 0.710594 -0.523489 -5.56854 1.40601 -1.02871 -5.36086 0.837166 -0.275237 -5.56853 1.6546 -0.540826 -5.36086 0.880785 0 -5.56852 1.74026 0 -5.36086 2.43125 0.793173 -5.02131 2.06667 1.50871 -5.02131 1.49883 2.07655 -5.02131 0.783806 2.44099 -5.0213 0 2.56672 -5.02133 -0.783807 2.44099 -5.0213 -1.49883 2.07655 -5.02131 -2.06667 1.50871 -5.02131 -2.43125 0.793173 -5.02131 -2.55688 0 -5.02131 -2.43125 -0.793173 -5.02131 -2.06667 -1.50871 -5.02131 -1.49883 -2.07655 -5.02131 -0.783806 -2.44099 -5.0213 0 -2.56672 -5.02133 0.783806 -2.44099 -5.0213 1.49883 -2.07655 -5.02131 2.06667 -1.50871 -5.02131 2.43125 -0.793173 -5.02131 2.55688 0 -5.02131 3.14773 1.02597 -4.55837 2.67614 1.95151 -4.55837 1.94163 2.68602 -4.55837 1.0166 3.15747 -4.55835 0 3.32006 -4.55841 -1.0166 3.15747 -4.55835 -1.94163 2.68602 -4.55837 -2.67614 1.95151 -4.55837 -3.14773 1.02597 -4.55837 -3.31022 0 -4.55837 -3.14773 -1.02597 -4.55837 -2.67614 -1.95151 -4.55837 -1.94163 -2.68602 -4.55837 -1.0166 -3.15747 -4.55835 0 -3.32006 -4.55841 1.0166 -3.15747 -4.55835 1.94163 -2.68602 -4.55837 2.67614 -1.95151 -4.55837 3.14773 -1.02597 -4.55837 3.31022 0 -4.55837 3.78647 1.23351 -3.98348 3.21948 2.34628 -3.98348 2.33639 3.22937 -3.98348 1.22413 3.79621 -3.98345 0 3.99167 -3.98352 -1.22414 3.79621 -3.98345 -2.33639 3.22937 -3.98348 -3.21948 2.34627 -3.98348 -3.78646 1.23351 -3.98348 -3.98183 0 -3.98348 -3.78646 -1.23351 -3.98348 -3.21948 -2.34627 -3.98348 -2.33639 -3.22937 -3.98348 -1.22413 -3.79621 -3.98345 0 -3.99167 -3.98352 1.22413 -3.79621 -3.98345 2.33639 -3.22937 -3.98348 3.21948 -2.34627 -3.98348 3.78646 -1.23351 -3.98348 3.98183 0 -3.98348 4.33183 1.41071 -3.3108 3.6834 2.68333 -3.3108 2.67345 3.69328 -3.3108 1.40133 4.34157 -3.31077 0 4.56511 -3.31085 -1.40133 4.34157 -3.31077 -2.67345 3.69328 -3.3108 -3.6834 2.68333 -3.3108 -4.33183 1.41071 -3.3108 -4.55526 0 -3.3108 -4.33183 -1.41071 -3.3108 -3.6834 -2.68333 -3.3108 -2.67345 -3.69328 -3.3108 -1.40133 -4.34157 -3.31077 0 -4.56511 -3.31085 1.40133 -4.34157 -3.31077 2.67345 -3.69328 -3.3108 3.6834 -2.68333 -3.3108 4.33183 -1.41071 -3.3108 4.55526 0 -3.3108 4.77048 1.55323 -2.55688 4.05653 2.95443 -2.55688 2.94455 4.06642 -2.55688 1.54385 4.78021 -2.55686 0 5.02635 -2.55692 -1.54385 4.78021 -2.55686 -2.94455 4.06641 -2.55688 -4.05653 2.95443 -2.55688 -4.77048 1.55323 -2.55688 -5.01648 0 -2.55688 -4.77048 -1.55323 -2.55688 -4.05653 -2.95443 -2.55688 -2.94455 -4.06641 -2.55688 -1.54385 -4.78021 -2.55686 0 -5.02635 -2.55692 1.54385 -4.78021 -2.55686 2.94455 -4.06641 -2.55688 4.05653 -2.95443 -2.55688 4.77047 -1.55323 -2.55688 5.01648 0 -2.55688 5.09168 1.6576 -1.74024 4.32977 3.15294 -1.74024 3.14306 4.33965 -1.74024 1.64822 5.10141 -1.74022 0 5.3641 -1.74027 -1.64822 5.10141 -1.74022 -3.14306 4.33965 -1.74024 -4.32977 3.15294 -1.74024 -5.09168 1.6576 -1.74024 -5.35422 0 -1.74024 -5.09168 -1.6576 -1.74024 -4.32977 -3.15294 -1.74024 -3.14306 -4.33965 -1.74024 -1.64821 -5.10141 -1.74022 0 -5.36409 -1.74027 1.64821 -5.10141 -1.74022 3.14306 -4.33965 -1.74024 4.32977 -3.15294 -1.74024 5.09168 -1.6576 -1.74024 5.35422 0 -1.74024 5.2876 1.72126 -0.880919 4.49642 3.27403 -0.880919 3.26415 4.50631 -0.880919 1.71187 5.29732 -0.88091 0 5.5701 -0.880937 -1.71187 5.29732 -0.880911 -3.26415 4.5063 -0.880919 -4.49642 3.27403 -0.880919 -5.2876 1.72126 -0.880919 -5.56022 0 -0.880919 -5.2876 -1.72126 -0.880919 -4.49642 -3.27403 -0.880919 -3.26414 -4.5063 -0.880919 -1.71187 -5.29732 -0.88091 0 -5.5701 -0.880937 1.71187 -5.29732 -0.88091 3.26414 -4.5063 -0.880919 4.49642 -3.27402 -0.880919 5.2876 -1.72126 -0.880919 5.56022 0 -0.880919 5.35344 1.74265 -5.54575e-4 4.55243 3.31472 -5.5463e-4 3.30484 4.56231 -5.54739e-4 1.73326 5.36316 -5.55021e-4 0 5.63933 -5.54774e-4 -1.73326 5.36316 -5.54686e-4 -3.30484 4.56231 -5.54245e-4 -4.55243 3.31472 -5.54493e-4 -5.35344 1.74265 -5.54644e-4 -5.62945 0 -5.54616e-4 -5.35344 -1.74265 -5.54571e-4 -4.55243 -3.31472 -5.54698e-4 -3.30484 -4.56231 -5.54687e-4 -1.73326 -5.36316 -5.54616e-4 0 -5.63933 -5.54645e-4 1.73326 -5.36316 -5.54548e-4 3.30484 -4.56231 -5.54594e-4 4.55243 -3.31472 -5.54599e-4 5.35344 -1.74265 -5.5451e-4 5.62945 0 -5.54557e-4 5.35344 1.74265 -5.54575e-4 5.29633 1.72409 0.802511 4.55243 3.31472 -5.5463e-4 4.50385 3.27942 0.802511 3.30484 4.56231 -5.54739e-4 3.26954 4.51374 0.802511 1.73326 5.36316 -5.55021e-4 1.71471 5.30606 0.802504 0 5.63933 -5.54774e-4 0 5.57929 0.802523 -1.73326 5.36316 -5.54686e-4 -1.71471 5.30606 0.802504 -3.30484 4.56231 -5.54245e-4 -3.26954 4.51373 0.802511 -4.55243 3.31472 -5.54493e-4 -4.50385 3.27942 0.802511 -5.35344 1.74265 -5.54644e-4 -5.29633 1.72409 0.802511 -5.62945 0 -5.54616e-4 -5.5694 0 0.802511 -5.35344 -1.74265 -5.54571e-4 -5.29633 -1.72409 0.802511 -4.55243 -3.31472 -5.54698e-4 -4.50385 -3.27942 0.802511 -3.30484 -4.56231 -5.54687e-4 -3.26954 -4.51373 0.80251 -1.73326 -5.36316 -5.54616e-4 -1.71471 -5.30605 0.802504 0 -5.63933 -5.54645e-4 0 -5.57929 0.802523 1.73326 -5.36316 -5.54548e-4 1.71471 -5.30605 0.802504 3.30484 -4.56231 -5.54594e-4 3.26954 -4.51373 0.80251 4.55243 -3.31472 -5.54599e-4 4.50385 -3.27942 0.802511 5.35344 -1.74265 -5.5451e-4 5.29633 -1.72409 0.802511 5.62945 0 -5.54557e-4 5.5694 0 0.802511 0 0 -5.63933</float_array>
          <technique_common>
            <accessor source="#geom-EyeBall_Down_AShape-positions-array" count="241" stride="3">
              <param name="X" type="float"/>
              <param name="Y" type="float"/>
              <param name="Z" type="float"/>
            </accessor>
          </technique_common>
        </source>
        <source id="geom-EyeBall_Down_AShape-normals">
          <float_array id="geom-EyeBall_Down_AShape-normals-array" count="723">-0.1918576 -0.0623751 0.9794387 3.05176e-5 3.05176e-5 1 -0.2017494 3.05311e-5 0.9794372 -0.1631598 -0.1185839 0.9794472 -0.3348507 3.05298e-5 0.9422712 -0.3184835 -0.1034949 0.9422617 -0.1918576 0.0623751 0.9794387 -0.1631598 0.1185839 0.9794472 -0.1185261 0.1630421 0.9794738 -0.06301962 0.1913793 0.9794909 3.12467e-5 0.2017494 0.9794372 0.06301962 0.1913793 0.9794909 0.1185261 0.1630421 0.9794738 0.1631598 0.1185839 0.9794472 0.1918576 0.0623751 0.9794387 0.2017494 3.05311e-5 0.9794372 0.1918576 -0.0623751 0.9794387 0.1631598 -0.1185839 0.9794472 0.1185261 -0.1630421 0.9794738 0.06301962 -0.1913793 0.9794909 3.05311e-5 -0.2017494 0.9794372 -0.06301962 -0.1913793 0.9794909 -0.1185261 -0.1630421 0.9794738 -0.3184835 0.1034949 0.9422617 -0.4718554 3.05289e-5 0.881676 -0.4488705 0.1457974 0.8816226 -0.4488705 -0.1457974 0.8816226 -0.2708612 -0.1968568 0.9422747 -0.1968568 -0.2708612 0.9422747 -0.1043486 -0.3182357 0.9422513 0.1043486 -0.3182357 0.9422513 3.05273e-5 -0.3350675 0.9421941 0.1968568 -0.2708612 0.9422747 0.2708612 -0.1968568 0.9422747 0.3184835 -0.1034949 0.9422617 0.3348507 3.05298e-5 0.9422712 0.3184835 0.1034949 0.9422617 0.2708612 0.1968568 0.9422747 0.1968568 0.2708612 0.9422747 0.1043486 0.3182357 0.9422513 0.2774401 0.3817244 0.8816539 0.3817502 0.2772146 0.8817135 0.4488705 0.1457974 0.8816226 0.4718554 3.05289e-5 0.881676 0.4488705 -0.1457974 0.8816226 0.3817502 -0.2772146 0.8817135 0.2774401 -0.3817244 0.8816539 0.1466499 -0.4486193 0.8816091 3.05289e-5 -0.4718554 0.881676 -0.1466499 -0.4486193 0.8816091 -0.2774401 -0.3817244 0.8816539 -0.3817502 -0.2772146 0.8817135 -0.6003907 3.05325e-5 0.7997068 -0.5710442 -0.185626 0.7996572 -0.5710442 0.185626 0.7996572 -0.7160856 3.05289e-5 0.6980125 -0.6809741 0.2212922 0.6980717 -0.6809741 -0.2212922 0.6980717 -0.4859849 -0.3528886 0.7995551 -0.3531442 -0.4857565 0.799581 -0.1864512 -0.5709533 0.79953 0.1864512 -0.5709533 0.79953 3.05325e-5 -0.6003907 0.7997068 0.3531442 -0.4857565 0.799581 0.4859849 -0.3528886 0.7995551 0.5710442 -0.185626 0.7996572 0.6003907 3.05325e-5 0.7997068 0.5710442 0.185626 0.7996572 0.4859849 0.3528886 0.7995551 0.6809741 0.2212922 0.6980717 0.7160856 3.05289e-5 0.6980125 0.6809741 -0.2212922 0.6980717 0.5793423 -0.4208291 0.6980439 0.4210301 -0.5792827 0.6979722 0.222105 -0.6808451 0.6979395 3.05289e-5 -0.7160856 0.6980125 -0.222105 -0.6808451 0.6979395 -0.4210301 -0.5792827 0.6979722 -0.5793423 -0.4208291 0.6980439 -0.8147554 3.05289e-5 0.579805 -0.7749971 -0.2517398 0.5796607 -0.7749971 0.2517398 0.5796607 -0.659294 0.4788428 0.5796904 -0.5793423 0.4208291 0.6980439 -0.4859849 0.3528886 0.7995551 -0.478997 0.6590178 0.5798771 -0.4210301 0.5792827 0.6979722 -0.7234992 0.5256483 0.447485 -0.5256483 0.7234992 0.447485 -0.8505415 0.2762672 0.4474992 -0.8943294 3.05274e-5 0.4474089 -0.8505415 -0.2762672 0.4474992 -0.659294 -0.4788428 0.5796904 -0.478997 -0.6590178 0.5798771 -0.2525212 -0.7746588 0.579773 0.2525212 -0.7746588 0.579773 3.05289e-5 -0.8147554 0.579805 0.478997 -0.6590178 0.5798771 0.659294 -0.4788428 0.5796904 0.7749971 -0.2517398 0.5796607 0.7234992 -0.5256483 0.447485 0.5256483 -0.7234992 0.447485 0.2771694 -0.8503117 0.4473782 3.05274e-5 -0.8943294 0.4474089 -0.2771694 -0.8503117 0.4473782 -0.5256483 -0.7234992 0.447485 -0.7234992 -0.5256483 0.447485 -0.9525659 3.0531e-5 0.3043326 -0.9059933 -0.2942647 0.304277 -0.9059933 0.2942647 0.304277 -0.7707628 0.5597555 0.3042999 -0.5597555 0.7707628 0.3042999 -0.2952871 0.9056448 0.304324 -0.2771694 0.8503117 0.4473782 -0.2525212 0.7746588 0.579773 3.0531e-5 0.9525659 0.3043326 3.05274e-5 0.8943294 0.4474089 -0.3062877 0.9393799 0.1541208 3.05257e-5 0.9880562 0.1540938 -0.5806546 0.7994378 0.1540761 -0.7994378 0.5806546 0.1540761 -0.9397179 0.3052618 0.1540961 -0.9880562 3.05257e-5 0.1540938 -0.9397179 -0.3052618 0.1540961 -0.7707628 -0.5597555 0.3042999 -0.5597555 -0.7707628 0.3042999 -0.2952871 -0.9056448 0.304324 3.0531e-5 -0.9525659 0.3043326 0.2952871 -0.9056448 0.304324 0.5597555 -0.7707628 0.3042999 0.3062877 -0.9393799 0.1541208 3.05257e-5 -0.9880562 0.1540938 -0.3062877 -0.9393799 0.1541208 -0.5806546 -0.7994378 0.1540761 -0.7994378 -0.5806546 0.1540761 -0.9999853 3.0532e-5 0.005407988 -0.9510596 -0.3089601 0.005407564 -0.9510596 0.3089601 0.005407564 -0.8090411 0.5877273 0.005408417 -0.5877273 0.8090411 0.005408417 -0.3098434 0.9507723 0.005405931 3.0532e-5 0.9999853 0.005407988 0.3098434 0.9507723 0.005405931 0.3062877 0.9393799 0.1541208 0.2952871 0.9056448 0.304324 0.5877273 0.8090411 0.005408417 0.5806546 0.7994378 0.1540761 0.5597555 0.7707628 0.3042999 0.2771694 0.8503117 0.4473782 0.8090411 0.5877273 0.005408417 0.7994378 0.5806546 0.1540761 0.7707628 0.5597555 0.3042999 0.5256483 0.7234992 0.447485 3.05289e-5 0.8147554 0.579805 0.2525212 0.7746588 0.579773 3.05289e-5 0.7160856 0.6980125 0.478997 0.6590178 0.5798771 0.222105 0.6808451 0.6979395 0.7234992 0.5256483 0.447485 0.9397179 0.3052618 0.1540961 0.9059933 0.2942647 0.304277 0.9510596 0.3089601 0.005407564 0.9999853 3.0532e-5 0.005407988 0.9880562 3.05257e-5 0.1540938 0.9525659 3.0531e-5 0.3043326 0.8505415 0.2762672 0.4474992 0.659294 0.4788428 0.5796904 0.4210301 0.5792827 0.6979722 3.05325e-5 0.6003907 0.7997068 0.1864512 0.5709533 0.79953 -0.222105 0.6808451 0.6979395 -0.3531442 0.4857565 0.799581 -0.1864512 0.5709533 0.79953 3.05289e-5 0.4718554 0.881676 0.3531442 0.4857565 0.799581 0.1466499 0.4486193 0.8816091 0.5793423 0.4208291 0.6980439 0.7749971 0.2517398 0.5796607 0.8943294 3.05274e-5 0.4474089 0.9397179 -0.3052618 0.1540961 0.9059933 -0.2942647 0.304277 0.9510596 -0.3089601 0.005407564 0.8090411 -0.5877273 0.005408417 0.7994378 -0.5806546 0.1540761 0.7707628 -0.5597555 0.3042999 0.8505415 -0.2762672 0.4474992 0.8147554 3.05289e-5 0.579805 3.05273e-5 0.3350675 0.9421941 -0.1466499 0.4486193 0.8816091 -0.2774401 0.3817244 0.8816539 -0.3817502 0.2772146 0.8817135 -0.2708612 0.1968568 0.9422747 -0.1968568 0.2708612 0.9422747 -0.1043486 0.3182357 0.9422513 0.5806546 -0.7994378 0.1540761 0.5877273 -0.8090411 0.005408417 0.3098434 -0.9507723 0.005405931 3.0532e-5 -0.9999853 0.005411804 -0.3098434 -0.9507723 0.005405931 -0.5877273 -0.8090411 0.005408417 -0.8090411 -0.5877273 0.005408417 -0.9510596 -0.3089601 0.005407564 -0.9972184 3.05221e-5 -0.074535 -0.94841 -0.30816 -0.07453712 -0.9999853 3.0532e-5 0.005407988 -0.8090411 -0.5877273 0.005408417 -0.94841 0.30816 -0.07453712 -0.9510596 0.3089601 0.005407564 -0.8068239 0.5860707 -0.07454086 -0.8090411 0.5877273 0.005408417 -0.5860707 0.8068239 -0.07454086 -0.5877273 0.8090411 0.005408417 -0.3089658 0.9481464 -0.07455479 -0.3098434 0.9507723 0.005405931 3.05221e-5 0.9972184 -0.074535 3.0532e-5 0.9999853 0.005407988 0.3089658 0.9481464 -0.07455479 0.3098434 0.9507723 0.005405931 0.5860707 0.8068239 -0.07454086 0.5877273 0.8090411 0.005408417 0.8068239 0.5860707 -0.07454086 0.8090411 0.5877273 0.005408417 0.94841 0.30816 -0.07453712 0.9510596 0.3089601 0.005407564 0.9972184 3.05221e-5 -0.074535 0.9999853 3.0532e-5 0.005407988 0.94841 -0.30816 -0.07453712 0.9510596 -0.3089601 0.005407564 0.8068239 -0.5860707 -0.07454086 0.8090411 -0.5877273 0.005408417 0.5860707 -0.8068239 -0.07454086 0.5877273 -0.8090411 0.005408417 0.3089658 -0.9481464 -0.07455479 0.3098434 -0.9507723 0.005405931 3.05221e-5 -0.9972184 -0.074535 3.0532e-5 -0.9999853 0.005411804 -0.3089658 -0.9481464 -0.07455479 -0.3098434 -0.9507723 0.005405931 -0.5860707 -0.8068239 -0.07454086 -0.5877273 -0.8090411 0.005408417 -0.8068239 -0.5860707 -0.07454086</float_array>
          <technique_common>
            <accessor source="#geom-EyeBall_Down_AShape-normals-array" count="241" stride="3">
              <param name="X" type="float"/>
              <param name="Y" type="float"/>
              <param name="Z" type="float"/>
            </accessor>
          </technique_common>
        </source>
        <source id="geom-EyeBall_Down_AShape-map-2">
          <float_array id="geom-EyeBall_Down_AShape-map-2-array" count="723">1 1 1 1 1 1 1 1 1 1 1 1 1 1 1 1 1 1 1 1 1 1 1 1 1 1 1 1 1 1 1 1 1 1 1 1 1 1 1 1 1 1 1 1 1 1 1 1 1 1 1 1 1 1 1 1 1 1 1 1 1 1 1 1 1 1 1 1 1 1 1 1 1 1 1 1 1 1 1 1 1 1 1 1 1 1 1 1 1 1 1 1 1 1 1 1 1 1 1 1 1 1 1 1 1 1 1 1 1 1 1 1 1 1 1 1 1 1 1 1 1 1 1 1 1 1 1 1 1 1 1 1 1 1 1 1 1 1 1 1 1 1 1 1 1 1 1 1 1 1 1 1 1 1 1 1 1 1 1 1 1 1 1 1 1 1 1 1 1 1 1 1 1 1 1 1 1 1 1 1 1 1 1 1 1 1 1 1 1 1 1 1 1 1 1 1 1 1 1 1 1 1 1 1 1 1 1 1 1 1 1 1 1 1 1 1 1 1 1 1 1 1 1 1 1 1 1 1 1 1 1 1 1 1 1 1 1 1 1 1 1 1 1 1 1 1 1 1 1 1 1 1 1 1 1 1 1 1 1 1 1 1 1 1 1 1 1 1 1 1 1 1 1 1 1 1 1 1 1 1 1 1 1 1 1 1 1 1 1 1 1 1 1 1 1 1 1 1 1 1 1 1 1 1 1 1 1 1 1 1 1 1 1 1 1 1 1 1 1 1 1 1 1 1 1 1 1 1 1 1 1 1 1 1 1 1 1 1 1 1 1 1 1 1 1 1 1 1 1 1 1 1 1 1 1 1 1 1 1 1 1 1 1 1 1 1 1 1 1 1 1 1 1 1 1 1 1 1 1 1 1 1 1 1 1 1 1 1 1 1 1 1 1 1 1 1 1 1 1 1 1 1 1 1 1 1 1 1 1 1 1 1 1 1 1 1 1 1 1 1 1 1 1 1 1 1 1 1 1 1 1 1 1 1 1 1 1 1 1 1 1 1 1 1 1 1 1 1 1 1 1 1 1 1 1 1 1 1 1 1 1 1 1 1 1 1 1 1 1 1 1 1 1 1 1 1 1 1 1 1 1 1 1 1 1 1 1 1 1 1 1 1 1 1 1 1 1 1 1 1 1 1 1 1 1 1 1 1 1 1 1 1 1 1 1 1 1 1 1 1 1 1 1 1 1 1 1 1 1 1 1 1 1 1 1 1 1 1 1 1 1 1 1 1 1 1 1 1 1 1 1 1 1 1 1 1 1 1 1 1 1 1 1 1 1 1 1 1 1 1 1 1 1 1 1 1 1 1 1 1 1 1 1 1 1 1 1 1 1 1 1 1 1 1 1 1 1 1 1 1 1 1 1 0 0 0 1 1 1 0 0 0 1 1 1 0 0 0 1 1 1 0 0 0 1 1 1 0 0 0 1 1 1 0 0 0 1 1 1 0 0 0 1 1 1 0 0 0 1 1 1 0 0 0 1 1 1 0 0 0 1 1 1 0 0 0 1 1 1 0 0 0 1 1 1 0 0 0 1 1 1 0 0 0 1 1 1 0 0 0 1 1 1 0 0 0 1 1 1 0 0 0 1 1 1 0 0 0 1 1 1 0 0 0 1 1 1 0 0 0 1 1 1</float_array>
          <technique_common>
            <accessor source="#geom-EyeBall_Down_AShape-map-2-array" count="241" stride="3">
              <param name="R" type="float"/>
              <param name="G" type="float"/>
              <param name="B" type="float"/>
            </accessor>
          </technique_common>
        </source>
        <source id="geom-EyeBall_Down_AShape-map0">
          <float_array id="geom-EyeBall_Down_AShape-map0-array" count="723">0.5019608 0.5019608 0.5019608 0.5019608 0.5019608 0.5019608 0.5019608 0.5019608 0.5019608 0.5019608 0.5019608 0.5019608 0.5019608 0.5019608 0.5019608 0.5019608 0.5019608 0.5019608 0.5019608 0.5019608 0.5019608 0.5019608 0.5019608 0.5019608 0.5019608 0.5019608 0.5019608 0.5019608 0.5019608 0.5019608 0.5019608 0.5019608 0.5019608 0.5019608 0.5019608 0.5019608 0.5019608 0.5019608 0.5019608 0.5019608 0.5019608 0.5019608 0.5019608 0.5019608 0.5019608 0.5019608 0.5019608 0.5019608 0.5019608 0.5019608 0.5019608 0.5019608 0.5019608 0.5019608 0.5019608 0.5019608 0.5019608 0.5019608 0.5019608 0.5019608 0.5019608 0.5019608 0.5019608 0.5019608 0.5019608 0.5019608 0.5019608 0.5019608 0.5019608 0.5019608 0.5019608 0.5019608 0.5019608 0.5019608 0.5019608 0.5019608 0.5019608 0.5019608 0.5019608 0.5019608 0.5019608 0.5019608 0.5019608 0.5019608 0.5019608 0.5019608 0.5019608 0.5019608 0.5019608 0.5019608 0.5019608 0.5019608 0.5019608 0.5019608 0.5019608 0.5019608 0.5019608 0.5019608 0.5019608 0.5019608 0.5019608 0.5019608 0.5019608 0.5019608 0.5019608 0.5019608 0.5019608 0.5019608 0.5019608 0.5019608 0.5019608 0.5019608 0.5019608 0.5019608 0.5019608 0.5019608 0.5019608 0.5019608 0.5019608 0.5019608 0.5019608 0.5019608 0.5019608 0.5019608 0.5019608 0.5019608 0.5019608 0.5019608 0.5019608 0.5019608 0.5019608 0.5019608 0.5019608 0.5019608 0.5019608 0.5019608 0.5019608 0.5019608 0.5019608 0.5019608 0.5019608 0.5019608 0.5019608 0.5019608 0.5019608 0.5019608 0.5019608 0.5019608 0.5019608 0.5019608 0.5019608 0.5019608 0.5019608 0.5019608 0.5019608 0.5019608 0.5019608 0.5019608 0.5019608 0.5019608 0.5019608 0.5019608 0.5019608 0.5019608 0.5019608 0.5019608 0.5019608 0.5019608 0.5019608 0.5019608 0.5019608 0.5019608 0.5019608 0.5019608 0.5019608 0.5019608 0.5019608 0.5019608 0.5019608 0.5019608 0.5019608 0.5019608 0.5019608 0.5019608 0.5019608 0.5019608 0.5019608 0.5019608 0.5019608 0.5019608 0.5019608 0.5019608 0.5019608 0.5019608 0.5019608 0.5019608 0.5019608 0.5019608 0.5019608 0.5019608 0.5019608 0.5019608 0.5019608 0.5019608 0.5019608 0.5019608 0.5019608 0.5019608 0.5019608 0.5019608 0.5019608 0.5019608 0.5019608 0.5019608 0.5019608 0.5019608 0.5019608 0.5019608 0.5019608 0.5019608 0.5019608 0.5019608 0.5019608 0.5019608 0.5019608 0.5019608 0.5019608 0.5019608 0.5019608 0.5019608 0.5019608 0.5019608 0.5019608 0.5019608 0.5019608 0.5019608 0.5019608 0.5019608 0.5019608 0.5019608 0.5019608 0.5019608 0.5019608 0.5019608 0.5019608 0.5019608 0.5019608 0.5019608 0.5019608 0.5019608 0.5019608 0.5019608 0.5019608 0.5019608 0.5019608 0.5019608 0.5019608 0.5019608 0.5019608 0.5019608 0.5019608 0.5019608 0.5019608 0.5019608 0.5019608 0.5019608 0.5019608 0.5019608 0.5019608 0.5019608 0.5019608 0.5019608 0.5019608 0.5019608 0.5019608 0.5019608 0.5019608 0.5019608 0.5019608 0.5019608 0.5019608 0.5019608 0.5019608 0.5019608 0.5019608 0.5019608 0.5019608 0.5019608 0.5019608 0.5019608 0.5019608 0.5019608 0.5019608 0.5019608 0.5019608 0.5019608 0.5019608 0.5019608 0.5019608 0.5019608 0.5019608 0.5019608 0.5019608 0.5019608 0.5019608 0.5019608 0.5019608 0.5019608 0.5019608 0.5019608 0.5019608 0.5019608 0.5019608 0.5019608 0.5019608 0.5019608 0.5019608 0.5019608 0.5019608 0.5019608 0.5019608 0.5019608 0.5019608 0.5019608 0.5019608 0.5019608 0.5019608 0.5019608 0.5019608 0.5019608 0.5019608 0.5019608 0.5019608 0.5019608 0.5019608 0.5019608 0.5019608 0.5019608 0.5019608 0.5019608 0.5019608 0.5019608 0.5019608 0.5019608 0.5019608 0.5019608 0.5019608 0.5019608 0.5019608 0.5019608 0.5019608 0.5019608 0.5019608 0.5019608 0.5019608 0.5019608 0.5019608 0.5019608 0.5019608 0.5019608 0.5019608 0.5019608 0.5019608 0.5019608 0.5019608 0.5019608 0.5019608 0.5019608 0.5019608 0.5019608 0.5019608 0.5019608 0.5019608 0.5019608 0.5019608 0.5019608 0.5019608 0.5019608 0.5019608 0.5019608 0.5019608 0.5019608 0.5019608 0.5019608 0.5019608 0.5019608 0.5019608 0.5019608 0.5019608 0.5019608 0.5019608 0.5019608 0.5019608 0.5019608 0.5019608 0.5019608 0.5019608 0.5019608 0.5019608 0.5019608 0.5019608 0.5019608 0.5019608 0.5019608 0.5019608 0.5019608 0.5019608 0.5019608 0.5019608 0.5019608 0.5019608 0.5019608 0.5019608 0.5019608 0.5019608 0.5019608 0.5019608 0.5019608 0.5019608 0.5019608 0.5019608 0.5019608 0.5019608 0.5019608 0.5019608 0.5019608 0.5019608 0.5019608 0.5019608 0.5019608 0.5019608 0.5019608 0.5019608 0.5019608 0.5019608 0.5019608 0.5019608 0.5019608 0.5019608 0.5019608 0.5019608 0.5019608 0.5019608 0.5019608 0.5019608 0.5019608 0.5019608 0.5019608 0.5019608 0.5019608 0.5019608 0.5019608 0.5019608 0.5019608 0.5019608 0.5019608 0.5019608 0.5019608 0.5019608 0.5019608 0.5019608 0.5019608 0.5019608 0.5019608 0.5019608 0.5019608 0.5019608 0.5019608 0.5019608 0.5019608 0.5019608 0.5019608 0.5019608 0.5019608 0.5019608 0.5019608 0.5019608 0.5019608 0.5019608 0.5019608 0.5019608 0.5019608 0.5019608 0.5019608 0.5019608 0.5019608 0.5019608 0.5019608 0.5019608 0.5019608 0.5019608 0.5019608 0.5019608 0.5019608 0.5019608 0.5019608 0.5019608 0.5019608 0.5019608 0.5019608 0.5019608 0.5019608 0.5019608 0.5019608 0.5019608 0.5019608 0.5019608 0.5019608 0.5019608 0.5019608 0.5019608 0.5019608 0.5019608 0.5019608 0.5019608 0.5019608 0.5019608 0.5019608 0.5019608 0.5019608 0.5019608 0.5019608 0.5019608 0.5019608 0.5019608 0.5019608 0.5019608 0.5019608 0.5019608 0.5019608 0.5019608 0.5019608 0.5019608 0.5019608 0.5019608 0.5019608 0.5019608 0.5019608 0.5019608 0.5019608 0.5019608 0.5019608 0.5019608 0.5019608 0.5019608 0.5019608 0.5019608 0.5019608 0.5019608 0.5019608 0.5019608 0.5019608 0.5019608 0.5019608 0.5019608 0.5019608 0.5019608 0.5019608 0.5019608 0.5019608 0.5019608 0.5019608 0.5019608 0.5019608 0.5019608 0.5019608 0.5019608 0.5019608 0.5019608 0.5019608 0.5019608 0.5019608 0.5019608 0.5019608 0.5019608 0.5019608 0.5019608 0.5019608 0.5019608 0.5019608 0.5019608 0.5019608 0.5019608 0.5019608 0.5019608 0.5019608 0.5019608 0.5019608 0.5019608 0.5019608 0.5019608 0.5019608 0.5019608 0.5019608 0.5019608 0.5019608 0.5019608 0.5019608 0.5019608 0.5019608 0.5019608 0.5019608 0.5019608 0.5019608 0.5019608 0.5019608 0.5019608 0.5019608 0.5019608 0.5019608 0.5019608 0.5019608 0.5019608 0.5019608 0.5019608 0.5019608 0.5019608 0.5019608 0.5019608 0.5019608 0.5019608 0.5019608 0.5019608 0.5019608 0.5019608 0.5019608 0.5019608 0.5019608 0.5019608 0.5019608 0.5019608 0.5019608 0.5019608 0.5019608 0.5019608 0.5019608 0.5019608 0.5019608 0.5019608 0.5019608 0.5019608 0.5019608 0.5019608 0.5019608 0.5019608 0.5019608 0.5019608 0.5019608 0.5019608 0.5019608 0.5019608 0.5019608 0.5019608 0.5019608 0.5019608 0.5019608 0.5019608 0.5019608 0.5019608 0.5019608 0.5019608 0.5019608 0.5019608 0.5019608 0.5019608 0.5019608 0.5019608 0.5019608 0.5019608 0.5019608 0.5019608 0.5019608 0.5019608 0.5019608 0.5019608 0.5019608 0.5019608 0.5019608 0.5019608 0.5019608 0.5019608 0.5019608 0.5019608 0.5019608 0.5019608 0.5019608 0.5019608 0.5019608 0.5019608 0.5019608 0.5019608 0.5019608 0.5019608 0.5019608 0.5019608 0.5019608 0.5019608 0.5019608 0.5019608 0.5019608 0.5019608 0.5019608 0.5019608 0.5019608 0.5019608 0.5019608 0.5019608 0.5019608 0.5019608 0.5019608 0.5019608 0.5019608 0.5019608 0.5019608 0.5019608 0.5019608 0.5019608 0.5019608 0.5019608 0.5019608 0.5019608 0.5019608 0.5019608</float_array>
          <technique_common>
            <accessor source="#geom-EyeBall_Down_AShape-map0-array" count="241" stride="3">
              <param name="R" type="float"/>
              <param name="G" type="float"/>
              <param name="B" type="float"/>
            </accessor>
          </technique_common>
        </source>
        <source id="geom-EyeBall_Down_AShape-map1">
          <float_array id="geom-EyeBall_Down_AShape-map1-array" count="723">0.9414063 0.06689453 0 0.9453125 0.06835937 0 0.940918 0.06835937 0 0.9443359 0.0703125 0 0.9399414 0.06884766 0 0.9423828 0.07226562 0 0.9389648 0.06982422 0 0.9399414 0.07324219 0 0.9375 0.06982422 0 0.9375 0.07373047 0 0.9350586 0.07324219 0 0.9365234 0.06982422 0 0.9350586 0.06884766 0 0.9331055 0.07226562 0 0.9345703 0.06835937 0 0.9311523 0.0703125 0 0.9335938 0.06689453 0 0.9301758 0.06835937 0 0.9335938 0.06591797 0 0.9296875 0.06591797 0 0.9335938 0.06445312 0 0.9301758 0.06347656 0 0.9345703 0.06347656 0 0.9311523 0.06103516 0 0.9350586 0.0625 0 0.9331055 0.05908203 0 0.9365234 0.06201172 0 0.9350586 0.05810547 0 0.9375 0.06152344 0 0.9375 0.05761719 0 0.9399414 0.05810547 0 0.9389648 0.06201172 0 0.9399414 0.0625 0 0.9423828 0.05908203 0 0.940918 0.06347656 0 0.9443359 0.06103516 0 0.9414063 0.06445312 0 0.9453125 0.06347656 0 0.9418945 0.06591797 0 0.9458008 0.06591797 0 0.9487305 0.06933594 0 0.9472656 0.07275391 0 0.9448242 0.07519531 0 0.9414063 0.07714844 0 0.9375 0.07763672 0 0.934082 0.07714844 0 0.9306641 0.07519531 0 0.9282227 0.07275391 0 0.9262695 0.06933594 0 0.9257813 0.06591797 0 0.9262695 0.06201172 0 0.9282227 0.05859375 0 0.9306641 0.05615234 0 0.934082 0.0546875 0 0.9375 0.05371094 0 0.9414063 0.0546875 0 0.9448242 0.05615234 0 0.9472656 0.05859375 0 0.9487305 0.06201172 0 0.949707 0.06591797 0 0.9521484 0.0703125 0 0.9501953 0.07470703 0 0.9467773 0.078125 0 0.9423828 0.08007812 0 0.9375 0.08105469 0 0.9331055 0.08007812 0 0.9287109 0.078125 0 0.925293 0.07470703 0 0.9233398 0.0703125 0 0.9223633 0.06591797 0 0.9233398 0.06103516 0 0.925293 0.05664062 0 0.9287109 0.05322266 0 0.9331055 0.05126953 0 0.9375 0.05029297 0 0.9423828 0.05126953 0 0.9467773 0.05322266 0 0.9501953 0.05664062 0 0.9521484 0.06103516 0 0.953125 0.06591797 0 0.9550781 0.07128906 0 0.9526367 0.07666016 0 0.9487305 0.08056641 0 0.9433594 0.08300781 0 0.9375 0.08398437 0 0.9321289 0.08300781 0 0.9267578 0.08056641 0 0.9228516 0.07666016 0 0.9204102 0.07128906 0 0.9194336 0.06591797 0 0.9204102 0.06005859 0 0.9228516 0.0546875 0 0.9267578 0.05078125 0 0.9321289 0.04833984 0 0.9375 0.04736328 0 0.9433594 0.04833984 0 0.9487305 0.05078125 0 0.9526367 0.0546875 0 0.9550781 0.06005859 0 0.9560547 0.06591797 0 0.9575195 0.07226562 0 0.9545898 0.078125 0 0.9501953 0.08300781 0 0.9443359 0.0859375 0 0.9375 0.08691406 0 0.9311523 0.0859375 0 0.925293 0.08300781 0 0.9204102 0.078125 0 0.9174805 0.07226562 0 0.9165039 0.06591797 0 0.9174805 0.05908203 0 0.9204102 0.05322266 0 0.925293 0.04882812 0 0.9311523 0.04589844 0 0.9375 0.04492187 0 0.9443359 0.04589844 0 0.9501953 0.04882812 0 0.9545898 0.05322266 0 0.9575195 0.05908203 0 0.9584961 0.06591797 0 0.9599609 0.07275391 0 0.956543 0.07958984 0 0.9511719 0.08447266 0 0.9448242 0.08789062 0 0.9375 0.08886719 0 0.9306641 0.08789062 0 0.9238281 0.08447266 0 0.9189453 0.07958984 0 0.9155273 0.07275391 0 0.9145508 0.06591797 0 0.9155273 0.05859375 0 0.9189453 0.05224609 0 0.9238281 0.046875 0 0.9306641 0.04345703 0 0.9375 0.04248047 0 0.9448242 0.04345703 0 0.9511719 0.046875 0 0.956543 0.05224609 0 0.9599609 0.05859375 0 0.9609375 0.06591797 0 0.9614258 0.07324219 0 0.9575195 0.08007812 0 0.9521484 0.0859375 0 0.9453125 0.08935547 0 0.9375 0.09033203 0 0.9301758 0.08935547 0 0.9233398 0.0859375 0 0.9174805 0.08007812 0 0.9140625 0.07324219 0 0.9130859 0.06591797 0 0.9140625 0.05810547 0 0.9174805 0.05126953 0 0.9233398 0.04589844 0 0.9301758 0.04199219 0 0.9375 0.04101562 0 0.9453125 0.04199219 0 0.9521484 0.04589844 0 0.9575195 0.05126953 0 0.9614258 0.05810547 0 0.9624023 0.06591797 0 0.9619141 0.07373047 0 0.9584961 0.08105469 0 0.9526367 0.08642578 0 0.9458008 0.09033203 0 0.9375 0.09130859 0 0.9296875 0.09033203 0 0.9223633 0.08642578 0 0.9169922 0.08105469 0 0.9130859 0.07373047 0 0.9121094 0.06591797 0 0.9130859 0.05761719 0 0.9169922 0.05078125 0 0.9223633 0.04492187 0 0.9296875 0.04150391 0 0.9375 0.04003906 0 0.9458008 0.04150391 0 0.9526367 0.04492187 0 0.9584961 0.05078125 0 0.9619141 0.05761719 0 0.9633789 0.06591797 0 0.9624023 0.07373047 0 0.9584961 0.08105469 0 0.953125 0.08691406 0 0.9458008 0.09033203 0 0.9375 0.09179687 0 0.9296875 0.09033203 0 0.9223633 0.08691406 0 0.9165039 0.08105469 0 0.9130859 0.07373047 0 0.9116211 0.06591797 0 0.9130859 0.05761719 0 0.9165039 0.05029297 0 0.9223633 0.04492187 0 0.9296875 0.04101562 0 0.9375 0.03955078 0 0.9458008 0.04101562 0 0.953125 0.04492187 0 0.9584961 0.05029297 0 0.9624023 0.05761719 0 0.9638672 0.06591797 0 0.9624023 0.07373047 0 0.9619141 0.07373047 0 0.9584961 0.08105469 0 0.9584961 0.08105469 0 0.953125 0.08691406 0 0.9526367 0.08642578 0 0.9458008 0.09033203 0 0.9458008 0.09033203 0 0.9375 0.09179687 0 0.9375 0.09130859 0 0.9296875 0.09033203 0 0.9296875 0.09033203 0 0.9223633 0.08691406 0 0.9223633 0.08642578 0 0.9165039 0.08105469 0 0.9169922 0.08105469 0 0.9130859 0.07373047 0 0.9130859 0.07373047 0 0.9116211 0.06591797 0 0.9121094 0.06591797 0 0.9130859 0.05761719 0 0.9130859 0.05761719 0 0.9165039 0.05029297 0 0.9169922 0.05078125 0 0.9223633 0.04492187 0 0.9223633 0.04492187 0 0.9296875 0.04101562 0 0.9296875 0.04150391 0 0.9375 0.03955078 0 0.9375 0.04003906 0 0.9458008 0.04101562 0 0.9458008 0.04150391 0 0.953125 0.04492187 0 0.9526367 0.04492187 0 0.9584961 0.05029297 0 0.9584961 0.05078125 0 0.9624023 0.05761719 0 0.9619141 0.05761719 0 0.9638672 0.06591797 0 0.9633789 0.06591797 0 0.9375 0.06591797 0</float_array>
          <technique_common>
            <accessor source="#geom-EyeBall_Down_AShape-map1-array" count="241" stride="3">
              <param name="S" type="float"/>
              <param name="T" type="float"/>
              <param name="P" type="float"/>
            </accessor>
          </technique_common>
        </source>
        <vertices id="geom-EyeBall_Down_AShape-vertices">
          <input semantic="POSITION" source="#geom-EyeBall_Down_AShape-positions"/>
        </vertices>
        <triangles material="eff_mt" count="420">
          <input semantic="VERTEX" source="#geom-EyeBall_Down_AShape-vertices" offset="0"/>
          <input semantic="NORMAL" source="#geom-EyeBall_Down_AShape-normals" offset="1"/>
          <input semantic="COLOR" source="#geom-EyeBall_Down_AShape-map0" offset="2" set="0"/>
          <input semantic="TEXCOORD" source="#geom-EyeBall_Down_AShape-map1" offset="3" set="0"/>
          <p>0 0 0 0 240 1 240 240 38 2 38 38 2 3 2 2 240 1 240 240 0 0 0 0 0 0 0 0 39 4 39 39 1 5 1 1 38 2 38 38 39 4 39 39 0 0 0 0 0 0 0 0 1 5 1 1 2 3 2 2 38 2 38 38 240 1 240 240 36 6 36 36 36 6 36 36 240 1 240 240 34 7 34 34 34 7 34 34 240 1 240 240 32 8 32 32 32 8 32 32 240 1 240 240 31 9 31 31 31 9 31 31 240 1 240 240 28 10 28 28 28 10 28 28 240 1 240 240 26 11 26 26 26 11 26 26 240 1 240 240 24 12 24 24 24 12 24 24 240 1 240 240 22 13 22 22 22 13 22 22 240 1 240 240 20 14 20 20 20 14 20 20 240 1 240 240 18 15 18 18 18 15 18 18 240 1 240 240 16 16 16 16 16 16 16 16 240 1 240 240 14 17 14 14 14 17 14 14 240 1 240 240 12 18 12 12 12 18 12 12 240 1 240 240 11 19 11 11 11 19 11 11 240 1 240 240 8 20 8 8 8 20 8 8 240 1 240 240 6 21 6 6 6 21 6 6 240 1 240 240 4 22 4 4 4 22 4 4 240 1 240 240 2 3 2 2 38 2 38 38 37 23 37 37 39 4 39 39 36 6 36 36 37 23 37 37 38 2 38 38 39 4 39 39 59 24 59 59 1 5 1 1 39 4 39 39 58 25 58 58 59 24 59 59 37 23 37 37 58 25 58 58 39 4 39 39 1 5 1 1 59 24 59 59 40 26 40 40 1 5 1 1 40 26 40 40 3 27 3 3 2 3 2 2 1 5 1 1 3 27 3 3 2 3 2 2 3 27 3 3 4 22 4 4 4 22 4 4 5 28 5 5 6 21 6 6 4 22 4 4 3 27 3 3 5 28 5 5 6 21 6 6 7 29 7 7 8 20 8 8 6 21 6 6 5 28 5 5 7 29 7 7 8 20 8 8 10 30 10 10 11 19 11 11 9 31 9 9 10 30 10 10 8 20 8 8 8 20 8 8 7 29 7 7 9 31 9 9 11 19 11 11 10 30 10 10 12 18 12 12 12 18 12 12 13 32 13 13 14 17 14 14 12 18 12 12 10 30 10 10 13 32 13 13 14 17 14 14 15 33 15 15 16 16 16 16 14 17 14 14 13 32 13 13 15 33 15 15 16 16 16 16 17 34 17 17 18 15 18 18 16 16 16 16 15 33 15 15 17 34 17 17 18 15 18 18 19 35 19 19 20 14 20 20 18 15 18 18 17 34 17 17 19 35 19 19 20 14 20 20 21 36 21 21 22 13 22 22 20 14 20 20 19 35 19 19 21 36 21 21 22 13 22 22 23 37 23 23 24 12 24 24 22 13 22 22 21 36 21 21 23 37 23 23 24 12 24 24 25 38 25 25 26 11 26 26 24 12 24 24 23 37 23 23 25 38 25 25 26 11 26 26 27 39 27 27 28 10 28 28 26 11 26 26 25 38 25 25 27 39 27 27 25 38 25 25 52 40 52 52 27 39 27 27 25 38 25 25 51 41 51 51 52 40 52 52 23 37 23 23 51 41 51 51 25 38 25 25 23 37 23 23 50 42 50 50 51 41 51 51 21 36 21 21 50 42 50 50 23 37 23 23 21 36 21 21 49 43 49 49 50 42 50 50 19 35 19 19 49 43 49 49 21 36 21 21 19 35 19 19 48 44 48 48 49 43 49 49 17 34 17 17 48 44 48 48 19 35 19 19 17 34 17 17 47 45 47 47 48 44 48 48 15 33 15 15 47 45 47 47 17 34 17 17 15 33 15 15 46 46 46 46 47 45 47 47 13 32 13 13 46 46 46 46 15 33 15 15 13 32 13 13 45 47 45 45 46 46 46 46 10 30 10 10 45 47 45 45 13 32 13 13 9 31 9 9 45 47 45 45 10 30 10 10 44 48 44 44 45 47 45 45 9 31 9 9 9 31 9 9 43 49 43 43 44 48 44 44 7 29 7 7 43 49 43 43 9 31 9 9 7 29 7 7 42 50 42 42 43 49 43 43 5 28 5 5 42 50 42 42 7 29 7 7 5 28 5 5 41 51 41 41 42 50 42 42 3 27 3 3 41 51 41 41 5 28 5 5 3 27 3 3 40 26 40 40 41 51 41 41 40 26 40 40 79 52 79 79 60 53 60 60 59 24 59 59 79 52 79 79 40 26 40 40 40 26 40 40 60 53 60 60 41 51 41 41 59 24 59 59 78 54 78 78 79 52 79 79 58 25 58 58 78 54 78 78 59 24 59 59 79 52 79 79 99 55 99 99 60 53 60 60 79 52 79 79 98 56 98 98 99 55 99 99 78 54 78 78 98 56 98 98 79 52 79 79 60 53 60 60 99 55 99 99 80 57 80 80 60 53 60 60 80 57 80 80 61 58 61 61 41 51 41 41 60 53 60 60 61 58 61 61 41 51 41 41 61 58 61 61 42 50 42 42 42 50 42 42 62 59 62 62 43 49 43 43 42 50 42 42 61 58 61 61 62 59 62 62 43 49 43 43 63 60 63 63 44 48 44 44 43 49 43 43 62 59 62 62 63 60 63 63 44 48 44 44 65 61 65 65 45 47 45 45 64 62 64 64 65 61 65 65 44 48 44 44 44 48 44 44 63 60 63 63 64 62 64 64 45 47 45 45 65 61 65 65 46 46 46 46 46 46 46 46 66 63 66 66 47 45 47 47 46 46 46 46 65 61 65 65 66 63 66 66 47 45 47 47 67 64 67 67 48 44 48 48 47 45 47 47 66 63 66 66 67 64 67 67 48 44 48 48 68 65 68 68 49 43 49 49 48 44 48 48 67 64 67 67 68 65 68 68 49 43 49 49 69 66 69 69 50 42 50 50 49 43 49 49 68 65 68 68 69 66 69 69 50 42 50 50 70 67 70 70 51 41 51 51 50 42 50 50 69 66 69 69 70 67 70 70 51 41 51 51 71 68 71 71 52 40 52 52 51 41 51 51 70 67 70 70 71 68 71 71 70 67 70 70 90 69 90 90 71 68 71 71 70 67 70 70 89 70 89 89 90 69 90 90 69 66 69 69 89 70 89 89 70 67 70 70 69 66 69 69 88 71 88 88 89 70 89 89 68 65 68 68 88 71 88 88 69 66 69 69 68 65 68 68 87 72 87 87 88 71 88 88 67 64 67 67 87 72 87 87 68 65 68 68 67 64 67 67 86 73 86 86 87 72 87 87 66 63 66 66 86 73 86 86 67 64 67 67 66 63 66 66 85 74 85 85 86 73 86 86 65 61 65 65 85 74 85 85 66 63 66 66 64 62 64 64 85 74 85 85 65 61 65 65 84 75 84 84 85 74 85 85 64 62 64 64 64 62 64 64 83 76 83 83 84 75 84 84 63 60 63 63 83 76 83 83 64 62 64 64 63 60 63 63 82 77 82 82 83 76 83 83 62 59 62 62 82 77 82 82 63 60 63 63 62 59 62 62 81 78 81 81 82 77 82 82 61 58 61 61 81 78 81 81 62 59 62 62 61 58 61 61 80 57 80 80 81 78 81 81 80 57 80 80 119 79 119 119 100 80 100 100 99 55 99 99 119 79 119 119 80 57 80 80 80 57 80 80 100 80 100 100 81 78 81 81 99 55 99 99 118 81 118 118 119 79 119 119 98 56 98 98 118 81 118 118 99 55 99 99 98 56 98 98 117 82 117 117 118 81 118 118 97 83 97 97 117 82 117 117 98 56 98 98 78 54 78 78 97 83 97 97 98 56 98 98 77 84 77 77 97 83 97 97 78 54 78 78 58 25 58 58 77 84 77 77 78 54 78 78 97 83 97 97 116 85 116 116 117 82 117 117 96 86 96 96 116 85 116 116 97 83 97 97 77 84 77 77 96 86 96 96 97 83 97 97 117 82 117 117 137 87 137 137 118 81 118 118 117 82 117 117 136 88 136 136 137 87 137 137 116 85 116 116 136 88 136 136 117 82 117 117 118 81 118 118 138 89 138 138 119 79 119 119 118 81 118 118 137 87 137 137 138 89 138 138 119 79 119 119 139 90 139 139 100 80 100 100 119 79 119 119 138 89 138 138 139 90 139 139 100 80 100 100 139 90 139 139 120 91 120 120 100 80 100 100 120 91 120 120 101 92 101 101 81 78 81 81 100 80 100 100 101 92 101 101 81 78 81 81 101 92 101 101 82 77 82 82 82 77 82 82 102 93 102 102 83 76 83 83 82 77 82 82 101 92 101 101 102 93 102 102 83 76 83 83 103 94 103 103 84 75 84 84 83 76 83 83 102 93 102 102 103 94 103 103 84 75 84 84 105 95 105 105 85 74 85 85 104 96 104 104 105 95 105 105 84 75 84 84 84 75 84 84 103 94 103 103 104 96 104 104 85 74 85 85 105 95 105 105 86 73 86 86 86 73 86 86 106 97 106 106 87 72 87 87 86 73 86 86 105 95 105 105 106 97 106 106 87 72 87 87 107 98 107 107 88 71 88 88 87 72 87 87 106 97 106 106 107 98 107 107 88 71 88 88 108 99 108 108 89 70 89 89 88 71 88 88 107 98 107 107 108 99 108 108 107 98 107 107 127 100 127 127 108 99 108 108 107 98 107 107 126 101 126 126 127 100 127 127 106 97 106 106 126 101 126 126 107 98 107 107 106 97 106 106 125 102 125 125 126 101 126 126 105 95 105 105 125 102 125 125 106 97 106 106 105 95 105 105 124 103 124 124 125 102 125 125 104 96 104 104 124 103 124 124 105 95 105 105 104 96 104 104 123 104 123 123 124 103 124 124 103 94 103 103 123 104 123 123 104 96 104 104 103 94 103 103 122 105 122 122 123 104 123 123 102 93 102 102 122 105 122 122 103 94 103 103 102 93 102 102 121 106 121 121 122 105 122 122 101 92 101 101 121 106 121 121 102 93 102 102 101 92 101 101 120 91 120 120 121 106 121 121 120 91 120 120 159 107 159 159 140 108 140 140 139 90 139 139 159 107 159 159 120 91 120 120 120 91 120 120 140 108 140 140 121 106 121 121 139 90 139 139 158 109 158 158 159 107 159 159 138 89 138 138 158 109 158 158 139 90 139 139 138 89 138 138 157 110 157 157 158 109 158 158 137 87 137 137 157 110 157 157 138 89 138 138 137 87 137 137 156 111 156 156 157 110 157 157 136 88 136 136 156 111 156 156 137 87 137 137 136 88 136 136 155 112 155 155 156 111 156 156 135 113 135 135 155 112 155 155 136 88 136 136 116 85 116 116 135 113 135 135 136 88 136 136 115 114 115 115 135 113 135 135 116 85 116 116 96 86 96 96 115 114 115 115 116 85 116 116 135 113 135 135 154 115 154 154 155 112 155 155 134 116 134 134 154 115 154 154 135 113 135 135 115 114 115 115 134 116 134 134 135 113 135 135 155 112 155 155 175 117 175 175 156 111 156 156 155 112 155 155 174 118 174 174 175 117 175 175 154 115 154 154 174 118 174 174 155 112 155 155 156 111 156 156 176 119 176 176 157 110 157 157 156 111 156 156 175 117 175 175 176 119 176 176 157 110 157 157 177 120 177 177 158 109 158 158 157 110 157 157 176 119 176 176 177 120 177 177 158 109 158 158 178 121 178 178 159 107 159 159 158 109 158 158 177 120 177 177 178 121 178 178 159 107 159 159 179 122 179 179 140 108 140 140 159 107 159 159 178 121 178 178 179 122 179 179 140 108 140 140 179 122 179 179 160 123 160 160 140 108 140 140 160 123 160 160 141 124 141 141 121 106 121 121 140 108 140 140 141 124 141 141 121 106 121 121 141 124 141 141 122 105 122 122 122 105 122 122 142 125 142 142 123 104 123 123 122 105 122 122 141 124 141 141 142 125 142 142 123 104 123 123 143 126 143 143 124 103 124 124 123 104 123 123 142 125 142 142 143 126 143 143 124 103 124 124 144 127 144 144 125 102 125 125 124 103 124 124 143 126 143 143 144 127 144 144 125 102 125 125 145 128 145 145 126 101 126 126 125 102 125 125 144 127 144 144 145 128 145 145 126 101 126 126 146 129 146 146 127 100 127 127 126 101 126 126 145 128 145 145 146 129 146 146 145 128 145 145 165 130 165 165 146 129 146 146 145 128 145 145 164 131 164 164 165 130 165 165 144 127 144 144 164 131 164 164 145 128 145 145 144 127 144 144 163 132 163 163 164 131 164 164 143 126 143 143 163 132 163 163 144 127 144 144 143 126 143 143 162 133 162 162 163 132 163 163 142 125 142 142 162 133 162 162 143 126 143 143 142 125 142 142 161 134 161 161 162 133 162 162 141 124 141 141 161 134 161 161 142 125 142 142 141 124 141 141 160 123 160 160 161 134 161 161 160 123 160 160 199 135 199 199 180 136 180 180 179 122 179 179 199 135 199 199 160 123 160 160 160 123 160 160 180 136 180 180 161 134 161 161 179 122 179 179 198 137 198 198 199 135 199 199 178 121 178 178 198 137 198 198 179 122 179 179 178 121 178 178 197 138 197 197 198 137 198 198 177 120 177 177 197 138 197 197 178 121 178 178 177 120 177 177 196 139 196 196 197 138 197 197 176 119 176 176 196 139 196 196 177 120 177 177 176 119 176 176 195 140 195 195 196 139 196 196 175 117 175 175 195 140 195 195 176 119 176 176 175 117 175 175 194 141 194 194 195 140 195 195 174 118 174 174 194 141 194 194 175 117 175 175 174 118 174 174 193 142 193 193 194 141 194 194 173 143 173 173 193 142 193 193 174 118 174 174 154 115 154 154 173 143 173 173 174 118 174 174 153 144 153 153 173 143 173 173 154 115 154 154 134 116 134 134 153 144 153 153 154 115 154 154 173 143 173 173 192 145 192 192 193 142 193 193 172 146 172 172 192 145 192 192 173 143 173 173 153 144 153 153 172 146 172 172 173 143 173 173 152 147 152 152 172 146 172 172 153 144 153 153 133 148 133 133 153 144 153 153 134 116 134 134 133 148 133 133 152 147 152 152 153 144 153 153 172 146 172 172 191 149 191 191 192 145 192 192 171 150 171 171 191 149 191 191 172 146 172 172 152 147 152 152 171 150 171 171 172 146 172 172 151 151 151 151 171 150 171 171 152 147 152 152 132 152 132 132 152 147 152 152 133 148 133 133 132 152 132 132 151 151 151 151 152 147 152 152 114 153 114 114 133 148 133 133 134 116 134 134 113 154 113 113 133 148 133 133 114 153 114 114 113 154 113 113 132 152 132 132 133 148 133 133 114 153 114 114 134 116 134 134 115 114 115 115 114 153 114 114 115 114 115 115 94 155 94 94 94 155 94 94 113 154 113 113 114 153 114 114 112 156 112 112 132 152 132 132 113 154 113 113 93 157 93 93 113 154 113 113 94 155 94 94 93 157 93 93 112 156 112 112 113 154 113 113 131 158 131 131 151 151 151 151 132 152 132 132 112 156 112 112 131 158 131 131 132 152 132 132 151 151 151 151 170 159 170 170 171 150 171 171 150 160 150 150 170 159 170 170 151 151 151 151 131 158 131 131 150 160 150 150 151 151 151 151 171 150 171 171 190 161 190 190 191 149 191 191 170 159 170 170 190 161 190 190 171 150 171 171 170 159 170 170 189 162 189 189 190 161 190 190 169 163 169 169 189 162 189 189 170 159 170 170 150 160 150 150 169 163 169 169 170 159 170 170 149 164 149 149 169 163 169 169 150 160 150 150 130 165 130 130 150 160 150 150 131 158 131 131 130 165 130 130 149 164 149 149 150 160 150 150 111 166 111 111 131 158 131 131 112 156 112 112 111 166 111 111 130 165 130 130 131 158 131 131 92 167 92 92 112 156 112 112 93 157 93 93 92 167 92 92 111 166 111 111 112 156 112 112 74 168 74 74 93 157 93 93 94 155 94 94 73 169 73 73 93 157 93 93 74 168 74 74 73 169 73 73 92 167 92 92 93 157 93 93 94 155 94 94 115 114 115 115 95 170 95 95 94 155 94 94 95 170 95 95 74 168 74 74 95 170 95 95 115 114 115 115 96 86 96 96 76 171 76 76 95 170 95 95 96 86 96 96 75 172 75 75 95 170 95 95 76 171 76 76 74 168 74 74 95 170 95 95 75 172 75 75 74 168 74 74 75 172 75 75 54 173 54 54 54 173 54 54 73 169 73 73 74 168 74 74 72 174 72 72 92 167 92 92 73 169 73 73 53 175 53 53 73 169 73 73 54 173 54 54 53 175 53 53 72 174 72 72 73 169 73 73 91 176 91 91 111 166 111 111 92 167 92 92 72 174 72 72 91 176 91 91 92 167 92 92 110 177 110 110 130 165 130 130 111 166 111 111 91 176 91 91 110 177 110 110 111 166 111 111 129 178 129 129 149 164 149 149 130 165 130 130 110 177 110 110 129 178 129 129 130 165 130 130 149 164 149 149 168 179 168 168 169 163 169 169 148 180 148 148 168 179 168 168 149 164 149 149 129 178 129 129 148 180 148 148 149 164 149 149 169 163 169 169 188 181 188 188 189 162 189 189 168 179 168 168 188 181 188 188 169 163 169 169 168 179 168 168 187 182 187 187 188 181 188 188 167 183 167 167 187 182 187 187 168 179 168 168 148 180 148 148 167 183 167 167 168 179 168 168 147 184 147 147 167 183 167 167 148 180 148 148 128 185 128 128 148 180 148 148 129 178 129 129 128 185 128 128 147 184 147 147 148 180 148 148 109 186 109 109 129 178 129 129 110 177 110 110 109 186 109 109 128 185 128 128 129 178 129 129 90 69 90 90 110 177 110 110 91 176 91 91 90 69 90 90 109 186 109 109 110 177 110 110 71 68 71 71 91 176 91 91 72 174 72 72 71 68 71 71 90 69 90 90 91 176 91 91 52 40 52 52 72 174 72 72 53 175 53 53 52 40 52 52 71 68 71 71 72 174 72 72 29 187 29 29 53 175 53 53 54 173 54 54 27 39 27 27 53 175 53 53 29 187 29 29 27 39 27 27 52 40 52 52 53 175 53 53 54 173 54 54 75 172 75 75 55 188 55 55 54 173 54 54 55 188 55 55 29 187 29 29 56 189 56 56 75 172 75 75 76 171 76 76 55 188 55 55 75 172 75 75 56 189 56 56 76 171 76 76 96 86 96 96 77 84 77 77 57 190 57 57 76 171 76 76 77 84 77 77 56 189 56 56 76 171 76 76 57 190 57 57 35 191 35 35 56 189 56 56 57 190 57 57 33 192 33 33 56 189 56 56 35 191 35 35 33 192 33 33 55 188 55 55 56 189 56 56 30 193 30 30 55 188 55 55 33 192 33 33 29 187 29 29 55 188 55 55 30 193 30 30 29 187 29 29 30 193 30 30 28 10 28 28 28 10 28 28 27 39 27 27 29 187 29 29 32 8 32 32 30 193 30 30 33 192 33 33 31 9 31 31 30 193 30 30 32 8 32 32 28 10 28 28 30 193 30 30 31 9 31 31 34 7 34 34 33 192 33 33 35 191 35 35 32 8 32 32 33 192 33 33 34 7 34 34 35 191 35 35 57 190 57 57 37 23 37 37 36 6 36 36 35 191 35 35 37 23 37 37 34 7 34 34 35 191 35 35 36 6 36 36 57 190 57 57 77 84 77 77 58 25 58 58 37 23 37 37 57 190 57 57 58 25 58 58 89 70 89 89 109 186 109 109 90 69 90 90 108 99 108 108 128 185 128 128 109 186 109 109 89 70 89 89 108 99 108 108 109 186 109 109 127 100 127 127 147 184 147 147 128 185 128 128 108 99 108 108 127 100 127 127 128 185 128 128 147 184 147 147 166 194 166 166 167 183 167 167 146 129 146 146 166 194 166 166 147 184 147 147 127 100 127 127 146 129 146 146 147 184 147 147 167 183 167 167 186 195 186 186 187 182 187 187 166 194 166 166 186 195 186 186 167 183 167 167 166 194 166 166 185 196 185 185 186 195 186 186 165 130 165 165 185 196 185 185 166 194 166 166 146 129 146 146 165 130 165 165 166 194 166 166 165 130 165 165 184 197 184 184 185 196 185 185 164 131 164 164 184 197 184 184 165 130 165 165 164 131 164 164 183 198 183 183 184 197 184 184 163 132 163 163 183 198 183 183 164 131 164 164 163 132 163 163 182 199 182 182 183 198 183 183 162 133 162 162 182 199 182 182 163 132 163 163 162 133 162 162 181 200 181 181 182 199 182 182 161 134 161 161 181 200 181 181 162 133 162 162 161 134 161 161 180 136 180 180 181 200 181 181 200 201 200 200 239 202 239 239 201 203 201 201 238 204 238 238 239 202 239 239 200 201 200 200 200 201 200 200 201 203 201 201 202 205 202 202 238 204 238 238 237 206 237 237 239 202 239 239 236 207 236 236 237 206 237 237 238 204 238 238 236 207 236 236 235 208 235 235 237 206 237 237 234 209 234 234 235 208 235 235 236 207 236 236 234 209 234 234 233 210 233 233 235 208 235 235 232 211 232 232 233 210 233 233 234 209 234 234 232 211 232 232 231 212 231 231 233 210 233 233 230 213 230 230 231 212 231 231 232 211 232 232 230 213 230 230 229 214 229 229 231 212 231 231 228 215 228 228 229 214 229 229 230 213 230 230 228 215 228 228 227 216 227 227 229 214 229 229 226 217 226 226 227 216 227 227 228 215 228 228 226 217 226 226 225 218 225 225 227 216 227 227 224 219 224 224 225 218 225 225 226 217 226 226 224 219 224 224 223 220 223 223 225 218 225 225 222 221 222 222 223 220 223 223 224 219 224 224 222 221 222 222 221 222 221 221 223 220 223 223 220 223 220 220 221 222 221 221 222 221 222 222 220 223 220 220 219 224 219 219 221 222 221 221 218 225 218 218 219 224 219 219 220 223 220 220 218 225 218 218 217 226 217 217 219 224 219 219 216 227 216 216 217 226 217 217 218 225 218 218 216 227 216 216 215 228 215 215 217 226 217 217 214 229 214 214 215 228 215 215 216 227 216 216 214 229 214 214 213 230 213 213 215 228 215 215 212 231 212 212 213 230 213 213 214 229 214 214 212 231 212 212 211 232 211 211 213 230 213 213 210 233 210 210 211 232 211 211 212 231 212 212 210 233 210 210 209 234 209 209 211 232 211 211 208 235 208 208 209 234 209 209 210 233 210 210 208 235 208 208 207 236 207 207 209 234 209 209 206 237 206 206 207 236 207 207 208 235 208 208 206 237 206 206 205 238 205 205 207 236 207 207 204 239 204 204 205 238 205 205 206 237 206 206 204 239 204 204 203 240 203 203 205 238 205 205 202 205 202 202 203 240 203 203 204 239 204 204 202 205 202 202 201 203 201 201 203 240 203 203</p>
        </triangles>
      </mesh>
    </geometry>
    <geometry id="geom-EyeBall_pupilShape" name="EyeBall_pupilShape">
      <mesh>
        <source id="geom-EyeBall_pupilShape-positions">
          <float_array id="geom-EyeBall_pupilShape-positions-array" count="423">3.94604 1.28215 1.70955 3.3567 2.43878 1.70955 3.5863 1.16526 2.12962 3.05069 2.21646 2.12962 2.43879 3.3567 1.70955 2.21646 3.05069 2.12962 1.28214 3.94604 1.70955 1.16526 3.5863 2.12962 0 4.14911 1.70955 0 3.77086 2.12962 -1.28215 3.94604 1.70955 -1.16526 3.5863 2.12962 -2.43878 3.3567 1.70955 -2.21646 3.05069 2.12962 -3.3567 2.43878 1.70955 -3.05069 2.21646 2.12962 -3.94604 1.28214 1.70955 -3.5863 1.16526 2.12962 -4.14911 0 1.70955 -3.77086 0 2.12962 -3.94604 -1.28214 1.70955 -3.5863 -1.16526 2.12962 -3.3567 -2.43878 1.70955 -3.05069 -2.21646 2.12962 -2.43878 -3.3567 1.70955 -2.21646 -3.05069 2.12962 -1.28214 -3.94604 1.70955 -1.16526 -3.5863 2.12962 0 -4.14911 1.70955 0 -3.77086 2.12962 1.28214 -3.94604 1.70955 1.16526 -3.5863 2.12962 2.43878 -3.3567 1.70955 2.21646 -3.05069 2.12962 3.3567 -2.43878 1.70955 3.05069 -2.21646 2.12962 3.94604 -1.28214 1.70955 3.5863 -1.16526 2.12962 4.14911 0 1.70955 3.77086 0 2.12962 3.12989 1.01696 2.51307 2.66244 1.93438 2.51307 1.93438 2.66244 2.51307 1.01696 3.12989 2.51307 0 3.29096 2.51307 -1.01696 3.12989 2.51307 -1.93438 2.66244 2.51307 -2.66244 1.93438 2.51307 -3.12989 1.01696 2.51307 -3.29096 0 2.51307 -3.12989 -1.01696 2.51307 -2.66244 -1.93438 2.51307 -1.93438 -2.66244 2.51307 -1.01696 -3.12989 2.51307 0 -3.29096 2.51307 1.01696 -3.12989 2.51307 1.93438 -2.66244 2.51307 2.66244 -1.93438 2.51307 3.12989 -1.01696 2.51307 3.29096 0 2.51307 2.59851 0.844307 2.83869 2.21042 1.60597 2.83869 1.60597 2.21042 2.83869 0.844307 2.59851 2.83869 0 2.73223 2.83869 -0.844307 2.59851 2.83869 -1.60597 2.21042 2.83869 -2.21042 1.60597 2.83869 -2.59851 0.844307 2.83869 -2.73223 0 2.83869 -2.59851 -0.844307 2.83869 -2.21042 -1.60597 2.83869 -1.60597 -2.21042 2.83869 -0.844307 -2.59851 2.83869 0 -2.73223 2.83869 0.844307 -2.59851 2.83869 1.60597 -2.21042 2.83869 2.21042 -1.60597 2.83869 2.59851 -0.844307 2.83869 2.73223 0 2.83869 2.0052 0.651528 3.09954 1.70572 1.23928 3.09954 1.23928 1.70572 3.09954 0.651528 2.0052 3.09954 0 2.10839 3.09954 -0.651528 2.0052 3.09954 -1.23928 1.70572 3.09954 -1.70572 1.23928 3.09954 -2.0052 0.651527 3.09954 -2.10839 0 3.09954 -2.0052 -0.651528 3.09954 -1.70572 -1.23928 3.09954 -1.23928 -1.70572 3.09954 -0.651527 -2.0052 3.09954 0 -2.10839 3.09954 0.651527 -2.0052 3.09954 1.23928 -1.70572 3.09954 1.70572 -1.23928 3.09954 2.0052 -0.651527 3.09954 2.10839 0 3.09954 1.3642 0.443256 3.29005 1.16046 0.843123 3.29005 0.843123 1.16046 3.29005 0.443256 1.3642 3.29005 0 1.43441 3.29005 -0.443256 1.3642 3.29005 -0.843123 1.16046 3.29005 -1.16046 0.843123 3.29005 -1.3642 0.443256 3.29005 -1.43441 0 3.29005 -1.3642 -0.443256 3.29005 -1.16046 -0.843123 3.29005 -0.843123 -1.16046 3.29005 -0.443256 -1.3642 3.29005 0 -1.43441 3.29005 0.443256 -1.3642 3.29005 0.843123 -1.16046 3.29005 1.16046 -0.843123 3.29005 1.3642 -0.443256 3.29005 1.43441 0 3.29005 0.690806 0.224456 3.40609 0.587634 0.426942 3.40609 0.426941 0.587634 3.40609 0.224456 0.690806 3.40609 0 0.726356 3.40609 -0.224456 0.690806 3.40609 -0.426941 0.587634 3.40609 -0.587634 0.426941 3.40609 -0.690805 0.224456 3.40609 -0.726356 0 3.40609 -0.690805 -0.224456 3.40609 -0.587634 -0.426941 3.40609 -0.426941 -0.587634 3.40609 -0.224456 -0.690805 3.40609 0 -0.726356 3.40609 0.224456 -0.690805 3.40609 0.426941 -0.587634 3.40609 0.587634 -0.426941 3.40609 0.690805 -0.224456 3.40609 0.726356 0 3.40609 0 0 3.44513</float_array>
          <technique_common>
            <accessor source="#geom-EyeBall_pupilShape-positions-array" count="141" stride="3">
              <param name="X" type="float"/>
              <param name="Y" type="float"/>
              <param name="Z" type="float"/>
            </accessor>
          </technique_common>
        </source>
        <source id="geom-EyeBall_pupilShape-normals">
          <float_array id="geom-EyeBall_pupilShape-normals-array" count="423">0.6913003 3.05345e-5 0.7225676 0.7067503 0.2296816 0.6691416 0.657537 0.2136018 0.722509 0.7430269 3.0532e-5 0.6692616 0.6012113 0.4368672 0.6690978 0.5734951 3.0531e-5 0.819209 0.5455857 -0.177181 0.8191112 0.657537 -0.2136018 0.722509 0.5455857 0.177181 0.8191112 0.5593231 0.4064252 0.7224793 0.4368672 0.6012113 0.6690978 0.4064252 0.5593231 0.7224793 0.4640539 0.3370497 0.8191773 0.4559844 3.05292e-5 0.8899878 0.4335425 0.1409318 0.8900445 0.4335425 -0.1409318 0.8900445 0.3688169 -0.2679418 0.8900456 0.4640539 -0.3370497 0.8191773 0.5593231 -0.4064252 0.7224793 0.7067503 -0.2296816 0.6691416 0.2679418 -0.3688169 0.8900456 0.3370497 -0.4640539 0.8191773 0.2768914 -0.2013201 0.9395751 0.2013201 -0.2768914 0.9395751 0.3257092 -0.1058433 0.9395269 0.3423311 3.05217e-5 0.9395794 0.3257092 0.1058433 0.9395269 0.3688169 0.2679418 0.8900456 0.3370497 0.4640539 0.8191773 0.2136018 0.657537 0.722509 0.2296816 0.7067503 0.6691416 0.177181 0.5455857 0.8191112 0.2679418 0.3688169 0.8900456 0.2768914 0.2013201 0.9395751 0.2349429 3.05279e-5 0.9720091 0.2234635 0.0725951 0.9720051 0.2234635 -0.0725951 0.9720051 0.1900079 -0.1381099 0.9720199 0.1381099 -0.1900079 0.9720199 0.0725951 -0.2234635 0.9720051 0.1058433 -0.3257092 0.9395269 0.1409318 -0.4335425 0.8900445 0.177181 -0.5455857 0.8191112 0.4064252 -0.5593231 0.7224793 0.6012113 -0.4368672 0.6690978 0.2136018 -0.657537 0.722509 0.4368672 -0.6012113 0.6690978 3.05292e-5 -0.4559844 0.8899878 3.0531e-5 -0.5734951 0.819209 3.05217e-5 -0.3423311 0.9395794 3.05279e-5 -0.2349429 0.9720091 0.04273158 -0.1314912 0.990396 3.05228e-5 -0.1382072 0.9904033 0.08125134 -0.1118351 0.9903995 0.1118351 -0.08125134 0.9903995 0.1314912 -0.04273158 0.990396 0.1382072 3.05228e-5 0.9904033 0.1314912 0.04273158 0.990396 0.1900079 0.1381099 0.9720199 0.2013201 0.2768914 0.9395751 0.1409318 0.4335425 0.8900445 0.1058433 0.3257092 0.9395269 0.1381099 0.1900079 0.9720199 0.1118351 0.08125134 0.9903995 3.05176e-5 3.05176e-5 1 -0.04273158 -0.1314912 0.990396 -0.0725951 -0.2234635 0.9720051 -0.1058433 -0.3257092 0.9395269 -0.1409318 -0.4335425 0.8900445 -0.177181 -0.5455857 0.8191112 3.05345e-5 -0.6913003 0.7225676 0.2296816 -0.7067503 0.6691416 -0.2136018 -0.657537 0.722509 3.0532e-5 -0.7430269 0.6692616 -0.2679418 -0.3688169 0.8900456 -0.3370497 -0.4640539 0.8191773 -0.2013201 -0.2768914 0.9395751 -0.1381099 -0.1900079 0.9720199 -0.08125134 -0.1118351 0.9903995 -0.1118351 -0.08125134 0.9903995 -0.1900079 -0.1381099 0.9720199 -0.2768914 -0.2013201 0.9395751 -0.3688169 -0.2679418 0.8900456 -0.4640539 -0.3370497 0.8191773 -0.4064252 -0.5593231 0.7224793 -0.2296816 -0.7067503 0.6691416 -0.5593231 -0.4064252 0.7224793 -0.4368672 -0.6012113 0.6690978 -0.4335425 -0.1409318 0.8900445 -0.5455857 -0.177181 0.8191112 -0.3257092 -0.1058433 0.9395269 -0.2234635 -0.0725951 0.9720051 -0.1314912 -0.04273158 0.990396 -0.1382072 3.05228e-5 0.9904033 -0.2349429 3.05279e-5 0.9720091 -0.3423311 3.05217e-5 0.9395794 -0.4559844 3.05292e-5 0.8899878 -0.5734951 3.0531e-5 0.819209 -0.657537 -0.2136018 0.722509 -0.6012113 -0.4368672 0.6690978 -0.6913003 3.05345e-5 0.7225676 -0.7067503 -0.2296816 0.6691416 -0.4335425 0.1409318 0.8900445 -0.5455857 0.177181 0.8191112 -0.3257092 0.1058433 0.9395269 -0.2234635 0.0725951 0.9720051 -0.1314912 0.04273158 0.990396 -0.1118351 0.08125134 0.9903995 -0.1900079 0.1381099 0.9720199 -0.2768914 0.2013201 0.9395751 -0.3688169 0.2679418 0.8900456 -0.4640539 0.3370497 0.8191773 -0.657537 0.2136018 0.722509 -0.7430269 3.0532e-5 0.6692616 -0.5593231 0.4064252 0.7224793 -0.7067503 0.2296816 0.6691416 -0.2679418 0.3688169 0.8900456 -0.3370497 0.4640539 0.8191773 -0.2013201 0.2768914 0.9395751 -0.1381099 0.1900079 0.9720199 -0.08125134 0.1118351 0.9903995 -0.04273158 0.1314912 0.990396 3.05228e-5 0.1382072 0.9904033 0.04273158 0.1314912 0.990396 0.08125134 0.1118351 0.9903995 -0.0725951 0.2234635 0.9720051 -0.1058433 0.3257092 0.9395269 -0.1409318 0.4335425 0.8900445 -0.177181 0.5455857 0.8191112 -0.4064252 0.5593231 0.7224793 -0.6012113 0.4368672 0.6690978 -0.2136018 0.657537 0.722509 -0.4368672 0.6012113 0.6690978 3.05292e-5 0.4559844 0.8899878 3.0531e-5 0.5734951 0.819209 3.05217e-5 0.3423311 0.9395794 3.05279e-5 0.2349429 0.9720091 0.0725951 0.2234635 0.9720051 3.05345e-5 0.6913003 0.7225676 -0.2296816 0.7067503 0.6691416 3.0532e-5 0.7430269 0.6692616</float_array>
          <technique_common>
            <accessor source="#geom-EyeBall_pupilShape-normals-array" count="141" stride="3">
              <param name="X" type="float"/>
              <param name="Y" type="float"/>
              <param name="Z" type="float"/>
            </accessor>
          </technique_common>
        </source>
        <source id="geom-EyeBall_pupilShape-map-2">
          <float_array id="geom-EyeBall_pupilShape-map-2-array" count="423">0 0 0 0 0 0 1 1 1 1 1 1 0 0 0 1 1 1 0 0 0 1 1 1 0 0 0 1 1 1 0 0 0 1 1 1 0 0 0 1 1 1 0 0 0 1 1 1 0 0 0 1 1 1 0 0 0 1 1 1 0 0 0 1 1 1 0 0 0 1 1 1 0 0 0 1 1 1 0 0 0 1 1 1 0 0 0 1 1 1 0 0 0 1 1 1 0 0 0 1 1 1 0 0 0 1 1 1 0 0 0 1 1 1 0 0 0 1 1 1 1 1 1 1 1 1 1 1 1 1 1 1 1 1 1 1 1 1 1 1 1 1 1 1 1 1 1 1 1 1 1 1 1 1 1 1 1 1 1 1 1 1 1 1 1 1 1 1 1 1 1 1 1 1 1 1 1 1 1 1 1 1 1 1 1 1 1 1 1 1 1 1 1 1 1 1 1 1 1 1 1 1 1 1 1 1 1 1 1 1 1 1 1 1 1 1 1 1 1 1 1 1 1 1 1 1 1 1 1 1 1 1 1 1 1 1 1 1 1 1 1 1 1 1 1 1 1 1 1 1 1 1 1 1 1 1 1 1 1 1 1 1 1 1 1 1 1 1 1 1 1 1 1 1 1 1 1 1 1 1 1 1 1 1 1 1 1 1 1 1 1 1 1 1 1 1 1 1 1 1 1 1 1 1 1 1 1 1 1 1 1 1 1 1 1 1 1 1 1 1 1 1 1 1 1 1 1 1 1 1 1 1 1 1 1 1 1 1 1 1 1 1 1 1 1 1 1 1 1 1 1 1 1 1 1 1 1 1 1 1 1 1 1 1 1 1 1 1 1 1 1 1 1 1 1 1 1 1 1 1 1 1 1 1 1 1 1 1 1 1 1 1 1 1 1 1 1 1 1 1 1 1 1 1 1 1 1 1 1 1 1 1 1 1 1 1 1 1 1 1 1 1 1</float_array>
          <technique_common>
            <accessor source="#geom-EyeBall_pupilShape-map-2-array" count="141" stride="3">
              <param name="R" type="float"/>
              <param name="G" type="float"/>
              <param name="B" type="float"/>
            </accessor>
          </technique_common>
        </source>
        <source id="geom-EyeBall_pupilShape-map0">
          <float_array id="geom-EyeBall_pupilShape-map0-array" count="423">0.5019608 0.5019608 0.5019608 0.5019608 0.5019608 0.5019608 0.5019608 0.5019608 0.5019608 0.5019608 0.5019608 0.5019608 0.5019608 0.5019608 0.5019608 0.5019608 0.5019608 0.5019608 0.5019608 0.5019608 0.5019608 0.5019608 0.5019608 0.5019608 0.5019608 0.5019608 0.5019608 0.5019608 0.5019608 0.5019608 0.5019608 0.5019608 0.5019608 0.5019608 0.5019608 0.5019608 0.5019608 0.5019608 0.5019608 0.5019608 0.5019608 0.5019608 0.5019608 0.5019608 0.5019608 0.5019608 0.5019608 0.5019608 0.5019608 0.5019608 0.5019608 0.5019608 0.5019608 0.5019608 0.5019608 0.5019608 0.5019608 0.5019608 0.5019608 0.5019608 0.5019608 0.5019608 0.5019608 0.5019608 0.5019608 0.5019608 0.5019608 0.5019608 0.5019608 0.5019608 0.5019608 0.5019608 0.5019608 0.5019608 0.5019608 0.5019608 0.5019608 0.5019608 0.5019608 0.5019608 0.5019608 0.5019608 0.5019608 0.5019608 0.5019608 0.5019608 0.5019608 0.5019608 0.5019608 0.5019608 0.5019608 0.5019608 0.5019608 0.5019608 0.5019608 0.5019608 0.5019608 0.5019608 0.5019608 0.5019608 0.5019608 0.5019608 0.5019608 0.5019608 0.5019608 0.5019608 0.5019608 0.5019608 0.5019608 0.5019608 0.5019608 0.5019608 0.5019608 0.5019608 0.5019608 0.5019608 0.5019608 0.5019608 0.5019608 0.5019608 0.5019608 0.5019608 0.5019608 0.5019608 0.5019608 0.5019608 0.5019608 0.5019608 0.5019608 0.5019608 0.5019608 0.5019608 0.5019608 0.5019608 0.5019608 0.5019608 0.5019608 0.5019608 0.5019608 0.5019608 0.5019608 0.5019608 0.5019608 0.5019608 0.5019608 0.5019608 0.5019608 0.5019608 0.5019608 0.5019608 0.5019608 0.5019608 0.5019608 0.5019608 0.5019608 0.5019608 0.5019608 0.5019608 0.5019608 0.5019608 0.5019608 0.5019608 0.5019608 0.5019608 0.5019608 0.5019608 0.5019608 0.5019608 0.5019608 0.5019608 0.5019608 0.5019608 0.5019608 0.5019608 0.5019608 0.5019608 0.5019608 0.5019608 0.5019608 0.5019608 0.5019608 0.5019608 0.5019608 0.5019608 0.5019608 0.5019608 0.5019608 0.5019608 0.5019608 0.5019608 0.5019608 0.5019608 0.5019608 0.5019608 0.5019608 0.5019608 0.5019608 0.5019608 0.5019608 0.5019608 0.5019608 0.5019608 0.5019608 0.5019608 0.5019608 0.5019608 0.5019608 0.5019608 0.5019608 0.5019608 0.5019608 0.5019608 0.5019608 0.5019608 0.5019608 0.5019608 0.5019608 0.5019608 0.5019608 0.5019608 0.5019608 0.5019608 0.5019608 0.5019608 0.5019608 0.5019608 0.5019608 0.5019608 0.5019608 0.5019608 0.5019608 0.5019608 0.5019608 0.5019608 0.5019608 0.5019608 0.5019608 0.5019608 0.5019608 0.5019608 0.5019608 0.5019608 0.5019608 0.5019608 0.5019608 0.5019608 0.5019608 0.5019608 0.5019608 0.5019608 0.5019608 0.5019608 0.5019608 0.5019608 0.5019608 0.5019608 0.5019608 0.5019608 0.5019608 0.5019608 0.5019608 0.5019608 0.5019608 0.5019608 0.5019608 0.5019608 0.5019608 0.5019608 0.5019608 0.5019608 0.5019608 0.5019608 0.5019608 0.5019608 0.5019608 0.5019608 0.5019608 0.5019608 0.5019608 0.5019608 0.5019608 0.5019608 0.5019608 0.5019608 0.5019608 0.5019608 0.5019608 0.5019608 0.5019608 0.5019608 0.5019608 0.5019608 0.5019608 0.5019608 0.5019608 0.5019608 0.5019608 0.5019608 0.5019608 0.5019608 0.5019608 0.5019608 0.5019608 0.5019608 0.5019608 0.5019608 0.5019608 0.5019608 0.5019608 0.5019608 0.5019608 0.5019608 0.5019608 0.5019608 0.5019608 0.5019608 0.5019608 0.5019608 0.5019608 0.5019608 0.5019608 0.5019608 0.5019608 0.5019608 0.5019608 0.5019608 0.5019608 0.5019608 0.5019608 0.5019608 0.5019608 0.5019608 0.5019608 0.5019608 0.5019608 0.5019608 0.5019608 0.5019608 0.5019608 0.5019608 0.5019608 0.5019608 0.5019608 0.5019608 0.5019608 0.5019608 0.5019608 0.5019608 0.5019608 0.5019608 0.5019608 0.5019608 0.5019608 0.5019608 0.5019608 0.5019608 0.5019608 0.5019608 0.5019608 0.5019608 0.5019608 0.5019608 0.5019608 0.5019608 0.5019608 0.5019608 0.5019608 0.5019608 0.5019608 0.5019608 0.5019608 0.5019608 0.5019608 0.5019608 0.5019608 0.5019608 0.5019608 0.5019608 0.5019608 0.5019608 0.5019608 0.5019608 0.5019608 0.5019608 0.5019608 0.5019608 0.5019608 0.5019608 0.5019608 0.5019608 0.5019608 0.5019608 0.5019608 0.5019608 0.5019608 0.5019608 0.5019608 0.5019608 0.5019608 0.5019608 0.5019608 0.5019608 0.5019608 0.5019608 0.5019608 0.5019608 0.5019608 0.5019608 0.5019608 0.5019608 0.5019608 0.5019608 0.5019608 0.5019608 0.5019608 0.5019608 0.5019608 0.5019608 0.5019608 0.5019608 0.5019608 0.5019608 0.5019608</float_array>
          <technique_common>
            <accessor source="#geom-EyeBall_pupilShape-map0-array" count="141" stride="3">
              <param name="R" type="float"/>
              <param name="G" type="float"/>
              <param name="B" type="float"/>
            </accessor>
          </technique_common>
        </source>
        <source id="geom-EyeBall_pupilShape-map1">
          <float_array id="geom-EyeBall_pupilShape-map1-array" count="423">0.6923828 0.6967773 0 0.6484375 0.7834473 0 0.6650391 0.6879883 0 0.625 0.7666016 0 0.5795898 0.8522949 0 0.5625 0.8291016 0 0.4926758 0.8964844 0 0.4838867 0.8692627 0 0.3964844 0.9117432 0 0.3964844 0.8831177 0 0.300293 0.8964844 0 0.3093262 0.8692627 0 0.213623 0.8522949 0 0.2304687 0.8291016 0 0.1447754 0.7834473 0 0.1679687 0.7666016 0 0.100647 0.6967773 0 0.1278076 0.6879883 0 0.08538818 0.6005859 0 0.1140137 0.6005859 0 0.100647 0.5043945 0 0.1278076 0.5131836 0 0.1447754 0.4179687 0 0.1679687 0.4345703 0 0.213623 0.3486328 0 0.2304687 0.3720703 0 0.300293 0.3046875 0 0.3093262 0.3320312 0 0.3964844 0.2895508 0 0.3964844 0.3178711 0 0.4926758 0.3046875 0 0.4838867 0.3320312 0 0.5795898 0.3486328 0 0.5625 0.3720703 0 0.6484375 0.4179687 0 0.625 0.4345703 0 0.6923828 0.5043945 0 0.6650391 0.5131836 0 0.7075195 0.6005859 0 0.6791992 0.6005859 0 0.6313477 0.677002 0 0.5961914 0.7458496 0 0.5415039 0.800293 0 0.4729004 0.8354492 0 0.3964844 0.8475342 0 0.3203125 0.8354492 0 0.2514648 0.800293 0 0.1967773 0.7458496 0 0.1617432 0.677002 0 0.1496582 0.6005859 0 0.1617432 0.5241699 0 0.1967773 0.4555664 0 0.2514648 0.4008789 0 0.3203125 0.3657227 0 0.3964844 0.3535156 0 0.4729004 0.3657227 0 0.5415039 0.4008789 0 0.5961914 0.4555664 0 0.6313477 0.5241699 0 0.6435547 0.6005859 0 0.5917969 0.6640625 0 0.5625 0.7211914 0 0.5170898 0.7666016 0 0.4599609 0.7957764 0 0.3964844 0.8057861 0 0.3330078 0.7957764 0 0.2758789 0.7666016 0 0.2304687 0.7211914 0 0.2012939 0.6640625 0 0.1912842 0.6005859 0 0.2012939 0.5371094 0 0.2304687 0.4799805 0 0.2758789 0.4345703 0 0.3330078 0.4052734 0 0.3964844 0.3955078 0 0.4599609 0.4052734 0 0.5170898 0.4345703 0 0.5625 0.4799805 0 0.5917969 0.5371094 0 0.6015625 0.6005859 0 0.5473633 0.6496582 0 0.5249023 0.6938477 0 0.4897461 0.7287598 0 0.4455566 0.7513428 0 0.3964844 0.7591553 0 0.3476562 0.7513428 0 0.3032227 0.7287598 0 0.2683105 0.6938477 0 0.2457275 0.6496582 0 0.2380371 0.6005859 0 0.2457275 0.5515137 0 0.2683105 0.5073242 0 0.3032227 0.472168 0 0.3476562 0.449707 0 0.3964844 0.4418945 0 0.4455566 0.449707 0 0.4897461 0.472168 0 0.5249023 0.5073242 0 0.5473633 0.5515137 0 0.5551758 0.6005859 0 0.4992676 0.6340332 0 0.4838867 0.6640625 0 0.4599609 0.6879883 0 0.4299316 0.703125 0 0.3964844 0.7084961 0 0.3632812 0.703125 0 0.3330078 0.6879883 0 0.3093262 0.6640625 0 0.2939453 0.6340332 0 0.2885742 0.6005859 0 0.2939453 0.5671387 0 0.3093262 0.5371094 0 0.3330078 0.5131836 0 0.3632812 0.4980469 0 0.3964844 0.4926758 0 0.4299316 0.4980469 0 0.4599609 0.5131836 0 0.4838867 0.5371094 0 0.4992676 0.5671387 0 0.5043945 0.6005859 0 0.4484863 0.6174316 0 0.4406738 0.6325684 0 0.4287109 0.6447754 0 0.4135742 0.6525879 0 0.3964844 0.6552734 0 0.3796387 0.6525879 0 0.364502 0.6447754 0 0.3522949 0.6325684 0 0.3444824 0.6174316 0 0.3417969 0.6005859 0 0.3444824 0.5837402 0 0.3522949 0.5683594 0 0.364502 0.5563965 0 0.3796387 0.548584 0 0.3964844 0.5458984 0 0.4135742 0.548584 0 0.4287109 0.5563965 0 0.4406738 0.5683594 0 0.4484863 0.5837402 0 0.4511719 0.6005859 0 0.3964844 0.6005859 0</float_array>
          <technique_common>
            <accessor source="#geom-EyeBall_pupilShape-map1-array" count="141" stride="3">
              <param name="S" type="float"/>
              <param name="T" type="float"/>
              <param name="P" type="float"/>
            </accessor>
          </technique_common>
        </source>
        <vertices id="geom-EyeBall_pupilShape-vertices">
          <input semantic="POSITION" source="#geom-EyeBall_pupilShape-positions"/>
        </vertices>
        <triangles material="searchlight_mt" count="260">
          <input semantic="VERTEX" source="#geom-EyeBall_pupilShape-vertices" offset="0"/>
          <input semantic="NORMAL" source="#geom-EyeBall_pupilShape-normals" offset="1"/>
          <input semantic="COLOR" source="#geom-EyeBall_pupilShape-map0" offset="2" set="0"/>
          <input semantic="TEXCOORD" source="#geom-EyeBall_pupilShape-map1" offset="3" set="0"/>
          <p>39 0 39 39 0 1 0 0 2 2 2 2 38 3 38 38 0 1 0 0 39 0 39 39 0 1 0 0 1 4 1 1 2 2 2 2 39 0 39 39 2 2 2 2 59 5 59 59 58 6 58 58 39 0 39 39 59 5 59 59 37 7 37 37 39 0 39 39 58 6 58 58 37 7 37 37 38 3 38 38 39 0 39 39 59 5 59 59 2 2 2 2 40 8 40 40 2 2 2 2 3 9 3 3 40 8 40 40 2 2 2 2 1 4 1 1 3 9 3 3 1 4 1 1 4 10 4 4 3 9 3 3 3 9 3 3 5 11 5 5 41 12 41 41 40 8 40 40 3 9 3 3 41 12 41 41 3 9 3 3 4 10 4 4 5 11 5 5 79 13 79 79 40 8 40 40 60 14 60 60 59 5 59 59 40 8 40 40 79 13 79 79 40 8 40 40 41 12 41 41 60 14 60 60 78 15 78 78 59 5 59 59 79 13 79 79 58 6 58 58 59 5 59 59 78 15 78 78 77 16 77 77 58 6 58 58 78 15 78 78 57 17 57 57 58 6 58 58 77 16 77 77 57 17 57 57 37 7 37 37 58 6 58 58 35 18 35 35 37 7 37 37 57 17 57 57 36 19 36 36 38 3 38 38 37 7 37 37 35 18 35 35 36 19 36 36 37 7 37 37 76 20 76 76 57 17 57 57 77 16 77 77 56 21 56 56 57 17 57 57 76 20 76 76 56 21 56 56 35 18 35 35 57 17 57 57 77 16 77 77 78 15 78 78 97 22 97 97 96 23 96 96 77 16 77 77 97 22 97 97 76 20 76 76 77 16 77 77 96 23 96 96 78 15 78 78 79 13 79 79 98 24 98 98 97 22 97 97 78 15 78 78 98 24 98 98 79 13 79 79 60 14 60 60 99 25 99 99 98 24 98 98 79 13 79 79 99 25 99 99 99 25 99 99 60 14 60 60 80 26 80 80 60 14 60 60 61 27 61 61 80 26 80 80 60 14 60 60 41 12 41 41 61 27 61 61 41 12 41 41 42 28 42 42 61 27 61 61 41 12 41 41 5 11 5 5 42 28 42 42 5 11 5 5 7 29 7 7 42 28 42 42 5 11 5 5 6 30 6 6 7 29 7 7 4 10 4 4 6 30 6 6 5 11 5 5 42 28 42 42 43 31 43 43 62 32 62 62 61 27 61 61 42 28 42 42 62 32 62 62 42 28 42 42 7 29 7 7 43 31 43 43 61 27 61 61 62 32 62 62 81 33 81 81 80 26 80 80 61 27 61 61 81 33 81 81 119 34 119 119 80 26 80 80 100 35 100 100 99 25 99 99 80 26 80 80 119 34 119 119 80 26 80 80 81 33 81 81 100 35 100 100 118 36 118 118 99 25 99 99 119 34 119 119 98 24 98 98 99 25 99 99 118 36 118 118 117 37 117 117 98 24 98 98 118 36 118 118 97 22 97 97 98 24 98 98 117 37 117 117 116 38 116 116 97 22 97 97 117 37 117 117 96 23 96 96 97 22 97 97 116 38 116 116 115 39 115 115 96 23 96 96 116 38 116 116 95 40 95 95 96 23 96 96 115 39 115 115 95 40 95 95 76 20 76 76 96 23 96 96 75 41 75 75 76 20 76 76 95 40 95 95 75 41 75 75 56 21 56 56 76 20 76 76 55 42 55 55 56 21 56 56 75 41 75 75 33 43 33 33 35 18 35 35 56 21 56 56 55 42 55 55 33 43 33 33 56 21 56 56 34 44 34 34 36 19 36 36 35 18 35 35 33 43 33 33 34 44 34 34 35 18 35 35 31 45 31 31 33 43 33 33 55 42 55 55 32 46 32 32 34 44 34 34 33 43 33 33 31 45 31 31 32 46 32 32 33 43 33 33 74 47 74 74 55 42 55 55 75 41 75 75 54 48 54 54 55 42 55 55 74 47 74 74 54 48 54 54 31 45 31 31 55 42 55 55 94 49 94 94 75 41 75 75 95 40 95 95 74 47 74 74 75 41 75 75 94 49 94 94 114 50 114 114 95 40 95 95 115 39 115 115 94 49 94 94 95 40 95 95 114 50 114 114 115 39 115 115 116 38 116 116 135 51 135 135 134 52 134 134 115 39 115 115 135 51 135 135 114 50 114 114 115 39 115 115 134 52 134 134 116 38 116 116 117 37 117 117 136 53 136 136 135 51 135 135 116 38 116 116 136 53 136 136 117 37 117 117 118 36 118 118 137 54 137 137 136 53 136 136 117 37 117 117 137 54 137 137 118 36 118 118 119 34 119 119 138 55 138 138 137 54 137 137 118 36 118 118 138 55 138 138 119 34 119 119 100 35 100 100 139 56 139 139 138 55 138 138 119 34 119 119 139 56 139 139 139 56 139 139 100 35 100 100 120 57 120 120 100 35 100 100 101 58 101 101 120 57 120 120 100 35 100 100 81 33 81 81 101 58 101 101 81 33 81 81 82 59 82 82 101 58 101 101 81 33 81 81 62 32 62 62 82 59 82 82 62 32 62 62 63 60 63 63 82 59 82 82 62 32 62 62 43 31 43 43 63 60 63 63 82 59 82 82 83 61 83 83 102 62 102 102 101 58 101 101 82 59 82 82 102 62 102 102 82 59 82 82 63 60 63 63 83 61 83 83 101 58 101 101 102 62 102 102 121 63 121 121 120 57 120 120 101 58 101 101 121 63 121 121 139 56 139 139 120 57 120 120 140 64 140 140 120 57 120 120 121 63 121 121 140 64 140 140 138 55 138 138 139 56 139 139 140 64 140 140 137 54 137 137 138 55 138 138 140 64 140 140 136 53 136 136 137 54 137 137 140 64 140 140 135 51 135 135 136 53 136 136 140 64 140 140 134 52 134 134 135 51 135 135 140 64 140 140 133 65 133 133 134 52 134 134 140 64 140 140 133 65 133 133 114 50 114 114 134 52 134 134 113 66 113 113 114 50 114 114 133 65 133 133 113 66 113 113 94 49 94 94 114 50 114 114 93 67 93 93 94 49 94 94 113 66 113 113 93 67 93 93 74 47 74 74 94 49 94 94 73 68 73 73 74 47 74 74 93 67 93 93 73 68 73 73 54 48 54 54 74 47 74 74 53 69 53 53 54 48 54 54 73 68 73 73 29 70 29 29 31 45 31 31 54 48 54 54 53 69 53 53 29 70 29 29 54 48 54 54 30 71 30 30 32 46 32 32 31 45 31 31 29 70 29 29 30 71 30 30 31 45 31 31 27 72 27 27 29 70 29 29 53 69 53 53 28 73 28 28 30 71 30 30 29 70 29 29 27 72 27 27 28 73 28 28 29 70 29 29 72 74 72 72 53 69 53 53 73 68 73 73 52 75 52 52 53 69 53 53 72 74 72 72 52 75 52 52 27 72 27 27 53 69 53 53 92 76 92 92 73 68 73 73 93 67 93 93 72 74 72 72 73 68 73 73 92 76 92 92 112 77 112 112 93 67 93 93 113 66 113 113 92 76 92 92 93 67 93 93 112 77 112 112 132 78 132 132 113 66 113 113 133 65 133 133 112 77 112 112 113 66 113 113 132 78 132 132 132 78 132 132 133 65 133 133 140 64 140 140 131 79 131 131 132 78 132 132 140 64 140 140 131 79 131 131 112 77 112 112 132 78 132 132 111 80 111 111 112 77 112 112 131 79 131 131 111 80 111 111 92 76 92 92 112 77 112 112 91 81 91 91 92 76 92 92 111 80 111 111 91 81 91 91 72 74 72 72 92 76 92 92 71 82 71 71 72 74 72 72 91 81 91 91 71 82 71 71 52 75 52 52 72 74 72 72 51 83 51 51 52 75 52 52 71 82 71 71 25 84 25 25 27 72 27 27 52 75 52 52 51 83 51 51 25 84 25 25 52 75 52 52 26 85 26 26 28 73 28 28 27 72 27 27 25 84 25 25 26 85 26 26 27 72 27 27 23 86 23 23 25 84 25 25 51 83 51 51 24 87 24 24 26 85 26 26 25 84 25 25 23 86 23 23 24 87 24 24 25 84 25 25 70 88 70 70 51 83 51 51 71 82 71 71 50 89 50 50 51 83 51 51 70 88 70 70 50 89 50 50 23 86 23 23 51 83 51 51 90 90 90 90 71 82 71 71 91 81 91 91 70 88 70 70 71 82 71 71 90 90 90 90 110 91 110 110 91 81 91 91 111 80 111 111 90 90 90 90 91 81 91 91 110 91 110 110 130 92 130 130 111 80 111 111 131 79 131 131 110 91 110 110 111 80 111 111 130 92 130 130 130 92 130 130 131 79 131 131 140 64 140 140 129 93 129 129 130 92 130 130 140 64 140 140 129 93 129 129 110 91 110 110 130 92 130 130 109 94 109 109 110 91 110 110 129 93 129 129 109 94 109 109 90 90 90 90 110 91 110 110 89 95 89 89 90 90 90 90 109 94 109 109 89 95 89 89 70 88 70 70 90 90 90 90 69 96 69 69 70 88 70 70 89 95 89 89 69 96 69 69 50 89 50 50 70 88 70 70 49 97 49 49 50 89 50 50 69 96 69 69 21 98 21 21 23 86 23 23 50 89 50 50 49 97 49 49 21 98 21 21 50 89 50 50 22 99 22 22 24 87 24 24 23 86 23 23 21 98 21 21 22 99 22 22 23 86 23 23 19 100 19 19 21 98 21 21 49 97 49 49 20 101 20 20 22 99 22 22 21 98 21 21 19 100 19 19 20 101 20 20 21 98 21 21 68 102 68 68 49 97 49 49 69 96 69 69 48 103 48 48 49 97 49 49 68 102 68 68 48 103 48 48 19 100 19 19 49 97 49 49 88 104 88 88 69 96 69 69 89 95 89 89 68 102 68 68 69 96 69 69 88 104 88 88 108 105 108 108 89 95 89 89 109 94 109 109 88 104 88 88 89 95 89 89 108 105 108 108 128 106 128 128 109 94 109 109 129 93 129 129 108 105 108 108 109 94 109 109 128 106 128 128 128 106 128 128 129 93 129 129 140 64 140 140 127 107 127 127 128 106 128 128 140 64 140 140 127 107 127 127 108 105 108 108 128 106 128 128 107 108 107 107 108 105 108 108 127 107 127 127 107 108 107 107 88 104 88 88 108 105 108 108 87 109 87 87 88 104 88 88 107 108 107 107 87 109 87 87 68 102 68 68 88 104 88 88 67 110 67 67 68 102 68 68 87 109 87 87 67 110 67 67 48 103 48 48 68 102 68 68 47 111 47 47 48 103 48 48 67 110 67 67 17 112 17 17 19 100 19 19 48 103 48 48 47 111 47 47 17 112 17 17 48 103 48 48 18 113 18 18 20 101 20 20 19 100 19 19 17 112 17 17 18 113 18 18 19 100 19 19 15 114 15 15 17 112 17 17 47 111 47 47 16 115 16 16 18 113 18 18 17 112 17 17 15 114 15 15 16 115 16 16 17 112 17 17 66 116 66 66 47 111 47 47 67 110 67 67 46 117 46 46 47 111 47 47 66 116 66 66 46 117 46 46 15 114 15 15 47 111 47 47 86 118 86 86 67 110 67 67 87 109 87 87 66 116 66 66 67 110 67 67 86 118 86 86 106 119 106 106 87 109 87 87 107 108 107 107 86 118 86 86 87 109 87 87 106 119 106 106 126 120 126 126 107 108 107 107 127 107 127 127 106 119 106 106 107 108 107 107 126 120 126 126 126 120 126 126 127 107 127 127 140 64 140 140 125 121 125 125 126 120 126 126 140 64 140 140 124 122 124 124 125 121 125 125 140 64 140 140 123 123 123 123 124 122 124 124 140 64 140 140 122 124 122 122 123 123 123 123 140 64 140 140 121 63 121 121 122 124 122 122 140 64 140 140 125 121 125 125 106 119 106 106 126 120 126 126 105 125 105 105 106 119 106 106 125 121 125 125 105 125 105 105 86 118 86 86 106 119 106 106 85 126 85 85 86 118 86 86 105 125 105 105 85 126 85 85 66 116 66 66 86 118 86 86 65 127 65 65 66 116 66 66 85 126 85 85 65 127 65 65 46 117 46 46 66 116 66 66 45 128 45 45 46 117 46 46 65 127 65 65 13 129 13 13 15 114 15 15 46 117 46 46 45 128 45 45 13 129 13 13 46 117 46 46 14 130 14 14 16 115 16 16 15 114 15 15 13 129 13 13 14 130 14 14 15 114 15 15 11 131 11 11 13 129 13 13 45 128 45 45 12 132 12 12 14 130 14 14 13 129 13 13 11 131 11 11 12 132 12 12 13 129 13 13 64 133 64 64 45 128 45 45 65 127 65 65 44 134 44 44 45 128 45 45 64 133 64 64 44 134 44 44 11 131 11 11 45 128 45 45 84 135 84 84 65 127 65 65 85 126 85 85 64 133 64 64 65 127 65 65 84 135 84 84 104 136 104 104 85 126 85 85 105 125 105 105 84 135 84 84 85 126 85 85 104 136 104 104 124 122 124 124 105 125 105 105 125 121 125 125 104 136 104 104 105 125 105 105 124 122 124 124 123 123 123 123 104 136 104 104 124 122 124 124 103 137 103 103 104 136 104 104 123 123 123 123 122 124 122 122 103 137 103 103 123 123 123 123 102 62 102 102 103 137 103 103 122 124 122 122 121 63 121 121 102 62 102 102 122 124 122 122 103 137 103 103 84 135 84 84 104 136 104 104 83 61 83 83 84 135 84 84 103 137 103 103 102 62 102 102 83 61 83 83 103 137 103 103 83 61 83 83 64 133 64 64 84 135 84 84 63 60 63 63 64 133 64 64 83 61 83 83 63 60 63 63 44 134 44 44 64 133 64 64 43 31 43 43 44 134 44 44 63 60 63 63 9 138 9 9 11 131 11 11 44 134 44 44 43 31 43 43 9 138 9 9 44 134 44 44 10 139 10 10 12 132 12 12 11 131 11 11 9 138 9 9 10 139 10 10 11 131 11 11 7 29 7 7 9 138 9 9 43 31 43 43 8 140 8 8 10 139 10 10 9 138 9 9 7 29 7 7 8 140 8 8 9 138 9 9 6 30 6 6 8 140 8 8 7 29 7 7</p>
        </triangles>
      </mesh>
    </geometry>
    <geometry id="geom-EyeBall_hilightShape" name="EyeBall_hilightShape">
      <mesh>
        <source id="geom-EyeBall_hilightShape-positions">
          <float_array id="geom-EyeBall_hilightShape-positions-array" count="96">0.00347559 1.52192 3.34832 -0.107308 1.73071 3.29211 -0.342893 1.48821 3.35884 -0.282245 1.8911 3.23825 -0.545523 1.67403 3.29644 -0.503283 1.98922 3.19138 -0.746474 2.01412 3.15668 -0.827093 1.70292 3.25626 -0.990645 1.96379 3.13713 -1.20909 1.84357 3.13492 -1.07994 1.56377 3.25369 -1.38281 1.66393 3.15023 -1.49292 1.44459 3.18134 -1.20738 1.3098 3.28973 -1.52971 1.20456 3.2256 -1.48946 0.970032 3.27811 -1.16071 1.03814 3.35055 -1.37553 0.761434 3.33433 -1.20044 0.601308 3.38814 -0.957915 0.852638 3.41289 -0.97946 0.503627 3.43486 -0.736477 0.478936 3.46945 -0.67659 0.823996 3.45295 -0.492753 0.529333 3.4889 -0.27458 0.649415 3.49111 -0.424062 0.962981 3.4555 -0.101074 0.828647 3.47588 0.00760566 1.04769 3.44486 -0.296577 1.21661 3.41958 0.0455461 1.28742 3.40076 0.0455461 1.28742 3.40076 -0.758362 1.27413 3.38135</float_array>
          <technique_common>
            <accessor source="#geom-EyeBall_hilightShape-positions-array" count="32" stride="3">
              <param name="X" type="float"/>
              <param name="Y" type="float"/>
              <param name="Z" type="float"/>
            </accessor>
          </technique_common>
        </source>
        <source id="geom-EyeBall_hilightShape-normals">
          <float_array id="geom-EyeBall_hilightShape-normals-array" count="96">-0.02481452 0.1842318 0.9825696 0.006546406 0.2359758 0.9717369 -0.03431557 0.2421629 0.9696286 0.01197289 0.2025547 0.9791977 -0.01467718 0.2784314 0.960344 -0.05048479 0.1323471 0.9899169 -0.1187573 0.1978271 0.9730165 0.004732101 0.156312 0.9876964 0.01197289 0.2025547 0.9791977 -0.0765039 0.2835468 0.9559019 -0.03907006 0.3025488 0.9523328 -0.1355073 0.2917679 0.9468418 -0.1881744 0.2635175 0.946123 -0.2136474 0.2093744 0.9542103 -0.202094 0.1512958 0.9676092 -0.1586976 0.1116377 0.9809955 -0.1011433 0.1048057 0.9893361 -0.01011926 0.126132 0.9919619 -0.04236525 0.0927274 0.9947898 -0.07174081 0.07656424 0.9944803 -0.1173766 0.06775251 0.9907737 -0.1507795 0.07136085 0.9859884 -0.193549 0.09054673 0.9769034 -0.2189627 0.113145 0.969151 -0.2429702 0.1540846 0.9577178 -0.2502675 0.1877617 0.9497957 -0.2453097 0.2362739 0.9402115 -0.2307795 0.2681438 0.9353287 -0.1968256 0.3047622 0.931869 -0.165794 0.3215769 0.9322557 -0.1169099 0.3299118 0.9367445 -0.08211292 0.3250328 0.9421312</float_array>
          <technique_common>
            <accessor source="#geom-EyeBall_hilightShape-normals-array" count="32" stride="3">
              <param name="X" type="float"/>
              <param name="Y" type="float"/>
              <param name="Z" type="float"/>
            </accessor>
          </technique_common>
        </source>
        <source id="geom-EyeBall_hilightShape-map-2">
          <float_array id="geom-EyeBall_hilightShape-map-2-array" count="96">0 0 0 0 0 0 1 1 1 0 0 0 1 1 1 0 0 0 0 0 0 1 1 1 0 0 0 0 0 0 1 1 1 0 0 0 0 0 0 1 1 1 0 0 0 0 0 0 1 1 1 0 0 0 0 0 0 1 1 1 0 0 0 0 0 0 1 1 1 0 0 0 0 0 0 1 1 1 0 0 0 0 0 0 1 1 1 0 0 0 0 0 0 1 1 1</float_array>
          <technique_common>
            <accessor source="#geom-EyeBall_hilightShape-map-2-array" count="32" stride="3">
              <param name="R" type="float"/>
              <param name="G" type="float"/>
              <param name="B" type="float"/>
            </accessor>
          </technique_common>
        </source>
        <source id="geom-EyeBall_hilightShape-map0">
          <float_array id="geom-EyeBall_hilightShape-map0-array" count="96">0.5019608 0.5019608 0.5019608 0.5019608 0.5019608 0.5019608 0.5019608 0.5019608 0.5019608 0.5019608 0.5019608 0.5019608 0.5019608 0.5019608 0.5019608 0.5019608 0.5019608 0.5019608 0.5019608 0.5019608 0.5019608 0.5019608 0.5019608 0.5019608 0.5019608 0.5019608 0.5019608 0.5019608 0.5019608 0.5019608 0.5019608 0.5019608 0.5019608 0.5019608 0.5019608 0.5019608 0.5019608 0.5019608 0.5019608 0.5019608 0.5019608 0.5019608 0.5019608 0.5019608 0.5019608 0.5019608 0.5019608 0.5019608 0.5019608 0.5019608 0.5019608 0.5019608 0.5019608 0.5019608 0.5019608 0.5019608 0.5019608 0.5019608 0.5019608 0.5019608 0.5019608 0.5019608 0.5019608 0.5019608 0.5019608 0.5019608 0.5019608 0.5019608 0.5019608 0.5019608 0.5019608 0.5019608 0.5019608 0.5019608 0.5019608 0.5019608 0.5019608 0.5019608 0.5019608 0.5019608 0.5019608 0.5019608 0.5019608 0.5019608 0.5019608 0.5019608 0.5019608 0.5019608 0.5019608 0.5019608 0.5019608 0.5019608 0.5019608 0.5019608 0.5019608 0.5019608</float_array>
          <technique_common>
            <accessor source="#geom-EyeBall_hilightShape-map0-array" count="32" stride="3">
              <param name="R" type="float"/>
              <param name="G" type="float"/>
              <param name="B" type="float"/>
            </accessor>
          </technique_common>
        </source>
        <source id="geom-EyeBall_hilightShape-map1">
          <float_array id="geom-EyeBall_hilightShape-map1-array" count="96">0.1374512 0.09667969 0 0.1296387 0.1123047 0 0.1095581 0.09228516 0 0.1176147 0.1240234 0 0.09777832 0.1040039 0 0.102417 0.1318359 0 0.08551025 0.1347656 0 0.08129883 0.1064453 0 0.06860352 0.1318359 0 0.05340576 0.1240234 0 0.06640625 0.09912109 0 0.0413208 0.1123047 0 0.03356934 0.09667969 0 0.05886841 0.08398437 0 0.03088379 0.08007812 0 0.03356934 0.06298828 0 0.06149292 0.06787109 0 0.0413208 0.04785156 0 0.05340576 0.03564453 0 0.07324219 0.05615234 0 0.06860352 0.02783203 0 0.08551025 0.02539062 0 0.08972168 0.05322266 0 0.102417 0.02783203 0 0.1176147 0.03564453 0 0.1046143 0.06103516 0 0.1296387 0.04785156 0 0.1374512 0.06298828 0 0.1121826 0.07568359 0 0.1401367 0.08007812 0 0.1401367 0.08007812 0 0.08551025 0.08007812 0</float_array>
          <technique_common>
            <accessor source="#geom-EyeBall_hilightShape-map1-array" count="32" stride="3">
              <param name="S" type="float"/>
              <param name="T" type="float"/>
              <param name="P" type="float"/>
            </accessor>
          </technique_common>
        </source>
        <vertices id="geom-EyeBall_hilightShape-vertices">
          <input semantic="POSITION" source="#geom-EyeBall_hilightShape-positions"/>
        </vertices>
        <triangles material="searchlight_mt" count="40">
          <input semantic="VERTEX" source="#geom-EyeBall_hilightShape-vertices" offset="0"/>
          <input semantic="NORMAL" source="#geom-EyeBall_hilightShape-normals" offset="1"/>
          <input semantic="COLOR" source="#geom-EyeBall_hilightShape-map0" offset="2" set="0"/>
          <input semantic="TEXCOORD" source="#geom-EyeBall_hilightShape-map1" offset="3" set="0"/>
          <p>28 0 28 28 0 1 0 0 2 2 2 2 30 3 30 30 0 1 0 0 28 0 28 28 0 1 0 0 1 4 1 1 2 2 2 2 25 5 25 25 28 0 28 28 31 6 31 31 28 0 28 28 2 2 2 2 31 6 31 31 27 7 27 27 29 8 29 29 28 0 28 28 25 5 25 25 27 7 27 27 28 0 28 28 2 2 2 2 4 9 4 4 31 6 31 31 2 2 2 2 3 10 3 3 4 9 4 4 1 4 1 1 3 10 3 3 2 2 2 2 7 11 7 7 10 12 10 10 31 6 31 31 10 12 10 10 13 13 13 13 31 6 31 31 13 13 13 13 16 14 16 16 31 6 31 31 16 14 16 16 19 15 19 19 31 6 31 31 19 15 19 19 22 16 22 22 31 6 31 31 22 16 22 22 25 5 25 25 31 6 31 31 4 9 4 4 7 11 7 7 31 6 31 31 26 17 26 26 27 7 27 27 25 5 25 25 24 18 24 24 26 17 26 26 25 5 25 25 22 16 22 22 24 18 24 24 25 5 25 25 23 19 23 23 24 18 24 24 22 16 22 22 21 20 21 21 23 19 23 23 22 16 22 22 19 15 19 19 21 20 21 21 22 16 22 22 20 21 20 20 21 20 21 21 19 15 19 19 18 22 18 18 20 21 20 20 19 15 19 19 16 14 16 16 18 22 18 18 19 15 19 19 17 23 17 17 18 22 18 18 16 14 16 16 15 24 15 15 17 23 17 17 16 14 16 16 13 13 13 13 15 24 15 15 16 14 16 16 14 25 14 14 15 24 15 15 13 13 13 13 12 26 12 12 14 25 14 14 13 13 13 13 10 12 10 10 12 26 12 12 13 13 13 13 11 27 11 11 12 26 12 12 10 12 10 10 9 28 9 9 11 27 11 11 10 12 10 10 7 11 7 7 9 28 9 9 10 12 10 10 8 29 8 8 9 28 9 9 7 11 7 7 6 30 6 6 8 29 8 8 7 11 7 7 4 9 4 4 6 30 6 6 7 11 7 7 5 31 5 5 6 30 6 6 4 9 4 4 3 10 3 3 5 31 5 5 4 9 4 4</p>
        </triangles>
      </mesh>
    </geometry>
    <geometry id="geom-EyeBall_Up_AShape" name="EyeBall_Up_AShape">
      <mesh>
        <source id="geom-EyeBall_Up_AShape-positions">
          <float_array id="geom-EyeBall_Up_AShape-positions-array" count="723">0.866947 0.288926 -5.83062 0.733978 0.549449 -5.83065 1.72214 0.566761 -5.61306 1.46162 1.07804 -5.61306 0.527015 0.755988 -5.8307 1.05588 1.48378 -5.61306 0.267443 0.887601 -5.83082 0.546035 1.74382 -5.61306 0 0.934414 -5.8307 0 1.83407 -5.61306 -0.267443 0.887601 -5.83082 -0.546035 1.74382 -5.61306 -0.527014 0.755988 -5.8307 -1.05588 1.48378 -5.61306 -0.733978 0.549449 -5.83065 -1.46162 1.07804 -5.61306 -0.866947 0.288926 -5.83062 -1.72214 0.566761 -5.61306 -0.912779 0 -5.83061 -1.8119 0 -5.61306 -0.866948 -0.288926 -5.83062 -1.72214 -0.566761 -5.61306 -0.733979 -0.549449 -5.83065 -1.46162 -1.07804 -5.61306 -0.527014 -0.755988 -5.8307 -1.05588 -1.48378 -5.61306 -0.267442 -0.887601 -5.83082 -0.546035 -1.74382 -5.61306 0 -0.934414 -5.8307 0 -1.83407 -5.61306 0.267442 -0.887601 -5.83082 0.546035 -1.74382 -5.61306 0.527014 -0.755987 -5.8307 1.05588 -1.48378 -5.61306 0.733978 -0.549449 -5.83065 1.46162 -1.07804 -5.61306 0.866947 -0.288926 -5.83062 1.72214 -0.566761 -5.61306 0.912778 0 -5.83061 1.8119 0 -5.61306 2.53521 0.830942 -5.25734 2.15327 1.58055 -5.25734 1.5584 2.17542 -5.25734 0.810203 2.55698 -5.25731 0 2.68887 -5.2574 -0.810203 2.55698 -5.25731 -1.5584 2.17542 -5.25734 -2.15327 1.58055 -5.25734 -2.53521 0.830943 -5.25734 -2.66682 0 -5.25734 -2.53521 -0.830943 -5.25734 -2.15327 -1.58055 -5.25734 -1.5584 -2.17542 -5.25734 -0.810203 -2.55698 -5.25731 0 -2.68887 -5.2574 0.810202 -2.55698 -5.25731 1.5584 -2.17542 -5.25734 2.15327 -1.58055 -5.25734 2.53521 -0.830943 -5.25734 2.66682 0 -5.25734 3.28525 1.07464 -4.77247 2.79129 2.04409 -4.77247 2.02195 2.81344 -4.77247 1.05389 3.30703 -4.77242 0 3.47748 -4.77258 -1.05389 3.30703 -4.77242 -2.02195 2.81344 -4.77247 -2.79129 2.04409 -4.77247 -3.28525 1.07464 -4.77247 -3.45545 0 -4.77247 -3.28525 -1.07464 -4.77247 -2.79129 -2.04409 -4.77247 -2.02195 -2.81344 -4.77247 -1.05389 -3.30703 -4.77242 0 -3.47748 -4.77258 1.05389 -3.30703 -4.77242 2.02195 -2.81344 -4.77247 2.79129 -2.04409 -4.77247 3.28525 -1.07464 -4.77247 3.45545 0 -4.77247 3.95386 1.29189 -4.17045 3.36004 2.45732 -4.17045 2.43517 3.3822 -4.17045 1.27112 3.97564 -4.17039 0 4.18052 -4.17058 -1.27112 3.97564 -4.17039 -2.43517 3.3822 -4.17045 -3.36004 2.45732 -4.17045 -3.95386 1.29189 -4.17045 -4.15847 0 -4.17045 -3.95386 -1.29189 -4.17045 -3.36004 -2.45732 -4.17045 -2.43517 -3.3822 -4.17045 -1.27112 -3.97564 -4.17039 0 -4.18051 -4.17058 1.27112 -3.97564 -4.17039 2.43517 -3.3822 -4.17045 3.36004 -2.45732 -4.17045 3.95386 -1.29189 -4.17045 4.15847 0 -4.17045 4.5247 1.47737 -3.4661 3.84563 2.81012 -3.46611 2.78797 3.86778 -3.4661 1.45658 4.54647 -3.46604 0 4.78076 -3.46624 -1.45658 4.54647 -3.46604 -2.78797 3.86778 -3.4661 -3.84563 2.81012 -3.46611 -4.5247 1.47737 -3.46611 -4.75869 0 -3.46611 -4.5247 -1.47737 -3.46611 -3.84563 -2.81012 -3.46611 -2.78797 -3.86778 -3.4661 -1.45658 -4.54646 -3.46604 0 -4.78076 -3.46624 1.45658 -4.54646 -3.46604 2.78797 -3.86778 -3.4661 3.84563 -2.81012 -3.46611 4.5247 -1.47737 -3.4661 4.75869 0 -3.4661 4.98381 1.62654 -2.67676 4.23618 3.09387 -2.67676 3.07172 4.25833 -2.67676 1.60575 5.00557 -2.6767 0 5.26354 -2.67688 -1.60575 5.00557 -2.6767 -3.07172 4.25833 -2.67676 -4.23617 3.09387 -2.67676 -4.98381 1.62654 -2.67676 -5.24143 0 -2.67676 -4.98381 -1.62654 -2.67676 -4.23617 -3.09387 -2.67676 -3.07172 -4.25833 -2.67676 -1.60575 -5.00556 -2.6767 0 -5.26354 -2.67688 1.60575 -5.00556 -2.6767 3.07172 -4.25833 -2.67676 4.23617 -3.09387 -2.67676 4.98381 -1.62654 -2.67676 5.24143 0 -2.67676 5.32 1.73577 -1.8218 4.52215 3.30164 -1.8218 3.27949 4.5443 -1.8218 1.71497 5.34174 -1.82176 0 5.61705 -1.82189 -1.71497 5.34173 -1.82176 -3.27949 4.5443 -1.8218 -4.52215 3.30164 -1.8218 -5.31999 1.73577 -1.8218 -5.59492 0 -1.8218 -5.31999 -1.73577 -1.8218 -4.52215 -3.30164 -1.8218 -3.27949 -4.5443 -1.8218 -1.71497 -5.34173 -1.82176 0 -5.61705 -1.82189 1.71497 -5.34173 -1.82176 3.27949 -4.5443 -1.8218 4.52215 -3.30164 -1.8218 5.31999 -1.73577 -1.8218 5.59491 0 -1.8218 5.52504 1.8024 -0.922203 4.69657 3.42836 -0.922203 3.40622 4.71872 -0.922202 1.78159 5.54677 -0.922179 0 5.83267 -0.922251 -1.78159 5.54677 -0.922179 -3.40622 4.71872 -0.922202 -4.69657 3.42836 -0.922203 -5.52504 1.8024 -0.922203 -5.81051 0 -0.922203 -5.52504 -1.8024 -0.922203 -4.69657 -3.42836 -0.922203 -3.40622 -4.71872 -0.922202 -1.78159 -5.54677 -0.922179 0 -5.83267 -0.922251 1.78159 -5.54677 -0.922179 3.40622 -4.71872 -0.922202 4.69657 -3.42836 -0.922203 5.52504 -1.8024 -0.922203 5.81051 0 -0.922203 5.59395 1.82479 -8.18666e-4 4.75519 3.47095 -8.18687e-4 3.4488 4.77734 -8.18772e-4 1.80398 5.61568 -8.18745e-4 0 5.90514 -8.19013e-4 -1.80398 5.61568 -8.18617e-4 -3.4488 4.77734 -8.18513e-4 -4.75519 3.47095 -8.18513e-4 -5.59395 1.82479 -8.186e-4 -5.88297 0 -8.18626e-4 -5.59395 -1.82479 -8.18653e-4 -4.75519 -3.47095 -8.18637e-4 -3.4488 -4.77734 -8.18661e-4 -1.80398 -5.61568 -8.18466e-4 0 -5.90513 -8.18463e-4 1.80398 -5.61567 -8.18405e-4 3.4488 -4.77734 -8.18703e-4 4.75519 -3.47095 -8.18598e-4 5.59395 -1.82479 -8.18626e-4 5.88297 0 -8.18626e-4 5.59395 1.82479 -8.18666e-4 4.75519 3.47095 -8.18687e-4 5.53574 1.80587 0.826075 4.70567 3.43498 0.826075 3.4488 4.77734 -8.18772e-4 3.41283 4.72782 0.826074 1.80398 5.61568 -8.18745e-4 1.78508 5.55746 0.826058 0 5.90514 -8.19013e-4 0 5.84393 0.82611 -1.80398 5.61568 -8.18617e-4 -1.78508 5.55746 0.826058 -3.4488 4.77734 -8.18513e-4 -3.41283 4.72782 0.826075 -4.75519 3.47095 -8.18513e-4 -4.70567 3.43497 0.826075 -5.59395 1.82479 -8.186e-4 -5.53574 1.80587 0.826075 -5.88297 0 -8.18626e-4 -5.82176 0 0.826075 -5.59395 -1.82479 -8.18653e-4 -5.53574 -1.80587 0.826075 -4.75519 -3.47095 -8.18637e-4 -4.70567 -3.43497 0.826075 -3.4488 -4.77734 -8.18661e-4 -3.41283 -4.72782 0.826074 -1.80398 -5.61568 -8.18466e-4 -1.78508 -5.55746 0.826059 0 -5.90513 -8.18463e-4 0 -5.84392 0.826111 1.80398 -5.61567 -8.18405e-4 1.78508 -5.55746 0.826058 3.4488 -4.77734 -8.18703e-4 3.41283 -4.72782 0.826074 4.75519 -3.47095 -8.18598e-4 4.70567 -3.43497 0.826075 5.59395 -1.82479 -8.18626e-4 5.53574 -1.80587 0.826076 5.88297 0 -8.18626e-4 5.82176 0 0.826075 0 0 -5.90513</float_array>
          <technique_common>
            <accessor source="#geom-EyeBall_Up_AShape-positions-array" count="241" stride="3">
              <param name="X" type="float"/>
              <param name="Y" type="float"/>
              <param name="Z" type="float"/>
            </accessor>
          </technique_common>
        </source>
        <source id="geom-EyeBall_Up_AShape-normals">
          <float_array id="geom-EyeBall_Up_AShape-normals-array" count="723">0.1925607 0.06257916 -0.9792876 0.2024522 3.05266e-5 -0.9792922 3.05176e-5 3.05176e-5 -1 0.1636281 0.1189356 -0.9793264 0.3350675 3.05273e-5 -0.9421941 0.3187009 0.1035473 -0.9421824 0.1925607 -0.06257916 -0.9792876 0.1636281 -0.1189356 -0.9793264 0.1188176 -0.1635116 -0.9793602 0.06411281 -0.1914836 -0.9793996 3.05266e-5 -0.2024522 -0.9792922 -0.06411281 -0.1914836 -0.9793996 -0.1188176 -0.1635116 -0.9793602 -0.1636281 -0.1189356 -0.9793264 -0.1925607 -0.06257916 -0.9792876 -0.2024522 3.05266e-5 -0.9792922 -0.1925607 0.06257916 -0.9792876 -0.1636281 0.1189356 -0.9793264 -0.1188176 0.1635116 -0.9793602 -0.06411281 0.1914836 -0.9793996 3.05266e-5 0.2024522 -0.9792922 0.06411281 0.1914836 -0.9793996 0.1188176 0.1635116 -0.9793602 0.3187009 -0.1035473 -0.9421824 0.4720452 3.05254e-5 -0.8815744 0.4488705 -0.1457974 -0.8816226 0.4488705 0.1457974 -0.8816226 0.271081 0.1969611 -0.9421897 0.1969741 0.2708547 -0.942252 0.1054959 0.318197 -0.9421366 -0.1054959 0.318197 -0.9421366 3.05223e-5 0.335501 -0.9420398 -0.1969741 0.2708547 -0.942252 -0.271081 0.1969611 -0.9421897 -0.3187009 0.1035473 -0.9421824 -0.3350675 3.05273e-5 -0.9421941 -0.3187009 -0.1035473 -0.9421824 -0.271081 -0.1969611 -0.9421897 -0.1969741 -0.2708547 -0.942252 -0.1054959 -0.318197 -0.9421366 -0.2774401 -0.3817244 -0.8816539 -0.381933 -0.2774142 -0.8815717 -0.4488705 -0.1457974 -0.8816226 -0.4720452 3.05254e-5 -0.8815744 -0.4488705 0.1457974 -0.8816226 -0.381933 0.2774142 -0.8815717 -0.2774401 0.3817244 -0.8816539 -0.147725 0.4485468 -0.8814665 3.05219e-5 0.472235 -0.8814727 0.147725 0.4485468 -0.8814665 0.2774401 0.3817244 -0.8816539 0.381933 0.2774142 -0.8815717 0.600703 3.05235e-5 -0.7994722 0.5713732 0.1855742 -0.7994341 0.5713732 -0.1855742 -0.7994341 0.7160856 3.05289e-5 -0.6980125 0.6809741 -0.2212922 -0.6980717 0.6809741 0.2212922 -0.6980717 0.485943 0.3531023 -0.7994861 0.3531023 0.485943 -0.7994861 0.1875116 0.570836 -0.7993658 -0.1875116 0.570836 -0.7993658 3.05235e-5 0.600703 -0.7994722 -0.3531023 0.485943 -0.7994861 -0.485943 0.3531023 -0.7994861 -0.5713732 0.1855742 -0.7994341 -0.600703 3.05235e-5 -0.7994722 -0.5713732 -0.1855742 -0.7994341 -0.485943 -0.3531023 -0.7994861 -0.6809741 -0.2212922 -0.6980717 -0.7160856 3.05289e-5 -0.6980125 -0.6809741 0.2212922 -0.6980717 -0.5792827 0.4210301 -0.6979722 -0.4210301 0.5792827 -0.6979722 -0.2231074 0.6804348 -0.6980197 3.05289e-5 0.7160856 -0.6980125 0.2231074 0.6804348 -0.6980197 0.4210301 0.5792827 -0.6979722 0.5792827 0.4210301 -0.6979722 0.8147554 3.05289e-5 -0.579805 0.7749971 0.2517398 -0.5796607 0.7749971 -0.2517398 -0.5796607 0.659294 -0.4788428 -0.5796904 0.5792827 -0.4210301 -0.6979722 0.485943 -0.3531023 -0.7994861 0.479031 -0.6592169 -0.5796226 0.4210301 -0.5792827 -0.6979722 0.7234992 -0.5256483 -0.447485 0.5256483 -0.7234992 -0.447485 0.8506192 -0.276378 -0.4472831 0.8943294 3.05274e-5 -0.4474089 0.8506192 0.276378 -0.4472831 0.659294 0.4788428 -0.5796904 0.479031 0.6592169 -0.5796226 0.2535072 0.7746867 -0.5793054 -0.2535072 0.7746867 -0.5793054 3.05289e-5 0.8147554 -0.579805 -0.479031 0.6592169 -0.5796226 -0.659294 0.4788428 -0.5796904 -0.7749971 0.2517398 -0.5796607 -0.7234992 0.5256483 -0.447485 -0.5256483 0.7234992 -0.447485 -0.2781862 0.8499456 -0.4474427 3.05274e-5 0.8943294 -0.4474089 0.2781862 0.8499456 -0.4474427 0.5256483 0.7234992 -0.447485 0.7234992 0.5256483 -0.447485 0.9525659 3.0531e-5 -0.3043326 0.9059933 0.2942647 -0.304277 0.9059933 -0.2942647 -0.304277 0.7707628 -0.5597555 -0.3042999 0.5597555 -0.7707628 -0.3042999 0.2961785 -0.9053832 -0.3042361 0.2781862 -0.8499456 -0.4474427 0.2535072 -0.7746867 -0.5793054 3.05274e-5 -0.8943294 -0.4474089 3.05289e-5 -0.8147554 -0.579805 0.3069572 -0.9391866 -0.153967 3.05257e-5 -0.9880562 -0.1540938 3.0531e-5 -0.9525659 -0.3043326 0.5808813 -0.7992614 -0.1541363 0.7994378 -0.5806546 -0.1540761 0.9397179 -0.3052618 -0.1540961 0.9880562 3.05257e-5 -0.1540938 0.9397179 0.3052618 -0.1540961 0.7707628 0.5597555 -0.3042999 0.5597555 0.7707628 -0.3042999 0.2961785 0.9053832 -0.3042361 -0.2961785 0.9053832 -0.3042361 3.0531e-5 0.9525659 -0.3043326 -0.5597555 0.7707628 -0.3042999 -0.3069572 0.9391866 -0.153967 3.05257e-5 0.9880562 -0.1540938 -0.7707628 0.5597555 -0.3042999 -0.5808813 0.7992614 -0.1541363 -0.3108683 0.9504316 -0.006375944 3.05319e-5 0.9999796 -0.00638116 0.3108683 0.9504316 -0.00637976 0.3069572 0.9391866 -0.153967 0.5808813 0.7992614 -0.1541363 0.7994378 0.5806546 -0.1540761 0.9999796 3.05319e-5 -0.00638116 0.9510542 0.3089583 -0.00638066 0.9510542 -0.3089583 -0.00638066 0.8090364 -0.5877239 -0.006381665 0.5877239 -0.8090364 -0.006381665 0.3108683 -0.9504316 -0.00637976 3.05319e-5 -0.9999796 -0.00638116 -0.3108683 -0.9504316 -0.00637976 -0.3069572 -0.9391866 -0.153967 -0.5877239 -0.8090364 -0.006381665 -0.5808813 -0.7992614 -0.1541363 -0.2961785 -0.9053832 -0.3042361 -0.5597555 -0.7707628 -0.3042999 -0.2781862 -0.8499456 -0.4474427 -0.8090364 -0.5877239 -0.006381665 -0.7994378 -0.5806546 -0.1540761 -0.7707628 -0.5597555 -0.3042999 -0.5256483 -0.7234992 -0.447485 -0.2535072 -0.7746867 -0.5793054 -0.7234992 -0.5256483 -0.447485 -0.479031 -0.6592169 -0.5796226 -0.9397179 -0.3052618 -0.1540961 -0.9059933 -0.2942647 -0.304277 -0.9510542 -0.3089583 -0.00638066 -0.9999796 3.05319e-5 -0.00638116 -0.9880562 3.05257e-5 -0.1540938 -0.9525659 3.0531e-5 -0.3043326 -0.8506192 -0.276378 -0.4472831 -0.659294 -0.4788428 -0.5796904 -0.2231074 -0.6804348 -0.6980197 -0.4210301 -0.5792827 -0.6979722 3.05289e-5 -0.7160856 -0.6980125 0.2231074 -0.6804348 -0.6980197 3.05235e-5 -0.600703 -0.7994722 -0.1875116 -0.570836 -0.7993658 -0.5792827 -0.4210301 -0.6979722 -0.3531023 -0.485943 -0.7994861 -0.7749971 -0.2517398 -0.5796607 -0.8943294 3.05274e-5 -0.4474089 -0.9397179 0.3052618 -0.1540961 -0.9059933 0.2942647 -0.304277 -0.9510542 0.3089583 -0.00638066 -0.8090364 0.5877239 -0.006381665 -0.7994378 0.5806546 -0.1540761 -0.8506192 0.276378 -0.4472831 -0.8147554 3.05289e-5 -0.579805 -0.147725 -0.4485468 -0.8814665 3.05219e-5 -0.472235 -0.8814727 0.1875116 -0.570836 -0.7993658 0.3531023 -0.485943 -0.7994861 0.2774401 -0.3817244 -0.8816539 0.147725 -0.4485468 -0.8814665 3.05223e-5 -0.335501 -0.9420398 0.1054959 -0.318197 -0.9421366 0.1969741 -0.2708547 -0.942252 0.381933 -0.2774142 -0.8815717 0.271081 -0.1969611 -0.9421897 -0.5877239 0.8090364 -0.006381665 0.8090364 0.5877239 -0.006381665 0.5877239 0.8090364 -0.006381665 0.9972726 3.05238e-5 0.07380647 0.9510542 0.3089583 -0.00638066 0.9484616 0.3081768 0.07380858 0.9999796 3.05319e-5 -0.00638116 0.8090364 0.5877239 -0.006381665 0.9484616 -0.3081768 0.07380858 0.9510542 -0.3089583 -0.00638066 0.8068678 -0.5861025 0.07381228 0.8090364 -0.5877239 -0.006381665 0.5861025 -0.8068678 0.07381228 0.5877239 -0.8090364 -0.006381665 0.309866 -0.9479114 0.07380377 0.3108683 -0.9504316 -0.00637976 3.05238e-5 -0.9972726 0.07380647 3.05319e-5 -0.9999796 -0.00638116 -0.309866 -0.9479114 0.07380377 -0.3108683 -0.9504316 -0.00637976 -0.5861025 -0.8068678 0.07381228 -0.5877239 -0.8090364 -0.006381665 -0.8068678 -0.5861025 0.07381228 -0.8090364 -0.5877239 -0.006381665 -0.9484616 -0.3081768 0.07380858 -0.9510542 -0.3089583 -0.00638066 -0.9972726 3.05238e-5 0.07380647 -0.9999796 3.05319e-5 -0.00638116 -0.9484616 0.3081768 0.07380858 -0.9510542 0.3089583 -0.00638066 -0.8068678 0.5861025 0.07381228 -0.8090364 0.5877239 -0.006381665 -0.5861025 0.8068678 0.07381228 -0.5877239 0.8090364 -0.006381665 -0.309866 0.9479114 0.07380377 -0.3108683 0.9504316 -0.006375944 3.05238e-5 0.9972726 0.07380647 3.05319e-5 0.9999796 -0.00638116 0.309866 0.9479114 0.07380377 0.3108683 0.9504316 -0.00637976 0.5861025 0.8068678 0.07381228 0.5877239 0.8090364 -0.006381665 0.8068678 0.5861025 0.07381228</float_array>
          <technique_common>
            <accessor source="#geom-EyeBall_Up_AShape-normals-array" count="241" stride="3">
              <param name="X" type="float"/>
              <param name="Y" type="float"/>
              <param name="Z" type="float"/>
            </accessor>
          </technique_common>
        </source>
        <source id="geom-EyeBall_Up_AShape-map-2">
          <float_array id="geom-EyeBall_Up_AShape-map-2-array" count="723">1 1 1 1 1 1 1 1 1 1 1 1 1 1 1 1 1 1 1 1 1 1 1 1 1 1 1 1 1 1 1 1 1 1 1 1 1 1 1 1 1 1 1 1 1 1 1 1 1 1 1 1 1 1 1 1 1 1 1 1 1 1 1 1 1 1 1 1 1 1 1 1 1 1 1 1 1 1 1 1 1 1 1 1 1 1 1 1 1 1 1 1 1 1 1 1 1 1 1 1 1 1 1 1 1 1 1 1 1 1 1 1 1 1 1 1 1 1 1 1 1 1 1 1 1 1 1 1 1 1 1 1 1 1 1 1 1 1 1 1 1 1 1 1 1 1 1 1 1 1 1 1 1 1 1 1 1 1 1 1 1 1 1 1 1 1 1 1 1 1 1 1 1 1 1 1 1 1 1 1 1 1 1 1 1 1 1 1 1 1 1 1 1 1 1 1 1 1 1 1 1 1 1 1 1 1 1 1 1 1 1 1 1 1 1 1 1 1 1 1 1 1 1 1 1 1 1 1 1 1 1 1 1 1 1 1 1 1 1 1 1 1 1 1 1 1 1 1 1 1 1 1 1 1 1 1 1 1 1 1 1 1 1 1 1 1 1 1 1 1 1 1 1 1 1 1 1 1 1 1 1 1 1 1 1 1 1 1 1 1 1 1 1 1 1 1 1 1 1 1 1 1 1 1 1 1 1 1 1 1 1 1 1 1 1 1 1 1 1 1 1 1 1 1 1 1 1 1 1 1 1 1 1 1 1 1 1 1 1 1 1 1 1 1 1 1 1 1 1 1 1 1 1 1 1 1 1 1 1 1 1 1 1 1 1 1 1 1 1 1 1 1 1 1 1 1 1 1 1 1 1 1 1 1 1 1 1 1 1 1 1 1 1 1 1 1 1 1 1 1 1 1 1 1 1 1 1 1 1 1 1 1 1 1 1 1 1 1 1 1 1 1 1 1 1 1 1 1 1 1 1 1 1 1 1 1 1 1 1 1 1 1 1 1 1 1 1 1 1 1 1 1 1 1 1 1 1 1 1 1 1 1 1 1 1 1 1 1 1 1 1 1 1 1 1 1 1 1 1 1 1 1 1 1 1 1 1 1 1 1 1 1 1 1 1 1 1 1 1 1 1 1 1 1 1 1 1 1 1 1 1 1 1 1 1 1 1 1 1 1 1 1 1 1 1 1 1 1 1 1 1 1 1 1 1 1 1 1 1 1 0.53125 0.53125 0.53125 0.53125 0.53125 0.53125 0.53125 0.53125 0.53125 0.53125 0.53125 0.53125 0.53125 0.53125 0.53125 0.53125 0.53125 0.53125 0.53125 0.53125 0.53125 0.53125 0.53125 0.53125 0.53125 0.53125 0.53125 0.53125 0.53125 0.53125 0.53125 0.53125 0.53125 0.53125 0.53125 0.53125 0.53125 0.53125 0.53125 0.53125 0.53125 0.53125 0.53125 0.53125 0.53125 0.53125 0.53125 0.53125 0.53125 0.53125 0.53125 0.53125 0.53125 0.53125 0.53125 0.53125 0.53125 0.53125 0.53125 0.53125 0.53125 0.53125 0.53125 0.53125 0.53125 0.53125 0 0 0 0 0 0 0.53125 0.53125 0.53125 0 0 0 0.53125 0.53125 0.53125 0 0 0 0.53125 0.53125 0.53125 0 0 0 0.53125 0.53125 0.53125 0 0 0 0.53125 0.53125 0.53125 0 0 0 0.53125 0.53125 0.53125 0 0 0 0.53125 0.53125 0.53125 0 0 0 0.53125 0.53125 0.53125 0 0 0 0.53125 0.53125 0.53125 0 0 0 0.53125 0.53125 0.53125 0 0 0 0.53125 0.53125 0.53125 0 0 0 0.53125 0.53125 0.53125 0 0 0 0.53125 0.53125 0.53125 0 0 0 0.53125 0.53125 0.53125 0 0 0 0.53125 0.53125 0.53125 0 0 0 0.53125 0.53125 0.53125 0 0 0 0.53125 0.53125 0.53125 0 0 0 0.53125 0.53125 0.53125 0 0 0 1 1 1</float_array>
          <technique_common>
            <accessor source="#geom-EyeBall_Up_AShape-map-2-array" count="241" stride="3">
              <param name="R" type="float"/>
              <param name="G" type="float"/>
              <param name="B" type="float"/>
            </accessor>
          </technique_common>
        </source>
        <source id="geom-EyeBall_Up_AShape-map0">
          <float_array id="geom-EyeBall_Up_AShape-map0-array" count="723">0.5019608 0.5019608 0.5019608 0.5019608 0.5019608 0.5019608 0.5019608 0.5019608 0.5019608 0.5019608 0.5019608 0.5019608 0.5019608 0.5019608 0.5019608 0.5019608 0.5019608 0.5019608 0.5019608 0.5019608 0.5019608 0.5019608 0.5019608 0.5019608 0.5019608 0.5019608 0.5019608 0.5019608 0.5019608 0.5019608 0.5019608 0.5019608 0.5019608 0.5019608 0.5019608 0.5019608 0.5019608 0.5019608 0.5019608 0.5019608 0.5019608 0.5019608 0.5019608 0.5019608 0.5019608 0.5019608 0.5019608 0.5019608 0.5019608 0.5019608 0.5019608 0.5019608 0.5019608 0.5019608 0.5019608 0.5019608 0.5019608 0.5019608 0.5019608 0.5019608 0.5019608 0.5019608 0.5019608 0.5019608 0.5019608 0.5019608 0.5019608 0.5019608 0.5019608 0.5019608 0.5019608 0.5019608 0.5019608 0.5019608 0.5019608 0.5019608 0.5019608 0.5019608 0.5019608 0.5019608 0.5019608 0.5019608 0.5019608 0.5019608 0.5019608 0.5019608 0.5019608 0.5019608 0.5019608 0.5019608 0.5019608 0.5019608 0.5019608 0.5019608 0.5019608 0.5019608 0.5019608 0.5019608 0.5019608 0.5019608 0.5019608 0.5019608 0.5019608 0.5019608 0.5019608 0.5019608 0.5019608 0.5019608 0.5019608 0.5019608 0.5019608 0.5019608 0.5019608 0.5019608 0.5019608 0.5019608 0.5019608 0.5019608 0.5019608 0.5019608 0.5019608 0.5019608 0.5019608 0.5019608 0.5019608 0.5019608 0.5019608 0.5019608 0.5019608 0.5019608 0.5019608 0.5019608 0.5019608 0.5019608 0.5019608 0.5019608 0.5019608 0.5019608 0.5019608 0.5019608 0.5019608 0.5019608 0.5019608 0.5019608 0.5019608 0.5019608 0.5019608 0.5019608 0.5019608 0.5019608 0.5019608 0.5019608 0.5019608 0.5019608 0.5019608 0.5019608 0.5019608 0.5019608 0.5019608 0.5019608 0.5019608 0.5019608 0.5019608 0.5019608 0.5019608 0.5019608 0.5019608 0.5019608 0.5019608 0.5019608 0.5019608 0.5019608 0.5019608 0.5019608 0.5019608 0.5019608 0.5019608 0.5019608 0.5019608 0.5019608 0.5019608 0.5019608 0.5019608 0.5019608 0.5019608 0.5019608 0.5019608 0.5019608 0.5019608 0.5019608 0.5019608 0.5019608 0.5019608 0.5019608 0.5019608 0.5019608 0.5019608 0.5019608 0.5019608 0.5019608 0.5019608 0.5019608 0.5019608 0.5019608 0.5019608 0.5019608 0.5019608 0.5019608 0.5019608 0.5019608 0.5019608 0.5019608 0.5019608 0.5019608 0.5019608 0.5019608 0.5019608 0.5019608 0.5019608 0.5019608 0.5019608 0.5019608 0.5019608 0.5019608 0.5019608 0.5019608 0.5019608 0.5019608 0.5019608 0.5019608 0.5019608 0.5019608 0.5019608 0.5019608 0.5019608 0.5019608 0.5019608 0.5019608 0.5019608 0.5019608 0.5019608 0.5019608 0.5019608 0.5019608 0.5019608 0.5019608 0.5019608 0.5019608 0.5019608 0.5019608 0.5019608 0.5019608 0.5019608 0.5019608 0.5019608 0.5019608 0.5019608 0.5019608 0.5019608 0.5019608 0.5019608 0.5019608 0.5019608 0.5019608 0.5019608 0.5019608 0.5019608 0.5019608 0.5019608 0.5019608 0.5019608 0.5019608 0.5019608 0.5019608 0.5019608 0.5019608 0.5019608 0.5019608 0.5019608 0.5019608 0.5019608 0.5019608 0.5019608 0.5019608 0.5019608 0.5019608 0.5019608 0.5019608 0.5019608 0.5019608 0.5019608 0.5019608 0.5019608 0.5019608 0.5019608 0.5019608 0.5019608 0.5019608 0.5019608 0.5019608 0.5019608 0.5019608 0.5019608 0.5019608 0.5019608 0.5019608 0.5019608 0.5019608 0.5019608 0.5019608 0.5019608 0.5019608 0.5019608 0.5019608 0.5019608 0.5019608 0.5019608 0.5019608 0.5019608 0.5019608 0.5019608 0.5019608 0.5019608 0.5019608 0.5019608 0.5019608 0.5019608 0.5019608 0.5019608 0.5019608 0.5019608 0.5019608 0.5019608 0.5019608 0.5019608 0.5019608 0.5019608 0.5019608 0.5019608 0.5019608 0.5019608 0.5019608 0.5019608 0.5019608 0.5019608 0.5019608 0.5019608 0.5019608 0.5019608 0.5019608 0.5019608 0.5019608 0.5019608 0.5019608 0.5019608 0.5019608 0.5019608 0.5019608 0.5019608 0.5019608 0.5019608 0.5019608 0.5019608 0.5019608 0.5019608 0.5019608 0.5019608 0.5019608 0.5019608 0.5019608 0.5019608 0.5019608 0.5019608 0.5019608 0.5019608 0.5019608 0.5019608 0.5019608 0.5019608 0.5019608 0.5019608 0.5019608 0.5019608 0.5019608 0.5019608 0.5019608 0.5019608 0.5019608 0.5019608 0.5019608 0.5019608 0.5019608 0.5019608 0.5019608 0.5019608 0.5019608 0.5019608 0.5019608 0.5019608 0.5019608 0.5019608 0.5019608 0.5019608 0.5019608 0.5019608 0.5019608 0.5019608 0.5019608 0.5019608 0.5019608 0.5019608 0.5019608 0.5019608 0.5019608 0.5019608 0.5019608 0.5019608 0.5019608 0.5019608 0.5019608 0.5019608 0.5019608 0.5019608 0.5019608 0.5019608 0.5019608 0.5019608 0.5019608 0.5019608 0.5019608 0.5019608 0.5019608 0.5019608 0.5019608 0.5019608 0.5019608 0.5019608 0.5019608 0.5019608 0.5019608 0.5019608 0.5019608 0.5019608 0.5019608 0.5019608 0.5019608 0.5019608 0.5019608 0.5019608 0.5019608 0.5019608 0.5019608 0.5019608 0.5019608 0.5019608 0.5019608 0.5019608 0.5019608 0.5019608 0.5019608 0.5019608 0.5019608 0.5019608 0.5019608 0.5019608 0.5019608 0.5019608 0.5019608 0.5019608 0.5019608 0.5019608 0.5019608 0.5019608 0.5019608 0.5019608 0.5019608 0.5019608 0.5019608 0.5019608 0.5019608 0.5019608 0.5019608 0.5019608 0.5019608 0.5019608 0.5019608 0.5019608 0.5019608 0.5019608 0.5019608 0.5019608 0.5019608 0.5019608 0.5019608 0.5019608 0.5019608 0.5019608 0.5019608 0.5019608 0.5019608 0.5019608 0.5019608 0.5019608 0.5019608 0.5019608 0.5019608 0.5019608 0.5019608 0.5019608 0.5019608 0.5019608 0.5019608 0.5019608 0.5019608 0.5019608 0.5019608 0.5019608 0.5019608 0.5019608 0.5019608 0.5019608 0.5019608 0.5019608 0.5019608 0.5019608 0.5019608 0.5019608 0.5019608 0.5019608 0.5019608 0.5019608 0.5019608 0.5019608 0.5019608 0.5019608 0.5019608 0.5019608 0.5019608 0.5019608 0.5019608 0.5019608 0.5019608 0.5019608 0.5019608 0.5019608 0.5019608 0.5019608 0.5019608 0.5019608 0.5019608 0.5019608 0.5019608 0.5019608 0.5019608 0.5019608 0.5019608 0.5019608 0.5019608 0.5019608 0.5019608 0.5019608 0.5019608 0.5019608 0.5019608 0.5019608 0.5019608 0.5019608 0.5019608 0.5019608 0.5019608 0.5019608 0.5019608 0.5019608 0.5019608 0.5019608 0.5019608 0.5019608 0.5019608 0.5019608 0.5019608 0.5019608 0.5019608 0.5019608 0.5019608 0.5019608 0.5019608 0.5019608 0.5019608 0.5019608 0.5019608 0.5019608 0.5019608 0.5019608 0.5019608 0.5019608 0.5019608 0.5019608 0.5019608 0.5019608 0.5019608 0.5019608 0.5019608 0.5019608 0.5019608 0.5019608 0.5019608 0.5019608 0.5019608 0.5019608 0.5019608 0.5019608 0.5019608 0.5019608 0.5019608 0.5019608 0.5019608 0.5019608 0.5019608 0.5019608 0.5019608 0.5019608 0.5019608 0.5019608 0.5019608 0.5019608 0.5019608 0.5019608 0.5019608 0.5019608 0.5019608 0.5019608 0.5019608 0.5019608 0.5019608 0.5019608 0.5019608 0.5019608 0.5019608 0.5019608 0.5019608 0.5019608 0.5019608 0.5019608 0.5019608 0.5019608 0.5019608 0.5019608 0.5019608 0.5019608 0.5019608 0.5019608 0.5019608 0.5019608 0.5019608 0.5019608 0.5019608 0.5019608 0.5019608 0.5019608 0.5019608 0.5019608 0.5019608 0.5019608 0.5019608 0.5019608 0.5019608 0.5019608 0.5019608 0.5019608 0.5019608 0.5019608 0.5019608 0.5019608 0.5019608 0.5019608 0.5019608 0.5019608 0.5019608 0.5019608 0.5019608 0.5019608 0.5019608 0.5019608 0.5019608 0.5019608 0.5019608 0.5019608 0.5019608 0.5019608 0.5019608 0.5019608 0.5019608 0.5019608 0.5019608 0.5019608 0.5019608 0.5019608 0.5019608 0.5019608 0.5019608 0.5019608 0.5019608 0.5019608 0.5019608 0.5019608 0.5019608 0.5019608 0.5019608 0.5019608 0.5019608 0.5019608 0.5019608 0.5019608 0.5019608 0.5019608 0.5019608 0.5019608 0.5019608 0.5019608 0.5019608 0.5019608 0.5019608 0.5019608</float_array>
          <technique_common>
            <accessor source="#geom-EyeBall_Up_AShape-map0-array" count="241" stride="3">
              <param name="R" type="float"/>
              <param name="G" type="float"/>
              <param name="B" type="float"/>
            </accessor>
          </technique_common>
        </source>
        <source id="geom-EyeBall_Up_AShape-map1">
          <float_array id="geom-EyeBall_Up_AShape-map1-array" count="723">0.9414063 0.06689453 0 0.940918 0.06835937 0 0.9453125 0.06835937 0 0.9443359 0.0703125 0 0.9399414 0.06884766 0 0.9423828 0.07226562 0 0.9389648 0.06982422 0 0.9399414 0.07324219 0 0.9375 0.06982422 0 0.9375 0.07373047 0 0.9365234 0.06982422 0 0.9350586 0.07324219 0 0.9350586 0.06884766 0 0.9331055 0.07226562 0 0.9345703 0.06835937 0 0.9311523 0.0703125 0 0.9335938 0.06689453 0 0.9301758 0.06835937 0 0.9335938 0.06591797 0 0.9296875 0.06591797 0 0.9335938 0.06445312 0 0.9301758 0.06347656 0 0.9345703 0.06347656 0 0.9311523 0.06103516 0 0.9350586 0.0625 0 0.9331055 0.05908203 0 0.9365234 0.06201172 0 0.9350586 0.05810547 0 0.9375 0.06152344 0 0.9375 0.05761719 0 0.9389648 0.06201172 0 0.9399414 0.05810547 0 0.9399414 0.0625 0 0.9423828 0.05908203 0 0.940918 0.06347656 0 0.9443359 0.06103516 0 0.9414063 0.06445312 0 0.9453125 0.06347656 0 0.9418945 0.06591797 0 0.9458008 0.06591797 0 0.9487305 0.06933594 0 0.9472656 0.07275391 0 0.9448242 0.07519531 0 0.9414063 0.07714844 0 0.9375 0.07763672 0 0.934082 0.07714844 0 0.9306641 0.07519531 0 0.9282227 0.07275391 0 0.9262695 0.06933594 0 0.9257813 0.06591797 0 0.9262695 0.06201172 0 0.9282227 0.05859375 0 0.9306641 0.05615234 0 0.934082 0.0546875 0 0.9375 0.05371094 0 0.9414063 0.0546875 0 0.9448242 0.05615234 0 0.9472656 0.05859375 0 0.9487305 0.06201172 0 0.949707 0.06591797 0 0.9521484 0.0703125 0 0.9501953 0.07470703 0 0.9467773 0.078125 0 0.9423828 0.08007812 0 0.9375 0.08105469 0 0.9331055 0.08007812 0 0.9287109 0.078125 0 0.925293 0.07470703 0 0.9233398 0.0703125 0 0.9223633 0.06591797 0 0.9233398 0.06103516 0 0.925293 0.05664062 0 0.9287109 0.05322266 0 0.9331055 0.05126953 0 0.9375 0.05029297 0 0.9423828 0.05126953 0 0.9467773 0.05322266 0 0.9501953 0.05664062 0 0.9521484 0.06103516 0 0.953125 0.06591797 0 0.9550781 0.07128906 0 0.9526367 0.07666016 0 0.9487305 0.08056641 0 0.9433594 0.08300781 0 0.9375 0.08398437 0 0.9321289 0.08300781 0 0.9267578 0.08056641 0 0.9228516 0.07666016 0 0.9204102 0.07128906 0 0.9194336 0.06591797 0 0.9204102 0.06005859 0 0.9228516 0.0546875 0 0.9267578 0.05078125 0 0.9321289 0.04833984 0 0.9375 0.04736328 0 0.9433594 0.04833984 0 0.9487305 0.05078125 0 0.9526367 0.0546875 0 0.9550781 0.06005859 0 0.9560547 0.06591797 0 0.9575195 0.07226562 0 0.9545898 0.078125 0 0.9501953 0.08300781 0 0.9443359 0.0859375 0 0.9375 0.08691406 0 0.9311523 0.0859375 0 0.925293 0.08300781 0 0.9204102 0.078125 0 0.9174805 0.07226562 0 0.9165039 0.06591797 0 0.9174805 0.05908203 0 0.9204102 0.05322266 0 0.925293 0.04882812 0 0.9311523 0.04589844 0 0.9375 0.04492187 0 0.9443359 0.04589844 0 0.9501953 0.04882812 0 0.9545898 0.05322266 0 0.9575195 0.05908203 0 0.9584961 0.06591797 0 0.9599609 0.07275391 0 0.956543 0.07958984 0 0.9511719 0.08447266 0 0.9448242 0.08789062 0 0.9375 0.08886719 0 0.9306641 0.08789062 0 0.9238281 0.08447266 0 0.9189453 0.07958984 0 0.9155273 0.07275391 0 0.9145508 0.06591797 0 0.9155273 0.05859375 0 0.9189453 0.05224609 0 0.9238281 0.046875 0 0.9306641 0.04345703 0 0.9375 0.04248047 0 0.9448242 0.04345703 0 0.9511719 0.046875 0 0.956543 0.05224609 0 0.9599609 0.05859375 0 0.9609375 0.06591797 0 0.9614258 0.07324219 0 0.9575195 0.08007812 0 0.9521484 0.0859375 0 0.9453125 0.08935547 0 0.9375 0.09033203 0 0.9301758 0.08935547 0 0.9233398 0.0859375 0 0.9174805 0.08007812 0 0.9140625 0.07324219 0 0.9130859 0.06591797 0 0.9140625 0.05810547 0 0.9174805 0.05126953 0 0.9233398 0.04589844 0 0.9301758 0.04199219 0 0.9375 0.04101562 0 0.9453125 0.04199219 0 0.9521484 0.04589844 0 0.9575195 0.05126953 0 0.9614258 0.05810547 0 0.9624023 0.06591797 0 0.9619141 0.07373047 0 0.9584961 0.08105469 0 0.9526367 0.08642578 0 0.9458008 0.09033203 0 0.9375 0.09130859 0 0.9296875 0.09033203 0 0.9223633 0.08642578 0 0.9169922 0.08105469 0 0.9130859 0.07373047 0 0.9121094 0.06591797 0 0.9130859 0.05761719 0 0.9169922 0.05078125 0 0.9223633 0.04492187 0 0.9296875 0.04150391 0 0.9375 0.04003906 0 0.9458008 0.04150391 0 0.9526367 0.04492187 0 0.9584961 0.05078125 0 0.9619141 0.05761719 0 0.9633789 0.06591797 0 0.9624023 0.07373047 0 0.9584961 0.08105469 0 0.953125 0.08691406 0 0.9458008 0.09033203 0 0.9375 0.09179687 0 0.9296875 0.09033203 0 0.9223633 0.08691406 0 0.9165039 0.08105469 0 0.9130859 0.07373047 0 0.9116211 0.06591797 0 0.9130859 0.05761719 0 0.9165039 0.05029297 0 0.9223633 0.04492187 0 0.9296875 0.04101562 0 0.9375 0.03955078 0 0.9458008 0.04101562 0 0.953125 0.04492187 0 0.9584961 0.05029297 0 0.9624023 0.05761719 0 0.9638672 0.06591797 0 0.9624023 0.07373047 0 0.9584961 0.08105469 0 0.9619141 0.07373047 0 0.9584961 0.08105469 0 0.953125 0.08691406 0 0.9526367 0.08642578 0 0.9458008 0.09033203 0 0.9458008 0.09033203 0 0.9375 0.09179687 0 0.9375 0.09130859 0 0.9296875 0.09033203 0 0.9296875 0.09033203 0 0.9223633 0.08691406 0 0.9223633 0.08642578 0 0.9165039 0.08105469 0 0.9169922 0.08105469 0 0.9130859 0.07373047 0 0.9130859 0.07373047 0 0.9116211 0.06591797 0 0.9121094 0.06591797 0 0.9130859 0.05761719 0 0.9130859 0.05761719 0 0.9165039 0.05029297 0 0.9169922 0.05078125 0 0.9223633 0.04492187 0 0.9223633 0.04492187 0 0.9296875 0.04101562 0 0.9296875 0.04150391 0 0.9375 0.03955078 0 0.9375 0.04003906 0 0.9458008 0.04101562 0 0.9458008 0.04150391 0 0.953125 0.04492187 0 0.9526367 0.04492187 0 0.9584961 0.05029297 0 0.9584961 0.05078125 0 0.9624023 0.05761719 0 0.9619141 0.05761719 0 0.9638672 0.06591797 0 0.9633789 0.06591797 0 0.9375 0.06591797 0</float_array>
          <technique_common>
            <accessor source="#geom-EyeBall_Up_AShape-map1-array" count="241" stride="3">
              <param name="S" type="float"/>
              <param name="T" type="float"/>
              <param name="P" type="float"/>
            </accessor>
          </technique_common>
        </source>
        <vertices id="geom-EyeBall_Up_AShape-vertices">
          <input semantic="POSITION" source="#geom-EyeBall_Up_AShape-positions"/>
        </vertices>
        <triangles material="eff_mt" count="420">
          <input semantic="VERTEX" source="#geom-EyeBall_Up_AShape-vertices" offset="0"/>
          <input semantic="NORMAL" source="#geom-EyeBall_Up_AShape-normals" offset="1"/>
          <input semantic="COLOR" source="#geom-EyeBall_Up_AShape-map0" offset="2" set="0"/>
          <input semantic="TEXCOORD" source="#geom-EyeBall_Up_AShape-map1" offset="3" set="0"/>
          <p>0 0 0 0 38 1 38 38 240 2 240 240 1 3 1 1 0 0 0 0 240 2 240 240 39 4 39 39 0 0 0 0 2 5 2 2 38 1 38 38 0 0 0 0 39 4 39 39 0 0 0 0 1 3 1 1 2 5 2 2 38 1 38 38 36 6 36 36 240 2 240 240 36 6 36 36 34 7 34 34 240 2 240 240 34 7 34 34 32 8 32 32 240 2 240 240 32 8 32 32 30 9 30 30 240 2 240 240 30 9 30 30 28 10 28 28 240 2 240 240 28 10 28 28 26 11 26 26 240 2 240 240 26 11 26 26 24 12 24 24 240 2 240 240 24 12 24 24 22 13 22 22 240 2 240 240 22 13 22 22 20 14 20 20 240 2 240 240 20 14 20 20 18 15 18 18 240 2 240 240 18 15 18 18 16 16 16 16 240 2 240 240 16 16 16 16 14 17 14 14 240 2 240 240 14 17 14 14 12 18 12 12 240 2 240 240 12 18 12 12 10 19 10 10 240 2 240 240 10 19 10 10 8 20 8 8 240 2 240 240 8 20 8 8 6 21 6 6 240 2 240 240 6 21 6 6 4 22 4 4 240 2 240 240 4 22 4 4 1 3 1 1 240 2 240 240 37 23 37 37 38 1 38 38 39 4 39 39 36 6 36 36 38 1 38 38 37 23 37 37 39 4 39 39 2 5 2 2 59 24 59 59 58 25 58 58 39 4 39 39 59 24 59 59 37 23 37 37 39 4 39 39 58 25 58 58 59 24 59 59 2 5 2 2 40 26 40 40 2 5 2 2 3 27 3 3 40 26 40 40 2 5 2 2 1 3 1 1 3 27 3 3 1 3 1 1 4 22 4 4 3 27 3 3 4 22 4 4 6 21 6 6 5 28 5 5 3 27 3 3 4 22 4 4 5 28 5 5 6 21 6 6 8 20 8 8 7 29 7 7 5 28 5 5 6 21 6 6 7 29 7 7 8 20 8 8 11 30 11 11 9 31 9 9 10 19 10 10 11 30 11 11 8 20 8 8 7 29 7 7 8 20 8 8 9 31 9 9 10 19 10 10 12 18 12 12 11 30 11 11 12 18 12 12 14 17 14 14 13 32 13 13 11 30 11 11 12 18 12 12 13 32 13 13 14 17 14 14 16 16 16 16 15 33 15 15 13 32 13 13 14 17 14 14 15 33 15 15 16 16 16 16 18 15 18 18 17 34 17 17 15 33 15 15 16 16 16 16 17 34 17 17 18 15 18 18 20 14 20 20 19 35 19 19 17 34 17 17 18 15 18 18 19 35 19 19 20 14 20 20 22 13 22 22 21 36 21 21 19 35 19 19 20 14 20 20 21 36 21 21 22 13 22 22 24 12 24 24 23 37 23 23 21 36 21 21 22 13 22 22 23 37 23 23 24 12 24 24 26 11 26 26 25 38 25 25 23 37 23 23 24 12 24 24 25 38 25 25 26 11 26 26 28 10 28 28 27 39 27 27 25 38 25 25 26 11 26 26 27 39 27 27 25 38 25 25 27 39 27 27 52 40 52 52 51 41 51 51 25 38 25 25 52 40 52 52 23 37 23 23 25 38 25 25 51 41 51 51 50 42 50 50 23 37 23 23 51 41 51 51 21 36 21 21 23 37 23 23 50 42 50 50 49 43 49 49 21 36 21 21 50 42 50 50 19 35 19 19 21 36 21 21 49 43 49 49 48 44 48 48 19 35 19 19 49 43 49 49 17 34 17 17 19 35 19 19 48 44 48 48 47 45 47 47 17 34 17 17 48 44 48 48 15 33 15 15 17 34 17 17 47 45 47 47 46 46 46 46 15 33 15 15 47 45 47 47 13 32 13 13 15 33 15 15 46 46 46 46 45 47 45 45 13 32 13 13 46 46 46 46 11 30 11 11 13 32 13 13 45 47 45 45 11 30 11 11 45 47 45 45 9 31 9 9 9 31 9 9 45 47 45 45 44 48 44 44 43 49 43 43 9 31 9 9 44 48 44 44 7 29 7 7 9 31 9 9 43 49 43 43 42 50 42 42 7 29 7 7 43 49 43 43 5 28 5 5 7 29 7 7 42 50 42 42 41 51 41 41 5 28 5 5 42 50 42 42 3 27 3 3 5 28 5 5 41 51 41 41 40 26 40 40 3 27 3 3 41 51 41 41 79 52 79 79 40 26 40 40 60 53 60 60 59 24 59 59 40 26 40 40 79 52 79 79 40 26 40 40 41 51 41 41 60 53 60 60 78 54 78 78 59 24 59 59 79 52 79 79 58 25 58 58 59 24 59 59 78 54 78 78 79 52 79 79 60 53 60 60 99 55 99 99 98 56 98 98 79 52 79 79 99 55 99 99 78 54 78 78 79 52 79 79 98 56 98 98 99 55 99 99 60 53 60 60 80 57 80 80 60 53 60 60 61 58 61 61 80 57 80 80 60 53 60 60 41 51 41 41 61 58 61 61 41 51 41 41 42 50 42 42 61 58 61 61 42 50 42 42 43 49 43 43 62 59 62 62 61 58 61 61 42 50 42 42 62 59 62 62 43 49 43 43 44 48 44 44 63 60 63 63 62 59 62 62 43 49 43 43 63 60 63 63 44 48 44 44 65 61 65 65 64 62 64 64 45 47 45 45 65 61 65 65 44 48 44 44 63 60 63 63 44 48 44 44 64 62 64 64 45 47 45 45 46 46 46 46 65 61 65 65 46 46 46 46 47 45 47 47 66 63 66 66 65 61 65 65 46 46 46 46 66 63 66 66 47 45 47 47 48 44 48 48 67 64 67 67 66 63 66 66 47 45 47 47 67 64 67 67 48 44 48 48 49 43 49 49 68 65 68 68 67 64 67 67 48 44 48 48 68 65 68 68 49 43 49 49 50 42 50 50 69 66 69 69 68 65 68 68 49 43 49 49 69 66 69 69 50 42 50 50 51 41 51 51 70 67 70 70 69 66 69 69 50 42 50 50 70 67 70 70 51 41 51 51 52 40 52 52 71 68 71 71 70 67 70 70 51 41 51 51 71 68 71 71 70 67 70 70 71 68 71 71 90 69 90 90 89 70 89 89 70 67 70 70 90 69 90 90 69 66 69 69 70 67 70 70 89 70 89 89 88 71 88 88 69 66 69 69 89 70 89 89 68 65 68 68 69 66 69 69 88 71 88 88 87 72 87 87 68 65 68 68 88 71 88 88 67 64 67 67 68 65 68 68 87 72 87 87 86 73 86 86 67 64 67 67 87 72 87 87 66 63 66 66 67 64 67 67 86 73 86 86 85 74 85 85 66 63 66 66 86 73 86 86 65 61 65 65 66 63 66 66 85 74 85 85 65 61 65 65 85 74 85 85 64 62 64 64 64 62 64 64 85 74 85 85 84 75 84 84 83 76 83 83 64 62 64 64 84 75 84 84 63 60 63 63 64 62 64 64 83 76 83 83 82 77 82 82 63 60 63 63 83 76 83 83 62 59 62 62 63 60 63 63 82 77 82 82 81 78 81 81 62 59 62 62 82 77 82 82 61 58 61 61 62 59 62 62 81 78 81 81 80 57 80 80 61 58 61 61 81 78 81 81 119 79 119 119 80 57 80 80 100 80 100 100 99 55 99 99 80 57 80 80 119 79 119 119 80 57 80 80 81 78 81 81 100 80 100 100 118 81 118 118 99 55 99 99 119 79 119 119 98 56 98 98 99 55 99 99 118 81 118 118 117 82 117 117 98 56 98 98 118 81 118 118 97 83 97 97 98 56 98 98 117 82 117 117 97 83 97 97 78 54 78 78 98 56 98 98 77 84 77 77 78 54 78 78 97 83 97 97 77 84 77 77 58 25 58 58 78 54 78 78 116 85 116 116 97 83 97 97 117 82 117 117 96 86 96 96 97 83 97 97 116 85 116 116 96 86 96 96 77 84 77 77 97 83 97 97 117 82 117 117 118 81 118 118 137 87 137 137 136 88 136 136 117 82 117 117 137 87 137 137 116 85 116 116 117 82 117 117 136 88 136 136 118 81 118 118 119 79 119 119 138 89 138 138 137 87 137 137 118 81 118 118 138 89 138 138 119 79 119 119 100 80 100 100 139 90 139 139 138 89 138 138 119 79 119 119 139 90 139 139 139 90 139 139 100 80 100 100 120 91 120 120 100 80 100 100 101 92 101 101 120 91 120 120 100 80 100 100 81 78 81 81 101 92 101 101 81 78 81 81 82 77 82 82 101 92 101 101 82 77 82 82 83 76 83 83 102 93 102 102 101 92 101 101 82 77 82 82 102 93 102 102 83 76 83 83 84 75 84 84 103 94 103 103 102 93 102 102 83 76 83 83 103 94 103 103 84 75 84 84 105 95 105 105 104 96 104 104 85 74 85 85 105 95 105 105 84 75 84 84 103 94 103 103 84 75 84 84 104 96 104 104 85 74 85 85 86 73 86 86 105 95 105 105 86 73 86 86 87 72 87 87 106 97 106 106 105 95 105 105 86 73 86 86 106 97 106 106 87 72 87 87 88 71 88 88 107 98 107 107 106 97 106 106 87 72 87 87 107 98 107 107 88 71 88 88 89 70 89 89 108 99 108 108 107 98 107 107 88 71 88 88 108 99 108 108 107 98 107 107 108 99 108 108 127 100 127 127 126 101 126 126 107 98 107 107 127 100 127 127 106 97 106 106 107 98 107 107 126 101 126 126 125 102 125 125 106 97 106 106 126 101 126 126 105 95 105 105 106 97 106 106 125 102 125 125 105 95 105 105 125 102 125 125 104 96 104 104 104 96 104 104 125 102 125 125 124 103 124 124 123 104 123 123 104 96 104 104 124 103 124 124 103 94 103 103 104 96 104 104 123 104 123 123 122 105 122 122 103 94 103 103 123 104 123 123 102 93 102 102 103 94 103 103 122 105 122 122 121 106 121 121 102 93 102 102 122 105 122 122 101 92 101 101 102 93 102 102 121 106 121 121 120 91 120 120 101 92 101 101 121 106 121 121 159 107 159 159 120 91 120 120 140 108 140 140 139 90 139 139 120 91 120 120 159 107 159 159 120 91 120 120 121 106 121 121 140 108 140 140 158 109 158 158 139 90 139 139 159 107 159 159 138 89 138 138 139 90 139 139 158 109 158 158 157 110 157 157 138 89 138 138 158 109 158 158 137 87 137 137 138 89 138 138 157 110 157 157 156 111 156 156 137 87 137 137 157 110 157 157 136 88 136 136 137 87 137 137 156 111 156 156 155 112 155 155 136 88 136 136 156 111 156 156 135 113 135 135 136 88 136 136 155 112 155 155 135 113 135 135 116 85 116 116 136 88 136 136 115 114 115 115 116 85 116 116 135 113 135 135 115 114 115 115 96 86 96 96 116 85 116 116 135 113 135 135 155 112 155 155 134 115 134 134 114 116 114 114 135 113 135 135 134 115 134 134 115 114 115 115 135 113 135 135 114 116 114 114 155 112 155 155 156 111 156 156 175 117 175 175 174 118 174 174 155 112 155 155 175 117 175 175 154 119 154 154 155 112 155 155 174 118 174 174 134 115 134 134 155 112 155 155 154 119 154 154 156 111 156 156 157 110 157 157 176 120 176 176 175 117 175 175 156 111 156 156 176 120 176 176 157 110 157 157 158 109 158 158 177 121 177 177 176 120 176 176 157 110 157 157 177 121 177 177 158 109 158 158 159 107 159 159 178 122 178 178 177 121 177 177 158 109 158 158 178 122 178 178 159 107 159 159 140 108 140 140 179 123 179 179 178 122 178 178 159 107 159 159 179 123 179 179 179 123 179 179 140 108 140 140 160 124 160 160 140 108 140 140 141 125 141 141 160 124 160 160 140 108 140 140 121 106 121 121 141 125 141 141 121 106 121 121 122 105 122 122 141 125 141 141 122 105 122 122 123 104 123 123 142 126 142 142 141 125 141 141 122 105 122 122 142 126 142 142 123 104 123 123 124 103 124 124 143 127 143 143 142 126 142 142 123 104 123 123 143 127 143 143 124 103 124 124 145 128 145 145 144 129 144 144 125 102 125 125 145 128 145 145 124 103 124 124 143 127 143 143 124 103 124 124 144 129 144 144 125 102 125 125 126 101 126 126 145 128 145 145 145 128 145 145 146 130 146 146 165 131 165 165 164 132 164 164 145 128 145 145 165 131 165 165 144 129 144 144 145 128 145 145 164 132 164 164 145 128 145 145 126 101 126 126 146 130 146 146 126 101 126 126 127 100 127 127 146 130 146 146 146 130 146 146 147 133 147 147 166 134 166 166 165 131 165 165 146 130 146 146 166 134 166 166 146 130 146 146 127 100 127 127 147 133 147 147 165 131 165 165 166 134 166 166 185 135 185 185 184 136 184 184 165 131 165 165 185 135 185 185 164 132 164 164 165 131 165 165 184 136 184 184 183 137 183 183 164 132 164 164 184 136 184 184 163 138 163 163 164 132 164 164 183 137 183 183 163 138 163 163 144 129 144 144 164 132 164 164 143 127 143 143 144 129 144 144 163 138 163 163 162 139 162 162 143 127 143 143 163 138 163 163 142 126 142 142 143 127 143 143 162 139 162 162 161 140 161 161 142 126 142 142 162 139 162 162 141 125 141 141 142 126 142 142 161 140 161 161 160 124 160 160 141 125 141 141 161 140 161 161 199 141 199 199 160 124 160 160 180 142 180 180 179 123 179 179 160 124 160 160 199 141 199 199 160 124 160 160 161 140 161 161 180 142 180 180 198 143 198 198 179 123 179 179 199 141 199 199 178 122 178 178 179 123 179 179 198 143 198 198 197 144 197 197 178 122 178 178 198 143 198 198 177 121 177 177 178 122 178 178 197 144 197 197 196 145 196 196 177 121 177 177 197 144 197 197 176 120 176 176 177 121 177 177 196 145 196 196 195 146 195 195 176 120 176 176 196 145 196 196 175 117 175 175 176 120 176 176 195 146 195 195 194 147 194 194 175 117 175 175 195 146 195 195 174 118 174 174 175 117 175 175 194 147 194 194 193 148 193 193 174 118 174 174 194 147 194 194 173 149 173 173 174 118 174 174 193 148 193 193 173 149 173 173 154 119 154 154 174 118 174 174 192 150 192 192 173 149 173 173 193 148 193 193 172 151 172 172 173 149 173 173 192 150 192 192 153 152 153 153 154 119 154 154 173 149 173 173 172 151 172 172 153 152 153 153 173 149 173 173 153 152 153 153 134 115 134 134 154 119 154 154 152 153 152 152 153 152 153 153 172 151 172 172 133 154 133 133 134 115 134 134 153 152 153 153 152 153 152 152 133 154 133 133 153 152 153 153 191 155 191 191 172 151 172 172 192 150 192 192 171 156 171 171 172 151 172 172 191 155 191 191 171 156 171 171 152 153 152 152 172 151 172 172 151 157 151 151 152 153 152 152 171 156 171 171 132 158 132 132 133 154 133 133 152 153 152 152 151 157 151 151 132 158 132 132 152 153 152 152 133 154 133 133 114 116 114 114 134 115 134 134 113 159 113 113 114 116 114 114 133 154 133 133 132 158 132 132 113 159 113 113 133 154 133 133 131 160 131 131 132 158 132 132 151 157 151 151 112 161 112 112 113 159 113 113 132 158 132 132 131 160 131 131 112 161 112 112 132 158 132 132 170 162 170 170 151 157 151 151 171 156 171 171 150 163 150 150 151 157 151 151 170 162 170 170 150 163 150 150 131 160 131 131 151 157 151 151 190 164 190 190 171 156 171 171 191 155 191 191 170 162 170 170 171 156 171 171 190 164 190 190 189 165 189 189 170 162 170 170 190 164 190 190 169 166 169 169 170 162 170 170 189 165 189 189 169 166 169 169 150 163 150 150 170 162 170 170 149 167 149 149 150 163 150 150 169 166 169 169 130 168 130 130 131 160 131 131 150 163 150 150 149 167 149 149 130 168 130 130 150 163 150 150 111 169 111 111 112 161 112 112 131 160 131 131 130 168 130 130 111 169 111 111 131 160 131 131 112 161 112 112 93 170 93 93 113 159 113 113 92 171 92 92 93 170 93 93 112 161 112 112 111 169 111 111 92 171 92 92 112 161 112 112 113 159 113 113 94 172 94 94 114 116 114 114 93 170 93 93 94 172 94 94 113 159 113 113 94 172 94 94 115 114 115 115 114 116 114 114 95 173 95 95 115 114 115 115 94 172 94 94 74 174 74 74 95 173 95 95 94 172 94 94 93 170 93 93 74 174 74 74 94 172 94 94 73 175 73 73 74 174 74 74 93 170 93 93 92 171 92 92 73 175 73 73 93 170 93 93 91 176 91 91 92 171 92 92 111 169 111 111 72 177 72 72 73 175 73 73 92 171 92 92 91 176 91 91 72 177 72 72 92 171 92 92 110 178 110 110 111 169 111 111 130 168 130 130 110 178 110 110 91 176 91 91 111 169 111 111 129 179 129 129 130 168 130 130 149 167 149 149 129 179 129 129 110 178 110 110 130 168 130 130 168 180 168 168 149 167 149 149 169 166 169 169 148 181 148 148 149 167 149 149 168 180 168 168 148 181 148 148 129 179 129 129 149 167 149 149 188 182 188 188 169 166 169 169 189 165 189 189 168 180 168 168 169 166 169 169 188 182 188 188 187 183 187 187 168 180 168 168 188 182 188 188 167 184 167 167 168 180 168 168 187 183 187 187 167 184 167 167 148 181 148 148 168 180 168 168 147 133 147 147 148 181 148 148 167 184 167 167 128 185 128 128 129 179 129 129 148 181 148 148 147 133 147 147 128 185 128 128 148 181 148 148 109 186 109 109 110 178 110 110 129 179 129 129 128 185 128 128 109 186 109 109 129 179 129 129 90 69 90 90 91 176 91 91 110 178 110 110 109 186 109 109 90 69 90 90 110 178 110 110 71 68 71 71 72 177 72 72 91 176 91 91 90 69 90 90 71 68 71 71 91 176 91 91 72 177 72 72 53 187 53 53 73 175 73 73 52 40 52 52 53 187 53 53 72 177 72 72 71 68 71 71 52 40 52 52 72 177 72 72 73 175 73 73 54 188 54 54 74 174 74 74 53 187 53 53 54 188 54 54 73 175 73 73 75 189 75 75 95 173 95 95 74 174 74 74 54 188 54 54 75 189 75 75 74 174 74 74 95 173 95 95 96 86 96 96 115 114 115 115 95 173 95 95 76 190 76 76 96 86 96 96 75 189 75 75 76 190 76 76 95 173 95 95 75 189 75 75 56 191 56 56 76 190 76 76 55 192 55 55 56 191 56 56 75 189 75 75 55 192 55 55 75 189 75 75 54 188 54 54 29 193 29 29 55 192 55 55 54 188 54 54 53 187 53 53 29 193 29 29 54 188 54 54 27 39 27 27 29 193 29 29 53 187 53 53 52 40 52 52 27 39 27 27 53 187 53 53 31 194 31 31 55 192 55 55 29 193 29 29 28 10 28 28 31 194 31 31 29 193 29 29 27 39 27 27 28 10 28 28 29 193 29 29 55 192 55 55 33 195 33 33 56 191 56 56 31 194 31 31 33 195 33 33 55 192 55 55 56 191 56 56 57 196 57 57 76 190 76 76 56 191 56 56 35 197 35 35 57 196 57 57 33 195 33 33 35 197 35 35 56 191 56 56 76 190 76 76 77 84 77 77 96 86 96 96 76 190 76 76 57 196 57 57 77 84 77 77 57 196 57 57 58 25 58 58 77 84 77 77 57 196 57 57 37 23 37 37 58 25 58 58 35 197 35 35 37 23 37 37 57 196 57 57 35 197 35 35 36 6 36 36 37 23 37 37 34 7 34 34 36 6 36 36 35 197 35 35 33 195 33 33 34 7 34 34 35 197 35 35 32 8 32 32 34 7 34 34 33 195 33 33 31 194 31 31 32 8 32 32 33 195 33 33 30 9 30 30 32 8 32 32 31 194 31 31 30 9 30 30 31 194 31 31 28 10 28 28 89 70 89 89 90 69 90 90 109 186 109 109 108 99 108 108 109 186 109 109 128 185 128 128 108 99 108 108 89 70 89 89 109 186 109 109 127 100 127 127 128 185 128 128 147 133 147 147 127 100 127 127 108 99 108 108 128 185 128 128 166 134 166 166 147 133 147 147 167 184 167 167 166 134 166 166 167 184 167 167 186 198 186 186 185 135 185 185 166 134 166 166 186 198 186 186 186 198 186 186 167 184 167 167 187 183 187 187 180 142 180 180 161 140 161 161 181 199 181 181 161 140 161 161 162 139 162 162 181 199 181 181 181 199 181 181 162 139 162 162 182 200 182 182 162 139 162 162 163 138 163 163 182 200 182 182 182 200 182 182 163 138 163 163 183 137 183 183 239 201 239 239 200 202 200 200 202 203 202 202 238 204 238 238 200 202 200 200 239 201 239 239 200 202 200 200 201 205 201 201 202 203 202 202 237 206 237 237 238 204 238 238 239 201 239 239 236 207 236 236 238 204 238 238 237 206 237 237 235 208 235 235 236 207 236 236 237 206 237 237 234 209 234 234 236 207 236 236 235 208 235 235 233 210 233 233 234 209 234 234 235 208 235 235 232 211 232 232 234 209 234 234 233 210 233 233 231 212 231 231 232 211 232 232 233 210 233 233 230 213 230 230 232 211 232 232 231 212 231 231 229 214 229 229 230 213 230 230 231 212 231 231 228 215 228 228 230 213 230 230 229 214 229 229 227 216 227 227 228 215 228 228 229 214 229 229 226 217 226 226 228 215 228 228 227 216 227 227 225 218 225 225 226 217 226 226 227 216 227 227 224 219 224 224 226 217 226 226 225 218 225 225 223 220 223 223 224 219 224 224 225 218 225 225 222 221 222 222 224 219 224 224 223 220 223 223 221 222 221 221 222 221 222 222 223 220 223 223 220 223 220 220 222 221 222 222 221 222 221 221 219 224 219 219 220 223 220 220 221 222 221 221 218 225 218 218 220 223 220 220 219 224 219 219 217 226 217 217 218 225 218 218 219 224 219 219 216 227 216 216 218 225 218 218 217 226 217 217 215 228 215 215 216 227 216 216 217 226 217 217 214 229 214 214 216 227 216 216 215 228 215 215 213 230 213 213 214 229 214 214 215 228 215 215 212 231 212 212 214 229 214 214 213 230 213 213 211 232 211 211 212 231 212 212 213 230 213 213 210 233 210 210 212 231 212 212 211 232 211 211 209 234 209 209 210 233 210 210 211 232 211 211 208 235 208 208 210 233 210 210 209 234 209 209 207 236 207 207 208 235 208 208 209 234 209 209 206 237 206 206 208 235 208 208 207 236 207 207 205 238 205 205 206 237 206 206 207 236 207 207 204 239 204 204 206 237 206 206 205 238 205 205 203 240 203 203 204 239 204 204 205 238 205 205 201 205 201 201 204 239 204 204 203 240 203 203 202 203 202 202 201 205 201 201 203 240 203 203</p>
        </triangles>
      </mesh>
    </geometry>
  </library_geometries>
  <library_controllers>
    <controller id="geom-GamemodelShape-skin1">
      <skin source="#geom-GamemodelShape">
        <bind_shape_matrix>1 0 0 0 0 1 0 0 0 0 1 0 0 0 0 1</bind_shape_matrix>
        <source id="geom-GamemodelShape-skin1-joints">
          <Name_array id="geom-GamemodelShape-skin1-joints-array" count="4">joint0 joint1 joint2 joint3</Name_array>
          <technique_common>
            <accessor source="#geom-GamemodelShape-skin1-joints-array" count="4" stride="1">
              <param name="JOINT" type="name"/>
            </accessor>
          </technique_common>
        </source>
        <source id="geom-GamemodelShape-skin1-bind_poses">
          <float_array id="geom-GamemodelShape-skin1-bind_poses-array" count="64">1 0 0 0 0 1 0 0 0 0 1 0 0 0 0 1 1 0 0 0 0 1 0 0 0 0 1 0 0 0 0 1 1 0 0 0 0 1 0 0 0 0 1 -3.44513 0 0 0 1 1 0 0 0 0 1 0 0 0 0 1 0 0 0 0 1</float_array>
          <technique_common>
            <accessor source="#geom-GamemodelShape-skin1-bind_poses-array" count="4" stride="16">
              <param name="TRANSFORM" type="float4x4"/>
            </accessor>
          </technique_common>
        </source>
        <source id="geom-GamemodelShape-skin1-weights">
          <float_array id="geom-GamemodelShape-skin1-weights-array" count="363">1 0.98 0.02 0.98 0.02 0.98 0.02 0.98 0.02 0.98 0.02 0.98 0.02 0.98 0.02 0.98 0.02 0.98 0.02 0.98 0.02 0.98 0.02 0.98 0.02 0.98 0.02 0.98 0.02 0.98 0.02 0.98 0.02 0.98 0.02 0.98 0.02 0.98 0.02 0.98 0.02 0.94 0.06 0.94 0.06 0.94 0.06 0.94 0.06 0.94 0.06 0.94 0.06 0.94 0.06 0.94 0.06 0.94 0.06 0.94 0.06 0.94 0.06 0.94 0.06 0.94 0.06 0.94 0.06 0.94 0.06 0.94 0.06 0.94 0.06 0.94 0.06 0.94 0.06 0.94 0.06 0.87 0.13 0.87 0.13 0.87 0.13 0.87 0.13 0.87 0.13 0.87 0.13 0.87 0.13 0.87 0.13 0.87 0.13 0.87 0.13 0.87 0.13 0.87 0.13 0.87 0.13 0.87 0.13 0.87 0.13 0.87 0.13 0.87 0.13 0.87 0.13 0.87 0.13 0.87 0.13 0.78 0.22 0.78 0.22 0.78 0.22 0.78 0.22 0.78 0.22 0.78 0.22 0.78 0.22 0.78 0.22 0.78 0.22 0.78 0.22 0.78 0.22 0.78 0.22 0.78 0.22 0.78 0.22 0.78 0.22 0.78 0.22 0.78 0.22 0.78 0.22 0.78 0.22 0.78 0.22 0.72 0.28 0.72 0.28 0.72 0.28 0.72 0.28 0.72 0.28 0.72 0.28 0.72 0.28 0.72 0.28 0.72 0.28 0.72 0.28 0.72 0.28 0.72 0.28 0.72 0.28 0.72 0.28 0.72 0.28 0.72 0.28 0.72 0.28 0.72 0.28 0.72 0.28 0.72 0.28 0.59 0.41 0.59 0.41 0.59 0.41 0.59 0.41 0.59 0.41 0.59 0.41 0.59 0.41 0.59 0.41 0.59 0.41 0.59 0.41 0.59 0.41 0.59 0.41 0.59 0.41 0.59 0.41 0.59 0.41 0.59 0.41 0.59 0.41 0.59 0.41 0.59 0.41 0.59 0.41 0.48 0.52 0.48 0.52 0.48 0.52 0.48 0.52 0.48 0.52 0.48 0.52 0.48 0.52 0.48 0.52 0.48 0.52 0.48 0.52 0.48 0.52 0.48 0.52 0.48 0.52 0.48 0.52 0.48 0.52 0.48 0.52 0.48 0.52 0.48 0.52 0.48 0.52 0.48 0.52 0.3 0.7 0.3 0.7 0.3 0.7 0.3 0.7 0.3 0.7 0.3 0.7 0.3 0.7 0.3 0.7 0.3 0.7 0.3 0.7 0.3 0.7 0.3 0.7 0.3 0.7 0.3 0.7 0.3 0.7 0.3 0.7 0.3 0.7 0.3 0.7 0.3 0.7 0.3 0.7 0.3 0.7 0.3 0.7 0.3 0.7 0.3 0.7 0.3 0.7 0.3 0.7 0.3 0.7 0.3 0.7 0.3 0.7 0.3 0.7 0.3 0.7 0.3 0.7 0.3 0.7 0.3 0.7 0.3 0.7 0.3 0.7 0.3 0.7 0.3 0.7 0.3 0.7 0.3 0.7 0.3 0.7</float_array>
          <technique_common>
            <accessor source="#geom-GamemodelShape-skin1-weights-array" count="363" stride="1">
              <param name="WEIGHT" type="float"/>
            </accessor>
          </technique_common>
        </source>
        <joints>
          <input semantic="JOINT" source="#geom-GamemodelShape-skin1-joints"/>
          <input semantic="INV_BIND_MATRIX" source="#geom-GamemodelShape-skin1-bind_poses"/>
        </joints>
        <vertex_weights count="402">
          <input semantic="JOINT" source="#geom-GamemodelShape-skin1-joints" offset="0"/>
          <input semantic="WEIGHT" source="#geom-GamemodelShape-skin1-weights" offset="1"/>
          <vcount>1 1 1 1 1 1 1 1 1 1 1 1 1 1 1 1 1 1 1 1 1 1 1 1 1 1 1 1 1 1 1 1 1 1 1 1 1 1 1 1 1 1 1 1 1 1 1 1 1 1 1 1 1 1 1 1 1 1 1 1 1 1 1 1 1 1 1 1 1 1 1 1 1 1 1 1 1 1 1 1 1 1 1 1 1 1 1 1 1 1 1 1 1 1 1 1 1 1 1 1 1 1 1 1 1 1 1 1 1 1 1 1 1 1 1 1 1 1 1 1 1 1 1 1 1 1 1 1 1 1 1 1 1 1 1 1 1 1 1 1 1 1 1 1 1 1 1 1 1 1 1 1 1 1 1 1 1 1 1 1 1 1 1 1 1 1 1 1 1 1 1 1 1 1 1 1 1 1 1 1 1 1 1 1 1 1 1 1 1 1 1 1 1 1 1 1 1 1 1 1 1 2 2 2 2 2 2 2 2 2 2 2 2 2 2 2 2 2 2 2 2 2 2 2 2 2 2 2 2 2 2 2 2 2 2 2 2 2 2 2 2 2 2 2 2 2 2 2 2 2 2 2 2 2 2 2 2 2 2 2 2 2 2 2 2 2 2 2 2 2 2 2 2 2 2 2 2 2 2 2 2 2 2 2 2 2 2 2 2 2 2 2 2 2 2 2 2 2 2 2 2 2 2 2 2 2 2 2 2 2 2 2 2 2 2 2 2 2 2 2 2 2 2 2 2 2 2 2 2 2 2 2 2 2 2 2 2 2 2 2 2 2 2 2 2 2 2 2 2 2 2 2 2 2 2 2 2 2 2 2 2 2 2 2 2 2 2 2 2 2 2 2 2 2 2 2 2 2 2 2 2 2 1 1 1 1 1 1 1 1 1 1 1 1 1 1 1 1 1 1 1 1</vcount>
          <v>1 0 1 0 1 0 1 0 1 0 1 0 1 0 1 0 1 0 1 0 1 0 1 0 1 0 1 0 1 0 1 0 1 0 1 0 1 0 1 0 1 0 1 0 1 0 1 0 1 0 1 0 1 0 1 0 1 0 1 0 1 0 1 0 1 0 1 0 1 0 1 0 1 0 1 0 1 0 1 0 1 0 1 0 1 0 1 0 1 0 1 0 1 0 1 0 1 0 1 0 1 0 1 0 1 0 1 0 1 0 1 0 1 0 1 0 1 0 1 0 1 0 1 0 1 0 1 0 1 0 1 0 1 0 1 0 1 0 1 0 1 0 1 0 1 0 1 0 1 0 1 0 1 0 1 0 1 0 1 0 1 0 1 0 1 0 1 0 1 0 1 0 1 0 1 0 1 0 1 0 1 0 1 0 1 0 1 0 1 0 1 0 1 0 1 0 1 0 1 0 1 0 1 0 1 0 1 0 1 0 1 0 1 0 1 0 1 0 1 0 1 0 1 0 1 0 1 0 1 0 1 0 1 0 1 0 1 0 1 0 1 0 1 0 1 0 1 0 1 0 1 0 1 0 1 0 1 0 1 0 1 0 1 0 1 0 1 0 1 0 1 0 1 0 1 0 1 0 1 0 1 0 1 0 1 0 1 0 1 0 1 0 1 0 1 0 1 0 1 0 1 0 1 0 1 0 1 0 1 0 1 0 1 0 1 0 1 0 1 0 1 0 1 0 1 0 1 0 1 0 1 0 1 0 1 0 1 0 1 0 1 0 1 0 1 0 1 0 1 0 1 0 1 0 1 0 1 0 1 0 1 0 1 0 1 0 1 0 1 0 1 0 1 0 1 0 1 0 1 0 1 0 1 0 1 0 1 0 1 0 1 0 1 0 1 0 1 0 1 0 1 0 1 1 2 2 1 3 2 4 1 5 2 6 1 7 2 8 1 9 2 10 1 11 2 12 1 13 2 14 1 15 2 16 1 17 2 18 1 19 2 20 1 21 2 22 1 23 2 24 1 25 2 26 1 27 2 28 1 29 2 30 1 31 2 32 1 33 2 34 1 35 2 36 1 37 2 38 1 39 2 40 1 41 2 42 1 43 2 44 1 45 2 46 1 47 2 48 1 49 2 50 1 51 2 52 1 53 2 54 1 55 2 56 1 57 2 58 1 59 2 60 1 61 2 62 1 63 2 64 1 65 2 66 1 67 2 68 1 69 2 70 1 71 2 72 1 73 2 74 1 75 2 76 1 77 2 78 1 79 2 80 1 81 2 82 1 83 2 84 1 85 2 86 1 87 2 88 1 89 2 90 1 91 2 92 1 93 2 94 1 95 2 96 1 97 2 98 1 99 2 100 1 101 2 102 1 103 2 104 1 105 2 106 1 107 2 108 1 109 2 110 1 111 2 112 1 113 2 114 1 115 2 116 1 117 2 118 1 119 2 120 1 121 2 122 1 123 2 124 1 125 2 126 1 127 2 128 1 129 2 130 1 131 2 132 1 133 2 134 1 135 2 136 1 137 2 138 1 139 2 140 1 141 2 142 1 143 2 144 1 145 2 146 1 147 2 148 1 149 2 150 1 151 2 152 1 153 2 154 1 155 2 156 1 157 2 158 1 159 2 160 1 161 2 162 1 163 2 164 1 165 2 166 1 167 2 168 1 169 2 170 1 171 2 172 1 173 2 174 1 175 2 176 1 177 2 178 1 179 2 180 1 181 2 182 1 183 2 184 1 185 2 186 1 187 2 188 1 189 2 190 1 191 2 192 1 193 2 194 1 195 2 196 1 197 2 198 1 199 2 200 1 201 2 202 1 203 2 204 1 205 2 206 1 207 2 208 1 209 2 210 1 211 2 212 1 213 2 214 1 215 2 216 1 217 2 218 1 219 2 220 1 221 2 222 1 223 2 224 1 225 2 226 1 227 2 228 1 229 2 230 1 231 2 232 1 233 2 234 1 235 2 236 1 237 2 238 1 239 2 240 1 241 2 242 1 243 2 244 1 245 2 246 1 247 2 248 1 249 2 250 1 251 2 252 1 253 2 254 1 255 2 256 1 257 2 258 1 259 2 260 1 261 2 262 1 263 2 264 1 265 2 266 1 267 2 268 1 269 2 270 1 271 2 272 1 273 2 274 1 275 2 276 1 277 2 278 1 279 2 280 1 281 2 282 1 283 2 284 1 285 2 286 1 287 2 288 1 289 2 290 1 291 2 292 1 293 2 294 1 295 2 296 1 297 2 298 1 299 2 300 1 301 2 302 1 303 2 304 1 305 2 306 1 307 2 308 1 309 2 310 1 311 2 312 1 313 2 314 1 315 2 316 1 317 2 318 1 319 2 320 1 321 2 322 1 323 2 324 1 325 2 326 1 327 2 328 1 329 2 330 1 331 2 332 1 333 2 334 1 335 2 336 1 337 2 338 1 339 2 340 1 341 2 342 1 343 2 344 1 345 2 346 1 347 2 348 1 349 2 350 1 351 2 352 1 353 2 354 1 355 2 356 1 357 2 358 1 359 2 360 1 361 2 362 1 0 1 0 1 0 1 0 1 0 1 0 1 0 1 0 1 0 1 0 1 0 1 0 1 0 1 0 1 0 1 0 1 0 1 0 1 0 1 0</v>
        </vertex_weights>
      </skin>
    </controller>
    <controller id="geom-EyeBall_Down_AShape-skin1">
      <skin source="#geom-EyeBall_Down_AShape">
        <bind_shape_matrix>1 0 0 0 0 1 0 0 0 0 1 0 0 0 0 1</bind_shape_matrix>
        <source id="geom-EyeBall_Down_AShape-skin1-joints">
          <Name_array id="geom-EyeBall_Down_AShape-skin1-joints-array" count="4">joint0 joint1 joint2 joint3</Name_array>
          <technique_common>
            <accessor source="#geom-EyeBall_Down_AShape-skin1-joints-array" count="4" stride="1">
              <param name="JOINT" type="name"/>
            </accessor>
          </technique_common>
        </source>
        <source id="geom-EyeBall_Down_AShape-skin1-bind_poses">
          <float_array id="geom-EyeBall_Down_AShape-skin1-bind_poses-array" count="64">1 0 0 0 0 1 0 0 0 0 1 0 0 0 0 1 1 0 0 0 0 1 0 0 0 0 1 0 0 0 0 1 1 0 0 0 0 1 0 0 0 0 1 -3.44513 0 0 0 1 1 0 0 0 0 1 0 0 0 0 1 0 0 0 0 1</float_array>
          <technique_common>
            <accessor source="#geom-EyeBall_Down_AShape-skin1-bind_poses-array" count="4" stride="16">
              <param name="TRANSFORM" type="float4x4"/>
            </accessor>
          </technique_common>
        </source>
        <source id="geom-EyeBall_Down_AShape-skin1-weights">
          <float_array id="geom-EyeBall_Down_AShape-skin1-weights-array" count="1">1</float_array>
          <technique_common>
            <accessor source="#geom-EyeBall_Down_AShape-skin1-weights-array" count="1" stride="1">
              <param name="WEIGHT" type="float"/>
            </accessor>
          </technique_common>
        </source>
        <joints>
          <input semantic="JOINT" source="#geom-EyeBall_Down_AShape-skin1-joints"/>
          <input semantic="INV_BIND_MATRIX" source="#geom-EyeBall_Down_AShape-skin1-bind_poses"/>
        </joints>
        <vertex_weights count="241">
          <input semantic="JOINT" source="#geom-EyeBall_Down_AShape-skin1-joints" offset="0"/>
          <input semantic="WEIGHT" source="#geom-EyeBall_Down_AShape-skin1-weights" offset="1"/>
          <vcount>1 1 1 1 1 1 1 1 1 1 1 1 1 1 1 1 1 1 1 1 1 1 1 1 1 1 1 1 1 1 1 1 1 1 1 1 1 1 1 1 1 1 1 1 1 1 1 1 1 1 1 1 1 1 1 1 1 1 1 1 1 1 1 1 1 1 1 1 1 1 1 1 1 1 1 1 1 1 1 1 1 1 1 1 1 1 1 1 1 1 1 1 1 1 1 1 1 1 1 1 1 1 1 1 1 1 1 1 1 1 1 1 1 1 1 1 1 1 1 1 1 1 1 1 1 1 1 1 1 1 1 1 1 1 1 1 1 1 1 1 1 1 1 1 1 1 1 1 1 1 1 1 1 1 1 1 1 1 1 1 1 1 1 1 1 1 1 1 1 1 1 1 1 1 1 1 1 1 1 1 1 1 1 1 1 1 1 1 1 1 1 1 1 1 1 1 1 1 1 1 1 1 1 1 1 1 1 1 1 1 1 1 1 1 1 1 1 1 1 1 1 1 1 1 1 1 1 1 1 1 1 1 1 1 1 1 1 1 1 1 1</vcount>
          <v>1 0 1 0 1 0 1 0 1 0 1 0 1 0 1 0 1 0 1 0 1 0 1 0 1 0 1 0 1 0 1 0 1 0 1 0 1 0 1 0 1 0 1 0 1 0 1 0 1 0 1 0 1 0 1 0 1 0 1 0 1 0 1 0 1 0 1 0 1 0 1 0 1 0 1 0 1 0 1 0 1 0 1 0 1 0 1 0 1 0 1 0 1 0 1 0 1 0 1 0 1 0 1 0 1 0 1 0 1 0 1 0 1 0 1 0 1 0 1 0 1 0 1 0 1 0 1 0 1 0 1 0 1 0 1 0 1 0 1 0 1 0 1 0 1 0 1 0 1 0 1 0 1 0 1 0 1 0 1 0 1 0 1 0 1 0 1 0 1 0 1 0 1 0 1 0 1 0 1 0 1 0 1 0 1 0 1 0 1 0 1 0 1 0 1 0 1 0 1 0 1 0 1 0 1 0 1 0 1 0 1 0 1 0 1 0 1 0 1 0 1 0 1 0 1 0 1 0 1 0 1 0 1 0 1 0 1 0 1 0 1 0 1 0 1 0 1 0 1 0 1 0 1 0 1 0 1 0 1 0 1 0 1 0 1 0 1 0 1 0 1 0 1 0 1 0 1 0 1 0 1 0 1 0 1 0 1 0 1 0 1 0 1 0 1 0 1 0 1 0 1 0 1 0 1 0 1 0 1 0 1 0 1 0 1 0 1 0 1 0 1 0 1 0 1 0 1 0 1 0 1 0 1 0 1 0 1 0 1 0 1 0 1 0 1 0 1 0 1 0 1 0 1 0 1 0 1 0 1 0 1 0 1 0 1 0 1 0 1 0 1 0 1 0 1 0 1 0 1 0 1 0 1 0 1 0 1 0 1 0 1 0 1 0 1 0 1 0 1 0 1 0 1 0 1 0 1 0 1 0 1 0 1 0 1 0 1 0 1 0 1 0 1 0 1 0 1 0 1 0 1 0 1 0 1 0 1 0 1 0 1 0 1 0 1 0 1 0 1 0 1 0 1 0 1 0 1 0 1 0 1 0 1 0 1 0 1 0 1 0 1 0 1 0 1 0 1 0 1 0 1 0</v>
        </vertex_weights>
      </skin>
    </controller>
    <controller id="geom-EyeBall_pupilShape-skin1">
      <skin source="#geom-EyeBall_pupilShape">
        <bind_shape_matrix>1 0 0 0 0 1 0 0 0 0 1 0 0 0 0 1</bind_shape_matrix>
        <source id="geom-EyeBall_pupilShape-skin1-joints">
          <Name_array id="geom-EyeBall_pupilShape-skin1-joints-array" count="4">joint0 joint1 joint2 joint3</Name_array>
          <technique_common>
            <accessor source="#geom-EyeBall_pupilShape-skin1-joints-array" count="4" stride="1">
              <param name="JOINT" type="name"/>
            </accessor>
          </technique_common>
        </source>
        <source id="geom-EyeBall_pupilShape-skin1-bind_poses">
          <float_array id="geom-EyeBall_pupilShape-skin1-bind_poses-array" count="64">1 0 0 0 0 1 0 0 0 0 1 0 0 0 0 1 1 0 0 0 0 1 0 0 0 0 1 0 0 0 0 1 1 0 0 0 0 1 0 0 0 0 1 -3.44513 0 0 0 1 1 0 0 0 0 1 0 0 0 0 1 0 0 0 0 1</float_array>
          <technique_common>
            <accessor source="#geom-EyeBall_pupilShape-skin1-bind_poses-array" count="4" stride="16">
              <param name="TRANSFORM" type="float4x4"/>
            </accessor>
          </technique_common>
        </source>
        <source id="geom-EyeBall_pupilShape-skin1-weights">
          <float_array id="geom-EyeBall_pupilShape-skin1-weights-array" count="283">1 0.73 0.27 0.73 0.27 0.62 0.38 0.62 0.38 0.73 0.27 0.62 0.38 0.73 0.27 0.62 0.38 0.73 0.27 0.62 0.38 0.73 0.27 0.62 0.38 0.73 0.27 0.62 0.38 0.73 0.27 0.62 0.38 0.73 0.27 0.62 0.38 0.73 0.27 0.62 0.38 0.73 0.27 0.62 0.38 0.73 0.27 0.62 0.38 0.73 0.27 0.62 0.38 0.73 0.27 0.62 0.38 0.73 0.27 0.62 0.38 0.73 0.27 0.62 0.38 0.73 0.27 0.62 0.38 0.73 0.27 0.62 0.38 0.73 0.27 0.62 0.38 0.73 0.27 0.62 0.38 0.54 0.46 0.54 0.46 0.54 0.46 0.54 0.46 0.54 0.46 0.54 0.46 0.54 0.46 0.54 0.46 0.54 0.46 0.54 0.46 0.54 0.46 0.54 0.46 0.54 0.46 0.54 0.46 0.54 0.46 0.54 0.46 0.54 0.46 0.54 0.46 0.54 0.46 0.54 0.46 0.47 0.53 0.47 0.53 0.47 0.53 0.47 0.53 0.47 0.53 0.47 0.53 0.47 0.53 0.47 0.53 0.47 0.53 0.47 0.53 0.47 0.53 0.47 0.53 0.47 0.53 0.47 0.53 0.47 0.53 0.47 0.53 0.47 0.53 0.47 0.53 0.47 0.53 0.47 0.53 0.47 0.53 0.47 0.53 0.47 0.53 0.47 0.53 0.47 0.53 0.47 0.53 0.47 0.53 0.47 0.53 0.47 0.53 0.47 0.53 0.47 0.53 0.47 0.53 0.47 0.53 0.47 0.53 0.47 0.53 0.47 0.53 0.47 0.53 0.47 0.53 0.47 0.53 0.47 0.53 0.47 0.53 0.47 0.53 0.47 0.53 0.47 0.53 0.47 0.53 0.47 0.53 0.47 0.53 0.47 0.53 0.47 0.53 0.47 0.53 0.47 0.53 0.47 0.53 0.47 0.53 0.47 0.53 0.47 0.53 0.47 0.53 0.47 0.53 0.47 0.53 0.47 0.53 0.47 0.53 0.47 0.53 0.47 0.53 0.47 0.53 0.47 0.53 0.47 0.53 0.47 0.53 0.47 0.53 0.47 0.53 0.47 0.53 0.47 0.53 0.47 0.53 0.47 0.53 0.47 0.53 0.47 0.53 0.47 0.53 0.47 0.53 0.47 0.53 0.47 0.53 0.47 0.53 0.47 0.53 0.47 0.53</float_array>
          <technique_common>
            <accessor source="#geom-EyeBall_pupilShape-skin1-weights-array" count="283" stride="1">
              <param name="WEIGHT" type="float"/>
            </accessor>
          </technique_common>
        </source>
        <joints>
          <input semantic="JOINT" source="#geom-EyeBall_pupilShape-skin1-joints"/>
          <input semantic="INV_BIND_MATRIX" source="#geom-EyeBall_pupilShape-skin1-bind_poses"/>
        </joints>
        <vertex_weights count="141">
          <input semantic="JOINT" source="#geom-EyeBall_pupilShape-skin1-joints" offset="0"/>
          <input semantic="WEIGHT" source="#geom-EyeBall_pupilShape-skin1-weights" offset="1"/>
          <vcount>2 2 2 2 2 2 2 2 2 2 2 2 2 2 2 2 2 2 2 2 2 2 2 2 2 2 2 2 2 2 2 2 2 2 2 2 2 2 2 2 2 2 2 2 2 2 2 2 2 2 2 2 2 2 2 2 2 2 2 2 2 2 2 2 2 2 2 2 2 2 2 2 2 2 2 2 2 2 2 2 2 2 2 2 2 2 2 2 2 2 2 2 2 2 2 2 2 2 2 2 2 2 2 2 2 2 2 2 2 2 2 2 2 2 2 2 2 2 2 2 2 2 2 2 2 2 2 2 2 2 2 2 2 2 2 2 2 2 2 2 2</vcount>
          <v>1 1 2 2 1 3 2 4 1 5 2 6 1 7 2 8 1 9 2 10 1 11 2 12 1 13 2 14 1 15 2 16 1 17 2 18 1 19 2 20 1 21 2 22 1 23 2 24 1 25 2 26 1 27 2 28 1 29 2 30 1 31 2 32 1 33 2 34 1 35 2 36 1 37 2 38 1 39 2 40 1 41 2 42 1 43 2 44 1 45 2 46 1 47 2 48 1 49 2 50 1 51 2 52 1 53 2 54 1 55 2 56 1 57 2 58 1 59 2 60 1 61 2 62 1 63 2 64 1 65 2 66 1 67 2 68 1 69 2 70 1 71 2 72 1 73 2 74 1 75 2 76 1 77 2 78 1 79 2 80 1 81 2 82 1 83 2 84 1 85 2 86 1 87 2 88 1 89 2 90 1 91 2 92 1 93 2 94 1 95 2 96 1 97 2 98 1 99 2 100 1 101 2 102 1 103 2 104 1 105 2 106 1 107 2 108 1 109 2 110 1 111 2 112 1 113 2 114 1 115 2 116 1 117 2 118 1 119 2 120 1 121 2 122 1 123 2 124 1 125 2 126 1 127 2 128 1 129 2 130 1 131 2 132 1 133 2 134 1 135 2 136 1 137 2 138 1 139 2 140 1 141 2 142 1 143 2 144 1 145 2 146 1 147 2 148 1 149 2 150 1 151 2 152 1 153 2 154 1 155 2 156 1 157 2 158 1 159 2 160 1 161 2 162 1 163 2 164 1 165 2 166 1 167 2 168 1 169 2 170 1 171 2 172 1 173 2 174 1 175 2 176 1 177 2 178 1 179 2 180 1 181 2 182 1 183 2 184 1 185 2 186 1 187 2 188 1 189 2 190 1 191 2 192 1 193 2 194 1 195 2 196 1 197 2 198 1 199 2 200 1 201 2 202 1 203 2 204 1 205 2 206 1 207 2 208 1 209 2 210 1 211 2 212 1 213 2 214 1 215 2 216 1 217 2 218 1 219 2 220 1 221 2 222 1 223 2 224 1 225 2 226 1 227 2 228 1 229 2 230 1 231 2 232 1 233 2 234 1 235 2 236 1 237 2 238 1 239 2 240 1 241 2 242 1 243 2 244 1 245 2 246 1 247 2 248 1 249 2 250 1 251 2 252 1 253 2 254 1 255 2 256 1 257 2 258 1 259 2 260 1 261 2 262 1 263 2 264 1 265 2 266 1 267 2 268 1 269 2 270 1 271 2 272 1 273 2 274 1 275 2 276 1 277 2 278 1 279 2 280 1 281 2 282</v>
        </vertex_weights>
      </skin>
    </controller>
    <controller id="geom-EyeBall_hilightShape-skin1">
      <skin source="#geom-EyeBall_hilightShape">
        <bind_shape_matrix>1 0 0 0 0 1 0 0 0 0 1 0 0 0 0 1</bind_shape_matrix>
        <source id="geom-EyeBall_hilightShape-skin1-joints">
          <Name_array id="geom-EyeBall_hilightShape-skin1-joints-array" count="4">joint0 joint1 joint2 joint3</Name_array>
          <technique_common>
            <accessor source="#geom-EyeBall_hilightShape-skin1-joints-array" count="4" stride="1">
              <param name="JOINT" type="name"/>
            </accessor>
          </technique_common>
        </source>
        <source id="geom-EyeBall_hilightShape-skin1-bind_poses">
          <float_array id="geom-EyeBall_hilightShape-skin1-bind_poses-array" count="64">1 0 0 0 0 1 0 0 0 0 1 0 0 0 0 1 1 0 0 0 0 1 0 0 0 0 1 0 0 0 0 1 1 0 0 0 0 1 0 0 0 0 1 -3.44513 0 0 0 1 1 0 0 0 0 1 0 0 0 0 1 0 0 0 0 1</float_array>
          <technique_common>
            <accessor source="#geom-EyeBall_hilightShape-skin1-bind_poses-array" count="4" stride="16">
              <param name="TRANSFORM" type="float4x4"/>
            </accessor>
          </technique_common>
        </source>
        <source id="geom-EyeBall_hilightShape-skin1-weights">
          <float_array id="geom-EyeBall_hilightShape-skin1-weights-array" count="1">1</float_array>
          <technique_common>
            <accessor source="#geom-EyeBall_hilightShape-skin1-weights-array" count="1" stride="1">
              <param name="WEIGHT" type="float"/>
            </accessor>
          </technique_common>
        </source>
        <joints>
          <input semantic="JOINT" source="#geom-EyeBall_hilightShape-skin1-joints"/>
          <input semantic="INV_BIND_MATRIX" source="#geom-EyeBall_hilightShape-skin1-bind_poses"/>
        </joints>
        <vertex_weights count="32">
          <input semantic="JOINT" source="#geom-EyeBall_hilightShape-skin1-joints" offset="0"/>
          <input semantic="WEIGHT" source="#geom-EyeBall_hilightShape-skin1-weights" offset="1"/>
          <vcount>1 1 1 1 1 1 1 1 1 1 1 1 1 1 1 1 1 1 1 1 1 1 1 1 1 1 1 1 1 1 1 1</vcount>
          <v>1 0 1 0 1 0 1 0 1 0 1 0 1 0 1 0 1 0 1 0 1 0 1 0 1 0 1 0 1 0 1 0 1 0 1 0 1 0 1 0 1 0 1 0 1 0 1 0 1 0 1 0 1 0 1 0 1 0 1 0 1 0 1 0</v>
        </vertex_weights>
      </skin>
    </controller>
    <controller id="geom-EyeBall_Up_AShape-skin1">
      <skin source="#geom-EyeBall_Up_AShape">
        <bind_shape_matrix>1 0 0 0 0 1 0 0 0 0 1 0 0 0 0 1</bind_shape_matrix>
        <source id="geom-EyeBall_Up_AShape-skin1-joints">
          <Name_array id="geom-EyeBall_Up_AShape-skin1-joints-array" count="4">joint0 joint1 joint2 joint3</Name_array>
          <technique_common>
            <accessor source="#geom-EyeBall_Up_AShape-skin1-joints-array" count="4" stride="1">
              <param name="JOINT" type="name"/>
            </accessor>
          </technique_common>
        </source>
        <source id="geom-EyeBall_Up_AShape-skin1-bind_poses">
          <float_array id="geom-EyeBall_Up_AShape-skin1-bind_poses-array" count="64">1 0 0 0 0 1 0 0 0 0 1 0 0 0 0 1 1 0 0 0 0 1 0 0 0 0 1 0 0 0 0 1 1 0 0 0 0 1 0 0 0 0 1 -3.44513 0 0 0 1 1 0 0 0 0 1 0 0 0 0 1 0 0 0 0 1</float_array>
          <technique_common>
            <accessor source="#geom-EyeBall_Up_AShape-skin1-bind_poses-array" count="4" stride="16">
              <param name="TRANSFORM" type="float4x4"/>
            </accessor>
          </technique_common>
        </source>
        <source id="geom-EyeBall_Up_AShape-skin1-weights">
          <float_array id="geom-EyeBall_Up_AShape-skin1-weights-array" count="1">1</float_array>
          <technique_common>
            <accessor source="#geom-EyeBall_Up_AShape-skin1-weights-array" count="1" stride="1">
              <param name="WEIGHT" type="float"/>
            </accessor>
          </technique_common>
        </source>
        <joints>
          <input semantic="JOINT" source="#geom-EyeBall_Up_AShape-skin1-joints"/>
          <input semantic="INV_BIND_MATRIX" source="#geom-EyeBall_Up_AShape-skin1-bind_poses"/>
        </joints>
        <vertex_weights count="241">
          <input semantic="JOINT" source="#geom-EyeBall_Up_AShape-skin1-joints" offset="0"/>
          <input semantic="WEIGHT" source="#geom-EyeBall_Up_AShape-skin1-weights" offset="1"/>
          <vcount>1 1 1 1 1 1 1 1 1 1 1 1 1 1 1 1 1 1 1 1 1 1 1 1 1 1 1 1 1 1 1 1 1 1 1 1 1 1 1 1 1 1 1 1 1 1 1 1 1 1 1 1 1 1 1 1 1 1 1 1 1 1 1 1 1 1 1 1 1 1 1 1 1 1 1 1 1 1 1 1 1 1 1 1 1 1 1 1 1 1 1 1 1 1 1 1 1 1 1 1 1 1 1 1 1 1 1 1 1 1 1 1 1 1 1 1 1 1 1 1 1 1 1 1 1 1 1 1 1 1 1 1 1 1 1 1 1 1 1 1 1 1 1 1 1 1 1 1 1 1 1 1 1 1 1 1 1 1 1 1 1 1 1 1 1 1 1 1 1 1 1 1 1 1 1 1 1 1 1 1 1 1 1 1 1 1 1 1 1 1 1 1 1 1 1 1 1 1 1 1 1 1 1 1 1 1 1 1 1 1 1 1 1 1 1 1 1 1 1 1 1 1 1 1 1 1 1 1 1 1 1 1 1 1 1 1 1 1 1 1 1</vcount>
          <v>1 0 1 0 1 0 1 0 1 0 1 0 1 0 1 0 1 0 1 0 1 0 1 0 1 0 1 0 1 0 1 0 1 0 1 0 1 0 1 0 1 0 1 0 1 0 1 0 1 0 1 0 1 0 1 0 1 0 1 0 1 0 1 0 1 0 1 0 1 0 1 0 1 0 1 0 1 0 1 0 1 0 1 0 1 0 1 0 1 0 1 0 1 0 1 0 1 0 1 0 1 0 1 0 1 0 1 0 1 0 1 0 1 0 1 0 1 0 1 0 1 0 1 0 1 0 1 0 1 0 1 0 1 0 1 0 1 0 1 0 1 0 1 0 1 0 1 0 1 0 1 0 1 0 1 0 1 0 1 0 1 0 1 0 1 0 1 0 1 0 1 0 1 0 1 0 1 0 1 0 1 0 1 0 1 0 1 0 1 0 1 0 1 0 1 0 1 0 1 0 1 0 1 0 1 0 1 0 1 0 1 0 1 0 1 0 1 0 1 0 1 0 1 0 1 0 1 0 1 0 1 0 1 0 1 0 1 0 1 0 1 0 1 0 1 0 1 0 1 0 1 0 1 0 1 0 1 0 1 0 1 0 1 0 1 0 1 0 1 0 1 0 1 0 1 0 1 0 1 0 1 0 1 0 1 0 1 0 1 0 1 0 1 0 1 0 1 0 1 0 1 0 1 0 1 0 1 0 1 0 1 0 1 0 1 0 1 0 1 0 1 0 1 0 1 0 1 0 1 0 1 0 1 0 1 0 1 0 1 0 1 0 1 0 1 0 1 0 1 0 1 0 1 0 1 0 1 0 1 0 1 0 1 0 1 0 1 0 1 0 1 0 1 0 1 0 1 0 1 0 1 0 1 0 1 0 1 0 1 0 1 0 1 0 1 0 1 0 1 0 1 0 1 0 1 0 1 0 1 0 1 0 1 0 1 0 1 0 1 0 1 0 1 0 1 0 1 0 1 0 1 0 1 0 1 0 1 0 1 0 1 0 1 0 1 0 1 0 1 0 1 0 1 0 1 0 1 0 1 0 1 0 1 0 1 0 1 0 1 0 1 0 1 0 1 0 1 0 1 0 1 0</v>
        </vertex_weights>
      </skin>
    </controller>
  </library_controllers>
  <library_lights>
    <light id="EnvironmentAmbientLight" name="EnvironmentAmbientLight">
      <technique_common>
        <ambient>
          <color>0 0 0</color>
        </ambient>
      </technique_common>
    </light>
  </library_lights>
  <library_images>
    <image id="default_White_png">
      <init_from>./images/Crazyhandsearchlight/default_White.png</init_from>
    </image>
    <image id="crazyhandsearchlight_col_png">
      <init_from>./images/Crazyhandsearchlight/crazyhandsearchlight_col.png</init_from>
    </image>
  </library_images>
  <library_visual_scenes>
    <visual_scene id="MaxScene">
      <node name="EnvironmentAmbientLight">
        <instance_light url="#EnvironmentAmbientLight"/>
      </node>
      <node id="node-Trans" name="Trans" sid="joint0" type="JOINT">
        <node id="node-Rot" name="Rot" sid="joint1" type="JOINT">
          <node id="node-Scale" name="Scale" sid="joint2" type="JOINT">
            <translate>0 0 3.44513</translate>
            <extra>
              <technique profile="OpenCOLLADA">
                <cast_shadows sid="cast_shadows" type="bool">1</cast_shadows>
                <receive_shadows sid="receive_shadows" type="bool">1</receive_shadows>
                <primary_visibility sid="primary_visibility" type="bool">1</primary_visibility>
                <secondary_visibility sid="secondary_visibility" type="bool">1</secondary_visibility>
              </technique>
            </extra>
          </node>
          <extra>
            <technique profile="OpenCOLLADA">
              <cast_shadows sid="cast_shadows" type="bool">1</cast_shadows>
              <receive_shadows sid="receive_shadows" type="bool">1</receive_shadows>
              <primary_visibility sid="primary_visibility" type="bool">1</primary_visibility>
              <secondary_visibility sid="secondary_visibility" type="bool">1</secondary_visibility>
            </technique>
          </extra>
        </node>
        <extra>
          <technique profile="OpenCOLLADA">
            <cast_shadows sid="cast_shadows" type="bool">1</cast_shadows>
            <receive_shadows sid="receive_shadows" type="bool">1</receive_shadows>
            <primary_visibility sid="primary_visibility" type="bool">1</primary_visibility>
            <secondary_visibility sid="secondary_visibility" type="bool">1</secondary_visibility>
          </technique>
        </extra>
      </node>
      <node id="node-Search" name="Search" sid="joint3" type="JOINT">
        <extra>
          <technique profile="OpenCOLLADA">
            <cast_shadows sid="cast_shadows" type="bool">1</cast_shadows>
            <receive_shadows sid="receive_shadows" type="bool">1</receive_shadows>
            <primary_visibility sid="primary_visibility" type="bool">1</primary_visibility>
            <secondary_visibility sid="secondary_visibility" type="bool">1</secondary_visibility>
          </technique>
        </extra>
      </node>
      <node id="node-GamemodelShape" name="GamemodelShape">
        <instance_controller url="#geom-GamemodelShape-skin1">
          <skeleton>#node-Trans</skeleton>
          <skeleton>#node-Search</skeleton>
          <bind_material>
            <technique_common>
              <instance_material symbol="searchlight_mt" target="#searchlight_mt-material">
                <bind_vertex_input semantic="CHANNEL1" input_semantic="TEXCOORD" input_set="0"/>
                <bind_vertex_input semantic="CHANNEL1" input_semantic="TEXCOORD" input_set="0"/>
              </instance_material>
            </technique_common>
          </bind_material>
        </instance_controller>
        <extra>
          <technique profile="OpenCOLLADA">
            <cast_shadows sid="cast_shadows" type="bool">1</cast_shadows>
            <receive_shadows sid="receive_shadows" type="bool">1</receive_shadows>
            <primary_visibility sid="primary_visibility" type="bool">1</primary_visibility>
            <secondary_visibility sid="secondary_visibility" type="bool">1</secondary_visibility>
          </technique>
        </extra>
      </node>
      <node id="node-EyeBall_Down_AShape" name="EyeBall_Down_AShape">
        <instance_controller url="#geom-EyeBall_Down_AShape-skin1">
          <skeleton>#node-Trans</skeleton>
          <skeleton>#node-Search</skeleton>
          <bind_material>
            <technique_common>
              <instance_material symbol="eff_mt" target="#eff_mt-material">
                <bind_vertex_input semantic="CHANNEL1" input_semantic="TEXCOORD" input_set="0"/>
                <bind_vertex_input semantic="CHANNEL1" input_semantic="TEXCOORD" input_set="0"/>
              </instance_material>
            </technique_common>
          </bind_material>
        </instance_controller>
        <extra>
          <technique profile="OpenCOLLADA">
            <cast_shadows sid="cast_shadows" type="bool">1</cast_shadows>
            <receive_shadows sid="receive_shadows" type="bool">1</receive_shadows>
            <primary_visibility sid="primary_visibility" type="bool">1</primary_visibility>
            <secondary_visibility sid="secondary_visibility" type="bool">1</secondary_visibility>
          </technique>
        </extra>
      </node>
      <node id="node-EyeBall_pupilShape" name="EyeBall_pupilShape">
        <instance_controller url="#geom-EyeBall_pupilShape-skin1">
          <skeleton>#node-Trans</skeleton>
          <skeleton>#node-Search</skeleton>
          <bind_material>
            <technique_common>
              <instance_material symbol="searchlight_mt" target="#searchlight_mt-material">
                <bind_vertex_input semantic="CHANNEL1" input_semantic="TEXCOORD" input_set="0"/>
                <bind_vertex_input semantic="CHANNEL1" input_semantic="TEXCOORD" input_set="0"/>
              </instance_material>
            </technique_common>
          </bind_material>
        </instance_controller>
        <extra>
          <technique profile="OpenCOLLADA">
            <cast_shadows sid="cast_shadows" type="bool">1</cast_shadows>
            <receive_shadows sid="receive_shadows" type="bool">1</receive_shadows>
            <primary_visibility sid="primary_visibility" type="bool">1</primary_visibility>
            <secondary_visibility sid="secondary_visibility" type="bool">1</secondary_visibility>
          </technique>
        </extra>
      </node>
      <node id="node-EyeBall_hilightShape" name="EyeBall_hilightShape">
        <instance_controller url="#geom-EyeBall_hilightShape-skin1">
          <skeleton>#node-Trans</skeleton>
          <skeleton>#node-Search</skeleton>
          <bind_material>
            <technique_common>
              <instance_material symbol="searchlight_mt" target="#searchlight_mt-material">
                <bind_vertex_input semantic="CHANNEL1" input_semantic="TEXCOORD" input_set="0"/>
                <bind_vertex_input semantic="CHANNEL1" input_semantic="TEXCOORD" input_set="0"/>
              </instance_material>
            </technique_common>
          </bind_material>
        </instance_controller>
        <extra>
          <technique profile="OpenCOLLADA">
            <cast_shadows sid="cast_shadows" type="bool">1</cast_shadows>
            <receive_shadows sid="receive_shadows" type="bool">1</receive_shadows>
            <primary_visibility sid="primary_visibility" type="bool">1</primary_visibility>
            <secondary_visibility sid="secondary_visibility" type="bool">1</secondary_visibility>
          </technique>
        </extra>
      </node>
      <node id="node-EyeBall_Up_AShape" name="EyeBall_Up_AShape">
        <instance_controller url="#geom-EyeBall_Up_AShape-skin1">
          <skeleton>#node-Trans</skeleton>
          <skeleton>#node-Search</skeleton>
          <bind_material>
            <technique_common>
              <instance_material symbol="eff_mt" target="#eff_mt-material">
                <bind_vertex_input semantic="CHANNEL1" input_semantic="TEXCOORD" input_set="0"/>
                <bind_vertex_input semantic="CHANNEL1" input_semantic="TEXCOORD" input_set="0"/>
              </instance_material>
            </technique_common>
          </bind_material>
        </instance_controller>
        <extra>
          <technique profile="OpenCOLLADA">
            <cast_shadows sid="cast_shadows" type="bool">1</cast_shadows>
            <receive_shadows sid="receive_shadows" type="bool">1</receive_shadows>
            <primary_visibility sid="primary_visibility" type="bool">1</primary_visibility>
            <secondary_visibility sid="secondary_visibility" type="bool">1</secondary_visibility>
          </technique>
        </extra>
      </node>
    </visual_scene>
  </library_visual_scenes>
  <scene>
    <instance_visual_scene url="#MaxScene"/>
  </scene>
</COLLADA>