<?xml version="1.0" encoding="utf-8"?>
<COLLADA xmlns="http://www.collada.org/2005/11/COLLADASchema" version="1.4.1" xmlns:xsi="http://www.w3.org/2001/XMLSchema-instance">
  <asset>
    <contributor>
      <author>Centrixe</author>
      <authoring_tool>OpenCOLLADA for 3ds Max;  Version: 1.6;  Revision: 68</authoring_tool>
    </contributor>
    <created>2019-09-08T01:06:36</created>
    <modified>2019-09-08T01:06:36</modified>
    <unit name="inch" meter="0.0254"/>
    <up_axis>Z_UP</up_axis>
  </asset>
  <library_effects>
    <effect id="phong0__sfx_0xd2d01001___A_ADD__NORMEXP16___VTC_">
      <profile_COMMON>
        <newparam sid="crazyhandbomb_emission_col_png-surface">
          <surface type="2D">
            <init_from>crazyhandbomb_emission_col_png</init_from>
          </surface>
        </newparam>
        <newparam sid="crazyhandbomb_emission_col_png-sampler">
          <sampler2D>
            <source>crazyhandbomb_emission_col_png-surface</source>
          </sampler2D>
        </newparam>
        <technique sid="common">
          <blinn>
            <emission>
              <color>0 0 0 1</color>
            </emission>
            <ambient>
              <color>0.588 0.588 0.588 1</color>
            </ambient>
            <diffuse>
              <texture texture="crazyhandbomb_emission_col_png-sampler" texcoord="CHANNEL1"/>
            </diffuse>
            <specular>
              <color>0 0 0 1</color>
            </specular>
            <shininess>
              <float>10</float>
            </shininess>
            <reflective>
              <color>0 0 0 1</color>
            </reflective>
            <transparent opaque="A_ONE">
              <texture texture="crazyhandbomb_emission_col_png-sampler" texcoord="CHANNEL1"/>
            </transparent>
            <transparency>
              <float>1</float>
            </transparency>
          </blinn>
        </technique>
      </profile_COMMON>
      <extra>
        <technique profile="OpenCOLLADA3dsMax">
          <extended_shader>
            <opacity_type sid="opacity_type" type="int">0</opacity_type>
            <falloff_type sid="falloff_type" type="int">0</falloff_type>
            <falloff sid="falloff" type="float">0</falloff>
            <index_of_refraction sid="index_of_refraction" type="float">1.5</index_of_refraction>
            <wire_size sid="wire_size" type="float">1</wire_size>
            <wire_units sid="wire_units" type="int">0</wire_units>
            <apply_reflection_dimming sid="apply_reflection_dimming" type="bool">0</apply_reflection_dimming>
            <dim_level sid="dim_level" type="float">0</dim_level>
            <reflection_level sid="reflection_level" type="float">3</reflection_level>
          </extended_shader>
          <shader>
            <ambient_diffuse_texture_lock sid="ambient_diffuse_texture_lock" type="bool">1</ambient_diffuse_texture_lock>
            <ambient_diffuse_lock sid="ambient_diffuse_lock" type="bool">1</ambient_diffuse_lock>
            <diffuse_specular_lock sid="diffuse_specular_lock" type="bool">0</diffuse_specular_lock>
            <use_self_illum_color sid="use_self_illum_color" type="bool">0</use_self_illum_color>
            <self_illumination sid="self_illumination" type="float">0</self_illumination>
            <specular_level sid="specular_level" type="float">0</specular_level>
            <soften sid="soften" type="float">0.1</soften>
          </shader>
        </technique>
      </extra>
    </effect>
    <effect id="phong2__sfx_0xd6091069_____NORMEXP16___VTC_">
      <profile_COMMON>
        <newparam sid="crazyhandbomb_col_png-surface">
          <surface type="2D">
            <init_from>crazyhandbomb_col_png</init_from>
          </surface>
        </newparam>
        <newparam sid="crazyhandbomb_col_png-sampler">
          <sampler2D>
            <source>crazyhandbomb_col_png-surface</source>
          </sampler2D>
        </newparam>
        <technique sid="common">
          <blinn>
            <emission>
              <color>0 0 0 1</color>
            </emission>
            <ambient>
              <color>0.588 0.588 0.588 1</color>
            </ambient>
            <diffuse>
              <texture texture="crazyhandbomb_col_png-sampler" texcoord="CHANNEL1"/>
            </diffuse>
            <specular>
              <color>0 0 0 1</color>
            </specular>
            <shininess>
              <float>10</float>
            </shininess>
            <reflective>
              <color>0 0 0 1</color>
            </reflective>
            <transparent opaque="A_ONE">
              <texture texture="crazyhandbomb_col_png-sampler" texcoord="CHANNEL1"/>
            </transparent>
            <transparency>
              <float>1</float>
            </transparency>
          </blinn>
        </technique>
      </profile_COMMON>
      <extra>
        <technique profile="OpenCOLLADA3dsMax">
          <extended_shader>
            <opacity_type sid="opacity_type" type="int">0</opacity_type>
            <falloff_type sid="falloff_type" type="int">0</falloff_type>
            <falloff sid="falloff" type="float">0</falloff>
            <index_of_refraction sid="index_of_refraction" type="float">1.5</index_of_refraction>
            <wire_size sid="wire_size" type="float">1</wire_size>
            <wire_units sid="wire_units" type="int">0</wire_units>
            <apply_reflection_dimming sid="apply_reflection_dimming" type="bool">0</apply_reflection_dimming>
            <dim_level sid="dim_level" type="float">0</dim_level>
            <reflection_level sid="reflection_level" type="float">3</reflection_level>
          </extended_shader>
          <shader>
            <ambient_diffuse_texture_lock sid="ambient_diffuse_texture_lock" type="bool">1</ambient_diffuse_texture_lock>
            <ambient_diffuse_lock sid="ambient_diffuse_lock" type="bool">1</ambient_diffuse_lock>
            <diffuse_specular_lock sid="diffuse_specular_lock" type="bool">0</diffuse_specular_lock>
            <use_self_illum_color sid="use_self_illum_color" type="bool">0</use_self_illum_color>
            <self_illumination sid="self_illumination" type="float">0</self_illumination>
            <specular_level sid="specular_level" type="float">0</specular_level>
            <soften sid="soften" type="float">0.1</soften>
          </shader>
        </technique>
      </extra>
    </effect>
  </library_effects>
  <library_materials>
    <material id="phong0__sfx_0xd2d01001___A_ADD__NORMEXP16___VTC_-material" name="phong0__sfx_0xd2d01001___A_ADD__NORMEXP16___VTC_">
      <instance_effect url="#phong0__sfx_0xd2d01001___A_ADD__NORMEXP16___VTC_"/>
    </material>
    <material id="phong2__sfx_0xd6091069_____NORMEXP16___VTC_-material" name="phong2__sfx_0xd6091069_____NORMEXP16___VTC_">
      <instance_effect url="#phong2__sfx_0xd6091069_____NORMEXP16___VTC_"/>
    </material>
  </library_materials>
  <library_geometries>
    <geometry id="geom-bombShape" name="bombShape">
      <mesh>
        <source id="geom-bombShape-positions">
          <float_array id="geom-bombShape-positions-array" count="300">-3.76125 0 5.18493 -3.57716 -1.16229 5.18493 -2.90849 0 5.70732 -2.76614 -0.898773 5.70732 -3.04292 -2.21081 5.18493 -2.35302 -1.70957 5.70732 -2.21081 -3.04292 5.18493 -1.70957 -2.35302 5.70732 -1.16229 -3.57716 5.18493 -0.898773 -2.76614 5.70732 0 -3.76125 5.18493 0 -2.90849 5.70732 -1.97989 0 6.09203 -1.88299 -0.61182 6.09203 -1.60177 -1.16375 6.09203 -1.16375 -1.60177 6.09203 -0.61182 -1.88299 6.09203 0 -1.97989 6.09203 -1.00253 0 6.32675 -0.953462 -0.309799 6.32675 -0.811063 -0.589272 6.32675 -0.589272 -0.811063 6.32675 -0.309798 -0.953462 6.32675 0 -1.00253 6.32675 0 0 6.40569 3.76125 0 5.18493 2.90849 0 5.70732 3.57716 -1.16229 5.18493 2.76614 -0.898773 5.70732 3.04292 -2.21081 5.18493 2.35302 -1.70957 5.70732 2.21081 -3.04292 5.18493 1.70957 -2.35302 5.70732 1.16229 -3.57716 5.18493 0.898773 -2.76614 5.70732 0 -3.76125 5.18493 0 -2.90849 5.70732 1.97989 0 6.09203 1.88299 -0.61182 6.09203 1.60177 -1.16375 6.09203 1.16375 -1.60177 6.09203 0.61182 -1.88299 6.09203 0 -1.97989 6.09203 1.00253 0 6.32675 0.953462 -0.309799 6.32675 0.811063 -0.589272 6.32675 0.589272 -0.811063 6.32675 0.309799 -0.953462 6.32675 0 -1.00253 6.32675 0 0 6.40569 -3.76125 0 5.18493 -2.90849 0 5.70732 -3.57716 1.16229 5.18493 -2.76614 0.898773 5.70732 -3.04292 2.21081 5.18493 -2.35302 1.70957 5.70732 -2.21081 3.04292 5.18493 -1.70957 2.35302 5.70732 -1.16229 3.57716 5.18493 -0.898773 2.76614 5.70732 0 3.76125 5.18493 0 2.90849 5.70732 -1.97989 0 6.09203 -1.88299 0.61182 6.09203 -1.60177 1.16375 6.09203 -1.16375 1.60177 6.09203 -0.61182 1.88299 6.09203 0 1.97989 6.09203 -1.00253 0 6.32675 -0.953462 0.309799 6.32675 -0.811063 0.589272 6.32675 -0.589272 0.811063 6.32675 -0.309799 0.953462 6.32675 0 1.00253 6.32675 0 0 6.40569 3.76125 0 5.18493 3.57716 1.16229 5.18493 2.90849 0 5.70732 2.76614 0.898773 5.70732 3.04292 2.21081 5.18493 2.35302 1.70957 5.70732 2.21081 3.04292 5.18493 1.70957 2.35302 5.70732 1.16229 3.57716 5.18493 0.898773 2.76614 5.70732 0 3.76125 5.18493 0 2.90849 5.70732 1.97989 0 6.09203 1.88299 0.61182 6.09203 1.60177 1.16375 6.09203 1.16375 1.60177 6.09203 0.61182 1.88299 6.09203 0 1.97989 6.09203 1.00253 0 6.32675 0.953462 0.309799 6.32675 0.811063 0.589272 6.32675 0.589272 0.811063 6.32675 0.309798 0.953462 6.32675 0 1.00253 6.32675 0 0 6.40569</float_array>
          <technique_common>
            <accessor source="#geom-bombShape-positions-array" count="100" stride="3">
              <param name="X" type="float"/>
              <param name="Y" type="float"/>
              <param name="Z" type="float"/>
            </accessor>
          </technique_common>
        </source>
        <source id="geom-bombShape-normals">
          <float_array id="geom-bombShape-normals-array" count="300">-0.5221611 3.05286e-5 0.8528469 -0.4967164 -0.1614206 0.8527698 -0.4540392 3.05298e-5 0.8909817 -0.4224918 -0.3069781 0.8527984 -0.4318136 -0.140315 0.8909819 -0.3089646 3.05301e-5 0.9510736 -0.36735 -0.2667195 0.891019 -0.2938228 -0.09549852 0.9510773 -0.3069781 -0.4224918 0.8527984 -0.2667195 -0.36735 0.891019 -0.2500885 -0.1817049 0.9510201 -0.1488595 -0.04835799 0.9876752 -0.1564329 3.05294e-5 0.9876886 -0.1817049 -0.2500885 0.9510201 -0.1265146 -0.09195514 0.9876934 -0.140315 -0.4318136 0.8909819 -0.1614206 -0.4967164 0.8527698 -0.09549852 -0.2938228 0.9510773 -0.09195514 -0.1265146 0.9876934 3.05176e-5 3.05176e-5 1 -0.04835799 -0.1488595 0.9876752 3.05294e-5 -0.1564329 0.9876886 3.05301e-5 -0.3089646 0.9510736 3.05298e-5 -0.4540392 0.8909817 3.05286e-5 -0.5221611 0.8528469 0.5221611 3.05286e-5 0.8528469 0.4540392 3.05298e-5 0.8909817 0.4967164 -0.1614206 0.8527698 0.3089646 3.05301e-5 0.9510736 0.4318136 -0.140315 0.8909819 0.4224918 -0.3069781 0.8527984 0.2938228 -0.09549852 0.9510773 0.36735 -0.2667195 0.891019 0.1564329 3.05294e-5 0.9876886 0.1488595 -0.04835799 0.9876752 0.2500885 -0.1817049 0.9510201 0.2667195 -0.36735 0.891019 0.3069781 -0.4224918 0.8527984 0.1265146 -0.09195514 0.9876934 0.1817049 -0.2500885 0.9510201 3.05176e-5 3.05176e-5 1 0.09195514 -0.1265146 0.9876934 0.09549852 -0.2938228 0.9510773 0.140315 -0.4318136 0.8909819 0.1614206 -0.4967164 0.8527698 3.05298e-5 -0.4540392 0.8909817 3.05286e-5 -0.5221611 0.8528469 0.04835799 -0.1488595 0.9876752 3.05301e-5 -0.3089646 0.9510736 3.05294e-5 -0.1564329 0.9876886 -0.5221611 3.05286e-5 0.8528469 -0.4540392 3.05298e-5 0.8909817 -0.4967164 0.1614206 0.8527698 -0.3089646 3.05301e-5 0.9510736 -0.4318136 0.140315 0.8909819 -0.4224918 0.3069781 0.8527984 -0.2938228 0.09549852 0.9510773 -0.36735 0.2667195 0.891019 -0.1564329 3.05294e-5 0.9876886 -0.1488595 0.04835799 0.9876752 -0.2500885 0.1817049 0.9510201 -0.2667195 0.36735 0.891019 -0.3069781 0.4224918 0.8527984 -0.1265146 0.09195514 0.9876934 -0.1817049 0.2500885 0.9510201 3.05176e-5 3.05176e-5 1 -0.09195514 0.1265146 0.9876934 -0.09549852 0.2938228 0.9510773 -0.140315 0.4318136 0.8909819 -0.1614206 0.4967164 0.8527698 3.05298e-5 0.4540392 0.8909817 3.05286e-5 0.5221611 0.8528469 -0.04835799 0.1488595 0.9876752 3.05301e-5 0.3089646 0.9510736 3.05294e-5 0.1564329 0.9876886 0.5221611 3.05286e-5 0.8528469 0.4967164 0.1614206 0.8527698 0.4540392 3.05298e-5 0.8909817 0.4224918 0.3069781 0.8527984 0.4318136 0.140315 0.8909819 0.3089646 3.05301e-5 0.9510736 0.36735 0.2667195 0.891019 0.2938228 0.09549852 0.9510773 0.3069781 0.4224918 0.8527984 0.2667195 0.36735 0.891019 0.2500885 0.1817049 0.9510201 0.1488595 0.04835799 0.9876752 0.1564329 3.05294e-5 0.9876886 0.1817049 0.2500885 0.9510201 0.1265146 0.09195514 0.9876934 0.140315 0.4318136 0.8909819 0.1614206 0.4967164 0.8527698 0.09549852 0.2938228 0.9510773 0.09195514 0.1265146 0.9876934 3.05176e-5 3.05176e-5 1 0.04835799 0.1488595 0.9876752 3.05294e-5 0.1564329 0.9876886 3.05301e-5 0.3089646 0.9510736 3.05298e-5 0.4540392 0.8909817 3.05286e-5 0.5221611 0.8528469</float_array>
          <technique_common>
            <accessor source="#geom-bombShape-normals-array" count="100" stride="3">
              <param name="X" type="float"/>
              <param name="Y" type="float"/>
              <param name="Z" type="float"/>
            </accessor>
          </technique_common>
        </source>
        <source id="geom-bombShape-map-2">
          <float_array id="geom-bombShape-map-2-array" count="300">1 1 1 1 1 1 1 1 1 1 1 1 1 1 1 1 1 1 1 1 1 1 1 1 1 1 1 1 1 1 1 1 1 1 1 1 1 1 1 1 1 1 1 1 1 1 1 1 1 1 1 1 1 1 1 1 1 1 1 1 1 1 1 1 1 1 1 1 1 1 1 1 1 1 1 1 1 1 1 1 1 1 1 1 1 1 1 1 1 1 1 1 1 1 1 1 1 1 1 1 1 1 1 1 1 1 1 1 1 1 1 1 1 1 1 1 1 1 1 1 1 1 1 1 1 1 1 1 1 1 1 1 1 1 1 1 1 1 1 1 1 1 1 1 1 1 1 1 1 1 1 1 1 1 1 1 1 1 1 1 1 1 1 1 1 1 1 1 1 1 1 1 1 1 1 1 1 1 1 1 1 1 1 1 1 1 1 1 1 1 1 1 1 1 1 1 1 1 1 1 1 1 1 1 1 1 1 1 1 1 1 1 1 1 1 1 1 1 1 1 1 1 1 1 1 1 1 1 1 1 1 1 1 1 1 1 1 1 1 1 1 1 1 1 1 1 1 1 1 1 1 1 1 1 1 1 1 1 1 1 1 1 1 1 1 1 1 1 1 1 1 1 1 1 1 1 1 1 1 1 1 1 1 1 1 1 1 1 1 1 1 1 1 1 1 1 1 1 1 1</float_array>
          <technique_common>
            <accessor source="#geom-bombShape-map-2-array" count="100" stride="3">
              <param name="R" type="float"/>
              <param name="G" type="float"/>
              <param name="B" type="float"/>
            </accessor>
          </technique_common>
        </source>
        <source id="geom-bombShape-map0">
          <float_array id="geom-bombShape-map0-array" count="300">0.5019608 0.5019608 0.5019608 0.5019608 0.5019608 0.5019608 0.5019608 0.5019608 0.5019608 0.5019608 0.5019608 0.5019608 0.5019608 0.5019608 0.5019608 0.5019608 0.5019608 0.5019608 0.5019608 0.5019608 0.5019608 0.5019608 0.5019608 0.5019608 0.5019608 0.5019608 0.5019608 0.5019608 0.5019608 0.5019608 0.5019608 0.5019608 0.5019608 0.5019608 0.5019608 0.5019608 0.5019608 0.5019608 0.5019608 0.5019608 0.5019608 0.5019608 0.5019608 0.5019608 0.5019608 0.5019608 0.5019608 0.5019608 0.5019608 0.5019608 0.5019608 0.5019608 0.5019608 0.5019608 0.5019608 0.5019608 0.5019608 0.5019608 0.5019608 0.5019608 0.5019608 0.5019608 0.5019608 0.5019608 0.5019608 0.5019608 0.5019608 0.5019608 0.5019608 0.5019608 0.5019608 0.5019608 0.5019608 0.5019608 0.5019608 0.5019608 0.5019608 0.5019608 0.5019608 0.5019608 0.5019608 0.5019608 0.5019608 0.5019608 0.5019608 0.5019608 0.5019608 0.5019608 0.5019608 0.5019608 0.5019608 0.5019608 0.5019608 0.5019608 0.5019608 0.5019608 0.5019608 0.5019608 0.5019608 0.5019608 0.5019608 0.5019608 0.5019608 0.5019608 0.5019608 0.5019608 0.5019608 0.5019608 0.5019608 0.5019608 0.5019608 0.5019608 0.5019608 0.5019608 0.5019608 0.5019608 0.5019608 0.5019608 0.5019608 0.5019608 0.5019608 0.5019608 0.5019608 0.5019608 0.5019608 0.5019608 0.5019608 0.5019608 0.5019608 0.5019608 0.5019608 0.5019608 0.5019608 0.5019608 0.5019608 0.5019608 0.5019608 0.5019608 0.5019608 0.5019608 0.5019608 0.5019608 0.5019608 0.5019608 0.5019608 0.5019608 0.5019608 0.5019608 0.5019608 0.5019608 0.5019608 0.5019608 0.5019608 0.5019608 0.5019608 0.5019608 0.5019608 0.5019608 0.5019608 0.5019608 0.5019608 0.5019608 0.5019608 0.5019608 0.5019608 0.5019608 0.5019608 0.5019608 0.5019608 0.5019608 0.5019608 0.5019608 0.5019608 0.5019608 0.5019608 0.5019608 0.5019608 0.5019608 0.5019608 0.5019608 0.5019608 0.5019608 0.5019608 0.5019608 0.5019608 0.5019608 0.5019608 0.5019608 0.5019608 0.5019608 0.5019608 0.5019608 0.5019608 0.5019608 0.5019608 0.5019608 0.5019608 0.5019608 0.5019608 0.5019608 0.5019608 0.5019608 0.5019608 0.5019608 0.5019608 0.5019608 0.5019608 0.5019608 0.5019608 0.5019608 0.5019608 0.5019608 0.5019608 0.5019608 0.5019608 0.5019608 0.5019608 0.5019608 0.5019608 0.5019608 0.5019608 0.5019608 0.5019608 0.5019608 0.5019608 0.5019608 0.5019608 0.5019608 0.5019608 0.5019608 0.5019608 0.5019608 0.5019608 0.5019608 0.5019608 0.5019608 0.5019608 0.5019608 0.5019608 0.5019608 0.5019608 0.5019608 0.5019608 0.5019608 0.5019608 0.5019608 0.5019608 0.5019608 0.5019608 0.5019608 0.5019608 0.5019608 0.5019608 0.5019608 0.5019608 0.5019608 0.5019608 0.5019608 0.5019608 0.5019608 0.5019608 0.5019608 0.5019608 0.5019608 0.5019608 0.5019608 0.5019608 0.5019608 0.5019608 0.5019608 0.5019608 0.5019608 0.5019608 0.5019608 0.5019608 0.5019608 0.5019608 0.5019608 0.5019608 0.5019608 0.5019608 0.5019608 0.5019608 0.5019608 0.5019608 0.5019608 0.5019608 0.5019608 0.5019608 0.5019608 0.5019608 0.5019608 0.5019608 0.5019608 0.5019608 0.5019608 0.5019608 0.5019608 0.5019608 0.5019608</float_array>
          <technique_common>
            <accessor source="#geom-bombShape-map0-array" count="100" stride="3">
              <param name="R" type="float"/>
              <param name="G" type="float"/>
              <param name="B" type="float"/>
            </accessor>
          </technique_common>
        </source>
        <source id="geom-bombShape-map1">
          <float_array id="geom-bombShape-map1-array" count="300">3.05176e-5 0.9673157 0 0.04891968 0.6911621 0 0.2275391 0.9673157 0 0.2653809 0.7613525 0 0.190918 0.4125977 0 0.375 0.5461426 0 0.4121094 0.1914062 0 0.5458984 0.3754883 0 0.690918 0.04931641 0 0.7612305 0.265625 0 0.9487305 0 0 0.9487305 0.2280273 0 0.4741211 0.9673157 0 0.5 0.8376465 0 0.5742188 0.6911621 0 0.690918 0.574707 0 0.8374023 0.5 0 0.9487305 0.4746094 0 0.7333984 0.9673157 0 0.746582 0.9177856 0 0.784668 0.8436279 0 0.8432617 0.78479 0 0.9174805 0.7470703 0 0.9487305 0.7338867 0 0.9487305 0.9673157 0 3.05176e-5 0.9673157 0 0.2275391 0.9673157 0 0.04891968 0.6911621 0 0.2653809 0.7613525 0 0.190918 0.4125977 0 0.375 0.5461426 0 0.4121094 0.1914062 0 0.5458984 0.3754883 0 0.690918 0.04931641 0 0.7612305 0.265625 0 0.9487305 0 0 0.9487305 0.2280273 0 0.4741211 0.9673157 0 0.5 0.8376465 0 0.5742188 0.6911621 0 0.690918 0.574707 0 0.8374023 0.5 0 0.9487305 0.4746094 0 0.7333984 0.9673157 0 0.746582 0.9177856 0 0.784668 0.8436279 0 0.8432617 0.78479 0 0.9174805 0.7470703 0 0.9487305 0.7338867 0 0.9487305 0.9673157 0 3.05176e-5 0.9673157 0 0.2275391 0.9673157 0 0.04891968 0.6911621 0 0.2653809 0.7613525 0 0.190918 0.4125977 0 0.375 0.5461426 0 0.4121094 0.1914062 0 0.5458984 0.3754883 0 0.690918 0.04931641 0 0.7612305 0.265625 0 0.9487305 0 0 0.9487305 0.2280273 0 0.4741211 0.9673157 0 0.5 0.8376465 0 0.5742188 0.6911621 0 0.690918 0.574707 0 0.8374023 0.5 0 0.9487305 0.4746094 0 0.7333984 0.9673157 0 0.746582 0.9177856 0 0.784668 0.8436279 0 0.8432617 0.78479 0 0.9174805 0.7470703 0 0.9487305 0.7338867 0 0.9487305 0.9673157 0 3.05176e-5 0.9673157 0 0.04891968 0.6911621 0 0.2275391 0.9673157 0 0.2653809 0.7613525 0 0.190918 0.4125977 0 0.375 0.5461426 0 0.4121094 0.1914062 0 0.5458984 0.3754883 0 0.690918 0.04931641 0 0.7612305 0.265625 0 0.9487305 0 0 0.9487305 0.2280273 0 0.4741211 0.9673157 0 0.5 0.8376465 0 0.5742188 0.6911621 0 0.690918 0.574707 0 0.8374023 0.5 0 0.9487305 0.4746094 0 0.7333984 0.9673157 0 0.746582 0.9177856 0 0.784668 0.8436279 0 0.8432617 0.78479 0 0.9174805 0.7470703 0 0.9487305 0.7338867 0 0.9487305 0.9673157 0</float_array>
          <technique_common>
            <accessor source="#geom-bombShape-map1-array" count="100" stride="3">
              <param name="S" type="float"/>
              <param name="T" type="float"/>
              <param name="P" type="float"/>
            </accessor>
          </technique_common>
        </source>
        <vertices id="geom-bombShape-vertices">
          <input semantic="POSITION" source="#geom-bombShape-positions"/>
        </vertices>
        <triangles material="phong0__sfx_0xd2d01001___A_ADD__NORMEXP16___VTC_" count="140">
          <input semantic="VERTEX" source="#geom-bombShape-vertices" offset="0"/>
          <input semantic="NORMAL" source="#geom-bombShape-normals" offset="1"/>
          <input semantic="COLOR" source="#geom-bombShape-map0" offset="2" set="0"/>
          <input semantic="TEXCOORD" source="#geom-bombShape-map1" offset="3" set="0"/>
          <p>0 0 0 0 1 1 1 1 2 2 2 2 1 1 1 1 4 3 4 4 3 4 3 3 2 2 2 2 1 1 1 1 3 4 3 3 2 2 2 2 3 4 3 3 12 5 12 12 3 4 3 3 5 6 5 5 13 7 13 13 12 5 12 12 3 4 3 3 13 7 13 13 3 4 3 3 4 3 4 4 5 6 5 5 4 3 4 4 6 8 6 6 5 6 5 5 5 6 5 5 7 9 7 7 14 10 14 14 13 7 13 13 5 6 5 5 14 10 14 14 5 6 5 5 6 8 6 6 7 9 7 7 13 7 13 13 14 10 14 14 19 11 19 19 18 12 18 18 13 7 13 13 19 11 19 19 12 5 12 12 13 7 13 13 18 12 18 18 14 10 14 14 15 13 15 15 20 14 20 20 19 11 19 19 14 10 14 14 20 14 20 20 14 10 14 14 7 9 7 7 15 13 15 15 7 9 7 7 9 15 9 9 15 13 15 15 7 9 7 7 8 16 8 8 9 15 9 9 6 8 6 6 8 16 8 8 7 9 7 7 15 13 15 15 16 17 16 16 21 18 21 21 20 14 20 20 15 13 15 15 21 18 21 21 15 13 15 15 9 15 9 9 16 17 16 16 20 14 20 20 21 18 21 21 24 19 24 24 19 11 19 19 20 14 20 20 24 19 24 24 18 12 18 18 19 11 19 19 24 19 24 24 22 20 22 22 23 21 23 23 24 19 24 24 21 18 21 21 22 20 22 22 24 19 24 24 21 18 21 21 16 17 16 16 22 20 22 22 16 17 16 16 17 22 17 17 22 20 22 22 16 17 16 16 11 23 11 11 17 22 17 17 9 15 9 9 11 23 11 11 16 17 16 16 9 15 9 9 10 24 10 10 11 23 11 11 8 16 8 8 10 24 10 10 9 15 9 9 22 20 22 22 17 22 17 17 23 21 23 23 25 25 25 25 26 26 26 26 27 27 27 27 26 26 26 26 37 28 37 37 28 29 28 28 27 27 27 27 26 26 26 26 28 29 28 28 27 27 27 27 28 29 28 28 29 30 29 29 28 29 28 28 38 31 38 38 30 32 30 30 28 29 28 28 37 28 37 37 38 31 38 38 29 30 29 29 28 29 28 28 30 32 30 30 37 28 37 37 43 33 43 43 38 31 38 38 38 31 38 38 44 34 44 44 39 35 39 39 38 31 38 38 43 33 43 43 44 34 44 44 30 32 30 30 38 31 38 38 39 35 39 39 30 32 30 30 39 35 39 39 32 36 32 32 31 37 31 31 30 32 30 30 32 36 32 32 29 30 29 29 30 32 30 30 31 37 31 31 39 35 39 39 45 38 45 45 40 39 40 40 39 35 39 39 44 34 44 44 45 38 45 45 32 36 32 32 39 35 39 39 40 39 40 40 44 34 44 44 49 40 49 49 45 38 45 45 43 33 43 43 49 40 49 49 44 34 44 44 45 38 45 45 49 40 49 49 46 41 46 46 40 39 40 40 45 38 45 45 46 41 46 46 40 39 40 40 46 41 46 46 41 42 41 41 34 43 34 34 40 39 40 40 41 42 41 41 32 36 32 32 40 39 40 40 34 43 34 34 33 44 33 33 32 36 32 32 34 43 34 34 31 37 31 31 32 36 32 32 33 44 33 33 34 43 34 34 41 42 41 41 36 45 36 36 35 46 35 35 34 43 34 34 36 45 36 36 33 44 33 33 34 43 34 34 35 46 35 35 41 42 41 41 47 47 47 47 42 48 42 42 41 42 41 41 46 41 46 46 47 47 47 47 36 45 36 36 41 42 41 41 42 48 42 42 46 41 46 46 49 40 49 49 47 47 47 47 47 47 47 47 49 40 49 49 48 49 48 48 42 48 42 42 47 47 47 47 48 49 48 48 50 50 50 50 51 51 51 51 52 52 52 52 51 51 51 51 62 53 62 62 53 54 53 53 52 52 52 52 51 51 51 51 53 54 53 53 52 52 52 52 53 54 53 53 54 55 54 54 53 54 53 53 63 56 63 63 55 57 55 55 53 54 53 53 62 53 62 62 63 56 63 63 54 55 54 54 53 54 53 53 55 57 55 55 62 53 62 62 68 58 68 68 63 56 63 63 63 56 63 63 69 59 69 69 64 60 64 64 63 56 63 63 68 58 68 68 69 59 69 69 55 57 55 55 63 56 63 63 64 60 64 64 55 57 55 55 64 60 64 64 57 61 57 57 56 62 56 56 55 57 55 55 57 61 57 57 54 55 54 54 55 57 55 55 56 62 56 56 64 60 64 64 70 63 70 70 65 64 65 65 64 60 64 64 69 59 69 69 70 63 70 70 57 61 57 57 64 60 64 64 65 64 65 65 69 59 69 69 74 65 74 74 70 63 70 70 68 58 68 68 74 65 74 74 69 59 69 69 70 63 70 70 74 65 74 74 71 66 71 71 65 64 65 65 70 63 70 70 71 66 71 71 65 64 65 65 71 66 71 71 66 67 66 66 59 68 59 59 65 64 65 65 66 67 66 66 57 61 57 57 65 64 65 65 59 68 59 59 58 69 58 58 57 61 57 57 59 68 59 59 56 62 56 56 57 61 57 57 58 69 58 58 59 68 59 59 66 67 66 66 61 70 61 61 60 71 60 60 59 68 59 59 61 70 61 61 58 69 58 58 59 68 59 59 60 71 60 60 66 67 66 66 72 72 72 72 67 73 67 67 66 67 66 66 71 66 71 71 72 72 72 72 61 70 61 61 66 67 66 66 67 73 67 67 71 66 71 71 74 65 74 74 72 72 72 72 72 72 72 72 74 65 74 74 73 74 73 73 67 73 67 67 72 72 72 72 73 74 73 73 75 75 75 75 76 76 76 76 77 77 77 77 76 76 76 76 79 78 79 79 78 79 78 78 77 77 77 77 76 76 76 76 78 79 78 78 77 77 77 77 78 79 78 78 87 80 87 87 78 79 78 78 80 81 80 80 88 82 88 88 87 80 87 87 78 79 78 78 88 82 88 88 78 79 78 78 79 78 79 79 80 81 80 80 79 78 79 79 81 83 81 81 80 81 80 80 80 81 80 80 82 84 82 82 89 85 89 89 88 82 88 88 80 81 80 80 89 85 89 89 80 81 80 80 81 83 81 81 82 84 82 82 88 82 88 88 89 85 89 89 94 86 94 94 93 87 93 93 88 82 88 88 94 86 94 94 87 80 87 87 88 82 88 88 93 87 93 93 89 85 89 89 90 88 90 90 95 89 95 95 94 86 94 94 89 85 89 89 95 89 95 95 89 85 89 89 82 84 82 82 90 88 90 90 82 84 82 82 84 90 84 84 90 88 90 90 82 84 82 82 83 91 83 83 84 90 84 84 81 83 81 81 83 91 83 83 82 84 82 82 90 88 90 90 91 92 91 91 96 93 96 96 95 89 95 95 90 88 90 90 96 93 96 96 90 88 90 90 84 90 84 84 91 92 91 91 95 89 95 95 96 93 96 96 99 94 99 99 94 86 94 94 95 89 95 95 99 94 99 99 93 87 93 93 94 86 94 94 99 94 99 99 97 95 97 97 98 96 98 98 99 94 99 99 96 93 96 96 97 95 97 97 99 94 99 99 96 93 96 96 91 92 91 91 97 95 97 97 91 92 91 91 92 97 92 92 97 95 97 97 91 92 91 91 86 98 86 86 92 97 92 92 84 90 84 84 86 98 86 86 91 92 91 91 84 90 84 84 85 99 85 85 86 98 86 86 83 91 83 83 85 99 85 85 84 90 84 84 97 95 97 97 92 97 92 92 98 96 98 98</p>
        </triangles>
      </mesh>
    </geometry>
    <geometry id="geom-bombShape_1" name="bombShape">
      <mesh>
        <source id="geom-bombShape_1-positions">
          <float_array id="geom-bombShape_1-positions-array" count="3993">0.944099 0.306756 -6.26756 0.803099 0.583485 -6.26756 1.86495 0.60596 -6.03511 1.58642 1.1526 -6.03511 0.583485 0.803099 -6.26756 1.1526 1.58642 -6.03511 0.306756 0.944099 -6.26756 0.605959 1.86495 -6.03511 0 0.992685 -6.26756 0 1.96093 -6.03511 0 -0.992684 -6.26756 0.306756 -0.944099 -6.26756 0 -1.96093 -6.03511 0.605959 -1.86495 -6.03511 0.583485 -0.803098 -6.26756 1.1526 -1.58642 -6.03511 0.803098 -0.583485 -6.26756 1.58642 -1.1526 -6.03511 0.944099 -0.306756 -6.26756 1.86495 -0.605959 -6.03511 0.992684 0 -6.26756 1.96093 0 -6.03511 2.73988 0.890242 -5.65405 2.33068 1.69334 -5.65405 1.69334 2.33068 -5.65405 0.890242 2.73988 -5.65405 0 2.88088 -5.65405 0 -2.88088 -5.65405 0.890241 -2.73988 -5.65405 1.69334 -2.33068 -5.65405 2.33068 -1.69334 -5.65405 2.73988 -0.890241 -5.65405 2.88088 0 -5.65405 3.54735 1.1526 -5.13377 3.01756 2.19238 -5.13377 2.19238 3.01756 -5.13377 1.1526 3.54735 -5.13377 0 3.7299 -5.13377 0 -3.7299 -5.13377 1.1526 -3.54735 -5.13377 2.19238 -3.01755 -5.13377 3.01755 -2.19238 -5.13377 3.54735 -1.1526 -5.13377 3.7299 0 -5.13377 4.26747 1.38658 -4.48708 3.63013 2.63744 -4.48708 2.63744 3.63012 -4.48708 1.38658 4.26747 -4.48708 0 4.48708 -4.48708 0 -4.48708 -4.48708 1.38658 -4.26747 -4.48708 2.63744 -3.63012 -4.48708 3.63012 -2.63744 -4.48708 4.26747 -1.38658 -4.48708 4.48708 0 -4.48708 4.88251 1.58642 -3.7299 4.15331 3.01756 -3.7299 3.01756 4.15331 -3.7299 1.58642 4.88251 -3.7299 0 5.13377 -3.7299 0 -5.13377 -3.7299 1.58642 -4.8825 -3.7299 3.01755 -4.15331 -3.7299 4.15331 -3.01755 -3.7299 4.8825 -1.58642 -3.7299 5.13377 0 -3.7299 5.37732 1.7472 -2.88088 4.57422 3.32337 -2.88088 3.32337 4.57422 -2.88088 1.7472 5.37732 -2.88088 0 5.65405 -2.88088 0 -5.65405 -2.88088 1.7472 -5.37732 -2.88088 3.32337 -4.57422 -2.88088 4.57422 -3.32337 -2.88088 5.37732 -1.7472 -2.88088 5.65405 0 -2.88088 5.73973 1.86495 -1.96092 4.88251 3.54735 -1.96092 3.54735 4.88251 -1.96092 1.86495 5.73973 -1.96092 0 6.03511 -1.96092 0 -6.03511 -1.96092 1.86495 -5.73973 -1.96092 3.54735 -4.8825 -1.96092 4.8825 -3.54735 -1.96092 5.73973 -1.86495 -1.96092 6.03511 0 -1.96092 5.96081 1.93678 -0.992684 5.07057 3.68398 -0.992684 3.68398 5.07057 -0.992684 1.93678 5.96081 -0.992684 0 6.26756 -0.992684 0 -6.26756 -0.992684 1.93678 -5.96081 -0.992684 3.68398 -5.07056 -0.992684 5.07056 -3.68398 -0.992684 5.9608 -1.93678 -0.992684 6.26756 0 -0.992684 6.03511 1.96093 0 5.13377 3.7299 0 3.7299 5.13377 0 1.96093 6.03511 0 0 6.34569 0 0 -6.34569 0 1.96092 -6.03511 0 3.7299 -5.13377 0 5.13377 -3.7299 0 6.03511 -1.96093 0 6.34569 0 0 5.96081 1.93678 0.992684 5.07057 3.68398 0.992684 3.68398 5.07057 0.992684 1.93678 5.96081 0.992684 0 6.26756 0.992684 0 -6.26756 0.992684 1.93678 -5.96081 0.992684 3.68398 -5.07056 0.992684 5.07056 -3.68398 0.992684 5.9608 -1.93678 0.992684 6.26756 0 0.992684 5.73973 1.86495 1.96092 4.88251 3.54735 1.96092 3.54735 4.88251 1.96092 1.86495 5.73973 1.96092 0 6.03511 1.96092 0 -6.03511 1.96092 1.86495 -5.73973 1.96092 3.54735 -4.8825 1.96092 4.8825 -3.54735 1.96092 5.73973 -1.86495 1.96092 6.03511 0 1.96092 4.57422 3.32337 2.88088 3.32337 4.57422 2.88088 1.7472 5.37732 2.88088 0 5.65405 2.88088 0 -5.65405 2.88088 1.7472 -5.37732 2.88088 3.32337 -4.57422 2.88088 4.57422 -3.32337 2.88088 5.37732 -1.7472 2.88088 5.65405 0 2.88088 5.37732 1.7472 2.88088 4.88251 1.58642 3.7299 4.15331 3.01756 3.7299 3.01756 4.15331 3.7299 1.58642 4.88251 3.7299 0 5.13377 3.7299 0 -5.13377 3.7299 1.58642 -4.8825 3.7299 3.01755 -4.15331 3.7299 4.15331 -3.01755 3.7299 4.8825 -1.58642 3.7299 5.13377 0 3.7299 4.26747 1.38658 4.48708 3.63013 2.63744 4.48708 2.63744 3.63012 4.48708 1.38658 4.26747 4.48708 0 4.48708 4.48708 0 -4.48708 4.48708 1.38658 -4.26747 4.48708 2.63744 -3.63012 4.48708 3.63012 -2.63744 4.48708 4.26747 -1.38658 4.48708 4.48708 0 4.48708 3.54735 1.1526 5.13377 3.01756 2.19238 5.13377 2.19238 3.01756 5.13377 1.1526 3.54735 5.13377 0 3.7299 5.13377 0 -3.7299 5.13377 1.1526 -3.54735 5.13377 2.19238 -3.01755 5.13377 3.01755 -2.19238 5.13377 3.54735 -1.1526 5.13377 3.7299 0 5.13377 2.73988 0.890242 5.65405 2.33068 1.69334 5.65405 1.69334 2.33068 5.65405 0.890242 2.73988 5.65405 0 2.88088 5.65405 0 -2.88088 5.65405 0.890241 -2.73988 5.65405 1.69334 -2.33068 5.65405 2.33068 -1.69334 5.65405 2.73988 -0.890241 5.65405 2.88088 0 5.65405 1.86495 0.60596 6.03511 1.58642 1.1526 6.03511 1.1526 1.58642 6.03511 0.605959 1.86495 6.03511 0 1.96093 6.03511 0 -1.96093 6.03511 0.605959 -1.86495 6.03511 1.1526 -1.58642 6.03511 1.58642 -1.1526 6.03511 1.86495 -0.605959 6.03511 1.96093 0 6.03511 0.944099 0.306756 6.26756 0.803099 0.583485 6.26756 0.583485 0.803099 6.26756 0.306756 0.944099 6.26756 0 0.992685 6.26756 0 -0.992684 6.26756 0.306756 -0.944099 6.26756 0.583485 -0.803098 6.26756 0.803098 -0.583485 6.26756 0.944099 -0.306756 6.26756 0.992684 0 6.26756 0 0 -6.34569 0 0 -6.34569 0 0 -6.34569 0 0 -6.34569 0 0 -6.34569 0 0 -6.34569 0 0 -6.34569 0 0 -6.34569 0 0 -6.34569 0 0 -6.34569 0 0 6.34569 0 0 6.34569 0 0 6.34569 0 0 6.34569 0 0 6.34569 0 0 6.34569 0 0 6.34569 0 0 6.34569 0 0 6.34569 0 0 6.34569 -0.944099 0.306756 -6.26756 -1.86495 0.60596 -6.03511 -0.803099 0.583485 -6.26756 -1.58642 1.1526 -6.03511 -0.583485 0.803099 -6.26756 -1.1526 1.58642 -6.03511 -0.306756 0.944099 -6.26756 -0.605959 1.86495 -6.03511 0 0.992685 -6.26756 0 1.96093 -6.03511 0 -0.992684 -6.26756 0 -1.96093 -6.03511 -0.306756 -0.944099 -6.26756 -0.605959 -1.86495 -6.03511 -0.583485 -0.803098 -6.26756 -1.1526 -1.58642 -6.03511 -0.803098 -0.583485 -6.26756 -1.58642 -1.1526 -6.03511 -0.944099 -0.306756 -6.26756 -1.86495 -0.605959 -6.03511 -0.992684 0 -6.26756 -1.96093 0 -6.03511 -2.73988 0.890242 -5.65405 -2.33068 1.69334 -5.65405 -1.69334 2.33068 -5.65405 -0.890242 2.73988 -5.65405 0 2.88088 -5.65405 0 -2.88088 -5.65405 -0.890241 -2.73988 -5.65405 -1.69334 -2.33068 -5.65405 -2.33068 -1.69334 -5.65405 -2.73988 -0.890241 -5.65405 -2.88088 0 -5.65405 -3.54735 1.1526 -5.13377 -3.01756 2.19238 -5.13377 -2.19238 3.01756 -5.13377 -1.1526 3.54735 -5.13377 0 3.7299 -5.13377 0 -3.7299 -5.13377 -1.1526 -3.54735 -5.13377 -2.19238 -3.01755 -5.13377 -3.01755 -2.19238 -5.13377 -3.54735 -1.1526 -5.13377 -3.7299 0 -5.13377 -4.26747 1.38658 -4.48708 -3.63013 2.63744 -4.48708 -2.63744 3.63012 -4.48708 -1.38658 4.26747 -4.48708 0 4.48708 -4.48708 0 -4.48708 -4.48708 -1.38658 -4.26747 -4.48708 -2.63744 -3.63012 -4.48708 -3.63012 -2.63744 -4.48708 -4.26747 -1.38658 -4.48708 -4.48708 0 -4.48708 -4.88251 1.58642 -3.7299 -4.15331 3.01756 -3.7299 -3.01756 4.15331 -3.7299 -1.58642 4.88251 -3.7299 0 5.13377 -3.7299 0 -5.13377 -3.7299 -1.58642 -4.8825 -3.7299 -3.01755 -4.15331 -3.7299 -4.15331 -3.01755 -3.7299 -4.8825 -1.58642 -3.7299 -5.13377 0 -3.7299 -5.37732 1.7472 -2.88088 -4.57422 3.32337 -2.88088 -3.32337 4.57422 -2.88088 -1.7472 5.37732 -2.88088 0 5.65405 -2.88088 0 -5.65405 -2.88088 -1.7472 -5.37732 -2.88088 -3.32337 -4.57422 -2.88088 -4.57422 -3.32337 -2.88088 -5.37732 -1.7472 -2.88088 -5.65405 0 -2.88088 -5.73973 1.86495 -1.96092 -4.88251 3.54735 -1.96092 -3.54735 4.88251 -1.96092 -1.86495 5.73973 -1.96092 0 6.03511 -1.96092 0 -6.03511 -1.96092 -1.86495 -5.73973 -1.96092 -3.54735 -4.8825 -1.96092 -4.8825 -3.54735 -1.96092 -5.73973 -1.86495 -1.96092 -6.03511 0 -1.96092 -5.96081 1.93678 -0.992684 -5.07057 3.68398 -0.992684 -3.68398 5.07057 -0.992684 -1.93678 5.96081 -0.992684 0 6.26756 -0.992684 0 -6.26756 -0.992684 -1.93678 -5.96081 -0.992684 -3.68398 -5.07056 -0.992684 -5.07056 -3.68398 -0.992684 -5.9608 -1.93678 -0.992684 -6.26756 0 -0.992684 -6.03511 1.96093 0 -5.13377 3.7299 0 -3.7299 5.13377 0 -1.96093 6.03511 0 0 6.34569 0 0 -6.34569 0 -1.96092 -6.03511 0 -3.7299 -5.13377 0 -5.13377 -3.7299 0 -6.03511 -1.96093 0 -6.34569 0 0 -5.96081 1.93678 0.992684 -5.07057 3.68398 0.992684 -3.68398 5.07057 0.992684 -1.93678 5.96081 0.992684 0 6.26756 0.992684 0 -6.26756 0.992684 -1.93678 -5.96081 0.992684 -3.68398 -5.07056 0.992684 -5.07056 -3.68398 0.992684 -5.9608 -1.93678 0.992684 -6.26756 0 0.992684 -5.73973 1.86495 1.96092 -4.88251 3.54735 1.96092 -3.54735 4.88251 1.96092 -1.86495 5.73973 1.96092 0 6.03511 1.96092 0 -6.03511 1.96092 -1.86495 -5.73973 1.96092 -3.54735 -4.8825 1.96092 -4.8825 -3.54735 1.96092 -5.73973 -1.86495 1.96092 -6.03511 0 1.96092 -4.57422 3.32337 2.88088 -3.32337 4.57422 2.88088 -1.7472 5.37732 2.88088 0 5.65405 2.88088 0 -5.65405 2.88088 -1.7472 -5.37732 2.88088 -3.32337 -4.57422 2.88088 -4.57422 -3.32337 2.88088 -5.37732 -1.7472 2.88088 -5.65405 0 2.88088 -5.37732 1.7472 2.88088 -4.88251 1.58642 3.7299 -4.15331 3.01756 3.7299 -3.01756 4.15331 3.7299 -1.58642 4.88251 3.7299 0 5.13377 3.7299 0 -5.13377 3.7299 -1.58642 -4.8825 3.7299 -3.01755 -4.15331 3.7299 -4.15331 -3.01755 3.7299 -4.8825 -1.58642 3.7299 -5.13377 0 3.7299 -4.26747 1.38658 4.48708 -3.63013 2.63744 4.48708 -2.63744 3.63012 4.48708 -1.38658 4.26747 4.48708 0 4.48708 4.48708 0 -4.48708 4.48708 -1.38658 -4.26747 4.48708 -2.63744 -3.63012 4.48708 -3.63012 -2.63744 4.48708 -4.26747 -1.38658 4.48708 -4.48708 0 4.48708 -3.54735 1.1526 5.13377 -3.01756 2.19238 5.13377 -2.19238 3.01756 5.13377 -1.1526 3.54735 5.13377 0 3.7299 5.13377 0 -3.7299 5.13377 -1.1526 -3.54735 5.13377 -2.19238 -3.01755 5.13377 -3.01755 -2.19238 5.13377 -3.54735 -1.1526 5.13377 -3.7299 0 5.13377 -2.73988 0.890242 5.65405 -2.33068 1.69334 5.65405 -1.69334 2.33068 5.65405 -0.890242 2.73988 5.65405 0 2.88088 5.65405 0 -2.88088 5.65405 -0.890241 -2.73988 5.65405 -1.69334 -2.33068 5.65405 -2.33068 -1.69334 5.65405 -2.73988 -0.890241 5.65405 -2.88088 0 5.65405 -1.86495 0.60596 6.03511 -1.58642 1.1526 6.03511 -1.1526 1.58642 6.03511 -0.605959 1.86495 6.03511 0 1.96093 6.03511 0 -1.96093 6.03511 -0.605959 -1.86495 6.03511 -1.1526 -1.58642 6.03511 -1.58642 -1.1526 6.03511 -1.86495 -0.605959 6.03511 -1.96093 0 6.03511 -0.944099 0.306756 6.26756 -0.803099 0.583485 6.26756 -0.583485 0.803099 6.26756 -0.306756 0.944099 6.26756 0 0.992685 6.26756 0 -0.992684 6.26756 -0.306756 -0.944099 6.26756 -0.583485 -0.803098 6.26756 -0.803098 -0.583485 6.26756 -0.944099 -0.306756 6.26756 -0.992684 0 6.26756 0 0 -6.34569 0 0 -6.34569 0 0 -6.34569 0 0 -6.34569 0 0 -6.34569 0 0 -6.34569 0 0 -6.34569 0 0 -6.34569 0 0 -6.34569 0 0 -6.34569 0 0 6.34569 0 0 6.34569 0 0 6.34569 0 0 6.34569 0 0 6.34569 0 0 6.34569 0 0 6.34569 0 0 6.34569 0 0 6.34569 0 0 6.34569 2.31337 0.958228 5.55793 1.77058 1.77058 5.55793 2.35869 0.977001 6.05601 1.80527 1.80526 6.05601 0.958231 2.31337 5.55793 0.977004 2.35869 6.05601 0 2.50397 5.55793 0 2.55303 6.05601 -0.958228 2.31337 5.55793 -0.977001 2.35869 6.05601 -1.77058 1.77058 5.55793 -1.80526 1.80527 6.05601 -2.31337 0.958231 5.55793 -2.35869 0.977003 6.05601 -2.50397 0 5.55793 -2.55303 0 6.05601 -2.31337 -0.958229 5.55793 -2.35869 -0.977002 6.05601 -1.77058 -1.77058 5.55793 -1.80527 -1.80526 6.05601 -0.95823 -2.31337 5.55793 -0.977003 -2.35869 6.05601 0 -2.50397 5.55793 0 -2.55303 6.05601 0.958229 -2.31337 5.55793 0.977002 -2.35869 6.05601 1.77058 -1.77058 5.55793 1.80527 -1.80527 6.05601 2.31337 -0.95823 5.55793 2.35869 -0.977003 6.05601 2.50397 0 5.55793 2.55303 0 6.05601 2.31337 0.958228 6.55408 1.77058 1.77058 6.55408 0.958231 2.31337 6.55408 0 2.50397 6.55408 -0.958228 2.31337 6.55408 -1.77058 1.77058 6.55408 -2.31337 0.95823 6.55408 -2.50397 0 6.55408 -2.31337 -0.958229 6.55408 -1.77058 -1.77058 6.55408 -0.95823 -2.31337 6.55408 0 -2.50397 6.55408 0.958229 -2.31337 6.55408 1.77058 -1.77058 6.55408 2.31337 -0.95823 6.55408 2.50397 0 6.55408 2.17915 0.902631 7.03301 1.66785 1.66785 7.03301 0.902634 2.17915 7.03301 0 2.35869 7.03301 -0.902632 2.17915 7.03301 -1.66785 1.66785 7.03301 -2.17915 0.902633 7.03301 -2.35869 0 7.03301 -2.17915 -0.902632 7.03301 -1.66785 -1.66785 7.03301 -0.902633 -2.17915 7.03301 0 -2.35869 7.03301 0.902632 -2.17915 7.03301 1.66785 -1.66785 7.03301 2.17915 -0.902633 7.03301 2.35869 0 7.03301 1.96118 0.812347 7.47439 1.50102 1.50102 7.47439 0.812349 1.96118 7.47439 0 2.12277 7.47439 -0.812347 1.96118 7.47439 -1.50102 1.50102 7.47439 -1.96118 0.812349 7.47439 -2.12277 0 7.47439 -1.96118 -0.812347 7.47439 -1.50102 -1.50102 7.47439 -0.812348 -1.96118 7.47439 0 -2.12277 7.47439 0.812348 -1.96118 7.47439 1.50102 -1.50102 7.47439 1.96118 -0.812348 7.47439 2.12277 0 7.47439 1.66785 0.690844 7.86127 1.27652 1.27651 7.86127 0.690846 1.66785 7.86127 0 1.80527 7.86127 -0.690844 1.66785 7.86127 -1.27651 1.27652 7.86127 -1.66785 0.690846 7.86127 -1.80527 0 7.86127 -1.66785 -0.690845 7.86127 -1.27652 -1.27651 7.86127 -0.690845 -1.66785 7.86127 0 -1.80527 7.86127 0.690845 -1.66785 7.86127 1.27652 -1.27652 7.86127 1.66785 -0.690845 7.86127 1.80527 0 7.86127 1.31042 0.542793 8.17877 1.00295 1.00295 8.17877 0.542794 1.31042 8.17877 0 1.41839 8.17877 -0.542793 1.31042 8.17877 -1.00295 1.00295 8.17877 -1.31042 0.542794 8.17877 -1.41839 0 8.17877 -1.31042 -0.542793 8.17877 -1.00295 -1.00295 8.17877 -0.542794 -1.31042 8.17877 0 -1.41839 8.17877 0.542793 -1.31042 8.17877 1.00295 -1.00295 8.17877 1.31042 -0.542794 8.17877 1.41839 0 8.17877 0.902633 0.373882 8.4147 0.690845 0.690845 8.4147 0.373883 0.902632 8.4147 0 0.977003 8.4147 -0.373882 0.902633 8.4147 -0.690845 0.690845 8.4147 -0.902633 0.373883 8.4147 -0.977003 0 8.4147 -0.902633 -0.373882 8.4147 -0.690845 -0.690845 8.4147 -0.373883 -0.902633 8.4147 0 -0.977003 8.4147 0.373883 -0.902633 8.4147 0.690845 -0.690845 8.4147 0.902633 -0.373883 8.4147 0.977003 0 8.4147 0.460158 0.190603 8.55998 0.35219 0.35219 8.55998 0.190604 0.460158 8.55998 0 0.498072 8.55998 -0.190604 0.460158 8.55998 -0.35219 0.35219 8.55998 -0.460158 0.190604 8.55998 -0.498072 0 8.55998 -0.460158 -0.190604 8.55998 -0.35219 -0.35219 8.55998 -0.190604 -0.460158 8.55998 0 -0.498072 8.55998 0.190604 -0.460158 8.55998 0.35219 -0.35219 8.55998 0.460158 -0.190604 8.55998 0.498072 0 8.55998 0 0 8.60904 2.31337 0.958228 -5.55793 2.35869 0.977001 -6.05601 1.77058 1.77058 -5.55793 1.80527 1.80526 -6.05601 0.958231 2.31337 -5.55793 0.977004 2.35869 -6.05601 0 2.50397 -5.55793 0 2.55303 -6.05601 -0.958228 2.31337 -5.55793 -0.977001 2.35869 -6.05601 -1.77058 1.77058 -5.55793 -1.80526 1.80527 -6.05601 -2.31337 0.958231 -5.55793 -2.35869 0.977003 -6.05601 -2.50397 0 -5.55793 -2.55303 0 -6.05601 -2.31337 -0.958229 -5.55793 -2.35869 -0.977002 -6.05601 -1.77058 -1.77058 -5.55793 -1.80527 -1.80526 -6.05601 -0.95823 -2.31337 -5.55793 -0.977003 -2.35869 -6.05601 0 -2.50397 -5.55793 0 -2.55303 -6.05601 0.958229 -2.31337 -5.55793 0.977002 -2.35869 -6.05601 1.77058 -1.77058 -5.55793 1.80527 -1.80527 -6.05601 2.31337 -0.95823 -5.55793 2.35869 -0.977003 -6.05601 2.50397 0 -5.55793 2.55303 0 -6.05601 2.31337 0.958228 -6.55408 1.77058 1.77058 -6.55408 0.958231 2.31337 -6.55408 0 2.50397 -6.55408 -0.958228 2.31337 -6.55408 -1.77058 1.77058 -6.55408 -2.31337 0.95823 -6.55408 -2.50397 0 -6.55408 -2.31337 -0.958229 -6.55408 -1.77058 -1.77058 -6.55408 -0.95823 -2.31337 -6.55408 0 -2.50397 -6.55408 0.958229 -2.31337 -6.55408 1.77058 -1.77058 -6.55408 2.31337 -0.95823 -6.55408 2.50397 0 -6.55408 2.17915 0.902631 -7.03301 1.66785 1.66785 -7.03301 0.902634 2.17915 -7.03301 0 2.35869 -7.03301 -0.902632 2.17915 -7.03301 -1.66785 1.66785 -7.03301 -2.17915 0.902633 -7.03301 -2.35869 0 -7.03301 -2.17915 -0.902632 -7.03301 -1.66785 -1.66785 -7.03301 -0.902633 -2.17915 -7.03301 0 -2.35869 -7.03301 0.902632 -2.17915 -7.03301 1.66785 -1.66785 -7.03301 2.17915 -0.902633 -7.03301 2.35869 0 -7.03301 1.96118 0.812347 -7.47439 1.50102 1.50102 -7.47439 0.812349 1.96118 -7.47439 0 2.12277 -7.47439 -0.812347 1.96118 -7.47439 -1.50102 1.50102 -7.47439 -1.96118 0.812349 -7.47439 -2.12277 0 -7.47439 -1.96118 -0.812347 -7.47439 -1.50102 -1.50102 -7.47439 -0.812348 -1.96118 -7.47439 0 -2.12277 -7.47439 0.812348 -1.96118 -7.47439 1.50102 -1.50102 -7.47439 1.96118 -0.812348 -7.47439 2.12277 0 -7.47439 1.66785 0.690844 -7.86127 1.27652 1.27651 -7.86127 0.690846 1.66785 -7.86127 0 1.80527 -7.86127 -0.690844 1.66785 -7.86127 -1.27651 1.27652 -7.86127 -1.66785 0.690846 -7.86127 -1.80527 0 -7.86127 -1.66785 -0.690845 -7.86127 -1.27652 -1.27651 -7.86127 -0.690845 -1.66785 -7.86127 0 -1.80527 -7.86127 0.690845 -1.66785 -7.86127 1.27652 -1.27652 -7.86127 1.66785 -0.690845 -7.86127 1.80527 0 -7.86127 1.31042 0.542793 -8.17877 1.00295 1.00295 -8.17877 0.542794 1.31042 -8.17877 0 1.41839 -8.17877 -0.542793 1.31042 -8.17877 -1.00295 1.00295 -8.17877 -1.31042 0.542794 -8.17877 -1.41839 0 -8.17877 -1.31042 -0.542793 -8.17877 -1.00295 -1.00295 -8.17877 -0.542794 -1.31042 -8.17877 0 -1.41839 -8.17877 0.542793 -1.31042 -8.17877 1.00295 -1.00295 -8.17877 1.31042 -0.542794 -8.17877 1.41839 0 -8.17877 0.902633 0.373882 -8.4147 0.690845 0.690845 -8.4147 0.373883 0.902632 -8.4147 0 0.977003 -8.4147 -0.373882 0.902633 -8.4147 -0.690845 0.690845 -8.4147 -0.902633 0.373883 -8.4147 -0.977003 0 -8.4147 -0.902633 -0.373882 -8.4147 -0.690845 -0.690845 -8.4147 -0.373883 -0.902633 -8.4147 0 -0.977003 -8.4147 0.373883 -0.902633 -8.4147 0.690845 -0.690845 -8.4147 0.902633 -0.373883 -8.4147 0.977003 0 -8.4147 0.460158 0.190603 -8.55998 0.35219 0.35219 -8.55998 0.190604 0.460158 -8.55998 0 0.498072 -8.55998 -0.190604 0.460158 -8.55998 -0.35219 0.35219 -8.55998 -0.460158 0.190604 -8.55998 -0.498072 0 -8.55998 -0.460158 -0.190604 -8.55998 -0.35219 -0.35219 -8.55998 -0.190604 -0.460158 -8.55998 0 -0.498072 -8.55998 0.190604 -0.460158 -8.55998 0.35219 -0.35219 -8.55998 0.460158 -0.190604 -8.55998 0.498072 0 -8.55998 0 0 -8.60904 0 0 -8.60904 0 0 -8.60904 0 0 -8.60904 5.63111 2.37151 -0.958228 5.2473 2.75532 -1.77058 6.01535 2.69165 -0.977001 5.62401 3.08298 -1.80526 4.67288 3.32974 -2.31337 5.03834 3.66865 -2.35869 3.99531 4.00731 -2.50397 4.3475 4.3595 -2.55303 3.31774 4.68488 -2.31337 3.65665 5.05034 -2.35869 2.74332 5.25929 -1.77058 3.07098 5.63601 -1.80527 2.35951 5.64311 -0.95823 2.67965 6.02735 -0.977003 2.22473 5.77789 0 2.54223 6.16476 0 2.35951 5.64311 0.958229 2.67965 6.02735 0.977002 2.74332 5.2593 1.77058 3.07098 5.63601 1.80526 3.31774 4.68488 2.31337 3.65665 5.05034 2.35869 3.99531 4.00731 2.50397 4.3475 4.3595 2.55303 4.67288 3.32974 2.31337 5.03834 3.66865 2.35869 5.2473 2.75532 1.77058 5.62401 3.08298 1.80527 5.63111 2.37151 0.95823 6.01535 2.69165 0.977003 5.76589 2.23673 0 6.15276 2.55423 0 6.33549 3.07589 -0.958228 5.95168 3.4597 -1.77058 5.37726 4.03412 -2.31337 4.69969 4.71169 -2.50397 4.02212 5.38926 -2.31337 3.4477 5.96368 -1.77058 3.06389 6.34749 -0.95823 2.92911 6.48227 0 3.06389 6.34749 0.958229 3.4477 5.96368 1.77058 4.02212 5.38926 2.31337 4.69969 4.71169 2.50397 5.37726 4.03412 2.31337 5.95168 3.4597 1.77058 6.33549 3.07589 0.95823 6.47027 2.94111 0 6.57923 3.50945 -0.902631 6.21769 3.871 -1.66785 5.6766 4.41209 -2.17915 5.03834 5.05034 -2.35869 4.40009 5.6886 -2.17915 3.859 6.22969 -1.66785 3.49745 6.59123 -0.902633 3.3705 6.71819 0 3.49745 6.59123 0.902632 3.859 6.22969 1.66785 4.40009 5.6886 2.17915 5.03834 5.05034 2.35869 5.6766 4.41209 2.17915 6.21769 3.871 1.66785 6.57923 3.50945 0.902633 6.70619 3.3825 0 6.73722 3.97568 -0.812347 6.41183 4.30107 -1.50102 5.92487 4.78803 -1.96118 5.35045 5.36245 -2.12277 4.77603 5.93687 -1.96118 4.28907 6.42383 -1.50102 3.96369 6.74921 -0.812349 3.84943 6.86347 0 3.96369 6.74921 0.812347 4.28907 6.42383 1.50102 4.77603 5.93687 1.96118 5.35045 5.36245 2.12277 5.92487 4.78803 1.96118 6.41183 4.30107 1.50102 6.73722 3.97569 0.812348 6.85147 3.86143 0 6.80336 4.45667 -0.690844 6.52665 4.73338 -1.27651 6.11252 5.14751 -1.66785 5.62401 5.63601 -1.80527 5.13551 6.12451 -1.66785 4.72138 6.53865 -1.27652 4.44467 6.81536 -0.690846 4.3475 6.91253 0 4.44467 6.81536 0.690845 4.72138 6.53865 1.27652 5.13551 6.12452 1.66785 5.62401 5.63601 1.80527 6.11252 5.14751 1.66785 6.52665 4.73338 1.27652 6.80336 4.45667 0.690845 6.90053 4.3595 0 6.77513 4.93391 -0.542793 6.55772 5.15133 -1.00295 6.23234 5.47671 -1.31042 5.84852 5.86052 -1.41839 5.46471 6.24433 -1.31042 5.13933 6.56972 -1.00295 4.92192 6.78713 -0.542794 4.84557 6.86347 0 4.92192 6.78713 0.542793 5.13933 6.56972 1.00295 5.46471 6.24433 1.31042 5.84852 5.86052 1.41839 6.23233 5.47671 1.31042 6.55772 5.15133 1.00295 6.77513 4.93391 0.542794 6.85147 4.85757 0 6.6536 5.38909 -0.373882 6.50385 5.53884 -0.690845 6.27972 5.76297 -0.902632 6.01535 6.02735 -0.977003 5.75097 6.29172 -0.902633 5.52685 6.51585 -0.690845 5.37709 6.6656 -0.373883 5.3245 6.71819 0 5.37709 6.6656 0.373882 5.52685 6.51585 0.690845 5.75097 6.29172 0.902633 6.01535 6.02735 0.977003 6.27972 5.76297 0.902633 6.50385 5.53884 0.690845 6.6536 5.38909 0.373883 6.70619 5.3365 0 6.44346 5.80469 -0.190603 6.36711 5.88104 -0.35219 6.25285 5.9953 -0.460158 6.11808 6.13008 -0.498072 5.9833 6.26485 -0.460158 5.86904 6.37911 -0.35219 5.7927 6.45546 -0.190604 5.76589 6.48227 0 5.7927 6.45546 0.190604 5.86904 6.37911 0.35219 5.9833 6.26485 0.460158 6.11808 6.13008 0.498072 6.25285 5.9953 0.460158 6.36711 5.88104 0.35219 6.44346 5.80469 0.190604 6.47027 5.77789 0 6.15276 6.16476 0 5.63111 -2.37151 -0.958228 6.01535 -2.69165 -0.977001 5.2473 -2.75532 -1.77058 5.62401 -3.08298 -1.80526 4.67288 -3.32974 -2.31337 5.03834 -3.66865 -2.35869 3.99531 -4.00731 -2.50397 4.3475 -4.3595 -2.55303 3.31774 -4.68488 -2.31337 3.65665 -5.05034 -2.35869 2.74332 -5.25929 -1.77058 3.07098 -5.63601 -1.80527 2.35951 -5.64311 -0.95823 2.67965 -6.02735 -0.977003 2.22473 -5.77789 0 2.54223 -6.16476 0 2.35951 -5.64311 0.958229 2.67965 -6.02735 0.977002 2.74332 -5.2593 1.77058 3.07098 -5.63601 1.80526 3.31774 -4.68488 2.31337 3.65665 -5.05034 2.35869 3.99531 -4.00731 2.50397 4.3475 -4.3595 2.55303 4.67288 -3.32974 2.31337 5.03834 -3.66865 2.35869 5.2473 -2.75532 1.77058 5.62401 -3.08298 1.80527 5.63111 -2.37151 0.95823 6.01535 -2.69165 0.977003 5.76589 -2.23673 0 6.15276 -2.55423 0 6.33549 -3.07589 -0.958228 5.95168 -3.4597 -1.77058 5.37726 -4.03412 -2.31337 4.69969 -4.71169 -2.50397 4.02212 -5.38926 -2.31337 3.4477 -5.96368 -1.77058 3.06389 -6.34749 -0.95823 2.92911 -6.48227 0 3.06389 -6.34749 0.958229 3.4477 -5.96368 1.77058 4.02212 -5.38926 2.31337 4.69969 -4.71169 2.50397 5.37726 -4.03412 2.31337 5.95168 -3.4597 1.77058 6.33549 -3.07589 0.95823 6.47027 -2.94111 0 6.57923 -3.50945 -0.902631 6.21769 -3.871 -1.66785 5.6766 -4.41209 -2.17915 5.03834 -5.05034 -2.35869 4.40009 -5.6886 -2.17915 3.859 -6.22969 -1.66785 3.49745 -6.59123 -0.902633 3.3705 -6.71819 0 3.49745 -6.59123 0.902632 3.859 -6.22969 1.66785 4.40009 -5.6886 2.17915 5.03834 -5.05034 2.35869 5.6766 -4.41209 2.17915 6.21769 -3.871 1.66785 6.57923 -3.50945 0.902633 6.70619 -3.3825 0 6.73722 -3.97568 -0.812347 6.41183 -4.30107 -1.50102 5.92487 -4.78803 -1.96118 5.35045 -5.36245 -2.12277 4.77603 -5.93687 -1.96118 4.28907 -6.42383 -1.50102 3.96369 -6.74921 -0.812349 3.84943 -6.86347 0 3.96369 -6.74921 0.812347 4.28907 -6.42383 1.50102 4.77603 -5.93687 1.96118 5.35045 -5.36245 2.12277 5.92487 -4.78803 1.96118 6.41183 -4.30107 1.50102 6.73722 -3.97569 0.812348 6.85147 -3.86143 0 6.80336 -4.45667 -0.690844 6.52665 -4.73338 -1.27651 6.11252 -5.14751 -1.66785 5.62401 -5.63601 -1.80527 5.13551 -6.12451 -1.66785 4.72138 -6.53865 -1.27652 4.44467 -6.81536 -0.690846 4.3475 -6.91253 0 4.44467 -6.81536 0.690845 4.72138 -6.53865 1.27652 5.13551 -6.12452 1.66785 5.62401 -5.63601 1.80527 6.11252 -5.14751 1.66785 6.52665 -4.73338 1.27652 6.80336 -4.45667 0.690845 6.90053 -4.3595 0 6.77513 -4.93391 -0.542793 6.55772 -5.15133 -1.00295 6.23234 -5.47671 -1.31042 5.84852 -5.86052 -1.41839 5.46471 -6.24433 -1.31042 5.13933 -6.56972 -1.00295 4.92192 -6.78713 -0.542794 4.84557 -6.86347 0 4.92192 -6.78713 0.542793 5.13933 -6.56972 1.00295 5.46471 -6.24433 1.31042 5.84852 -5.86052 1.41839 6.23233 -5.47671 1.31042 6.55772 -5.15133 1.00295 6.77513 -4.93391 0.542794 6.85147 -4.85757 0 6.6536 -5.38909 -0.373882 6.50385 -5.53884 -0.690845 6.27972 -5.76297 -0.902632 6.01535 -6.02735 -0.977003 5.75097 -6.29172 -0.902633 5.52685 -6.51585 -0.690845 5.37709 -6.6656 -0.373883 5.3245 -6.71819 0 5.37709 -6.6656 0.373882 5.52685 -6.51585 0.690845 5.75097 -6.29172 0.902633 6.01535 -6.02735 0.977003 6.27972 -5.76297 0.902633 6.50385 -5.53884 0.690845 6.6536 -5.38909 0.373883 6.70619 -5.3365 0 6.44346 -5.80469 -0.190603 6.36711 -5.88104 -0.35219 6.25285 -5.9953 -0.460158 6.11808 -6.13008 -0.498072 5.9833 -6.26485 -0.460158 5.86904 -6.37911 -0.35219 5.7927 -6.45546 -0.190604 5.76589 -6.48227 0 5.7927 -6.45546 0.190604 5.86904 -6.37911 0.35219 5.9833 -6.26485 0.460158 6.11808 -6.13008 0.498072 6.25285 -5.9953 0.460158 6.36711 -5.88104 0.35219 6.44346 -5.80469 0.190604 6.47027 -5.77789 0 6.15276 -6.16476 0 -5.63111 2.37151 -0.958228 -6.01535 2.69165 -0.977001 -5.2473 2.75532 -1.77058 -5.62401 3.08298 -1.80526 -4.67288 3.32974 -2.31337 -5.03834 3.66865 -2.35869 -3.99531 4.00731 -2.50397 -4.3475 4.3595 -2.55303 -3.31774 4.68488 -2.31337 -3.65665 5.05034 -2.35869 -2.74332 5.25929 -1.77058 -3.07098 5.63601 -1.80527 -2.35951 5.64311 -0.95823 -2.67965 6.02735 -0.977003 -2.22473 5.77789 0 -2.54223 6.16476 0 -2.35951 5.64311 0.958229 -2.67965 6.02735 0.977002 -2.74332 5.2593 1.77058 -3.07098 5.63601 1.80526 -3.31774 4.68488 2.31337 -3.65665 5.05034 2.35869 -3.99531 4.00731 2.50397 -4.3475 4.3595 2.55303 -4.67288 3.32974 2.31337 -5.03834 3.66865 2.35869 -5.2473 2.75532 1.77058 -5.62401 3.08298 1.80527 -5.63111 2.37151 0.95823 -6.01535 2.69165 0.977003 -5.76589 2.23673 0 -6.15276 2.55423 0 -6.33549 3.07589 -0.958228 -5.95168 3.4597 -1.77058 -5.37726 4.03412 -2.31337 -4.69969 4.71169 -2.50397 -4.02212 5.38926 -2.31337 -3.4477 5.96368 -1.77058 -3.06389 6.34749 -0.95823 -2.92911 6.48227 0 -3.06389 6.34749 0.958229 -3.4477 5.96368 1.77058 -4.02212 5.38926 2.31337 -4.69969 4.71169 2.50397 -5.37726 4.03412 2.31337 -5.95168 3.4597 1.77058 -6.33549 3.07589 0.95823 -6.47027 2.94111 0 -6.57923 3.50945 -0.902631 -6.21769 3.871 -1.66785 -5.6766 4.41209 -2.17915 -5.03834 5.05034 -2.35869 -4.40009 5.6886 -2.17915 -3.859 6.22969 -1.66785 -3.49745 6.59123 -0.902633 -3.3705 6.71819 0 -3.49745 6.59123 0.902632 -3.859 6.22969 1.66785 -4.40009 5.6886 2.17915 -5.03834 5.05034 2.35869 -5.6766 4.41209 2.17915 -6.21769 3.871 1.66785 -6.57923 3.50945 0.902633 -6.70619 3.3825 0 -6.73722 3.97568 -0.812347 -6.41183 4.30107 -1.50102 -5.92487 4.78803 -1.96118 -5.35045 5.36245 -2.12277 -4.77603 5.93687 -1.96118 -4.28907 6.42383 -1.50102 -3.96369 6.74921 -0.812349 -3.84943 6.86347 0 -3.96369 6.74921 0.812347 -4.28907 6.42383 1.50102 -4.77603 5.93687 1.96118 -5.35045 5.36245 2.12277 -5.92487 4.78803 1.96118 -6.41183 4.30107 1.50102 -6.73722 3.97569 0.812348 -6.85147 3.86143 0 -6.80336 4.45667 -0.690844 -6.52665 4.73338 -1.27651 -6.11252 5.14751 -1.66785 -5.62401 5.63601 -1.80527 -5.13551 6.12451 -1.66785 -4.72138 6.53865 -1.27652 -4.44467 6.81536 -0.690846 -4.3475 6.91253 0 -4.44467 6.81536 0.690845 -4.72138 6.53865 1.27652 -5.13551 6.12452 1.66785 -5.62401 5.63601 1.80527 -6.11252 5.14751 1.66785 -6.52665 4.73338 1.27652 -6.80336 4.45667 0.690845 -6.90053 4.3595 0 -6.77513 4.93391 -0.542793 -6.55772 5.15133 -1.00295 -6.23234 5.47671 -1.31042 -5.84852 5.86052 -1.41839 -5.46471 6.24433 -1.31042 -5.13933 6.56972 -1.00295 -4.92192 6.78713 -0.542794 -4.84557 6.86347 0 -4.92192 6.78713 0.542793 -5.13933 6.56972 1.00295 -5.46471 6.24433 1.31042 -5.84852 5.86052 1.41839 -6.23233 5.47671 1.31042 -6.55772 5.15133 1.00295 -6.77513 4.93391 0.542794 -6.85147 4.85757 0 -6.6536 5.38909 -0.373882 -6.50385 5.53884 -0.690845 -6.27972 5.76297 -0.902632 -6.01535 6.02735 -0.977003 -5.75097 6.29172 -0.902633 -5.52685 6.51585 -0.690845 -5.37709 6.6656 -0.373883 -5.3245 6.71819 0 -5.37709 6.6656 0.373882 -5.52685 6.51585 0.690845 -5.75097 6.29172 0.902633 -6.01535 6.02735 0.977003 -6.27972 5.76297 0.902633 -6.50385 5.53884 0.690845 -6.6536 5.38909 0.373883 -6.70619 5.3365 0 -6.44346 5.80469 -0.190603 -6.36711 5.88104 -0.35219 -6.25285 5.9953 -0.460158 -6.11808 6.13008 -0.498072 -5.9833 6.26485 -0.460158 -5.86904 6.37911 -0.35219 -5.7927 6.45546 -0.190604 -5.76589 6.48227 0 -5.7927 6.45546 0.190604 -5.86904 6.37911 0.35219 -5.9833 6.26485 0.460158 -6.11808 6.13008 0.498072 -6.25285 5.9953 0.460158 -6.36711 5.88104 0.35219 -6.44346 5.80469 0.190604 -6.47027 5.77789 0 -6.15276 6.16476 0 -5.63111 -2.37151 -0.958228 -5.2473 -2.75532 -1.77058 -6.01535 -2.69165 -0.977001 -5.62401 -3.08298 -1.80526 -4.67288 -3.32974 -2.31337 -5.03834 -3.66865 -2.35869 -3.99531 -4.00731 -2.50397 -4.3475 -4.3595 -2.55303 -3.31774 -4.68488 -2.31337 -3.65665 -5.05034 -2.35869 -2.74332 -5.25929 -1.77058 -3.07098 -5.63601 -1.80527 -2.35951 -5.64311 -0.95823 -2.67965 -6.02735 -0.977003 -2.22473 -5.77789 0 -2.54223 -6.16476 0 -2.35951 -5.64311 0.958229 -2.67965 -6.02735 0.977002 -2.74332 -5.2593 1.77058 -3.07098 -5.63601 1.80526 -3.31774 -4.68488 2.31337 -3.65665 -5.05034 2.35869 -3.99531 -4.00731 2.50397 -4.3475 -4.3595 2.55303 -4.67288 -3.32974 2.31337 -5.03834 -3.66865 2.35869 -5.2473 -2.75532 1.77058 -5.62401 -3.08298 1.80527 -5.63111 -2.37151 0.95823 -6.01535 -2.69165 0.977003 -5.76589 -2.23673 0 -6.15276 -2.55423 0 -6.33549 -3.07589 -0.958228 -5.95168 -3.4597 -1.77058 -5.37726 -4.03412 -2.31337 -4.69969 -4.71169 -2.50397 -4.02212 -5.38926 -2.31337 -3.4477 -5.96368 -1.77058 -3.06389 -6.34749 -0.95823 -2.92911 -6.48227 0 -3.06389 -6.34749 0.958229 -3.4477 -5.96368 1.77058 -4.02212 -5.38926 2.31337 -4.69969 -4.71169 2.50397 -5.37726 -4.03412 2.31337 -5.95168 -3.4597 1.77058 -6.33549 -3.07589 0.95823 -6.47027 -2.94111 0 -6.57923 -3.50945 -0.902631 -6.21769 -3.871 -1.66785 -5.6766 -4.41209 -2.17915 -5.03834 -5.05034 -2.35869 -4.40009 -5.6886 -2.17915 -3.859 -6.22969 -1.66785 -3.49745 -6.59123 -0.902633 -3.3705 -6.71819 0 -3.49745 -6.59123 0.902632 -3.859 -6.22969 1.66785 -4.40009 -5.6886 2.17915 -5.03834 -5.05034 2.35869 -5.6766 -4.41209 2.17915 -6.21769 -3.871 1.66785 -6.57923 -3.50945 0.902633 -6.70619 -3.3825 0 -6.73722 -3.97568 -0.812347 -6.41183 -4.30107 -1.50102 -5.92487 -4.78803 -1.96118 -5.35045 -5.36245 -2.12277 -4.77603 -5.93687 -1.96118 -4.28907 -6.42383 -1.50102 -3.96369 -6.74921 -0.812349 -3.84943 -6.86347 0 -3.96369 -6.74921 0.812347 -4.28907 -6.42383 1.50102 -4.77603 -5.93687 1.96118 -5.35045 -5.36245 2.12277 -5.92487 -4.78803 1.96118 -6.41183 -4.30107 1.50102 -6.73722 -3.97569 0.812348 -6.85147 -3.86143 0 -6.80336 -4.45667 -0.690844 -6.52665 -4.73338 -1.27651 -6.11252 -5.14751 -1.66785 -5.62401 -5.63601 -1.80527 -5.13551 -6.12451 -1.66785 -4.72138 -6.53865 -1.27652 -4.44467 -6.81536 -0.690846 -4.3475 -6.91253 0 -4.44467 -6.81536 0.690845 -4.72138 -6.53865 1.27652 -5.13551 -6.12452 1.66785 -5.62401 -5.63601 1.80527 -6.11252 -5.14751 1.66785 -6.52665 -4.73338 1.27652 -6.80336 -4.45667 0.690845 -6.90053 -4.3595 0 -6.77513 -4.93391 -0.542793 -6.55772 -5.15133 -1.00295 -6.23234 -5.47671 -1.31042 -5.84852 -5.86052 -1.41839 -5.46471 -6.24433 -1.31042 -5.13933 -6.56972 -1.00295 -4.92192 -6.78713 -0.542794 -4.84557 -6.86347 0 -4.92192 -6.78713 0.542793 -5.13933 -6.56972 1.00295 -5.46471 -6.24433 1.31042 -5.84852 -5.86052 1.41839 -6.23233 -5.47671 1.31042 -6.55772 -5.15133 1.00295 -6.77513 -4.93391 0.542794 -6.85147 -4.85757 0 -6.6536 -5.38909 -0.373882 -6.50385 -5.53884 -0.690845 -6.27972 -5.76297 -0.902632 -6.01535 -6.02735 -0.977003 -5.75097 -6.29172 -0.902633 -5.52685 -6.51585 -0.690845 -5.37709 -6.6656 -0.373883 -5.3245 -6.71819 0 -5.37709 -6.6656 0.373882 -5.52685 -6.51585 0.690845 -5.75097 -6.29172 0.902633 -6.01535 -6.02735 0.977003 -6.27972 -5.76297 0.902633 -6.50385 -5.53884 0.690845 -6.6536 -5.38909 0.373883 -6.70619 -5.3365 0 -6.44346 -5.80469 -0.190603 -6.36711 -5.88104 -0.35219 -6.25285 -5.9953 -0.460158 -6.11808 -6.13008 -0.498072 -5.9833 -6.26485 -0.460158 -5.86904 -6.37911 -0.35219 -5.7927 -6.45546 -0.190604 -5.76589 -6.48227 0 -5.7927 -6.45546 0.190604 -5.86904 -6.37911 0.35219 -5.9833 -6.26485 0.460158 -6.11808 -6.13008 0.498072 -6.25285 -5.9953 0.460158 -6.36711 -5.88104 0.35219 -6.44346 -5.80469 0.190604 -6.47027 -5.77789 0 -6.15276 -6.16476 0</float_array>
          <technique_common>
            <accessor source="#geom-bombShape_1-positions-array" count="1331" stride="3">
              <param name="X" type="float"/>
              <param name="Y" type="float"/>
              <param name="Z" type="float"/>
            </accessor>
          </technique_common>
        </source>
        <source id="geom-bombShape_1-normals">
          <float_array id="geom-bombShape_1-normals-array" count="3993">0.1487404 0.04832841 -0.9876946 0.1564329 3.05294e-5 -0.9876886 3.05176e-5 3.05176e-5 -1 0.1265146 0.09195514 -0.9876934 3.05176e-5 3.05176e-5 -1 0.3089646 3.05301e-5 -0.9510736 0.2938228 0.09549852 -0.9510773 0.1487404 -0.04832841 -0.9876946 3.05176e-5 3.05176e-5 -1 0.2938228 -0.09549852 -0.9510773 0.4540392 3.05298e-5 -0.8909817 0.4318136 -0.140315 -0.8909819 0.4318136 0.140315 -0.8909819 0.2499795 0.1815924 -0.9510702 0.09195514 0.1265146 -0.9876934 3.05176e-5 3.05176e-5 -1 0.1815924 0.2499795 -0.9510702 0.36735 0.2667195 -0.891019 0.5877359 3.05349e-5 -0.8090529 0.5589293 0.1816276 -0.8090795 0.5589293 -0.1816276 -0.8090795 0.4755923 -0.3453967 -0.8090198 0.36735 -0.2667195 -0.891019 0.2499795 -0.1815924 -0.9510702 0.1265146 -0.09195514 -0.9876934 3.05176e-5 3.05176e-5 -1 0.2667195 -0.36735 -0.891019 0.1815924 -0.2499795 -0.9510702 0.3453967 -0.4755923 -0.8090198 0.5719245 -0.4156343 -0.7072132 0.4156343 -0.5719245 -0.7072132 0.6724786 -0.2184213 -0.7071525 0.7071068 3.05208e-5 -0.7071068 0.6724786 0.2184213 -0.7071525 0.4755923 0.3453967 -0.8090198 0.2667195 0.36735 -0.891019 0.09549852 0.2938228 -0.9510773 0.04832841 0.1487404 -0.9876946 3.05176e-5 3.05176e-5 -1 3.05294e-5 0.1564329 -0.9876886 3.05176e-5 3.05176e-5 -1 3.05301e-5 0.3089646 -0.9510736 0.140315 0.4318136 -0.8909819 0.3453967 0.4755923 -0.8090198 0.5719245 0.4156343 -0.7072132 0.8090529 3.05349e-5 -0.5877359 0.7694634 0.2500145 -0.5877235 0.7694634 -0.2500145 -0.5877235 0.6545929 -0.4755569 -0.5876681 0.4755569 -0.6545929 -0.5876681 0.2500145 -0.7694634 -0.5877235 0.2184213 -0.6724786 -0.7071525 0.1816276 -0.5589293 -0.8090795 0.140315 -0.4318136 -0.8909819 0.09549852 -0.2938228 -0.9510773 0.09195514 -0.1265146 -0.9876934 3.05176e-5 3.05176e-5 -1 0.04832841 -0.1487404 -0.9876946 3.05176e-5 3.05176e-5 -1 3.05298e-5 -0.4540392 -0.8909817 3.05301e-5 -0.3089646 -0.9510736 3.05349e-5 -0.5877359 -0.8090529 3.05208e-5 -0.7071068 -0.7071068 3.05349e-5 -0.8090529 -0.5877359 0.275231 -0.8474283 -0.4539969 3.05298e-5 -0.8909817 -0.4540392 0.5036557 -0.743515 -0.4399049 0.743515 -0.5036557 -0.4399049 0.8474283 -0.275231 -0.4539969 0.8909817 3.05298e-5 -0.4540392 0.8474283 0.275231 -0.4539969 0.6545929 0.4755569 -0.5876681 0.4156343 0.5719245 -0.7072132 0.4755569 0.6545929 -0.5876681 0.743515 0.5036557 -0.4399049 0.8903199 0.3201342 -0.3237971 0.9510736 3.05301e-5 -0.3089646 0.8903199 -0.3201342 -0.3237971 0.7694914 -0.5589194 -0.309018 0.5589194 -0.7694914 -0.309018 0.3201342 -0.8903199 -0.3237971 3.05301e-5 -0.9510736 -0.3089646 0.3052919 -0.9393221 -0.1564316 3.05294e-5 -0.9876886 -0.1564329 0.5803483 -0.7992002 -0.1564449 0.7992002 -0.5803483 -0.1564449 0.9393221 -0.3052919 -0.1564316 0.9876886 3.05294e-5 -0.1564329 0.9393221 0.3052919 -0.1564316 0.7694914 0.5589194 -0.309018 0.5036557 0.743515 -0.4399049 0.2500145 0.7694634 -0.5877235 0.2184213 0.6724786 -0.7071525 0.1816276 0.5589293 -0.8090795 3.05208e-5 0.7071068 -0.7071068 3.05349e-5 0.5877359 -0.8090529 3.05349e-5 0.8090529 -0.5877359 0.275231 0.8474283 -0.4539969 0.3201342 0.8903199 -0.3237971 0.5589194 0.7694914 -0.309018 0.7992002 0.5803483 -0.1564449 1 -3.09944e-5 3.05176e-5 0.9510736 0.3089646 3.05301e-5 0.9510736 -0.3089646 3.05301e-5 0.8090529 -0.5877359 3.05349e-5 0.5877359 -0.8090529 3.05349e-5 0.3089646 -0.9510736 3.05301e-5 3.05176e-5 -1 3.05176e-5 0.3052919 -0.9393221 0.1564316 3.05294e-5 -0.9876886 0.1564329 0.5803483 -0.7992002 0.1564449 0.7992002 -0.5803483 0.1564449 0.9393221 -0.3052919 0.1564316 0.9876886 3.05294e-5 0.1564329 0.9393221 0.3052919 0.1564316 0.8090529 0.5877359 3.05349e-5 0.5803483 0.7992002 -0.1564449 3.05301e-5 0.9510736 -0.3089646 0.3052919 0.9393221 -0.1564316 3.05298e-5 0.8909817 -0.4540392 3.05294e-5 0.9876886 -0.1564329 0.3089646 0.9510736 3.05301e-5 0.5877359 0.8090529 3.05349e-5 0.7992002 0.5803483 0.1564449 0.9510736 3.05301e-5 0.3089646 0.8903199 0.3201342 0.3237971 0.8903199 -0.3201342 0.3237971 0.7694914 -0.5589194 0.309018 0.5589194 -0.7694914 0.309018 0.3201342 -0.8903199 0.3237971 3.05301e-5 -0.9510736 0.3089646 0.5036557 -0.743515 0.4399049 0.275231 -0.8474283 0.4539969 3.05298e-5 -0.8909817 0.4540392 0.743515 -0.5036557 0.4399049 0.8474283 -0.275231 0.4539969 0.8909817 3.05298e-5 0.4540392 0.743515 0.5036557 0.4399049 0.8474283 0.275231 0.4539969 0.7694914 0.5589194 0.309018 0.5803483 0.7992002 0.1564449 3.05176e-5 1 3.05176e-5 0.3052919 0.9393221 0.1564316 0.5589194 0.7694914 0.309018 0.5036557 0.743515 0.4399049 0.6545929 0.4755569 0.5876681 0.7694634 0.2500145 0.5877235 0.8090529 3.05349e-5 0.5877359 0.7694634 -0.2500145 0.5877235 0.6545929 -0.4755569 0.5876681 0.4755569 -0.6545929 0.5876681 0.2500145 -0.7694634 0.5877235 3.05349e-5 -0.8090529 0.5877359 0.2184213 -0.6724786 0.7071525 3.05208e-5 -0.7071068 0.7071068 0.4156343 -0.5719245 0.7072132 0.5719245 -0.4156343 0.7072132 0.6724786 -0.2184213 0.7071525 0.7071068 3.05208e-5 0.7071068 0.6724786 0.2184213 0.7071525 0.4755569 0.6545929 0.5876681 0.5719245 0.4156343 0.7072132 0.3201342 0.8903199 0.3237971 0.275231 0.8474283 0.4539969 3.05294e-5 0.9876886 0.1564329 3.05301e-5 0.9510736 0.3089646 3.05298e-5 0.8909817 0.4540392 0.2500145 0.7694634 0.5877235 0.4156343 0.5719245 0.7072132 0.4755923 0.3453967 0.8090198 0.5589293 0.1816276 0.8090795 0.5877359 3.05349e-5 0.8090529 0.5589293 -0.1816276 0.8090795 0.4755923 -0.3453967 0.8090198 0.3453967 -0.4755923 0.8090198 0.1816276 -0.5589293 0.8090795 3.05349e-5 -0.5877359 0.8090529 0.140315 -0.4318136 0.8909819 3.05298e-5 -0.4540392 0.8909817 0.2667195 -0.36735 0.891019 0.36735 -0.2667195 0.891019 0.4318136 -0.140315 0.8909819 0.4540392 3.05298e-5 0.8909817 0.4318136 0.140315 0.8909819 0.3453967 0.4755923 0.8090198 0.36735 0.2667195 0.891019 0.2184213 0.6724786 0.7071525 3.05349e-5 0.8090529 0.5877359 3.05208e-5 0.7071068 0.7071068 0.1816276 0.5589293 0.8090795 0.2667195 0.36735 0.891019 0.2499795 0.1815924 0.9510702 0.2938228 0.09549852 0.9510773 0.3089646 3.05301e-5 0.9510736 0.2938228 -0.09549852 0.9510773 0.2499795 -0.1815924 0.9510702 0.1815924 -0.2499795 0.9510702 0.09549852 -0.2938228 0.9510773 3.05301e-5 -0.3089646 0.9510736 0.04832841 -0.1487404 0.9876946 3.05294e-5 -0.1564329 0.9876886 0.09195514 -0.1265146 0.9876934 0.1265146 -0.09195514 0.9876934 0.1487404 -0.04832841 0.9876946 0.1564329 3.05294e-5 0.9876886 0.1487404 0.04832841 0.9876946 0.1815924 0.2499795 0.9510702 0.1265146 0.09195514 0.9876934 0.140315 0.4318136 0.8909819 3.05349e-5 0.5877359 0.8090529 3.05298e-5 0.4540392 0.8909817 0.09549852 0.2938228 0.9510773 0.09195514 0.1265146 0.9876934 3.05176e-5 3.05176e-5 1 3.05176e-5 3.05176e-5 1 3.05176e-5 3.05176e-5 1 3.05176e-5 3.05176e-5 1 3.05176e-5 3.05176e-5 1 3.05176e-5 3.05176e-5 1 3.05176e-5 3.05176e-5 1 3.05176e-5 3.05176e-5 1 0.04832841 0.1487404 0.9876946 3.05176e-5 3.05176e-5 1 3.05301e-5 0.3089646 0.9510736 3.05294e-5 0.1564329 0.9876886 3.05176e-5 3.05176e-5 1 3.05298e-5 0.4540392 -0.8909817 3.05294e-5 -0.1564329 -0.9876886 3.05176e-5 3.05176e-5 -1 -0.1487404 0.04832841 -0.9876946 3.05176e-5 3.05176e-5 -1 -0.1564329 3.05294e-5 -0.9876886 -0.1265146 0.09195514 -0.9876934 3.05176e-5 3.05176e-5 -1 -0.3089646 3.05301e-5 -0.9510736 -0.2938228 0.09549852 -0.9510773 3.05176e-5 3.05176e-5 -1 -0.1487404 -0.04832841 -0.9876946 -0.2938228 -0.09549852 -0.9510773 -0.4540392 3.05298e-5 -0.8909817 -0.4318136 -0.140315 -0.8909819 -0.4318136 0.140315 -0.8909819 -0.2499795 0.1815924 -0.9510702 -0.09195514 0.1265146 -0.9876934 3.05176e-5 3.05176e-5 -1 -0.36735 0.2667195 -0.891019 -0.1815924 0.2499795 -0.9510702 -0.5877359 3.05349e-5 -0.8090529 -0.5589293 0.1816276 -0.8090795 -0.5589293 -0.1816276 -0.8090795 -0.4755923 -0.3453967 -0.8090198 -0.36735 -0.2667195 -0.891019 -0.2499795 -0.1815924 -0.9510702 3.05176e-5 3.05176e-5 -1 -0.1265146 -0.09195514 -0.9876934 -0.2667195 -0.36735 -0.891019 -0.1815924 -0.2499795 -0.9510702 -0.3453967 -0.4755923 -0.8090198 -0.5719245 -0.4156343 -0.7072132 -0.4156343 -0.5719245 -0.7072132 -0.6724786 -0.2184213 -0.7071525 -0.7071068 3.05208e-5 -0.7071068 -0.6724786 0.2184213 -0.7071525 -0.4755923 0.3453967 -0.8090198 -0.2667195 0.36735 -0.891019 -0.09549852 0.2938228 -0.9510773 -0.04832841 0.1487404 -0.9876946 3.05176e-5 3.05176e-5 -1 3.05294e-5 0.1564329 -0.9876886 3.05176e-5 3.05176e-5 -1 -0.140315 0.4318136 -0.8909819 3.05301e-5 0.3089646 -0.9510736 -0.3453967 0.4755923 -0.8090198 -0.5719245 0.4156343 -0.7072132 -0.8090529 3.05349e-5 -0.5877359 -0.7694634 0.2500145 -0.5877235 -0.7694634 -0.2500145 -0.5877235 -0.6545929 -0.4755569 -0.5876681 -0.4755569 -0.6545929 -0.5876681 -0.2500145 -0.7694634 -0.5877235 -0.2184213 -0.6724786 -0.7071525 -0.1816276 -0.5589293 -0.8090795 -0.140315 -0.4318136 -0.8909819 -0.09549852 -0.2938228 -0.9510773 -0.09195514 -0.1265146 -0.9876934 3.05176e-5 3.05176e-5 -1 3.05176e-5 3.05176e-5 -1 -0.04832841 -0.1487404 -0.9876946 3.05298e-5 -0.4540392 -0.8909817 3.05301e-5 -0.3089646 -0.9510736 3.05349e-5 -0.5877359 -0.8090529 3.05208e-5 -0.7071068 -0.7071068 3.05349e-5 -0.8090529 -0.5877359 -0.275231 -0.8474283 -0.4539969 3.05298e-5 -0.8909817 -0.4540392 -0.5036557 -0.743515 -0.4399049 -0.743515 -0.5036557 -0.4399049 -0.8474283 -0.275231 -0.4539969 -0.8909817 3.05298e-5 -0.4540392 -0.8474283 0.275231 -0.4539969 -0.6545929 0.4755569 -0.5876681 -0.4156343 0.5719245 -0.7072132 -0.743515 0.5036557 -0.4399049 -0.4755569 0.6545929 -0.5876681 -0.8903199 0.3201342 -0.3237971 -0.9510736 3.05301e-5 -0.3089646 -0.8903199 -0.3201342 -0.3237971 -0.7694914 -0.5589194 -0.309018 -0.5589194 -0.7694914 -0.309018 -0.3201342 -0.8903199 -0.3237971 3.05301e-5 -0.9510736 -0.3089646 -0.3052919 -0.9393221 -0.1564316 3.05294e-5 -0.9876886 -0.1564329 -0.5803483 -0.7992002 -0.1564449 -0.7992002 -0.5803483 -0.1564449 -0.9393221 -0.3052919 -0.1564316 -0.9876886 3.05294e-5 -0.1564329 -0.9393221 0.3052919 -0.1564316 -0.7694914 0.5589194 -0.309018 -0.5036557 0.743515 -0.4399049 -0.2500145 0.7694634 -0.5877235 -0.2184213 0.6724786 -0.7071525 -0.1816276 0.5589293 -0.8090795 3.05208e-5 0.7071068 -0.7071068 3.05349e-5 0.5877359 -0.8090529 -0.275231 0.8474283 -0.4539969 3.05349e-5 0.8090529 -0.5877359 -0.5589194 0.7694914 -0.309018 -0.3201342 0.8903199 -0.3237971 -0.7992002 0.5803483 -0.1564449 -1 -3.09944e-5 3.05176e-5 -0.9510736 0.3089646 3.05301e-5 -0.9510736 -0.3089646 3.05301e-5 -0.8090529 -0.5877359 3.05349e-5 -0.5877359 -0.8090529 3.05349e-5 -0.3089646 -0.9510736 3.05301e-5 3.05176e-5 -1 3.05176e-5 -0.3052919 -0.9393221 0.1564316 3.05294e-5 -0.9876886 0.1564329 -0.5803483 -0.7992002 0.1564449 -0.7992002 -0.5803483 0.1564449 -0.9393221 -0.3052919 0.1564316 -0.9876886 3.05294e-5 0.1564329 -0.9393221 0.3052919 0.1564316 -0.8090529 0.5877359 3.05349e-5 -0.5803483 0.7992002 -0.1564449 -0.3052919 0.9393221 -0.1564316 3.05301e-5 0.9510736 -0.3089646 3.05298e-5 0.8909817 -0.4540392 3.05294e-5 0.9876886 -0.1564329 -0.3089646 0.9510736 3.05301e-5 -0.5877359 0.8090529 3.05349e-5 -0.7992002 0.5803483 0.1564449 -0.9510736 3.05301e-5 0.3089646 -0.8903199 0.3201342 0.3237971 -0.8903199 -0.3201342 0.3237971 -0.7694914 -0.5589194 0.309018 -0.5589194 -0.7694914 0.309018 -0.3201342 -0.8903199 0.3237971 3.05301e-5 -0.9510736 0.3089646 -0.275231 -0.8474283 0.4539969 -0.5036557 -0.743515 0.4399049 3.05298e-5 -0.8909817 0.4540392 -0.743515 -0.5036557 0.4399049 -0.8474283 -0.275231 0.4539969 -0.8909817 3.05298e-5 0.4540392 -0.8474283 0.275231 0.4539969 -0.743515 0.5036557 0.4399049 -0.7694914 0.5589194 0.309018 -0.5803483 0.7992002 0.1564449 -0.3052919 0.9393221 0.1564316 3.05176e-5 1 3.05176e-5 -0.5589194 0.7694914 0.309018 -0.6545929 0.4755569 0.5876681 -0.5036557 0.743515 0.4399049 -0.7694634 0.2500145 0.5877235 -0.8090529 3.05349e-5 0.5877359 -0.7694634 -0.2500145 0.5877235 -0.6545929 -0.4755569 0.5876681 -0.4755569 -0.6545929 0.5876681 -0.2500145 -0.7694634 0.5877235 3.05349e-5 -0.8090529 0.5877359 -0.2184213 -0.6724786 0.7071525 3.05208e-5 -0.7071068 0.7071068 -0.4156343 -0.5719245 0.7072132 -0.5719245 -0.4156343 0.7072132 -0.6724786 -0.2184213 0.7071525 -0.7071068 3.05208e-5 0.7071068 -0.6724786 0.2184213 0.7071525 -0.5719245 0.4156343 0.7072132 -0.4755569 0.6545929 0.5876681 -0.3201342 0.8903199 0.3237971 -0.275231 0.8474283 0.4539969 3.05294e-5 0.9876886 0.1564329 3.05301e-5 0.9510736 0.3089646 -0.2500145 0.7694634 0.5877235 3.05298e-5 0.8909817 0.4540392 -0.4156343 0.5719245 0.7072132 -0.4755923 0.3453967 0.8090198 -0.5589293 0.1816276 0.8090795 -0.5877359 3.05349e-5 0.8090529 -0.5589293 -0.1816276 0.8090795 -0.4755923 -0.3453967 0.8090198 -0.3453967 -0.4755923 0.8090198 -0.1816276 -0.5589293 0.8090795 3.05349e-5 -0.5877359 0.8090529 -0.140315 -0.4318136 0.8909819 3.05298e-5 -0.4540392 0.8909817 -0.2667195 -0.36735 0.891019 -0.36735 -0.2667195 0.891019 -0.4318136 -0.140315 0.8909819 -0.4540392 3.05298e-5 0.8909817 -0.4318136 0.140315 0.8909819 -0.36735 0.2667195 0.891019 -0.3453967 0.4755923 0.8090198 -0.2184213 0.6724786 0.7071525 3.05349e-5 0.8090529 0.5877359 -0.1816276 0.5589293 0.8090795 3.05208e-5 0.7071068 0.7071068 -0.2667195 0.36735 0.891019 -0.2499795 0.1815924 0.9510702 -0.2938228 0.09549852 0.9510773 -0.3089646 3.05301e-5 0.9510736 -0.2938228 -0.09549852 0.9510773 -0.2499795 -0.1815924 0.9510702 -0.1815924 -0.2499795 0.9510702 -0.09549852 -0.2938228 0.9510773 3.05301e-5 -0.3089646 0.9510736 -0.04832841 -0.1487404 0.9876946 3.05294e-5 -0.1564329 0.9876886 -0.09195514 -0.1265146 0.9876934 -0.1265146 -0.09195514 0.9876934 -0.1487404 -0.04832841 0.9876946 -0.1564329 3.05294e-5 0.9876886 -0.1487404 0.04832841 0.9876946 -0.1265146 0.09195514 0.9876934 -0.1815924 0.2499795 0.9510702 -0.140315 0.4318136 0.8909819 3.05349e-5 0.5877359 0.8090529 -0.09549852 0.2938228 0.9510773 3.05298e-5 0.4540392 0.8909817 -0.09195514 0.1265146 0.9876934 3.05176e-5 3.05176e-5 1 3.05176e-5 3.05176e-5 1 3.05176e-5 3.05176e-5 1 3.05176e-5 3.05176e-5 1 3.05176e-5 3.05176e-5 1 3.05176e-5 3.05176e-5 1 3.05176e-5 3.05176e-5 1 3.05176e-5 3.05176e-5 1 3.05176e-5 3.05176e-5 1 -0.04832841 0.1487404 0.9876946 3.05301e-5 0.3089646 0.9510736 3.05176e-5 3.05176e-5 1 3.05294e-5 0.1564329 0.9876886 3.05298e-5 0.4540392 -0.8909817 3.05294e-5 -0.1564329 -0.9876886 3.05176e-5 3.05176e-5 -1 1 3.05176e-5 3.05176e-5 0.9194397 0.38082 -0.09801413 0.9239127 0.3826034 3.05204e-5 0.9951895 3.05198e-5 -0.09796855 0.7037049 0.7037049 -0.09797418 0.9807774 3.05272e-5 0.1951298 0.9060951 -0.3753823 0.1951402 0.9239127 -0.3826034 3.05204e-5 0.9060951 0.3753823 0.1951402 0.7071068 0.7071068 3.05208e-5 0.38082 0.9194397 -0.09801413 0.3826034 0.9239127 3.05204e-5 0.6935167 0.6935167 0.1951126 0.9239127 3.05204e-5 0.3826034 0.8534595 0.3536947 0.3827622 0.8534595 -0.3536947 0.3827622 0.6532444 -0.6532444 0.38281 0.6935167 -0.6935167 0.1951126 0.7071068 -0.7071068 3.05208e-5 0.9194397 -0.38082 -0.09801413 0.3536947 -0.8534595 0.3827622 0.3753823 -0.9060951 0.1951402 0.5877417 -0.5877417 0.555985 0.3181334 -0.7681103 0.5556958 0.7681103 -0.3181334 0.5556958 0.8312981 3.05265e-5 0.5558268 0.7681103 0.3181334 0.5556958 0.6532444 0.6532444 0.38281 0.3753823 0.9060951 0.1951402 3.05176e-5 1 3.05176e-5 3.05198e-5 0.9951895 -0.09796855 3.05272e-5 0.9807774 0.1951298 0.3536947 0.8534595 0.3827622 0.5877417 0.5877417 0.555985 0.7068625 3.05314e-5 0.707351 0.6530746 0.2706083 0.707294 0.6530746 -0.2706083 0.707294 0.4999046 -0.4999046 0.7072417 0.2706083 -0.6530746 0.707294 3.05314e-5 -0.7068625 0.707351 3.05265e-5 -0.8312981 0.5558268 3.05204e-5 -0.9239127 0.3826034 3.05272e-5 -0.9807774 0.1951298 0.3826034 -0.9239127 3.05204e-5 0.7037049 -0.7037049 -0.09797418 3.05176e-5 -1 3.05176e-5 0.38082 -0.9194397 -0.09801413 -0.3536947 -0.8534595 0.3827622 -0.3753823 -0.9060951 0.1951402 -0.3181334 -0.7681103 0.5556958 -0.2706083 -0.6530746 0.707294 3.05224e-5 -0.5552635 0.8316744 -0.212579 -0.512827 0.8317565 0.212579 -0.512827 0.8317565 0.3926372 -0.3926372 0.8316681 0.512827 -0.212579 0.8317565 0.5552635 3.05224e-5 0.8316744 0.512827 0.212579 0.8317565 0.4999046 0.4999046 0.7072417 0.3181334 0.7681103 0.5556958 3.05204e-5 0.9239127 0.3826034 3.05265e-5 0.8312981 0.5558268 0.2706083 0.6530746 0.707294 0.3926372 0.3926372 0.8316681 0.3823949 3.05232e-5 0.923999 0.3533278 0.1463857 0.9239755 0.3533278 -0.1463857 0.9239755 0.2705339 -0.2705339 0.9239171 0.1463857 -0.3533278 0.9239755 3.05232e-5 -0.3823949 0.923999 -0.1463857 -0.3533278 0.9239755 -0.2705339 -0.2705339 0.9239171 -0.3926372 -0.3926372 0.8316681 -0.4999046 -0.4999046 0.7072417 -0.5877417 -0.5877417 0.555985 -0.6532444 -0.6532444 0.38281 -0.6530746 -0.2706083 0.707294 -0.7681103 -0.3181334 0.5556958 -0.512827 -0.212579 0.8317565 -0.3533278 -0.1463857 0.9239755 -0.1378652 -0.1378652 0.9808091 -0.1801167 -0.07461104 0.9808115 -0.07461104 -0.1801167 0.9808115 3.05279e-5 -0.1950123 0.9808008 0.07461104 -0.1801167 0.9808115 0.1378652 -0.1378652 0.9808091 0.1801167 -0.07461104 0.9808115 0.1950123 3.05279e-5 0.9808008 0.1802348 0.07460939 0.98079 0.2705339 0.2705339 0.9239171 0.212579 0.512827 0.8317565 3.05314e-5 0.7068625 0.707351 3.05224e-5 0.5552635 0.8316744 0.1463857 0.3533278 0.9239755 0.1378652 0.1378652 0.9808091 3.05176e-5 3.05176e-5 1 -0.1950123 -3.1303e-5 0.9808008 -0.3823949 3.05232e-5 0.923999 -0.5552635 3.05224e-5 0.8316744 -0.7068625 3.05314e-5 0.707351 -0.8312981 3.05265e-5 0.5558268 -0.8534595 -0.3536947 0.3827622 -0.6935167 -0.6935167 0.1951126 -0.9239127 3.05204e-5 0.3826034 -0.9060951 -0.3753823 0.1951402 -0.6530746 0.2706083 0.707294 -0.7681103 0.3181334 0.5556958 -0.512827 0.212579 0.8317565 -0.3533278 0.1463857 0.9239755 -0.1801167 0.07461104 0.9808115 -0.1378652 0.1378652 0.9808091 -0.07461104 0.1801167 0.9808115 3.05279e-5 0.1950123 0.9808008 0.07461104 0.1801167 0.9808115 3.05232e-5 0.3823949 0.923999 -0.212579 0.512827 0.8317565 -0.2706083 0.6530746 0.707294 -0.3181334 0.7681103 0.5556958 -0.4999046 0.4999046 0.7072417 -0.5877417 0.5877417 0.555985 -0.3926372 0.3926372 0.8316681 -0.1463857 0.3533278 0.9239755 -0.2705339 0.2705339 0.9239171 -0.8534595 0.3536947 0.3827622 -0.9807774 3.05272e-5 0.1951298 -0.7071068 -0.7071068 3.05208e-5 -0.9239127 -0.3826034 3.05204e-5 -0.3826034 -0.9239127 3.05204e-5 3.05198e-5 -0.9951895 -0.09796855 -0.38082 -0.9194397 -0.09801413 -0.7037049 -0.7037049 -0.09797418 -1 3.05176e-5 3.05176e-5 -0.9194397 -0.38082 -0.09801413 -0.9060951 0.3753823 0.1951402 -0.6532444 0.6532444 0.38281 -0.3536947 0.8534595 0.3827622 -0.6935167 0.6935167 0.1951126 -0.3753823 0.9060951 0.1951402 -0.9239127 0.3826034 3.05204e-5 -0.9951895 3.05198e-5 -0.09796855 -0.7071068 0.7071068 3.05208e-5 -0.9194397 0.38082 -0.09801413 -0.3826034 0.9239127 3.05204e-5 -0.7037049 0.7037049 -0.09797418 -0.38082 0.9194397 -0.09801413 0.9194397 0.38082 0.09801413 1 3.05176e-5 3.05176e-5 0.9239127 0.3826034 3.05204e-5 0.9951895 3.05198e-5 0.09796855 0.7037049 0.7037049 0.09797418 0.9807774 3.05272e-5 -0.1951298 0.9060951 -0.3753823 -0.1951402 0.9239127 -0.3826034 3.05204e-5 0.9060951 0.3753823 -0.1951402 0.7071068 0.7071068 3.05208e-5 0.38082 0.9194397 0.09801413 0.6935167 0.6935167 -0.1951126 0.3826034 0.9239127 3.05204e-5 0.9239127 3.05204e-5 -0.3826034 0.8534595 0.3536947 -0.3827622 0.8534595 -0.3536947 -0.3827622 0.6532444 -0.6532444 -0.38281 0.6935167 -0.6935167 -0.1951126 0.7071068 -0.7071068 3.05208e-5 0.9194397 -0.38082 0.09801413 0.3536947 -0.8534595 -0.3827622 0.3753823 -0.9060951 -0.1951402 0.5877417 -0.5877417 -0.555985 0.3181334 -0.7681103 -0.5556958 0.7681103 -0.3181334 -0.5556958 0.8312981 3.05265e-5 -0.5558268 0.7681103 0.3181334 -0.5556958 0.6532444 0.6532444 -0.38281 0.3753823 0.9060951 -0.1951402 3.05176e-5 1 3.05176e-5 3.05198e-5 0.9951895 0.09796855 0.3536947 0.8534595 -0.3827622 3.05272e-5 0.9807774 -0.1951298 0.5877417 0.5877417 -0.555985 0.7068625 3.05314e-5 -0.707351 0.6530746 0.2706083 -0.707294 0.6530746 -0.2706083 -0.707294 0.4999046 -0.4999046 -0.7072417 0.2706083 -0.6530746 -0.707294 3.05314e-5 -0.7068625 -0.707351 3.05265e-5 -0.8312981 -0.5558268 3.05204e-5 -0.9239127 -0.3826034 3.05272e-5 -0.9807774 -0.1951298 0.3826034 -0.9239127 3.05204e-5 0.7037049 -0.7037049 0.09797418 3.05176e-5 -1 3.05176e-5 0.38082 -0.9194397 0.09801413 -0.3536947 -0.8534595 -0.3827622 -0.3753823 -0.9060951 -0.1951402 -0.3181334 -0.7681103 -0.5556958 -0.2706083 -0.6530746 -0.707294 3.05224e-5 -0.5552635 -0.8316744 -0.212579 -0.512827 -0.8317565 0.212579 -0.512827 -0.8317565 0.3926372 -0.3926372 -0.8316681 0.512827 -0.212579 -0.8317565 0.5552635 3.05224e-5 -0.8316744 0.512827 0.212579 -0.8317565 0.4999046 0.4999046 -0.7072417 0.3181334 0.7681103 -0.5556958 3.05204e-5 0.9239127 -0.3826034 0.2706083 0.6530746 -0.707294 3.05265e-5 0.8312981 -0.5558268 0.3926372 0.3926372 -0.8316681 0.3823949 3.05232e-5 -0.923999 0.3533278 0.1463857 -0.9239755 0.3533278 -0.1463857 -0.9239755 0.2705339 -0.2705339 -0.9239171 0.1463857 -0.3533278 -0.9239755 3.05232e-5 -0.3823949 -0.923999 -0.1463857 -0.3533278 -0.9239755 -0.2705339 -0.2705339 -0.9239171 -0.3926372 -0.3926372 -0.8316681 -0.4999046 -0.4999046 -0.7072417 -0.5877417 -0.5877417 -0.555985 -0.6532444 -0.6532444 -0.38281 -0.6530746 -0.2706083 -0.707294 -0.7681103 -0.3181334 -0.5556958 -0.512827 -0.212579 -0.8317565 -0.3533278 -0.1463857 -0.9239755 -0.1378652 -0.1378652 -0.9808091 -0.1802348 -0.07460939 -0.98079 -0.07461104 -0.1801167 -0.9808115 3.05279e-5 -0.1950123 -0.9808008 0.07461104 -0.1801167 -0.9808115 0.1378652 -0.1378652 -0.9808091 0.1802348 -0.07460939 -0.98079 0.1950123 3.05279e-5 -0.9808008 0.1801167 0.07461104 -0.9808115 0.2705339 0.2705339 -0.9239171 0.212579 0.512827 -0.8317565 0.1378652 0.1378652 -0.9808091 0.1463857 0.3533278 -0.9239755 3.05176e-5 3.05176e-5 -1 3.05176e-5 3.05176e-5 -1 3.05176e-5 3.05176e-5 -1 -0.1950123 -3.12732e-5 -0.9808008 -0.3823949 3.05232e-5 -0.923999 -0.5552635 3.05224e-5 -0.8316744 -0.7068625 3.05314e-5 -0.707351 -0.8312981 3.05265e-5 -0.5558268 -0.8534595 -0.3536947 -0.3827622 -0.6935167 -0.6935167 -0.1951126 -0.9239127 3.05204e-5 -0.3826034 -0.9060951 -0.3753823 -0.1951402 -0.6530746 0.2706083 -0.707294 -0.7681103 0.3181334 -0.5556958 -0.512827 0.212579 -0.8317565 -0.3533278 0.1463857 -0.9239755 -0.1801167 0.07461104 -0.9808115 -0.1378652 0.1378652 -0.9808091 -0.2705339 0.2705339 -0.9239171 -0.3926372 0.3926372 -0.8316681 -0.4999046 0.4999046 -0.7072417 -0.5877417 0.5877417 -0.555985 -0.8534595 0.3536947 -0.3827622 -0.9807774 3.05272e-5 -0.1951298 -0.7071068 -0.7071068 3.05208e-5 -0.9239127 -0.3826034 3.05204e-5 -0.3826034 -0.9239127 3.05204e-5 3.05198e-5 -0.9951895 0.09796855 -0.38082 -0.9194397 0.09801413 -0.7037049 -0.7037049 0.09797418 -1 3.05176e-5 3.05176e-5 -0.9194397 -0.38082 0.09801413 -0.9060951 0.3753823 -0.1951402 -0.6532444 0.6532444 -0.38281 -0.2706083 0.6530746 -0.707294 -0.3181334 0.7681103 -0.5556958 -0.212579 0.512827 -0.8317565 -0.1463857 0.3533278 -0.9239755 -0.07461104 0.1801167 -0.9808115 3.05176e-5 3.05176e-5 -1 3.05279e-5 0.1950123 -0.9808008 3.05232e-5 0.3823949 -0.923999 3.05224e-5 0.5552635 -0.8316744 3.05314e-5 0.7068625 -0.707351 -0.3536947 0.8534595 -0.3827622 -0.6935167 0.6935167 -0.1951126 -0.9239127 0.3826034 3.05204e-5 -0.9951895 3.05198e-5 0.09796855 -0.7071068 0.7071068 3.05208e-5 -0.9194397 0.38082 0.09801413 -0.3753823 0.9060951 -0.1951402 0.07461104 0.1801167 -0.9808115 -0.3826034 0.9239127 3.05204e-5 -0.7037049 0.7037049 0.09797418 -0.38082 0.9194397 0.09801413 0.7071068 -0.7071068 3.05208e-5 0.5807903 -0.7195157 -0.3807621 0.6532444 -0.6532444 -0.38281 0.634354 -0.7730427 3.05213e-5 0.4282621 -0.5669467 -0.7036781 0.8315238 -0.5554892 3.05348e-5 0.7786949 -0.5026832 0.3754247 0.6532444 -0.6532444 0.38281 0.7786949 -0.5026832 -0.3754247 0.5000267 -0.5000267 -0.707069 0.2000571 -0.3385582 -0.9194322 0.2705339 -0.2705339 -0.9239171 0.6281953 -0.3524439 -0.6936526 0.923999 -0.3823949 3.05232e-5 0.8741887 -0.3328266 -0.3535825 0.8741887 -0.3328266 0.3535825 0.7327244 -0.1912411 0.6531017 0.6281953 -0.3524439 0.6936526 0.5000267 -0.5000267 0.707069 0.5807903 -0.7195157 0.3807621 0.5207651 0.02070115 0.853449 0.4034652 -0.1273651 0.9060872 0.8088436 -0.02274262 0.5875838 0.6177799 0.1679971 0.7681959 0.9360806 -0.1501538 0.3181307 0.9808242 -0.1948949 3.05286e-5 0.9360806 -0.1501538 -0.3181307 0.7327244 -0.1912411 -0.6531017 0.4034652 -0.1273651 -0.9060872 3.05176e-5 3.05176e-5 -1 -0.06927988 -0.06927988 -0.9951887 0.1379827 0.1379827 -0.980776 0.5207651 0.02070115 -0.853449 0.8088436 -0.02274262 -0.5875838 1 1.86324e-4 3.05176e-5 0.9619549 0.03824015 -0.2705193 0.9619549 0.03824015 0.2705193 0.8536426 0.1465062 0.4998302 0.6913373 0.308781 0.6532282 0.5001994 0.5001994 0.7068247 0.3929656 0.3929656 0.831358 0.2705339 0.2705339 0.9239171 0.1379827 0.1379827 0.980776 0.2705339 -0.2705339 0.9239171 0.4282621 -0.5669467 0.7036781 3.05176e-5 3.05176e-5 1 0.2000571 -0.3385582 0.9194322 0.02070115 0.5207651 0.853449 -0.1273651 0.4034652 0.9060872 0.1679971 0.6177799 0.7681959 0.308781 0.6913373 0.6532282 0.5880521 0.5880521 0.5553282 0.4376484 0.7385316 0.5128692 0.7385316 0.4376484 0.5128692 0.8657174 0.3102317 0.3927973 0.9508572 0.2251388 0.2125632 0.9807541 0.1952472 3.05265e-5 0.9508572 0.2251388 -0.2125632 0.8536426 0.1465062 -0.4998302 0.6177799 0.1679971 -0.7681959 0.2705339 0.2705339 -0.9239171 0.3929656 0.3929656 -0.831358 0.6913373 0.308781 -0.6532282 0.8657174 0.3102317 -0.3927973 0.9238411 0.3827761 3.05341e-5 0.9031957 0.4034828 -0.1464213 0.9031957 0.4034828 0.1464213 0.8445435 0.4620811 0.2706056 0.757082 0.549495 0.3533864 0.6533054 0.6533054 0.3826015 0.549495 0.757082 0.3533864 0.4620811 0.8445435 0.2706056 0.3102317 0.8657174 0.3927973 0.1465062 0.8536426 0.4998302 -0.02274262 0.8088436 0.5875838 -0.1912411 0.7327244 0.6531017 0.03824015 0.9619549 0.2705193 -0.1501538 0.9360806 0.3181307 0.2251388 0.9508572 0.2125632 0.4034828 0.9031957 0.1464213 0.5958337 0.791189 0.1378476 0.5660481 0.8209896 0.07460212 0.6407931 0.7462895 0.1801009 0.6935334 0.6935334 0.1949952 0.7462895 0.6407931 0.1801009 0.791189 0.5958337 0.1378476 0.8209896 0.5660481 0.07460212 0.8315238 0.5554892 3.05348e-5 0.8209896 0.5660481 -0.07460212 0.8445435 0.4620811 -0.2706056 0.7385316 0.4376484 -0.5128692 0.5001994 0.5001994 -0.7068247 0.5880521 0.5880521 -0.5553282 0.757082 0.549495 -0.3533864 0.791189 0.5958337 -0.1378476 0.7071068 0.7071068 3.05208e-5 0.5554892 0.8315238 3.05348e-5 0.3827761 0.9238411 3.05341e-5 0.1952472 0.9807541 3.05265e-5 1.86324e-4 1 3.05176e-5 -0.1948949 0.9808242 3.05286e-5 -0.3328266 0.8741887 0.3535825 -0.3524439 0.6281953 0.6936526 -0.3823949 0.923999 3.05232e-5 -0.5026832 0.7786949 0.3754247 0.03824015 0.9619549 -0.2705193 -0.1501538 0.9360806 -0.3181307 0.2251388 0.9508572 -0.2125632 0.4034828 0.9031957 -0.1464213 0.5660481 0.8209896 -0.07460212 0.5958337 0.791189 -0.1378476 0.6407931 0.7462895 -0.1801009 0.6935334 0.6935334 -0.1949952 0.7462895 0.6407931 -0.1801009 0.6533054 0.6533054 -0.3826015 0.4376484 0.7385316 -0.5128692 0.308781 0.6913373 -0.6532282 0.1679971 0.6177799 -0.7681959 0.1465062 0.8536426 -0.4998302 -0.02274262 0.8088436 -0.5875838 0.3102317 0.8657174 -0.3927973 0.549495 0.757082 -0.3533864 0.4620811 0.8445435 -0.2706056 -0.3328266 0.8741887 -0.3535825 -0.5554892 0.8315238 3.05348e-5 -0.5000267 0.5000267 0.707069 -0.6532444 0.6532444 0.38281 -0.2705339 0.2705339 0.9239171 -0.06927988 -0.06927988 0.9951887 -0.3385582 0.2000571 0.9194322 -0.5669467 0.4282621 0.7036781 -0.7071068 0.7071068 3.05208e-5 -0.7195157 0.5807903 0.3807621 -0.5026832 0.7786949 -0.3754247 -0.1912411 0.7327244 -0.6531017 0.02070115 0.5207651 -0.853449 -0.3524439 0.6281953 -0.6936526 -0.1273651 0.4034652 -0.9060872 -0.6532444 0.6532444 -0.38281 -0.7730427 0.634354 3.05213e-5 -0.5000877 0.4998436 -0.7071553 -0.7195157 0.5807903 -0.3807621 -0.2705339 0.2705339 -0.9239171 -0.5669467 0.4282621 -0.7036781 -0.3385582 0.2000571 -0.9194322 0.5807903 0.7195157 -0.3807621 0.7071068 0.7071068 3.05208e-5 0.6532444 0.6532444 -0.38281 0.634354 0.7730427 3.05213e-5 0.4282621 0.5669467 -0.7036781 0.8315238 0.5554892 3.05348e-5 0.7786949 0.5026832 0.3754247 0.6532444 0.6532444 0.38281 0.7786949 0.5026832 -0.3754247 0.5000267 0.5000267 -0.707069 0.2000571 0.3385582 -0.9194322 0.6281953 0.3524439 -0.6936526 0.2705339 0.2705339 -0.9239171 0.923999 0.3823949 3.05232e-5 0.8741887 0.3328266 -0.3535825 0.8741887 0.3328266 0.3535825 0.7327244 0.1912411 0.6531017 0.6281953 0.3524439 0.6936526 0.5000267 0.5000267 0.707069 0.5807903 0.7195157 0.3807621 0.5207651 -0.02070115 0.853449 0.4034652 0.1273651 0.9060872 0.8088436 0.02274262 0.5875838 0.6177799 -0.1679971 0.7681959 0.9360806 0.1501538 0.3181307 0.9808242 0.1948949 3.05286e-5 0.9360806 0.1501538 -0.3181307 0.7327244 0.1912411 -0.6531017 0.4034652 0.1273651 -0.9060872 3.05176e-5 3.05176e-5 -1 -0.06927988 0.06927988 -0.9951887 0.5207651 -0.02070115 -0.853449 0.1379827 -0.1379827 -0.980776 0.8088436 0.02274262 -0.5875838 1 -1.86324e-4 3.05176e-5 0.9619549 -0.03824015 -0.2705193 0.9619549 -0.03824015 0.2705193 0.8536426 -0.1465062 0.4998302 0.6913373 -0.308781 0.6532282 0.5001994 -0.5001994 0.7068247 0.3929656 -0.3929656 0.831358 0.2705339 -0.2705339 0.9239171 0.1379827 -0.1379827 0.980776 0.2705339 0.2705339 0.9239171 0.4282621 0.5669467 0.7036781 3.05176e-5 3.05176e-5 1 0.2000571 0.3385582 0.9194322 0.02070115 -0.5207651 0.853449 -0.1273651 -0.4034652 0.9060872 0.1679971 -0.6177799 0.7681959 0.308781 -0.6913373 0.6532282 0.5880521 -0.5880521 0.5553282 0.4376484 -0.7385316 0.5128692 0.7385316 -0.4376484 0.5128692 0.8657174 -0.3102317 0.3927973 0.9508572 -0.2251388 0.2125632 0.9807541 -0.1952472 3.05265e-5 0.9508572 -0.2251388 -0.2125632 0.8536426 -0.1465062 -0.4998302 0.6177799 -0.1679971 -0.7681959 0.2705339 -0.2705339 -0.9239171 0.6913373 -0.308781 -0.6532282 0.3929656 -0.3929656 -0.831358 0.8657174 -0.3102317 -0.3927973 0.9238411 -0.3827761 3.05341e-5 0.9031957 -0.4034828 -0.1464213 0.9031957 -0.4034828 0.1464213 0.8445435 -0.4620811 0.2706056 0.757082 -0.549495 0.3533864 0.6533054 -0.6533054 0.3826015 0.549495 -0.757082 0.3533864 0.4620811 -0.8445435 0.2706056 0.3102317 -0.8657174 0.3927973 0.1465062 -0.8536426 0.4998302 -0.02274262 -0.8088436 0.5875838 -0.1912411 -0.7327244 0.6531017 0.03824015 -0.9619549 0.2705193 -0.1501538 -0.9360806 0.3181307 0.2251388 -0.9508572 0.2125632 0.4034828 -0.9031957 0.1464213 0.5958337 -0.791189 0.1378476 0.5660481 -0.8209896 0.07460212 0.6407931 -0.7462895 0.1801009 0.6935334 -0.6935334 0.1949952 0.7462895 -0.6407931 0.1801009 0.791189 -0.5958337 0.1378476 0.8209896 -0.5660481 0.07460212 0.8315238 -0.5554892 3.05348e-5 0.8209896 -0.5660481 -0.07460212 0.8445435 -0.4620811 -0.2706056 0.7385316 -0.4376484 -0.5128692 0.791189 -0.5958337 -0.1378476 0.757082 -0.549495 -0.3533864 0.7071068 -0.7071068 3.05208e-5 0.5554892 -0.8315238 3.05348e-5 0.3827761 -0.9238411 3.05341e-5 0.1952472 -0.9807541 3.05265e-5 1.86324e-4 -1 3.05176e-5 -0.1948949 -0.9808242 3.05286e-5 -0.3328266 -0.8741887 0.3535825 -0.3524439 -0.6281953 0.6936526 -0.3823949 -0.923999 3.05232e-5 -0.5026832 -0.7786949 0.3754247 0.03824015 -0.9619549 -0.2705193 -0.1501538 -0.9360806 -0.3181307 0.2251388 -0.9508572 -0.2125632 0.4034828 -0.9031957 -0.1464213 0.5660481 -0.8209896 -0.07460212 0.5958337 -0.791189 -0.1378476 0.6407931 -0.7462895 -0.1801009 0.6935334 -0.6935334 -0.1949952 0.7462895 -0.6407931 -0.1801009 0.6533054 -0.6533054 -0.3826015 0.5880521 -0.5880521 -0.5553282 0.5001994 -0.5001994 -0.7068247 0.4376484 -0.7385316 -0.5128692 0.308781 -0.6913373 -0.6532282 0.549495 -0.757082 -0.3533864 0.4620811 -0.8445435 -0.2706056 0.3102317 -0.8657174 -0.3927973 0.1465062 -0.8536426 -0.4998302 -0.02274262 -0.8088436 -0.5875838 -0.3328266 -0.8741887 -0.3535825 -0.5554892 -0.8315238 3.05348e-5 -0.5000267 -0.5000267 0.707069 -0.6532444 -0.6532444 0.38281 -0.2705339 -0.2705339 0.9239171 -0.06927988 0.06927988 0.9951887 -0.3385582 -0.2000571 0.9194322 -0.5669467 -0.4282621 0.7036781 -0.7071068 -0.7071068 3.05208e-5 -0.7195157 -0.5807903 0.3807621 -0.5026832 -0.7786949 -0.3754247 -0.1912411 -0.7327244 -0.6531017 0.1679971 -0.6177799 -0.7681959 0.02070115 -0.5207651 -0.853449 -0.3524439 -0.6281953 -0.6936526 -0.6532444 -0.6532444 -0.38281 -0.7730427 -0.634354 3.05213e-5 -0.5000877 -0.4998436 -0.7071553 -0.7195157 -0.5807903 -0.3807621 -0.1273651 -0.4034652 -0.9060872 -0.2705339 -0.2705339 -0.9239171 -0.5669467 -0.4282621 -0.7036781 -0.3385582 -0.2000571 -0.9194322 -0.5807903 -0.7195157 -0.3807621 -0.7071068 -0.7071068 3.05208e-5 -0.6532444 -0.6532444 -0.38281 -0.634354 -0.7730427 3.05213e-5 -0.4282621 -0.5669467 -0.7036781 -0.8315238 -0.5554892 3.05348e-5 -0.7786949 -0.5026832 0.3754247 -0.6532444 -0.6532444 0.38281 -0.7786949 -0.5026832 -0.3754247 -0.5000267 -0.5000267 -0.707069 -0.2000571 -0.3385582 -0.9194322 -0.6281953 -0.3524439 -0.6936526 -0.2705339 -0.2705339 -0.9239171 -0.923999 -0.3823949 3.05232e-5 -0.8741887 -0.3328266 -0.3535825 -0.8741887 -0.3328266 0.3535825 -0.7327244 -0.1912411 0.6531017 -0.6281953 -0.3524439 0.6936526 -0.5000267 -0.5000267 0.707069 -0.5807903 -0.7195157 0.3807621 -0.5207651 0.02070115 0.853449 -0.4034652 -0.1273651 0.9060872 -0.8088436 -0.02274262 0.5875838 -0.6177799 0.1679971 0.7681959 -0.9360806 -0.1501538 0.3181307 -0.9808242 -0.1948949 3.05286e-5 -0.9360806 -0.1501538 -0.3181307 -0.7327244 -0.1912411 -0.6531017 -0.4034652 -0.1273651 -0.9060872 3.05176e-5 3.05176e-5 -1 0.06927988 -0.06927988 -0.9951887 -0.5207651 0.02070115 -0.853449 -0.1379827 0.1379827 -0.980776 -0.8088436 -0.02274262 -0.5875838 -1 1.86324e-4 3.05176e-5 -0.9619549 0.03824015 -0.2705193 -0.9619549 0.03824015 0.2705193 -0.8536426 0.1465062 0.4998302 -0.6913373 0.308781 0.6532282 -0.5001994 0.5001994 0.7068247 -0.3929656 0.3929656 0.831358 -0.2705339 0.2705339 0.9239171 -0.1379827 0.1379827 0.980776 -0.2705339 -0.2705339 0.9239171 -0.4282621 -0.5669467 0.7036781 3.05176e-5 3.05176e-5 1 -0.2000571 -0.3385582 0.9194322 -0.02070115 0.5207651 0.853449 0.1273651 0.4034652 0.9060872 -0.1679971 0.6177799 0.7681959 -0.308781 0.6913373 0.6532282 -0.5880521 0.5880521 0.5553282 -0.4376484 0.7385316 0.5128692 -0.7385316 0.4376484 0.5128692 -0.8657174 0.3102317 0.3927973 -0.9508572 0.2251388 0.2125632 -0.9807541 0.1952472 3.05265e-5 -0.9508572 0.2251388 -0.2125632 -0.8536426 0.1465062 -0.4998302 -0.6177799 0.1679971 -0.7681959 -0.2705339 0.2705339 -0.9239171 -0.6913373 0.308781 -0.6532282 -0.3929656 0.3929656 -0.831358 -0.8657174 0.3102317 -0.3927973 -0.9238411 0.3827761 3.05341e-5 -0.9031957 0.4034828 -0.1464213 -0.9031957 0.4034828 0.1464213 -0.8445435 0.4620811 0.2706056 -0.757082 0.549495 0.3533864 -0.6533054 0.6533054 0.3826015 -0.549495 0.757082 0.3533864 -0.4620811 0.8445435 0.2706056 -0.3102317 0.8657174 0.3927973 -0.1465062 0.8536426 0.4998302 0.02274262 0.8088436 0.5875838 0.1912411 0.7327244 0.6531017 -0.03824015 0.9619549 0.2705193 0.1501538 0.9360806 0.3181307 -0.2251388 0.9508572 0.2125632 -0.4034828 0.9031957 0.1464213 -0.5958337 0.791189 0.1378476 -0.5660481 0.8209896 0.07460212 -0.6407931 0.7462895 0.1801009 -0.6935334 0.6935334 0.1949952 -0.7462895 0.6407931 0.1801009 -0.791189 0.5958337 0.1378476 -0.8209896 0.5660481 0.07460212 -0.8315238 0.5554892 3.05348e-5 -0.8209896 0.5660481 -0.07460212 -0.8445435 0.4620811 -0.2706056 -0.7385316 0.4376484 -0.5128692 -0.791189 0.5958337 -0.1378476 -0.757082 0.549495 -0.3533864 -0.7071068 0.7071068 3.05208e-5 -0.5554892 0.8315238 3.05348e-5 -0.3827761 0.9238411 3.05341e-5 -0.1952472 0.9807541 3.05265e-5 -1.86324e-4 1 3.05176e-5 0.1948949 0.9808242 3.05286e-5 0.3328266 0.8741887 0.3535825 0.3524439 0.6281953 0.6936526 0.3823949 0.923999 3.05232e-5 0.5026832 0.7786949 0.3754247 -0.03824015 0.9619549 -0.2705193 0.1501538 0.9360806 -0.3181307 -0.2251388 0.9508572 -0.2125632 -0.4034828 0.9031957 -0.1464213 -0.5660481 0.8209896 -0.07460212 -0.5958337 0.791189 -0.1378476 -0.6407931 0.7462895 -0.1801009 -0.6935334 0.6935334 -0.1949952 -0.7462895 0.6407931 -0.1801009 -0.6533054 0.6533054 -0.3826015 -0.5880521 0.5880521 -0.5553282 -0.5001994 0.5001994 -0.7068247 -0.4376484 0.7385316 -0.5128692 -0.308781 0.6913373 -0.6532282 -0.549495 0.757082 -0.3533864 -0.4620811 0.8445435 -0.2706056 -0.3102317 0.8657174 -0.3927973 -0.1465062 0.8536426 -0.4998302 0.02274262 0.8088436 -0.5875838 0.3328266 0.8741887 -0.3535825 0.5554892 0.8315238 3.05348e-5 0.5000267 0.5000267 0.707069 0.6532444 0.6532444 0.38281 0.2705339 0.2705339 0.9239171 0.06927988 -0.06927988 0.9951887 0.3385582 0.2000571 0.9194322 0.5669467 0.4282621 0.7036781 0.7071068 0.7071068 3.05208e-5 0.7195157 0.5807903 0.3807621 0.5026832 0.7786949 -0.3754247 0.1912411 0.7327244 -0.6531017 -0.1679971 0.6177799 -0.7681959 -0.02070115 0.5207651 -0.853449 0.3524439 0.6281953 -0.6936526 0.6532444 0.6532444 -0.38281 0.7730427 0.634354 3.05213e-5 0.5000877 0.4998436 -0.7071553 0.7195157 0.5807903 -0.3807621 0.1273651 0.4034652 -0.9060872 0.2705339 0.2705339 -0.9239171 0.5669467 0.4282621 -0.7036781 0.3385582 0.2000571 -0.9194322 -0.7071068 0.7071068 3.05208e-5 -0.5807903 0.7195157 -0.3807621 -0.6532444 0.6532444 -0.38281 -0.634354 0.7730427 3.05213e-5 -0.4282621 0.5669467 -0.7036781 -0.8315238 0.5554892 3.05348e-5 -0.7786949 0.5026832 0.3754247 -0.6532444 0.6532444 0.38281 -0.7786949 0.5026832 -0.3754247 -0.5000267 0.5000267 -0.707069 -0.2000571 0.3385582 -0.9194322 -0.2705339 0.2705339 -0.9239171 -0.6281953 0.3524439 -0.6936526 -0.923999 0.3823949 3.05232e-5 -0.8741887 0.3328266 -0.3535825 -0.8741887 0.3328266 0.3535825 -0.7327244 0.1912411 0.6531017 -0.6281953 0.3524439 0.6936526 -0.5000267 0.5000267 0.707069 -0.5807903 0.7195157 0.3807621 -0.5207651 -0.02070115 0.853449 -0.4034652 0.1273651 0.9060872 -0.8088436 0.02274262 0.5875838 -0.6177799 -0.1679971 0.7681959 -0.9360806 0.1501538 0.3181307 -0.9808242 0.1948949 3.05286e-5 -0.9360806 0.1501538 -0.3181307 -0.7327244 0.1912411 -0.6531017 -0.4034652 0.1273651 -0.9060872 3.05176e-5 3.05176e-5 -1 0.06927988 0.06927988 -0.9951887 -0.1379827 -0.1379827 -0.980776 -0.5207651 -0.02070115 -0.853449 -0.8088436 0.02274262 -0.5875838 -1 -1.86324e-4 3.05176e-5 -0.9619549 -0.03824015 -0.2705193 -0.9619549 -0.03824015 0.2705193 -0.8536426 -0.1465062 0.4998302 -0.6913373 -0.308781 0.6532282 -0.5001994 -0.5001994 0.7068247 -0.3929656 -0.3929656 0.831358 -0.2705339 -0.2705339 0.9239171 -0.1379827 -0.1379827 0.980776 -0.2705339 0.2705339 0.9239171 -0.4282621 0.5669467 0.7036781 3.05176e-5 3.05176e-5 1 -0.2000571 0.3385582 0.9194322 -0.02070115 -0.5207651 0.853449 0.1273651 -0.4034652 0.9060872 -0.1679971 -0.6177799 0.7681959 -0.308781 -0.6913373 0.6532282 -0.5880521 -0.5880521 0.5553282 -0.4376484 -0.7385316 0.5128692 -0.7385316 -0.4376484 0.5128692 -0.8657174 -0.3102317 0.3927973 -0.9508572 -0.2251388 0.2125632 -0.9807541 -0.1952472 3.05265e-5 -0.9508572 -0.2251388 -0.2125632 -0.8536426 -0.1465062 -0.4998302 -0.6177799 -0.1679971 -0.7681959 -0.2705339 -0.2705339 -0.9239171 -0.3929656 -0.3929656 -0.831358 -0.6913373 -0.308781 -0.6532282 -0.8657174 -0.3102317 -0.3927973 -0.9238411 -0.3827761 3.05341e-5 -0.9031957 -0.4034828 -0.1464213 -0.9031957 -0.4034828 0.1464213 -0.8445435 -0.4620811 0.2706056 -0.757082 -0.549495 0.3533864 -0.6533054 -0.6533054 0.3826015 -0.549495 -0.757082 0.3533864 -0.4620811 -0.8445435 0.2706056 -0.3102317 -0.8657174 0.3927973 -0.1465062 -0.8536426 0.4998302 0.02274262 -0.8088436 0.5875838 0.1912411 -0.7327244 0.6531017 -0.03824015 -0.9619549 0.2705193 0.1501538 -0.9360806 0.3181307 -0.2251388 -0.9508572 0.2125632 -0.4034828 -0.9031957 0.1464213 -0.5958337 -0.791189 0.1378476 -0.5660481 -0.8209896 0.07460212 -0.6407931 -0.7462895 0.1801009 -0.6935334 -0.6935334 0.1949952 -0.7462895 -0.6407931 0.1801009 -0.791189 -0.5958337 0.1378476 -0.8209896 -0.5660481 0.07460212 -0.8315238 -0.5554892 3.05348e-5 -0.8209896 -0.5660481 -0.07460212 -0.8445435 -0.4620811 -0.2706056 -0.7385316 -0.4376484 -0.5128692 -0.5001994 -0.5001994 -0.7068247 -0.5880521 -0.5880521 -0.5553282 -0.757082 -0.549495 -0.3533864 -0.791189 -0.5958337 -0.1378476 -0.7071068 -0.7071068 3.05208e-5 -0.5554892 -0.8315238 3.05348e-5 -0.3827761 -0.9238411 3.05341e-5 -0.1952472 -0.9807541 3.05265e-5 -1.86324e-4 -1 3.05176e-5 0.1948949 -0.9808242 3.05286e-5 0.3328266 -0.8741887 0.3535825 0.3524439 -0.6281953 0.6936526 0.3823949 -0.923999 3.05232e-5 0.5026832 -0.7786949 0.3754247 -0.03824015 -0.9619549 -0.2705193 0.1501538 -0.9360806 -0.3181307 -0.2251388 -0.9508572 -0.2125632 -0.4034828 -0.9031957 -0.1464213 -0.5660481 -0.8209896 -0.07460212 -0.5958337 -0.791189 -0.1378476 -0.6407931 -0.7462895 -0.1801009 -0.6935334 -0.6935334 -0.1949952 -0.7462895 -0.6407931 -0.1801009 -0.6533054 -0.6533054 -0.3826015 -0.4376484 -0.7385316 -0.5128692 -0.308781 -0.6913373 -0.6532282 -0.1679971 -0.6177799 -0.7681959 -0.1465062 -0.8536426 -0.4998302 0.02274262 -0.8088436 -0.5875838 -0.3102317 -0.8657174 -0.3927973 -0.549495 -0.757082 -0.3533864 -0.4620811 -0.8445435 -0.2706056 0.3328266 -0.8741887 -0.3535825 0.5554892 -0.8315238 3.05348e-5 0.5000267 -0.5000267 0.707069 0.6532444 -0.6532444 0.38281 0.2705339 -0.2705339 0.9239171 0.06927988 0.06927988 0.9951887 0.3385582 -0.2000571 0.9194322 0.5669467 -0.4282621 0.7036781 0.7071068 -0.7071068 3.05208e-5 0.7195157 -0.5807903 0.3807621 0.5026832 -0.7786949 -0.3754247 0.1912411 -0.7327244 -0.6531017 -0.02070115 -0.5207651 -0.853449 0.3524439 -0.6281953 -0.6936526 0.1273651 -0.4034652 -0.9060872 0.6532444 -0.6532444 -0.38281 0.7730427 -0.634354 3.05213e-5 0.5000877 -0.4998436 -0.7071553 0.7195157 -0.5807903 -0.3807621 0.2705339 -0.2705339 -0.9239171 0.5669467 -0.4282621 -0.7036781 0.3385582 -0.2000571 -0.9194322</float_array>
          <technique_common>
            <accessor source="#geom-bombShape_1-normals-array" count="1331" stride="3">
              <param name="X" type="float"/>
              <param name="Y" type="float"/>
              <param name="Z" type="float"/>
            </accessor>
          </technique_common>
        </source>
        <source id="geom-bombShape_1-map-2">
          <float_array id="geom-bombShape_1-map-2-array" count="3993">1 1 1 1 1 1 1 1 1 1 1 1 1 1 1 1 1 1 1 1 1 1 1 1 1 1 1 1 1 1 1 1 1 1 1 1 1 1 1 1 1 1 1 1 1 1 1 1 1 1 1 1 1 1 1 1 1 1 1 1 1 1 1 1 1 1 1 1 1 1 1 1 1 1 1 1 1 1 1 1 1 1 1 1 1 1 1 1 1 1 1 1 1 1 1 1 1 1 1 1 1 1 1 1 1 1 1 1 1 1 1 1 1 1 1 1 1 1 1 1 1 1 1 1 1 1 1 1 1 1 1 1 1 1 1 1 1 1 1 1 1 1 1 1 1 1 1 1 1 1 1 1 1 1 1 1 1 1 1 1 1 1 1 1 1 1 1 1 1 1 1 1 1 1 1 1 1 1 1 1 1 1 1 1 1 1 1 1 1 1 1 1 1 1 1 1 1 1 1 1 1 1 1 1 1 1 1 1 1 1 1 1 1 1 1 1 1 1 1 1 1 1 1 1 1 1 1 1 1 1 1 1 1 1 1 1 1 1 1 1 1 1 1 1 1 1 1 1 1 1 1 1 1 1 1 1 1 1 1 1 1 1 1 1 1 1 1 1 1 1 1 1 1 1 1 1 1 1 1 1 1 1 1 1 1 1 1 1 1 1 1 1 1 1 1 1 1 1 1 1 1 1 1 1 1 1 1 1 1 1 1 1 1 1 1 1 1 1 1 1 1 1 1 1 1 1 1 1 1 1 1 1 1 1 1 1 1 1 1 1 1 1 1 1 1 1 1 1 1 1 1 1 1 1 1 1 1 1 1 1 1 1 1 1 1 1 1 1 1 1 1 1 1 1 1 1 1 1 1 1 1 1 1 1 1 1 1 1 1 1 1 1 1 1 1 1 1 1 1 1 1 1 1 1 1 1 1 1 1 1 1 1 1 1 1 1 1 1 1 1 1 1 1 1 1 1 1 1 1 1 1 1 1 1 1 1 1 1 1 1 1 1 1 1 1 1 1 1 1 1 1 1 1 1 1 1 1 1 1 1 1 1 1 1 1 1 1 1 1 1 1 1 1 1 1 1 1 1 1 1 1 1 1 1 1 1 1 1 1 1 1 1 1 1 1 1 1 1 1 1 1 1 1 1 1 1 1 1 1 1 1 1 1 1 1 1 1 1 1 1 1 1 1 1 1 1 1 1 1 1 1 1 1 1 1 1 1 1 1 1 1 1 1 1 1 1 1 1 1 1 1 1 1 1 1 1 1 1 1 1 1 1 1 1 1 1 1 1 1 1 1 1 1 1 1 1 1 1 1 1 1 1 1 1 1 1 1 1 1 1 1 1 1 1 1 1 1 1 1 1 1 1 1 1 1 1 1 1 1 1 1 1 1 1 1 1 1 1 1 1 1 1 1 1 1 1 1 1 1 1 1 1 1 1 1 1 1 1 1 1 1 1 1 1 1 1 1 1 1 1 1 1 1 1 1 1 1 1 1 1 1 1 1 1 1 1 1 1 1 1 1 1 1 1 1 1 1 1 1 1 1 1 1 1 1 1 1 1 1 1 1 1 1 1 1 1 1 1 1 1 1 1 1 1 1 1 1 1 1 1 1 1 1 1 1 1 1 1 1 1 1 1 1 1 1 1 1 1 1 1 1 1 1 1 1 1 1 1 1 1 1 1 1 1 1 1 1 1 1 1 1 1 1 1 1 1 1 1 1 1 1 1 1 1 1 1 1 1 1 1 1 1 1 1 1 1 1 1 1 1 1 1 1 1 1 1 1 1 1 1 1 1 1 1 1 1 1 1 1 1 1 1 1 1 1 1 1 1 1 1 1 1 1 1 1 1 1 1 1 1 1 1 1 1 1 1 1 1 1 1 1 1 1 1 1 1 1 1 1 1 1 1 1 1 1 1 1 1 1 1 1 1 1 1 1 1 1 1 1 1 1 1 1 1 1 1 1 1 1 1 1 1 1 1 1 1 1 1 1 1 1 1 1 1 1 1 1 1 1 1 1 1 1 1 1 1 1 1 1 1 1 1 1 1 1 1 1 1 1 1 1 1 1 1 1 1 1 1 1 1 1 1 1 1 1 1 1 1 1 1 1 1 1 1 1 1 1 1 1 1 1 1 1 1 1 1 1 1 1 1 1 1 1 1 1 1 1 1 1 1 1 1 1 1 1 1 1 1 1 1 1 1 1 1 1 1 1 1 1 1 1 1 1 1 1 1 1 1 1 1 1 1 1 1 1 1 1 1 1 1 1 1 1 1 1 1 1 1 1 1 1 1 1 1 1 1 1 1 1 1 1 1 1 1 1 1 1 1 1 1 1 1 1 1 1 1 1 1 1 1 1 1 1 1 1 1 1 1 1 1 1 1 1 1 1 1 1 1 1 1 1 1 1 1 1 1 1 1 1 1 1 1 1 1 1 1 1 1 1 1 1 1 1 1 1 1 1 1 1 1 1 1 1 1 1 1 1 1 1 1 1 1 1 1 1 1 1 1 1 1 1 1 1 1 1 1 1 1 1 1 1 1 1 1 1 1 1 1 1 1 1 1 1 1 1 1 1 1 1 1 1 1 1 1 1 1 1 1 1 1 1 1 1 1 1 1 1 1 1 1 1 1 1 1 1 1 1 1 1 1 1 1 1 1 1 1 1 1 1 1 1 1 1 1 1 1 1 1 1 1 1 1 1 1 1 1 1 1 1 1 1 1 1 1 1 1 1 1 1 1 1 1 1 1 1 1 1 1 1 1 1 1 1 1 1 1 1 1 1 1 1 1 1 1 1 1 1 1 1 1 1 1 1 1 1 1 1 1 1 1 1 1 1 1 1 1 1 1 1 1 1 1 1 1 1 1 1 1 1 1 1 1 1 1 1 1 1 1 1 1 1 1 1 1 1 1 1 1 1 1 1 1 1 1 1 1 1 1 1 1 1 1 1 1 1 1 1 1 1 1 1 1 1 1 1 1 1 1 1 1 1 1 1 1 1 1 1 1 1 1 1 1 1 1 1 1 1 1 1 1 1 1 1 1 1 1 1 1 1 1 1 1 1 1 1 1 1 1 1 1 1 1 1 1 1 1 1 1 1 1 1 1 1 1 1 1 1 1 1 1 1 1 1 1 1 1 1 1 1 1 1 1 1 1 1 1 1 1 1 1 1 1 1 1 1 1 1 1 1 1 1 1 1 1 1 1 1 1 1 1 1 1 1 1 1 1 1 1 1 1 1 1 1 1 1 1 1 1 1 1 1 1 1 1 1 1 1 1 1 1 1 1 1 1 1 1 1 1 1 1 1 1 1 1 1 1 1 1 1 1 1 1 1 1 1 1 1 1 1 1 1 1 1 1 1 1 1 1 1 1 1 1 1 1 1 1 1 1 1 1 1 1 1 1 1 1 1 1 1 1 1 1 1 1 1 1 1 1 1 1 1 1 1 1 1 1 1 1 1 1 1 1 1 1 1 1 1 1 1 1 1 1 1 1 1 1 1 1 1 1 1 1 1 1 1 1 1 1 1 1 1 1 1 1 1 1 1 1 1 1 1 1 1 1 1 1 1 1 1 1 1 1 1 1 1 1 1 1 1 1 1 1 1 1 1 1 1 1 1 1 1 1 1 1 1 1 1 1 1 1 1 1 1 1 1 1 1 1 1 1 1 1 1 1 1 1 1 1 1 1 1 1 1 1 1 1 1 1 1 1 1 1 1 1 1 1 1 1 1 1 1 1 1 1 1 1 1 1 1 1 1 1 1 1 1 1 1 1 1 1 1 1 1 1 1 1 1 1 1 1 1 1 1 1 1 1 1 1 1 1 1 1 1 1 1 1 1 1 1 1 1 1 1 1 1 1 1 1 1 1 1 1 1 1 1 1 1 1 1 1 1 1 1 1 1 1 1 1 1 1 1 1 1 1 1 1 1 1 1 1 1 1 1 1 1 1 1 1 1 1 1 1 1 1 1 1 1 1 1 1 1 1 1 1 1 1 1 1 1 1 1 1 1 1 1 1 1 1 1 1 1 1 1 1 1 1 1 1 1 1 1 1 1 1 1 1 1 1 1 1 1 1 1 1 1 1 1 1 1 1 1 1 1 1 1 1 1 1 1 1 1 1 1 1 1 1 1 1 1 1 1 1 1 1 1 1 1 1 1 1 1 1 1 1 1 1 1 1 1 1 1 1 1 1 1 1 1 1 1 1 1 1 1 1 1 1 1 1 1 1 1 1 1 1 1 1 1 1 1 1 1 1 1 1 1 1 1 1 1 1 1 1 1 1 1 1 1 1 1 1 1 1 1 1 1 1 1 1 1 1 1 1 1 1 1 1 1 1 1 1 1 1 1 1 1 1 1 1 1 1 1 1 1 1 1 1 1 1 1 1 1 1 1 1 1 1 1 1 1 1 1 1 1 1 1 1 1 1 1 1 1 1 1 1 1 1 1 1 1 1 1 1 1 1 1 1 1 1 1 1 1 1 1 1 1 1 1 1 1 1 1 1 1 1 1 1 1 1 1 1 1 1 1 1 1 1 1 1 1 1 1 1 1 1 1 1 1 1 1 1 1 1 1 1 1 1 1 1 1 1 1 1 1 1 1 1 1 1 1 1 1 1 1 1 1 1 1 1 1 1 1 1 1 1 1 1 1 1 1 1 1 1 1 1 1 1 1 1 1 1 1 1 1 1 1 1 1 1 1 1 1 1 1 1 1 1 1 1 1 1 1 1 1 1 1 1 1 1 1 1 1 1 1 1 1 1 1 1 1 1 1 1 1 1 1 1 1 1 1 1 1 1 1 1 1 1 1 1 1 1 1 1 1 1 1 1 1 1 1 1 1 1 1 1 1 1 1 1 1 1 1 1 1 1 1 1 1 1 1 1 1 1 1 1 1 1 1 1 1 1 1 1 1 1 1 1 1 1 1 1 1 1 1 1 1 1 1 1 1 1 1 1 1 1 1 1 1 1 1 1 1 1 1 1 1 1 1 1 1 1 1 1 1 1 1 1 1 1 1 1 1 1 1 1 1 1 1 1 1 1 1 1 1 1 1 1 1 1 1 1 1 1 1 1 1 1 1 1 1 1 1 1 1 1 1 1 1 1 1 1 1 1 1 1 1 1 1 1 1 1 1 1 1 1 1 1 1 1 1 1 1 1 1 1 1 1 1 1 1 1 1 1 1 1 1 1 1 1 1 1 1 1 1 1 1 1 1 1 1 1 1 1 1 1 1 1 1 1 1 1 1 1 1 1 1 1 1 1 1 1 1 1 1 1 1 1 1 1 1 1 1 1 1 1 1 1 1 1 1 1 1 1 1 1 1 1 1 1 1 1 1 1 1 1 1 1 1 1 1 1 1 1 1 1 1 1 1 1 1 1 1 1 1 1 1 1 1 1 1 1 1 1 1 1 1 1 1 1 1 1 1 1 1 1 1 1 1 1 1 1 1 1 1 1 1 1 1 1 1 1 1 1 1 1 1 1 1 1 1 1 1 1 1 1 1 1 1 1 1 1 1 1 1 1 1 1 1 1 1 1 1 1 1 1 1 1 1 1 1 1 1 1 1 1 1 1 1 1 1 1 1 1 1 1 1 1 1 1 1 1 1 1 1 1 1 1 1 1 1 1 1 1 1 1 1 1 1 1 1 1 1 1 1 1 1 1 1 1 1 1 1 1 1 1 1 1 1 1 1 1 1 1 1 1 1 1 1 1 1 1 1 1 1 1 1 1 1 1 1 1 1 1 1 1 1 1 1 1 1 1 1 1 1 1 1 1 1 1 1 1 1 1 1 1 1 1 1 1 1 1 1 1 1 1 1 1 1 1 1 1 1 1 1 1 1 1 1 1 1 1 1 1 1 1 1 1 1 1 1 1 1 1 1 1 1 1 1 1 1 1 1 1 1 1 1 1 1 1 1 1 1 1 1 1 1 1 1 1 1 1 1 1 1 1 1 1 1 1 1 1 1 1 1 1 1 1 1 1 1 1 1 1 1 1 1 1 1 1 1 1 1 1 1 1 1 1 1 1 1 1 1 1 1 1 1 1 1 1 1 1 1 1 1 1 1 1 1 1 1 1 1 1 1 1 1 1 1 1 1 1 1 1 1 1 1 1 1 1 1 1 1 1 1 1 1 1 1 1 1 1 1 1 1 1 1 1 1 1 1 1 1 1 1 1 1 1 1 1 1 1 1 1 1 1 1 1 1 1 1 1 1 1 1 1 1 1 1 1 1 1 1 1 1 1 1 1 1 1 1 1 1 1 1 1 1 1 1 1 1 1 1 1 1 1 1 1 1 1 1 1 1 1 1 1 1 1 1 1 1 1 1 1 1 1 1 1 1 1 1 1 1 1 1 1 1 1 1 1 1 1 1 1 1 1 1 1 1 1 1 1 1 1 1 1 1 1 1 1 1 1 1 1 1 1 1 1 1 1 1 1 1 1 1 1 1 1 1 1 1 1 1 1 1 1 1 1 1 1 1 1 1 1 1 1 1 1 1 1 1 1 1 1 1 1 1 1 1 1 1 1 1 1 1 1 1 1 1 1 1 1 1 1 1 1 1 1 1 1 1 1 1 1 1 1 1 1 1 1 1 1 1 1 1 1 1 1 1 1 1 1 1 1 1 1 1 1 1 1 1 1 1 1 1 1 1 1 1 1 1 1 1 1 1 1 1 1 1 1 1 1 1 1 1 1 1 1 1 1 1 1 1 1 1 1 1 1 1 1 1 1 1 1 1 1 1 1 1 1 1 1 1 1 1 1 1 1 1 1 1 1 1 1 1 1 1 1 1 1 1 1 1 1 1 1 1 1 1 1 1 1 1 1 1 1 1 1 1 1 1 1 1 1 1 1 1 1 1 1 1 1 1 1 1 1 1 1 1 1 1 1 1 1 1 1 1 1 1 1 1 1 1 1 1 1 1 1 1 1 1 1 1 1 1 1 1 1 1 1 1 1 1 1 1 1 1 1 1 1 1 1 1 1 1 1 1 1 1 1 1 1 1 1 1 1 1 1 1 1 1 1 1 1 1 1 1 1 1 1 1 1 1 1 1 1 1 1 1 1 1 1 1 1 1 1 1 1 1 1 1 1 1 1 1 1 1 1 1 1 1 1 1 1 1 1 1 1 1 1 1 1 1 1 1 1 1 1 1 1 1 1 1 1 1 1 1 1 1 1 1 1 1 1 1 1 1 1 1 1 1 1 1 1 1 1 1 1 1 1 1 1 1 1 1 1 1 1 1 1 1 1 1 1 1 1 1 1 1 1 1 1 1 1 1 1 1 1 1 1 1 1 1 1 1 1 1 1 1 1 1 1 1 1 1 1 1 1 1 1 1 1 1 1 1 1 1 1 1 1 1 1 1 1 1 1 1 1 1 1 1 1 1 1 1 1 1 1 1 1 1 1 1 1 1 1 1 1 1 1 1 1 1 1 1 1 1 1 1 1 1 1 1 1 1 1 1 1 1 1 1 1 1 1 1 1 1 1 1 1 1 1 1 1 1 1 1 1 1 1 1 1 1 1 1 1 1 1 1 1 1 1 1 1 1 1 1 1 1 1 1 1 1 1 1 1 1 1 1 1 1 1 1 1 1 1 1 1 1 1 1 1 1 1 1 1 1 1 1 1 1 1 1 1 1 1 1 1 1 1 1 1 1 1 1 1 1 1 1 1 1 1 1 1 1 1 1 1 1 1 1 1 1 1 1 1 1 1 1 1 1 1 1 1 1 1 1 1 1 1 1 1 1 1 1 1 1 1 1 1 1 1 1 1 1 1 1 1 1 1 1 1 1 1 1 1 1 1 1 1 1 1 1 1 1 1 1 1 1 1 1 1 1 1 1 1 1 1 1 1 1 1 1 1 1 1 1 1 1 1 1 1 1 1 1 1 1 1 1 1 1 1 1 1 1 1 1 1 1 1 1 1 1 1 1 1 1 1 1 1 1 1 1 1 1 1 1 1 1 1 1 1 1 1 1 1 1 1 1 1 1 1 1 1 1 1 1 1 1 1 1 1 1 1 1 1 1 1 1 1 1 1 1 1 1 1 1 1 1 1 1 1 1 1 1 1 1 1 1 1 1 1 1 1 1 1 1 1 1 1 1 1 1 1 1 1 1 1 1 1 1 1 1 1 1 1 1 1 1 1 1 1 1 1 1 1 1 1 1 1 1 1 1 1 1 1 1 1 1 1 1 1 1 1 1 1 1 1 1 1 1 1 1 1 1 1 1 1 1 1 1 1 1 1 1 1 1 1 1 1 1 1 1 1 1 1 1 1 1 1 1 1 1 1 1 1 1 1 1 1 1 1 1 1 1 1 1 1 1 1 1 1 1 1 1 1 1 1 1 1 1 1 1 1 1 1 1 1 1 1 1 1 1 1 1 1 1 1 1 1 1 1 1 1 1 1 1 1 1 1 1 1 1 1 1 1 1 1 1 1 1 1 1 1 1 1 1 1 1 1 1 1 1 1 1 1 1 1 1 1 1 1 1 1 1 1 1 1 1 1 1 1 1 1 1 1 1 1 1 1 1 1 1 1 1 1 1 1 1 1 1 1 1 1 1 1 1 1 1 1 1 1 1 1 1 1 1 1 1 1 1 1 1 1 1 1 1 1 1 1 1 1 1 1 1 1 1 1 1 1 1 1 1 1 1 1 1 1 1 1 1 1 1 1 1 1 1 1 1 1 1 1 1 1 1 1 1 1 1 1 1 1 1 1 1 1 1 1 1 1 1 1 1 1 1 1 1 1 1 1 1 1 1 1 1 1 1 1 1 1 1 1 1 1 1 1 1 1 1 1 1 1 1 1 1 1 1 1 1 1 1 1 1 1 1 1 1 1 1 1 1 1 1 1 1 1 1 1 1 1 1 1 1 1 1 1 1 1 1 1 1 1 1 1 1 1 1 1 1 1 1 1 1 1 1 1 1 1 1 1 1 1 1 1 1 1 1 1 1 1 1 1 1 1 1 1 1 1 1 1 1 1 1 1 1 1 1 1 1 1 1 1 1 1 1</float_array>
          <technique_common>
            <accessor source="#geom-bombShape_1-map-2-array" count="1331" stride="3">
              <param name="R" type="float"/>
              <param name="G" type="float"/>
              <param name="B" type="float"/>
            </accessor>
          </technique_common>
        </source>
        <source id="geom-bombShape_1-map0">
          <float_array id="geom-bombShape_1-map0-array" count="3993">0.5019608 0.5019608 0.5019608 0.5019608 0.5019608 0.5019608 0.5019608 0.5019608 0.5019608 0.5019608 0.5019608 0.5019608 0.5019608 0.5019608 0.5019608 0.5019608 0.5019608 0.5019608 0.5019608 0.5019608 0.5019608 0.5019608 0.5019608 0.5019608 0.5019608 0.5019608 0.5019608 0.5019608 0.5019608 0.5019608 0.5019608 0.5019608 0.5019608 0.5019608 0.5019608 0.5019608 0.5019608 0.5019608 0.5019608 0.5019608 0.5019608 0.5019608 0.5019608 0.5019608 0.5019608 0.5019608 0.5019608 0.5019608 0.5019608 0.5019608 0.5019608 0.5019608 0.5019608 0.5019608 0.5019608 0.5019608 0.5019608 0.5019608 0.5019608 0.5019608 0.5019608 0.5019608 0.5019608 0.5019608 0.5019608 0.5019608 0.5019608 0.5019608 0.5019608 0.5019608 0.5019608 0.5019608 0.5019608 0.5019608 0.5019608 0.5019608 0.5019608 0.5019608 0.5019608 0.5019608 0.5019608 0.5019608 0.5019608 0.5019608 0.5019608 0.5019608 0.5019608 0.5019608 0.5019608 0.5019608 0.5019608 0.5019608 0.5019608 0.5019608 0.5019608 0.5019608 0.5019608 0.5019608 0.5019608 0.5019608 0.5019608 0.5019608 0.5019608 0.5019608 0.5019608 0.5019608 0.5019608 0.5019608 0.5019608 0.5019608 0.5019608 0.5019608 0.5019608 0.5019608 0.5019608 0.5019608 0.5019608 0.5019608 0.5019608 0.5019608 0.5019608 0.5019608 0.5019608 0.5019608 0.5019608 0.5019608 0.5019608 0.5019608 0.5019608 0.5019608 0.5019608 0.5019608 0.5019608 0.5019608 0.5019608 0.5019608 0.5019608 0.5019608 0.5019608 0.5019608 0.5019608 0.5019608 0.5019608 0.5019608 0.5019608 0.5019608 0.5019608 0.5019608 0.5019608 0.5019608 0.5019608 0.5019608 0.5019608 0.5019608 0.5019608 0.5019608 0.5019608 0.5019608 0.5019608 0.5019608 0.5019608 0.5019608 0.5019608 0.5019608 0.5019608 0.5019608 0.5019608 0.5019608 0.5019608 0.5019608 0.5019608 0.5019608 0.5019608 0.5019608 0.5019608 0.5019608 0.5019608 0.5019608 0.5019608 0.5019608 0.5019608 0.5019608 0.5019608 0.5019608 0.5019608 0.5019608 0.5019608 0.5019608 0.5019608 0.5019608 0.5019608 0.5019608 0.5019608 0.5019608 0.5019608 0.5019608 0.5019608 0.5019608 0.5019608 0.5019608 0.5019608 0.5019608 0.5019608 0.5019608 0.5019608 0.5019608 0.5019608 0.5019608 0.5019608 0.5019608 0.5019608 0.5019608 0.5019608 0.5019608 0.5019608 0.5019608 0.5019608 0.5019608 0.5019608 0.5019608 0.5019608 0.5019608 0.5019608 0.5019608 0.5019608 0.5019608 0.5019608 0.5019608 0.5019608 0.5019608 0.5019608 0.5019608 0.5019608 0.5019608 0.5019608 0.5019608 0.5019608 0.5019608 0.5019608 0.5019608 0.5019608 0.5019608 0.5019608 0.5019608 0.5019608 0.5019608 0.5019608 0.5019608 0.5019608 0.5019608 0.5019608 0.5019608 0.5019608 0.5019608 0.5019608 0.5019608 0.5019608 0.5019608 0.5019608 0.5019608 0.5019608 0.5019608 0.5019608 0.5019608 0.5019608 0.5019608 0.5019608 0.5019608 0.5019608 0.5019608 0.5019608 0.5019608 0.5019608 0.5019608 0.5019608 0.5019608 0.5019608 0.5019608 0.5019608 0.5019608 0.5019608 0.5019608 0.5019608 0.5019608 0.5019608 0.5019608 0.5019608 0.5019608 0.5019608 0.5019608 0.5019608 0.5019608 0.5019608 0.5019608 0.5019608 0.5019608 0.5019608 0.5019608 0.5019608 0.5019608 0.5019608 0.5019608 0.5019608 0.5019608 0.5019608 0.5019608 0.5019608 0.5019608 0.5019608 0.5019608 0.5019608 0.5019608 0.5019608 0.5019608 0.5019608 0.5019608 0.5019608 0.5019608 0.5019608 0.5019608 0.5019608 0.5019608 0.5019608 0.5019608 0.5019608 0.5019608 0.5019608 0.5019608 0.5019608 0.5019608 0.5019608 0.5019608 0.5019608 0.5019608 0.5019608 0.5019608 0.5019608 0.5019608 0.5019608 0.5019608 0.5019608 0.5019608 0.5019608 0.5019608 0.5019608 0.5019608 0.5019608 0.5019608 0.5019608 0.5019608 0.5019608 0.5019608 0.5019608 0.5019608 0.5019608 0.5019608 0.5019608 0.5019608 0.5019608 0.5019608 0.5019608 0.5019608 0.5019608 0.5019608 0.5019608 0.5019608 0.5019608 0.5019608 0.5019608 0.5019608 0.5019608 0.5019608 0.5019608 0.5019608 0.5019608 0.5019608 0.5019608 0.5019608 0.5019608 0.5019608 0.5019608 0.5019608 0.5019608 0.5019608 0.5019608 0.5019608 0.5019608 0.5019608 0.5019608 0.5019608 0.5019608 0.5019608 0.5019608 0.5019608 0.5019608 0.5019608 0.5019608 0.5019608 0.5019608 0.5019608 0.5019608 0.5019608 0.5019608 0.5019608 0.5019608 0.5019608 0.5019608 0.5019608 0.5019608 0.5019608 0.5019608 0.5019608 0.5019608 0.5019608 0.5019608 0.5019608 0.5019608 0.5019608 0.5019608 0.5019608 0.5019608 0.5019608 0.5019608 0.5019608 0.5019608 0.5019608 0.5019608 0.5019608 0.5019608 0.5019608 0.5019608 0.5019608 0.5019608 0.5019608 0.5019608 0.5019608 0.5019608 0.5019608 0.5019608 0.5019608 0.5019608 0.5019608 0.5019608 0.5019608 0.5019608 0.5019608 0.5019608 0.5019608 0.5019608 0.5019608 0.5019608 0.5019608 0.5019608 0.5019608 0.5019608 0.5019608 0.5019608 0.5019608 0.5019608 0.5019608 0.5019608 0.5019608 0.5019608 0.5019608 0.5019608 0.5019608 0.5019608 0.5019608 0.5019608 0.5019608 0.5019608 0.5019608 0.5019608 0.5019608 0.5019608 0.5019608 0.5019608 0.5019608 0.5019608 0.5019608 0.5019608 0.5019608 0.5019608 0.5019608 0.5019608 0.5019608 0.5019608 0.5019608 0.5019608 0.5019608 0.5019608 0.5019608 0.5019608 0.5019608 0.5019608 0.5019608 0.5019608 0.5019608 0.5019608 0.5019608 0.5019608 0.5019608 0.5019608 0.5019608 0.5019608 0.5019608 0.5019608 0.5019608 0.5019608 0.5019608 0.5019608 0.5019608 0.5019608 0.5019608 0.5019608 0.5019608 0.5019608 0.5019608 0.5019608 0.5019608 0.5019608 0.5019608 0.5019608 0.5019608 0.5019608 0.5019608 0.5019608 0.5019608 0.5019608 0.5019608 0.5019608 0.5019608 0.5019608 0.5019608 0.5019608 0.5019608 0.5019608 0.5019608 0.5019608 0.5019608 0.5019608 0.5019608 0.5019608 0.5019608 0.5019608 0.5019608 0.5019608 0.5019608 0.5019608 0.5019608 0.5019608 0.5019608 0.5019608 0.5019608 0.5019608 0.5019608 0.5019608 0.5019608 0.5019608 0.5019608 0.5019608 0.5019608 0.5019608 0.5019608 0.5019608 0.5019608 0.5019608 0.5019608 0.5019608 0.5019608 0.5019608 0.5019608 0.5019608 0.5019608 0.5019608 0.5019608 0.5019608 0.5019608 0.5019608 0.5019608 0.5019608 0.5019608 0.5019608 0.5019608 0.5019608 0.5019608 0.5019608 0.5019608 0.5019608 0.5019608 0.5019608 0.5019608 0.5019608 0.5019608 0.5019608 0.5019608 0.5019608 0.5019608 0.5019608 0.5019608 0.5019608 0.5019608 0.5019608 0.5019608 0.5019608 0.5019608 0.5019608 0.5019608 0.5019608 0.5019608 0.5019608 0.5019608 0.5019608 0.5019608 0.5019608 0.5019608 0.5019608 0.5019608 0.5019608 0.5019608 0.5019608 0.5019608 0.5019608 0.5019608 0.5019608 0.5019608 0.5019608 0.5019608 0.5019608 0.5019608 0.5019608 0.5019608 0.5019608 0.5019608 0.5019608 0.5019608 0.5019608 0.5019608 0.5019608 0.5019608 0.5019608 0.5019608 0.5019608 0.5019608 0.5019608 0.5019608 0.5019608 0.5019608 0.5019608 0.5019608 0.5019608 0.5019608 0.5019608 0.5019608 0.5019608 0.5019608 0.5019608 0.5019608 0.5019608 0.5019608 0.5019608 0.5019608 0.5019608 0.5019608 0.5019608 0.5019608 0.5019608 0.5019608 0.5019608 0.5019608 0.5019608 0.5019608 0.5019608 0.5019608 0.5019608 0.5019608 0.5019608 0.5019608 0.5019608 0.5019608 0.5019608 0.5019608 0.5019608 0.5019608 0.5019608 0.5019608 0.5019608 0.5019608 0.5019608 0.5019608 0.5019608 0.5019608 0.5019608 0.5019608 0.5019608 0.5019608 0.5019608 0.5019608 0.5019608 0.5019608 0.5019608 0.5019608 0.5019608 0.5019608 0.5019608 0.5019608 0.5019608 0.5019608 0.5019608 0.5019608 0.5019608 0.5019608 0.5019608 0.5019608 0.5019608 0.5019608 0.5019608 0.5019608 0.5019608 0.5019608 0.5019608 0.5019608 0.5019608 0.5019608 0.5019608 0.5019608 0.5019608 0.5019608 0.5019608 0.5019608 0.5019608 0.5019608 0.5019608 0.5019608 0.5019608 0.5019608 0.5019608 0.5019608 0.5019608 0.5019608 0.5019608 0.5019608 0.5019608 0.5019608 0.5019608 0.5019608 0.5019608 0.5019608 0.5019608 0.5019608 0.5019608 0.5019608 0.5019608 0.5019608 0.5019608 0.5019608 0.5019608 0.5019608 0.5019608 0.5019608 0.5019608 0.5019608 0.5019608 0.5019608 0.5019608 0.5019608 0.5019608 0.5019608 0.5019608 0.5019608 0.5019608 0.5019608 0.5019608 0.5019608 0.5019608 0.5019608 0.5019608 0.5019608 0.5019608 0.5019608 0.5019608 0.5019608 0.5019608 0.5019608 0.5019608 0.5019608 0.5019608 0.5019608 0.5019608 0.5019608 0.5019608 0.5019608 0.5019608 0.5019608 0.5019608 0.5019608 0.5019608 0.5019608 0.5019608 0.5019608 0.5019608 0.5019608 0.5019608 0.5019608 0.5019608 0.5019608 0.5019608 0.5019608 0.5019608 0.5019608 0.5019608 0.5019608 0.5019608 0.5019608 0.5019608 0.5019608 0.5019608 0.5019608 0.5019608 0.5019608 0.5019608 0.5019608 0.5019608 0.5019608 0.5019608 0.5019608 0.5019608 0.5019608 0.5019608 0.5019608 0.5019608 0.5019608 0.5019608 0.5019608 0.5019608 0.5019608 0.5019608 0.5019608 0.5019608 0.5019608 0.5019608 0.5019608 0.5019608 0.5019608 0.5019608 0.5019608 0.5019608 0.5019608 0.5019608 0.5019608 0.5019608 0.5019608 0.5019608 0.5019608 0.5019608 0.5019608 0.5019608 0.5019608 0.5019608 0.5019608 0.5019608 0.5019608 0.5019608 0.5019608 0.5019608 0.5019608 0.5019608 0.5019608 0.5019608 0.5019608 0.5019608 0.5019608 0.5019608 0.5019608 0.5019608 0.5019608 0.5019608 0.5019608 0.5019608 0.5019608 0.5019608 0.5019608 0.5019608 0.5019608 0.5019608 0.5019608 0.5019608 0.5019608 0.5019608 0.5019608 0.5019608 0.5019608 0.5019608 0.5019608 0.5019608 0.5019608 0.5019608 0.5019608 0.5019608 0.5019608 0.5019608 0.5019608 0.5019608 0.5019608 0.5019608 0.5019608 0.5019608 0.5019608 0.5019608 0.5019608 0.5019608 0.5019608 0.5019608 0.5019608 0.5019608 0.5019608 0.5019608 0.5019608 0.5019608 0.5019608 0.5019608 0.5019608 0.5019608 0.5019608 0.5019608 0.5019608 0.5019608 0.5019608 0.5019608 0.5019608 0.5019608 0.5019608 0.5019608 0.5019608 0.5019608 0.5019608 0.5019608 0.5019608 0.5019608 0.5019608 0.5019608 0.5019608 0.5019608 0.5019608 0.5019608 0.5019608 0.5019608 0.5019608 0.5019608 0.5019608 0.5019608 0.5019608 0.5019608 0.5019608 0.5019608 0.5019608 0.5019608 0.5019608 0.5019608 0.5019608 0.5019608 0.5019608 0.5019608 0.5019608 0.5019608 0.5019608 0.5019608 0.5019608 0.5019608 0.5019608 0.5019608 0.5019608 0.5019608 0.5019608 0.5019608 0.5019608 0.5019608 0.5019608 0.5019608 0.5019608 0.5019608 0.5019608 0.5019608 0.5019608 0.5019608 0.5019608 0.5019608 0.5019608 0.5019608 0.5019608 0.5019608 0.5019608 0.5019608 0.5019608 0.5019608 0.5019608 0.5019608 0.5019608 0.5019608 0.5019608 0.5019608 0.5019608 0.5019608 0.5019608 0.5019608 0.5019608 0.5019608 0.5019608 0.5019608 0.5019608 0.5019608 0.5019608 0.5019608 0.5019608 0.5019608 0.5019608 0.5019608 0.5019608 0.5019608 0.5019608 0.5019608 0.5019608 0.5019608 0.5019608 0.5019608 0.5019608 0.5019608 0.5019608 0.5019608 0.5019608 0.5019608 0.5019608 0.5019608 0.5019608 0.5019608 0.5019608 0.5019608 0.5019608 0.5019608 0.5019608 0.5019608 0.5019608 0.5019608 0.5019608 0.5019608 0.5019608 0.5019608 0.5019608 0.5019608 0.5019608 0.5019608 0.5019608 0.5019608 0.5019608 0.5019608 0.5019608 0.5019608 0.5019608 0.5019608 0.5019608 0.5019608 0.5019608 0.5019608 0.5019608 0.5019608 0.5019608 0.5019608 0.5019608 0.5019608 0.5019608 0.5019608 0.5019608 0.5019608 0.5019608 0.5019608 0.5019608 0.5019608 0.5019608 0.5019608 0.5019608 0.5019608 0.5019608 0.5019608 0.5019608 0.5019608 0.5019608 0.5019608 0.5019608 0.5019608 0.5019608 0.5019608 0.5019608 0.5019608 0.5019608 0.5019608 0.5019608 0.5019608 0.5019608 0.5019608 0.5019608 0.5019608 0.5019608 0.5019608 0.5019608 0.5019608 0.5019608 0.5019608 0.5019608 0.5019608 0.5019608 0.5019608 0.5019608 0.5019608 0.5019608 0.5019608 0.5019608 0.5019608 0.5019608 0.5019608 0.5019608 0.5019608 0.5019608 0.5019608 0.5019608 0.5019608 0.5019608 0.5019608 0.5019608 0.5019608 0.5019608 0.5019608 0.5019608 0.5019608 0.5019608 0.5019608 0.5019608 0.5019608 0.5019608 0.5019608 0.5019608 0.5019608 0.5019608 0.5019608 0.5019608 0.5019608 0.5019608 0.5019608 0.5019608 0.5019608 0.5019608 0.5019608 0.5019608 0.5019608 0.5019608 0.5019608 0.5019608 0.5019608 0.5019608 0.5019608 0.5019608 0.5019608 0.5019608 0.5019608 0.5019608 0.5019608 0.5019608 0.5019608 0.5019608 0.5019608 0.5019608 0.5019608 0.5019608 0.5019608 0.5019608 0.5019608 0.5019608 0.5019608 0.5019608 0.5019608 0.5019608 0.5019608 0.5019608 0.5019608 0.5019608 0.5019608 0.5019608 0.5019608 0.5019608 0.5019608 0.5019608 0.5019608 0.5019608 0.5019608 0.5019608 0.5019608 0.5019608 0.5019608 0.5019608 0.5019608 0.5019608 0.5019608 0.5019608 0.5019608 0.5019608 0.5019608 0.5019608 0.5019608 0.5019608 0.5019608 0.5019608 0.5019608 0.5019608 0.5019608 0.5019608 0.5019608 0.5019608 0.5019608 0.5019608 0.5019608 0.5019608 0.5019608 0.5019608 0.5019608 0.5019608 0.5019608 0.5019608 0.5019608 0.5019608 0.5019608 0.5019608 0.5019608 0.5019608 0.5019608 0.5019608 0.5019608 0.5019608 0.5019608 0.5019608 0.5019608 0.5019608 0.5019608 0.5019608 0.5019608 0.5019608 0.5019608 0.5019608 0.5019608 0.5019608 0.5019608 0.5019608 0.5019608 0.5019608 0.5019608 0.5019608 0.5019608 0.5019608 0.5019608 0.5019608 0.5019608 0.5019608 0.5019608 0.5019608 0.5019608 0.5019608 0.5019608 0.5019608 0.5019608 0.5019608 0.5019608 0.5019608 0.5019608 0.5019608 0.5019608 0.5019608 0.5019608 0.5019608 0.5019608 0.5019608 0.5019608 0.5019608 0.5019608 0.5019608 0.5019608 0.5019608 0.5019608 0.5019608 0.5019608 0.5019608 0.5019608 0.5019608 0.5019608 0.5019608 0.5019608 0.5019608 0.5019608 0.5019608 0.5019608 0.5019608 0.5019608 0.5019608 0.5019608 0.5019608 0.5019608 0.5019608 0.5019608 0.5019608 0.5019608 0.5019608 0.5019608 0.5019608 0.5019608 0.5019608 0.5019608 0.5019608 0.5019608 0.5019608 0.5019608 0.5019608 0.5019608 0.5019608 0.5019608 0.5019608 0.5019608 0.5019608 0.5019608 0.5019608 0.5019608 0.5019608 0.5019608 0.5019608 0.5019608 0.5019608 0.5019608 0.5019608 0.5019608 0.5019608 0.5019608 0.5019608 0.5019608 0.5019608 0.5019608 0.5019608 0.5019608 0.5019608 0.5019608 0.5019608 0.5019608 0.5019608 0.5019608 0.5019608 0.5019608 0.5019608 0.5019608 0.5019608 0.5019608 0.5019608 0.5019608 0.5019608 0.5019608 0.5019608 0.5019608 0.5019608 0.5019608 0.5019608 0.5019608 0.5019608 0.5019608 0.5019608 0.5019608 0.5019608 0.5019608 0.5019608 0.5019608 0.5019608 0.5019608 0.5019608 0.5019608 0.5019608 0.5019608 0.5019608 0.5019608 0.5019608 0.5019608 0.5019608 0.5019608 0.5019608 0.5019608 0.5019608 0.5019608 0.5019608 0.5019608 0.5019608 0.5019608 0.5019608 0.5019608 0.5019608 0.5019608 0.5019608 0.5019608 0.5019608 0.5019608 0.5019608 0.5019608 0.5019608 0.5019608 0.5019608 0.5019608 0.5019608 0.5019608 0.5019608 0.5019608 0.5019608 0.5019608 0.5019608 0.5019608 0.5019608 0.5019608 0.5019608 0.5019608 0.5019608 0.5019608 0.5019608 0.5019608 0.5019608 0.5019608 0.5019608 0.5019608 0.5019608 0.5019608 0.5019608 0.5019608 0.5019608 0.5019608 0.5019608 0.5019608 0.5019608 0.5019608 0.5019608 0.5019608 0.5019608 0.5019608 0.5019608 0.5019608 0.5019608 0.5019608 0.5019608 0.5019608 0.5019608 0.5019608 0.5019608 0.5019608 0.5019608 0.5019608 0.5019608 0.5019608 0.5019608 0.5019608 0.5019608 0.5019608 0.5019608 0.5019608 0.5019608 0.5019608 0.5019608 0.5019608 0.5019608 0.5019608 0.5019608 0.5019608 0.5019608 0.5019608 0.5019608 0.5019608 0.5019608 0.5019608 0.5019608 0.5019608 0.5019608 0.5019608 0.5019608 0.5019608 0.5019608 0.5019608 0.5019608 0.5019608 0.5019608 0.5019608 0.5019608 0.5019608 0.5019608 0.5019608 0.5019608 0.5019608 0.5019608 0.5019608 0.5019608 0.5019608 0.5019608 0.5019608 0.5019608 0.5019608 0.5019608 0.5019608 0.5019608 0.5019608 0.5019608 0.5019608 0.5019608 0.5019608 0.5019608 0.5019608 0.5019608 0.5019608 0.5019608 0.5019608 0.5019608 0.5019608 0.5019608 0.5019608 0.5019608 0.5019608 0.5019608 0.5019608 0.5019608 0.5019608 0.5019608 0.5019608 0.5019608 0.5019608 0.5019608 0.5019608 0.5019608 0.5019608 0.5019608 0.5019608 0.5019608 0.5019608 0.5019608 0.5019608 0.5019608 0.5019608 0.5019608 0.5019608 0.5019608 0.5019608 0.5019608 0.5019608 0.5019608 0.5019608 0.5019608 0.5019608 0.5019608 0.5019608 0.5019608 0.5019608 0.5019608 0.5019608 0.5019608 0.5019608 0.5019608 0.5019608 0.5019608 0.5019608 0.5019608 0.5019608 0.5019608 0.5019608 0.5019608 0.5019608 0.5019608 0.5019608 0.5019608 0.5019608 0.5019608 0.5019608 0.5019608 0.5019608 0.5019608 0.5019608 0.5019608 0.5019608 0.5019608 0.5019608 0.5019608 0.5019608 0.5019608 0.5019608 0.5019608 0.5019608 0.5019608 0.5019608 0.5019608 0.5019608 0.5019608 0.5019608 0.5019608 0.5019608 0.5019608 0.5019608 0.5019608 0.5019608 0.5019608 0.5019608 0.5019608 0.5019608 0.5019608 0.5019608 0.5019608 0.5019608 0.5019608 0.5019608 0.5019608 0.5019608 0.5019608 0.5019608 0.5019608 0.5019608 0.5019608 0.5019608 0.5019608 0.5019608 0.5019608 0.5019608 0.5019608 0.5019608 0.5019608 0.5019608 0.5019608 0.5019608 0.5019608 0.5019608 0.5019608 0.5019608 0.5019608 0.5019608 0.5019608 0.5019608 0.5019608 0.5019608 0.5019608 0.5019608 0.5019608 0.5019608 0.5019608 0.5019608 0.5019608 0.5019608 0.5019608 0.5019608 0.5019608 0.5019608 0.5019608 0.5019608 0.5019608 0.5019608 0.5019608 0.5019608 0.5019608 0.5019608 0.5019608 0.5019608 0.5019608 0.5019608 0.5019608 0.5019608 0.5019608 0.5019608 0.5019608 0.5019608 0.5019608 0.5019608 0.5019608 0.5019608 0.5019608 0.5019608 0.5019608 0.5019608 0.5019608 0.5019608 0.5019608 0.5019608 0.5019608 0.5019608 0.5019608 0.5019608 0.5019608 0.5019608 0.5019608 0.5019608 0.5019608 0.5019608 0.5019608 0.5019608 0.5019608 0.5019608 0.5019608 0.5019608 0.5019608 0.5019608 0.5019608 0.5019608 0.5019608 0.5019608 0.5019608 0.5019608 0.5019608 0.5019608 0.5019608 0.5019608 0.5019608 0.5019608 0.5019608 0.5019608 0.5019608 0.5019608 0.5019608 0.5019608 0.5019608 0.5019608 0.5019608 0.5019608 0.5019608 0.5019608 0.5019608 0.5019608 0.5019608 0.5019608 0.5019608 0.5019608 0.5019608 0.5019608 0.5019608 0.5019608 0.5019608 0.5019608 0.5019608 0.5019608 0.5019608 0.5019608 0.5019608 0.5019608 0.5019608 0.5019608 0.5019608 0.5019608 0.5019608 0.5019608 0.5019608 0.5019608 0.5019608 0.5019608 0.5019608 0.5019608 0.5019608 0.5019608 0.5019608 0.5019608 0.5019608 0.5019608 0.5019608 0.5019608 0.5019608 0.5019608 0.5019608 0.5019608 0.5019608 0.5019608 0.5019608 0.5019608 0.5019608 0.5019608 0.5019608 0.5019608 0.5019608 0.5019608 0.5019608 0.5019608 0.5019608 0.5019608 0.5019608 0.5019608 0.5019608 0.5019608 0.5019608 0.5019608 0.5019608 0.5019608 0.5019608 0.5019608 0.5019608 0.5019608 0.5019608 0.5019608 0.5019608 0.5019608 0.5019608 0.5019608 0.5019608 0.5019608 0.5019608 0.5019608 0.5019608 0.5019608 0.5019608 0.5019608 0.5019608 0.5019608 0.5019608 0.5019608 0.5019608 0.5019608 0.5019608 0.5019608 0.5019608 0.5019608 0.5019608 0.5019608 0.5019608 0.5019608 0.5019608 0.5019608 0.5019608 0.5019608 0.5019608 0.5019608 0.5019608 0.5019608 0.5019608 0.5019608 0.5019608 0.5019608 0.5019608 0.5019608 0.5019608 0.5019608 0.5019608 0.5019608 0.5019608 0.5019608 0.5019608 0.5019608 0.5019608 0.5019608 0.5019608 0.5019608 0.5019608 0.5019608 0.5019608 0.5019608 0.5019608 0.5019608 0.5019608 0.5019608 0.5019608 0.5019608 0.5019608 0.5019608 0.5019608 0.5019608 0.5019608 0.5019608 0.5019608 0.5019608 0.5019608 0.5019608 0.5019608 0.5019608 0.5019608 0.5019608 0.5019608 0.5019608 0.5019608 0.5019608 0.5019608 0.5019608 0.5019608 0.5019608 0.5019608 0.5019608 0.5019608 0.5019608 0.5019608 0.5019608 0.5019608 0.5019608 0.5019608 0.5019608 0.5019608 0.5019608 0.5019608 0.5019608 0.5019608 0.5019608 0.5019608 0.5019608 0.5019608 0.5019608 0.5019608 0.5019608 0.5019608 0.5019608 0.5019608 0.5019608 0.5019608 0.5019608 0.5019608 0.5019608 0.5019608 0.5019608 0.5019608 0.5019608 0.5019608 0.5019608 0.5019608 0.5019608 0.5019608 0.5019608 0.5019608 0.5019608 0.5019608 0.5019608 0.5019608 0.5019608 0.5019608 0.5019608 0.5019608 0.5019608 0.5019608 0.5019608 0.5019608 0.5019608 0.5019608 0.5019608 0.5019608 0.5019608 0.5019608 0.5019608 0.5019608 0.5019608 0.5019608 0.5019608 0.5019608 0.5019608 0.5019608 0.5019608 0.5019608 0.5019608 0.5019608 0.5019608 0.5019608 0.5019608 0.5019608 0.5019608 0.5019608 0.5019608 0.5019608 0.5019608 0.5019608 0.5019608 0.5019608 0.5019608 0.5019608 0.5019608 0.5019608 0.5019608 0.5019608 0.5019608 0.5019608 0.5019608 0.5019608 0.5019608 0.5019608 0.5019608 0.5019608 0.5019608 0.5019608 0.5019608 0.5019608 0.5019608 0.5019608 0.5019608 0.5019608 0.5019608 0.5019608 0.5019608 0.5019608 0.5019608 0.5019608 0.5019608 0.5019608 0.5019608 0.5019608 0.5019608 0.5019608 0.5019608 0.5019608 0.5019608 0.5019608 0.5019608 0.5019608 0.5019608 0.5019608 0.5019608 0.5019608 0.5019608 0.5019608 0.5019608 0.5019608 0.5019608 0.5019608 0.5019608 0.5019608 0.5019608 0.5019608 0.5019608 0.5019608 0.5019608 0.5019608 0.5019608 0.5019608 0.5019608 0.5019608 0.5019608 0.5019608 0.5019608 0.5019608 0.5019608 0.5019608 0.5019608 0.5019608 0.5019608 0.5019608 0.5019608 0.5019608 0.5019608 0.5019608 0.5019608 0.5019608 0.5019608 0.5019608 0.5019608 0.5019608 0.5019608 0.5019608 0.5019608 0.5019608 0.5019608 0.5019608 0.5019608 0.5019608 0.5019608 0.5019608 0.5019608 0.5019608 0.5019608 0.5019608 0.5019608 0.5019608 0.5019608 0.5019608 0.5019608 0.5019608 0.5019608 0.5019608 0.5019608 0.5019608 0.5019608 0.5019608 0.5019608 0.5019608 0.5019608 0.5019608 0.5019608 0.5019608 0.5019608 0.5019608 0.5019608 0.5019608 0.5019608 0.5019608 0.5019608 0.5019608 0.5019608 0.5019608 0.5019608 0.5019608 0.5019608 0.5019608 0.5019608 0.5019608 0.5019608 0.5019608 0.5019608 0.5019608 0.5019608 0.5019608 0.5019608 0.5019608 0.5019608 0.5019608 0.5019608 0.5019608 0.5019608 0.5019608 0.5019608 0.5019608 0.5019608 0.5019608 0.5019608 0.5019608 0.5019608 0.5019608 0.5019608 0.5019608 0.5019608 0.5019608 0.5019608 0.5019608 0.5019608 0.5019608 0.5019608 0.5019608 0.5019608 0.5019608 0.5019608 0.5019608 0.5019608 0.5019608 0.5019608 0.5019608 0.5019608 0.5019608 0.5019608 0.5019608 0.5019608 0.5019608 0.5019608 0.5019608 0.5019608 0.5019608 0.5019608 0.5019608 0.5019608 0.5019608 0.5019608 0.5019608 0.5019608 0.5019608 0.5019608 0.5019608 0.5019608 0.5019608 0.5019608 0.5019608 0.5019608 0.5019608 0.5019608 0.5019608 0.5019608 0.5019608 0.5019608 0.5019608 0.5019608 0.5019608 0.5019608 0.5019608 0.5019608 0.5019608 0.5019608 0.5019608 0.5019608 0.5019608 0.5019608 0.5019608 0.5019608 0.5019608 0.5019608 0.5019608 0.5019608 0.5019608 0.5019608 0.5019608 0.5019608 0.5019608 0.5019608 0.5019608 0.5019608 0.5019608 0.5019608 0.5019608 0.5019608 0.5019608 0.5019608 0.5019608 0.5019608 0.5019608 0.5019608 0.5019608 0.5019608 0.5019608 0.5019608 0.5019608 0.5019608 0.5019608 0.5019608 0.5019608 0.5019608 0.5019608 0.5019608 0.5019608 0.5019608 0.5019608 0.5019608 0.5019608 0.5019608 0.5019608 0.5019608 0.5019608 0.5019608 0.5019608 0.5019608 0.5019608 0.5019608 0.5019608 0.5019608 0.5019608 0.5019608 0.5019608 0.5019608 0.5019608 0.5019608 0.5019608 0.5019608 0.5019608 0.5019608 0.5019608 0.5019608 0.5019608 0.5019608 0.5019608 0.5019608 0.5019608 0.5019608 0.5019608 0.5019608 0.5019608 0.5019608 0.5019608 0.5019608 0.5019608 0.5019608 0.5019608 0.5019608 0.5019608 0.5019608 0.5019608 0.5019608 0.5019608 0.5019608 0.5019608 0.5019608 0.5019608 0.5019608 0.5019608 0.5019608 0.5019608 0.5019608 0.5019608 0.5019608 0.5019608 0.5019608 0.5019608 0.5019608 0.5019608 0.5019608 0.5019608 0.5019608 0.5019608 0.5019608 0.5019608 0.5019608 0.5019608 0.5019608 0.5019608 0.5019608 0.5019608 0.5019608 0.5019608 0.5019608 0.5019608 0.5019608 0.5019608 0.5019608 0.5019608 0.5019608 0.5019608 0.5019608 0.5019608 0.5019608 0.5019608 0.5019608 0.5019608 0.5019608 0.5019608 0.5019608 0.5019608 0.5019608 0.5019608 0.5019608 0.5019608 0.5019608 0.5019608 0.5019608 0.5019608 0.5019608 0.5019608 0.5019608 0.5019608 0.5019608 0.5019608 0.5019608 0.5019608 0.5019608 0.5019608 0.5019608 0.5019608 0.5019608 0.5019608 0.5019608 0.5019608 0.5019608 0.5019608 0.5019608 0.5019608 0.5019608 0.5019608 0.5019608 0.5019608 0.5019608 0.5019608 0.5019608 0.5019608 0.5019608 0.5019608 0.5019608 0.5019608 0.5019608 0.5019608 0.5019608 0.5019608 0.5019608 0.5019608 0.5019608 0.5019608 0.5019608 0.5019608 0.5019608 0.5019608 0.5019608 0.5019608 0.5019608 0.5019608 0.5019608 0.5019608 0.5019608 0.5019608 0.5019608 0.5019608 0.5019608 0.5019608 0.5019608 0.5019608 0.5019608 0.5019608 0.5019608 0.5019608 0.5019608 0.5019608 0.5019608 0.5019608 0.5019608 0.5019608 0.5019608 0.5019608 0.5019608 0.5019608 0.5019608 0.5019608 0.5019608 0.5019608 0.5019608 0.5019608 0.5019608 0.5019608 0.5019608 0.5019608 0.5019608 0.5019608 0.5019608 0.5019608 0.5019608 0.5019608 0.5019608 0.5019608 0.5019608 0.5019608 0.5019608 0.5019608 0.5019608 0.5019608 0.5019608 0.5019608 0.5019608 0.5019608 0.5019608 0.5019608 0.5019608 0.5019608 0.5019608 0.5019608 0.5019608 0.5019608 0.5019608 0.5019608 0.5019608 0.5019608 0.5019608 0.5019608 0.5019608 0.5019608 0.5019608 0.5019608 0.5019608 0.5019608 0.5019608 0.5019608 0.5019608 0.5019608 0.5019608 0.5019608 0.5019608 0.5019608 0.5019608 0.5019608 0.5019608 0.5019608 0.5019608 0.5019608 0.5019608 0.5019608 0.5019608 0.5019608 0.5019608 0.5019608 0.5019608 0.5019608 0.5019608 0.5019608 0.5019608 0.5019608 0.5019608 0.5019608 0.5019608 0.5019608 0.5019608 0.5019608 0.5019608 0.5019608 0.5019608 0.5019608 0.5019608 0.5019608 0.5019608 0.5019608 0.5019608 0.5019608 0.5019608 0.5019608 0.5019608 0.5019608 0.5019608 0.5019608 0.5019608 0.5019608 0.5019608 0.5019608 0.5019608 0.5019608 0.5019608 0.5019608 0.5019608 0.5019608 0.5019608 0.5019608 0.5019608 0.5019608 0.5019608 0.5019608 0.5019608 0.5019608 0.5019608 0.5019608 0.5019608 0.5019608 0.5019608 0.5019608 0.5019608 0.5019608 0.5019608 0.5019608 0.5019608 0.5019608 0.5019608 0.5019608 0.5019608 0.5019608 0.5019608 0.5019608 0.5019608 0.5019608 0.5019608 0.5019608 0.5019608 0.5019608 0.5019608 0.5019608 0.5019608 0.5019608 0.5019608 0.5019608 0.5019608 0.5019608 0.5019608 0.5019608 0.5019608 0.5019608 0.5019608 0.5019608 0.5019608 0.5019608 0.5019608 0.5019608 0.5019608 0.5019608 0.5019608 0.5019608 0.5019608 0.5019608 0.5019608 0.5019608 0.5019608 0.5019608 0.5019608 0.5019608 0.5019608 0.5019608 0.5019608 0.5019608 0.5019608 0.5019608 0.5019608 0.5019608 0.5019608 0.5019608 0.5019608 0.5019608 0.5019608 0.5019608 0.5019608 0.5019608 0.5019608 0.5019608 0.5019608 0.5019608 0.5019608 0.5019608 0.5019608 0.5019608 0.5019608 0.5019608 0.5019608 0.5019608 0.5019608 0.5019608 0.5019608 0.5019608 0.5019608 0.5019608 0.5019608 0.5019608 0.5019608 0.5019608 0.5019608 0.5019608 0.5019608 0.5019608 0.5019608 0.5019608 0.5019608 0.5019608 0.5019608 0.5019608 0.5019608 0.5019608 0.5019608 0.5019608 0.5019608 0.5019608 0.5019608 0.5019608 0.5019608 0.5019608 0.5019608 0.5019608 0.5019608 0.5019608 0.5019608 0.5019608 0.5019608 0.5019608 0.5019608 0.5019608 0.5019608 0.5019608 0.5019608 0.5019608 0.5019608 0.5019608 0.5019608 0.5019608 0.5019608 0.5019608 0.5019608 0.5019608 0.5019608 0.5019608 0.5019608 0.5019608 0.5019608 0.5019608 0.5019608 0.5019608 0.5019608 0.5019608 0.5019608 0.5019608 0.5019608 0.5019608 0.5019608 0.5019608 0.5019608 0.5019608 0.5019608 0.5019608 0.5019608 0.5019608 0.5019608 0.5019608 0.5019608 0.5019608 0.5019608 0.5019608 0.5019608 0.5019608 0.5019608 0.5019608 0.5019608 0.5019608 0.5019608 0.5019608 0.5019608 0.5019608 0.5019608 0.5019608 0.5019608 0.5019608 0.5019608 0.5019608 0.5019608 0.5019608 0.5019608 0.5019608 0.5019608 0.5019608 0.5019608 0.5019608 0.5019608 0.5019608 0.5019608 0.5019608 0.5019608 0.5019608 0.5019608 0.5019608 0.5019608 0.5019608 0.5019608 0.5019608 0.5019608 0.5019608 0.5019608 0.5019608 0.5019608 0.5019608 0.5019608 0.5019608 0.5019608 0.5019608 0.5019608 0.5019608 0.5019608 0.5019608 0.5019608 0.5019608 0.5019608 0.5019608 0.5019608 0.5019608 0.5019608 0.5019608 0.5019608 0.5019608 0.5019608 0.5019608 0.5019608 0.5019608 0.5019608 0.5019608 0.5019608 0.5019608 0.5019608 0.5019608 0.5019608 0.5019608 0.5019608 0.5019608 0.5019608 0.5019608 0.5019608 0.5019608 0.5019608 0.5019608 0.5019608 0.5019608 0.5019608 0.5019608 0.5019608 0.5019608 0.5019608 0.5019608 0.5019608 0.5019608 0.5019608 0.5019608 0.5019608 0.5019608 0.5019608 0.5019608 0.5019608 0.5019608 0.5019608 0.5019608 0.5019608 0.5019608 0.5019608 0.5019608 0.5019608 0.5019608 0.5019608 0.5019608 0.5019608 0.5019608 0.5019608 0.5019608 0.5019608 0.5019608 0.5019608 0.5019608 0.5019608 0.5019608 0.5019608 0.5019608 0.5019608 0.5019608 0.5019608 0.5019608 0.5019608 0.5019608 0.5019608 0.5019608 0.5019608 0.5019608 0.5019608 0.5019608 0.5019608 0.5019608 0.5019608 0.5019608 0.5019608 0.5019608 0.5019608 0.5019608 0.5019608 0.5019608 0.5019608 0.5019608 0.5019608 0.5019608 0.5019608 0.5019608 0.5019608 0.5019608 0.5019608 0.5019608 0.5019608 0.5019608 0.5019608 0.5019608 0.5019608 0.5019608 0.5019608 0.5019608 0.5019608 0.5019608 0.5019608 0.5019608 0.5019608 0.5019608 0.5019608 0.5019608 0.5019608 0.5019608 0.5019608 0.5019608 0.5019608 0.5019608 0.5019608 0.5019608 0.5019608 0.5019608 0.5019608 0.5019608 0.5019608 0.5019608 0.5019608 0.5019608 0.5019608 0.5019608 0.5019608 0.5019608 0.5019608 0.5019608 0.5019608 0.5019608 0.5019608 0.5019608 0.5019608 0.5019608 0.5019608 0.5019608 0.5019608 0.5019608 0.5019608 0.5019608 0.5019608 0.5019608 0.5019608 0.5019608 0.5019608 0.5019608 0.5019608 0.5019608 0.5019608 0.5019608 0.5019608 0.5019608 0.5019608 0.5019608 0.5019608 0.5019608 0.5019608 0.5019608 0.5019608 0.5019608 0.5019608 0.5019608 0.5019608 0.5019608 0.5019608 0.5019608 0.5019608 0.5019608 0.5019608 0.5019608 0.5019608 0.5019608 0.5019608 0.5019608 0.5019608 0.5019608 0.5019608 0.5019608 0.5019608 0.5019608 0.5019608 0.5019608 0.5019608 0.5019608 0.5019608 0.5019608 0.5019608 0.5019608 0.5019608 0.5019608 0.5019608 0.5019608 0.5019608 0.5019608 0.5019608 0.5019608 0.5019608 0.5019608 0.5019608 0.5019608 0.5019608 0.5019608 0.5019608 0.5019608 0.5019608 0.5019608 0.5019608 0.5019608 0.5019608 0.5019608 0.5019608 0.5019608 0.5019608 0.5019608 0.5019608 0.5019608 0.5019608 0.5019608 0.5019608 0.5019608 0.5019608 0.5019608 0.5019608 0.5019608 0.5019608 0.5019608 0.5019608 0.5019608 0.5019608 0.5019608 0.5019608 0.5019608 0.5019608 0.5019608 0.5019608 0.5019608 0.5019608 0.5019608 0.5019608 0.5019608 0.5019608 0.5019608 0.5019608 0.5019608 0.5019608 0.5019608 0.5019608 0.5019608 0.5019608 0.5019608 0.5019608 0.5019608 0.5019608 0.5019608 0.5019608 0.5019608 0.5019608 0.5019608 0.5019608 0.5019608 0.5019608 0.5019608 0.5019608 0.5019608 0.5019608 0.5019608 0.5019608 0.5019608 0.5019608 0.5019608 0.5019608 0.5019608 0.5019608 0.5019608 0.5019608 0.5019608 0.5019608 0.5019608 0.5019608 0.5019608 0.5019608 0.5019608 0.5019608 0.5019608 0.5019608 0.5019608 0.5019608 0.5019608 0.5019608 0.5019608 0.5019608 0.5019608 0.5019608 0.5019608 0.5019608 0.5019608 0.5019608 0.5019608 0.5019608 0.5019608 0.5019608 0.5019608 0.5019608 0.5019608 0.5019608 0.5019608 0.5019608 0.5019608 0.5019608 0.5019608 0.5019608 0.5019608 0.5019608 0.5019608 0.5019608 0.5019608 0.5019608 0.5019608 0.5019608 0.5019608 0.5019608 0.5019608 0.5019608 0.5019608 0.5019608 0.5019608 0.5019608 0.5019608 0.5019608 0.5019608 0.5019608 0.5019608 0.5019608 0.5019608 0.5019608 0.5019608 0.5019608 0.5019608 0.5019608 0.5019608 0.5019608 0.5019608 0.5019608 0.5019608 0.5019608 0.5019608 0.5019608 0.5019608 0.5019608 0.5019608 0.5019608 0.5019608 0.5019608 0.5019608 0.5019608 0.5019608 0.5019608 0.5019608 0.5019608 0.5019608 0.5019608 0.5019608 0.5019608 0.5019608 0.5019608 0.5019608 0.5019608 0.5019608 0.5019608 0.5019608 0.5019608 0.5019608 0.5019608 0.5019608 0.5019608 0.5019608 0.5019608 0.5019608 0.5019608 0.5019608 0.5019608 0.5019608 0.5019608 0.5019608 0.5019608 0.5019608 0.5019608 0.5019608 0.5019608 0.5019608 0.5019608 0.5019608 0.5019608 0.5019608 0.5019608 0.5019608 0.5019608 0.5019608 0.5019608 0.5019608 0.5019608 0.5019608 0.5019608 0.5019608 0.5019608 0.5019608 0.5019608 0.5019608 0.5019608 0.5019608 0.5019608 0.5019608 0.5019608 0.5019608 0.5019608 0.5019608 0.5019608 0.5019608 0.5019608 0.5019608 0.5019608 0.5019608 0.5019608 0.5019608 0.5019608 0.5019608 0.5019608 0.5019608 0.5019608 0.5019608 0.5019608 0.5019608 0.5019608 0.5019608 0.5019608 0.5019608 0.5019608 0.5019608 0.5019608 0.5019608 0.5019608 0.5019608 0.5019608 0.5019608 0.5019608 0.5019608 0.5019608 0.5019608 0.5019608 0.5019608 0.5019608 0.5019608 0.5019608 0.5019608 0.5019608 0.5019608 0.5019608 0.5019608 0.5019608 0.5019608 0.5019608 0.5019608 0.5019608 0.5019608 0.5019608 0.5019608 0.5019608 0.5019608 0.5019608 0.5019608 0.5019608 0.5019608 0.5019608 0.5019608 0.5019608 0.5019608 0.5019608 0.5019608 0.5019608 0.5019608 0.5019608 0.5019608 0.5019608 0.5019608 0.5019608 0.5019608 0.5019608 0.5019608 0.5019608 0.5019608 0.5019608 0.5019608 0.5019608 0.5019608 0.5019608 0.5019608 0.5019608 0.5019608 0.5019608 0.5019608 0.5019608 0.5019608 0.5019608 0.5019608 0.5019608 0.5019608 0.5019608 0.5019608 0.5019608 0.5019608 0.5019608 0.5019608 0.5019608 0.5019608 0.5019608 0.5019608 0.5019608 0.5019608 0.5019608 0.5019608 0.5019608 0.5019608 0.5019608 0.5019608 0.5019608 0.5019608 0.5019608 0.5019608 0.5019608 0.5019608 0.5019608 0.5019608 0.5019608 0.5019608 0.5019608 0.5019608 0.5019608 0.5019608 0.5019608 0.5019608 0.5019608 0.5019608 0.5019608 0.5019608 0.5019608 0.5019608 0.5019608 0.5019608 0.5019608 0.5019608 0.5019608 0.5019608 0.5019608 0.5019608 0.5019608 0.5019608 0.5019608 0.5019608 0.5019608 0.5019608 0.5019608 0.5019608 0.5019608 0.5019608 0.5019608 0.5019608 0.5019608 0.5019608 0.5019608 0.5019608 0.5019608 0.5019608 0.5019608 0.5019608 0.5019608 0.5019608 0.5019608 0.5019608 0.5019608 0.5019608 0.5019608 0.5019608 0.5019608 0.5019608 0.5019608 0.5019608 0.5019608 0.5019608 0.5019608 0.5019608 0.5019608 0.5019608 0.5019608 0.5019608 0.5019608 0.5019608 0.5019608 0.5019608 0.5019608 0.5019608 0.5019608 0.5019608 0.5019608 0.5019608 0.5019608 0.5019608 0.5019608 0.5019608 0.5019608 0.5019608 0.5019608 0.5019608 0.5019608 0.5019608 0.5019608 0.5019608 0.5019608 0.5019608 0.5019608 0.5019608 0.5019608 0.5019608 0.5019608 0.5019608 0.5019608 0.5019608 0.5019608 0.5019608 0.5019608 0.5019608 0.5019608 0.5019608 0.5019608 0.5019608 0.5019608 0.5019608 0.5019608 0.5019608 0.5019608 0.5019608 0.5019608 0.5019608 0.5019608 0.5019608 0.5019608 0.5019608 0.5019608 0.5019608 0.5019608 0.5019608 0.5019608 0.5019608 0.5019608 0.5019608 0.5019608 0.5019608 0.5019608 0.5019608 0.5019608 0.5019608 0.5019608 0.5019608 0.5019608 0.5019608 0.5019608 0.5019608 0.5019608 0.5019608 0.5019608 0.5019608 0.5019608 0.5019608 0.5019608 0.5019608 0.5019608 0.5019608 0.5019608 0.5019608 0.5019608 0.5019608 0.5019608 0.5019608 0.5019608 0.5019608 0.5019608 0.5019608 0.5019608 0.5019608 0.5019608 0.5019608 0.5019608 0.5019608 0.5019608 0.5019608 0.5019608 0.5019608 0.5019608 0.5019608 0.5019608 0.5019608 0.5019608 0.5019608 0.5019608 0.5019608 0.5019608 0.5019608 0.5019608 0.5019608 0.5019608 0.5019608 0.5019608 0.5019608 0.5019608 0.5019608 0.5019608 0.5019608 0.5019608 0.5019608 0.5019608 0.5019608 0.5019608 0.5019608 0.5019608 0.5019608 0.5019608 0.5019608 0.5019608 0.5019608 0.5019608 0.5019608 0.5019608 0.5019608 0.5019608 0.5019608 0.5019608 0.5019608 0.5019608 0.5019608 0.5019608 0.5019608 0.5019608 0.5019608 0.5019608 0.5019608 0.5019608 0.5019608 0.5019608 0.5019608 0.5019608 0.5019608 0.5019608 0.5019608 0.5019608 0.5019608 0.5019608 0.5019608 0.5019608 0.5019608 0.5019608 0.5019608 0.5019608 0.5019608 0.5019608 0.5019608 0.5019608 0.5019608 0.5019608 0.5019608 0.5019608 0.5019608 0.5019608 0.5019608 0.5019608 0.5019608 0.5019608 0.5019608 0.5019608 0.5019608 0.5019608 0.5019608 0.5019608 0.5019608 0.5019608 0.5019608 0.5019608 0.5019608 0.5019608 0.5019608 0.5019608 0.5019608 0.5019608 0.5019608 0.5019608 0.5019608 0.5019608 0.5019608 0.5019608 0.5019608 0.5019608 0.5019608 0.5019608 0.5019608 0.5019608 0.5019608 0.5019608 0.5019608 0.5019608 0.5019608 0.5019608 0.5019608 0.5019608 0.5019608 0.5019608 0.5019608 0.5019608 0.5019608 0.5019608 0.5019608 0.5019608 0.5019608 0.5019608 0.5019608 0.5019608 0.5019608 0.5019608 0.5019608 0.5019608 0.5019608 0.5019608 0.5019608 0.5019608 0.5019608 0.5019608 0.5019608 0.5019608 0.5019608 0.5019608 0.5019608 0.5019608 0.5019608 0.5019608 0.5019608 0.5019608 0.5019608 0.5019608 0.5019608 0.5019608 0.5019608 0.5019608 0.5019608 0.5019608 0.5019608 0.5019608 0.5019608 0.5019608 0.5019608 0.5019608 0.5019608 0.5019608 0.5019608 0.5019608 0.5019608 0.5019608 0.5019608 0.5019608 0.5019608 0.5019608 0.5019608 0.5019608 0.5019608 0.5019608 0.5019608 0.5019608 0.5019608 0.5019608 0.5019608 0.5019608 0.5019608 0.5019608 0.5019608 0.5019608 0.5019608 0.5019608 0.5019608 0.5019608 0.5019608 0.5019608 0.5019608 0.5019608 0.5019608 0.5019608 0.5019608 0.5019608 0.5019608 0.5019608 0.5019608 0.5019608 0.5019608 0.5019608 0.5019608 0.5019608 0.5019608 0.5019608 0.5019608 0.5019608 0.5019608 0.5019608 0.5019608 0.5019608 0.5019608 0.5019608 0.5019608 0.5019608 0.5019608 0.5019608 0.5019608 0.5019608 0.5019608 0.5019608 0.5019608 0.5019608 0.5019608 0.5019608 0.5019608 0.5019608 0.5019608 0.5019608 0.5019608 0.5019608 0.5019608 0.5019608 0.5019608 0.5019608 0.5019608 0.5019608 0.5019608 0.5019608 0.5019608 0.5019608 0.5019608 0.5019608 0.5019608 0.5019608 0.5019608 0.5019608 0.5019608 0.5019608 0.5019608 0.5019608 0.5019608 0.5019608 0.5019608 0.5019608 0.5019608 0.5019608 0.5019608 0.5019608 0.5019608 0.5019608 0.5019608 0.5019608 0.5019608 0.5019608 0.5019608 0.5019608 0.5019608 0.5019608 0.5019608 0.5019608 0.5019608 0.5019608 0.5019608 0.5019608 0.5019608 0.5019608 0.5019608 0.5019608 0.5019608 0.5019608 0.5019608 0.5019608 0.5019608 0.5019608 0.5019608 0.5019608 0.5019608 0.5019608 0.5019608 0.5019608 0.5019608 0.5019608 0.5019608 0.5019608 0.5019608 0.5019608 0.5019608 0.5019608 0.5019608 0.5019608 0.5019608 0.5019608 0.5019608 0.5019608 0.5019608 0.5019608 0.5019608 0.5019608 0.5019608 0.5019608 0.5019608 0.5019608 0.5019608 0.5019608 0.5019608 0.5019608 0.5019608 0.5019608 0.5019608 0.5019608 0.5019608 0.5019608 0.5019608 0.5019608 0.5019608 0.5019608 0.5019608 0.5019608 0.5019608 0.5019608 0.5019608 0.5019608 0.5019608 0.5019608 0.5019608 0.5019608 0.5019608 0.5019608 0.5019608 0.5019608 0.5019608 0.5019608 0.5019608 0.5019608 0.5019608 0.5019608 0.5019608 0.5019608 0.5019608 0.5019608 0.5019608 0.5019608 0.5019608 0.5019608 0.5019608 0.5019608 0.5019608 0.5019608 0.5019608 0.5019608 0.5019608 0.5019608 0.5019608 0.5019608 0.5019608 0.5019608 0.5019608 0.5019608 0.5019608 0.5019608 0.5019608 0.5019608 0.5019608 0.5019608 0.5019608 0.5019608 0.5019608 0.5019608 0.5019608 0.5019608 0.5019608 0.5019608 0.5019608 0.5019608 0.5019608 0.5019608 0.5019608 0.5019608 0.5019608 0.5019608 0.5019608 0.5019608 0.5019608 0.5019608 0.5019608 0.5019608 0.5019608 0.5019608 0.5019608 0.5019608 0.5019608 0.5019608 0.5019608 0.5019608 0.5019608 0.5019608 0.5019608 0.5019608 0.5019608 0.5019608 0.5019608 0.5019608 0.5019608 0.5019608 0.5019608 0.5019608 0.5019608 0.5019608 0.5019608 0.5019608 0.5019608 0.5019608 0.5019608 0.5019608 0.5019608 0.5019608 0.5019608 0.5019608 0.5019608 0.5019608 0.5019608 0.5019608 0.5019608 0.5019608 0.5019608 0.5019608 0.5019608 0.5019608 0.5019608 0.5019608 0.5019608 0.5019608 0.5019608 0.5019608 0.5019608 0.5019608 0.5019608 0.5019608 0.5019608 0.5019608 0.5019608 0.5019608 0.5019608 0.5019608 0.5019608 0.5019608 0.5019608 0.5019608 0.5019608 0.5019608 0.5019608 0.5019608 0.5019608 0.5019608 0.5019608 0.5019608 0.5019608 0.5019608 0.5019608 0.5019608 0.5019608 0.5019608 0.5019608 0.5019608 0.5019608 0.5019608 0.5019608 0.5019608 0.5019608 0.5019608 0.5019608 0.5019608 0.5019608 0.5019608 0.5019608 0.5019608 0.5019608 0.5019608 0.5019608 0.5019608 0.5019608 0.5019608 0.5019608 0.5019608 0.5019608 0.5019608 0.5019608 0.5019608 0.5019608 0.5019608 0.5019608 0.5019608 0.5019608 0.5019608 0.5019608 0.5019608 0.5019608 0.5019608 0.5019608 0.5019608 0.5019608 0.5019608 0.5019608 0.5019608 0.5019608 0.5019608 0.5019608 0.5019608 0.5019608 0.5019608 0.5019608 0.5019608 0.5019608 0.5019608 0.5019608 0.5019608 0.5019608 0.5019608 0.5019608 0.5019608 0.5019608 0.5019608 0.5019608 0.5019608 0.5019608 0.5019608 0.5019608 0.5019608 0.5019608 0.5019608 0.5019608 0.5019608 0.5019608 0.5019608 0.5019608 0.5019608 0.5019608 0.5019608 0.5019608 0.5019608 0.5019608 0.5019608 0.5019608 0.5019608 0.5019608 0.5019608 0.5019608 0.5019608 0.5019608 0.5019608 0.5019608 0.5019608 0.5019608 0.5019608 0.5019608 0.5019608 0.5019608 0.5019608 0.5019608 0.5019608</float_array>
          <technique_common>
            <accessor source="#geom-bombShape_1-map0-array" count="1331" stride="3">
              <param name="R" type="float"/>
              <param name="G" type="float"/>
              <param name="B" type="float"/>
            </accessor>
          </technique_common>
        </source>
        <source id="geom-bombShape_1-map1">
          <float_array id="geom-bombShape_1-map1-array" count="3993">0.9291992 0.3007812 0 0.9291992 0.3486328 0 0.8813477 0.3007812 0 0.8813477 0.3486328 0 0.9291992 0.3969727 0 0.8813477 0.3969727 0 0.9291992 0.4448242 0 0.8813477 0.4448242 0 0.9291992 0.4848633 0 0.8813477 0.4848633 0 0.9291992 0.02001953 0 0.9291992 0.06103516 0 0.8813477 0.02001953 0 0.8813477 0.06103516 0 0.9291992 0.1088867 0 0.8813477 0.1088867 0 0.9291992 0.1567383 0 0.8813477 0.1567383 0 0.9291992 0.2045898 0 0.8813477 0.2045898 0 0.9291992 0.2529297 0 0.8813477 0.2529297 0 0.8334961 0.3007812 0 0.8334961 0.3486328 0 0.8334961 0.3969727 0 0.8334961 0.4448242 0 0.8334961 0.4848633 0 0.8334961 0.02001953 0 0.8334961 0.06103516 0 0.8334961 0.1088867 0 0.8334961 0.1567383 0 0.8334961 0.2045898 0 0.8334961 0.2529297 0 0.7851563 0.3007812 0 0.7851563 0.3486328 0 0.7851563 0.3969727 0 0.7851563 0.4448242 0 0.7851563 0.4848633 0 0.7851563 0.02001953 0 0.7851563 0.06103516 0 0.7851563 0.1088867 0 0.7851563 0.1567383 0 0.7851563 0.2045898 0 0.7851563 0.2529297 0 0.7373047 0.3007812 0 0.7373047 0.3486328 0 0.7373047 0.3969727 0 0.7373047 0.4448242 0 0.7373047 0.4848633 0 0.7373047 0.02001953 0 0.7373047 0.06103516 0 0.7373047 0.1088867 0 0.7373047 0.1567383 0 0.7373047 0.2045898 0 0.7373047 0.2529297 0 0.6894531 0.3007812 0 0.6894531 0.3486328 0 0.6894531 0.3969727 0 0.6894531 0.4448242 0 0.6894531 0.4848633 0 0.6894531 0.02001953 0 0.6894531 0.06103516 0 0.6894531 0.1088867 0 0.6894531 0.1567383 0 0.6894531 0.2045898 0 0.6894531 0.2529297 0 0.6411133 0.3007812 0 0.6411133 0.3486328 0 0.6411133 0.3969727 0 0.6411133 0.4448242 0 0.6411133 0.4848633 0 0.6411133 0.02001953 0 0.6411133 0.06103516 0 0.6411133 0.1088867 0 0.6411133 0.1567383 0 0.6411133 0.2045898 0 0.6411133 0.2529297 0 0.5932617 0.3007812 0 0.5932617 0.3486328 0 0.5932617 0.3969727 0 0.5932617 0.4448242 0 0.5932617 0.4848633 0 0.5932617 0.02001953 0 0.5932617 0.06103516 0 0.5932617 0.1088867 0 0.5932617 0.1567383 0 0.5932617 0.2045898 0 0.5932617 0.2529297 0 0.5454102 0.3007812 0 0.5454102 0.3486328 0 0.5454102 0.3969727 0 0.5454102 0.4448242 0 0.5454102 0.4848633 0 0.5454102 0.02001953 0 0.5454102 0.06103516 0 0.5454102 0.1088867 0 0.5454102 0.1567383 0 0.5454102 0.2045898 0 0.5454102 0.2529297 0 0.4975586 0.3007812 0 0.4975586 0.3486328 0 0.4975586 0.3969727 0 0.4975586 0.4448242 0 0.4975586 0.4848633 0 0.4975586 0.02001953 0 0.4975586 0.06103516 0 0.4975586 0.1088867 0 0.4975586 0.1567383 0 0.4975586 0.2045898 0 0.4975586 0.2529297 0 0.4494629 0.3007812 0 0.4494629 0.3486328 0 0.4494629 0.3969727 0 0.4494629 0.4448242 0 0.4494629 0.4848633 0 0.4494629 0.02001953 0 0.4494629 0.06103516 0 0.4494629 0.1088867 0 0.4494629 0.1567383 0 0.4494629 0.2045898 0 0.4494629 0.2529297 0 0.4013672 0.3007812 0 0.4013672 0.3486328 0 0.4013672 0.3969727 0 0.4013672 0.4448242 0 0.4013672 0.4848633 0 0.4013672 0.02001953 0 0.4013672 0.06103516 0 0.4013672 0.1088867 0 0.4013672 0.1567383 0 0.4013672 0.2045898 0 0.4013672 0.2529297 0 0.3535156 0.3486328 0 0.3535156 0.3969727 0 0.3535156 0.4448242 0 0.3535156 0.4848633 0 0.3535156 0.02001953 0 0.3535156 0.06103516 0 0.3535156 0.1088867 0 0.3535156 0.1567383 0 0.3535156 0.2045898 0 0.3535156 0.2529297 0 0.3535156 0.3007812 0 0.3054199 0.3007812 0 0.3054199 0.3486328 0 0.3054199 0.3969727 0 0.3054199 0.4448242 0 0.3054199 0.4848633 0 0.3054199 0.02001953 0 0.3054199 0.06103516 0 0.3054199 0.1088867 0 0.3054199 0.1567383 0 0.3054199 0.2045898 0 0.3054199 0.2529297 0 0.2575684 0.3007812 0 0.2575684 0.3486328 0 0.2575684 0.3969727 0 0.2575684 0.4448242 0 0.2575684 0.4848633 0 0.2575684 0.02001953 0 0.2575684 0.06103516 0 0.2575684 0.1088867 0 0.2575684 0.1567383 0 0.2575684 0.2045898 0 0.2575684 0.2529297 0 0.2095947 0.3007812 0 0.2095947 0.3486328 0 0.2095947 0.3969727 0 0.2095947 0.4448242 0 0.2095947 0.4848633 0 0.2095947 0.02001953 0 0.2095947 0.06103516 0 0.2095947 0.1088867 0 0.2095947 0.1567383 0 0.2095947 0.2045898 0 0.2095947 0.2529297 0 0.1616211 0.3007812 0 0.1616211 0.3486328 0 0.1616211 0.3969727 0 0.1616211 0.4448242 0 0.1616211 0.4848633 0 0.1616211 0.02001953 0 0.1616211 0.06103516 0 0.1616211 0.1088867 0 0.1616211 0.1567383 0 0.1616211 0.2045898 0 0.1616211 0.2529297 0 0.1135864 0.3007812 0 0.1135864 0.3486328 0 0.1135864 0.3969727 0 0.1135864 0.4448242 0 0.1135864 0.4848633 0 0.1135864 0.02001953 0 0.1135864 0.06103516 0 0.1135864 0.1088867 0 0.1135864 0.1567383 0 0.1135864 0.2045898 0 0.1135864 0.2529297 0 0.06561279 0.3007812 0 0.06561279 0.3486328 0 0.06561279 0.3969727 0 0.06561279 0.4448242 0 0.06561279 0.4848633 0 0.06561279 0.02001953 0 0.06561279 0.06103516 0 0.06561279 0.1088867 0 0.06561279 0.1567383 0 0.06561279 0.2045898 0 0.06561279 0.2529297 0 0.9770508 0.324707 0 0.9770508 0.3725586 0 0.9770508 0.4208984 0 0.9770508 0.4584961 0 0.9770508 0.04833984 0 0.9770508 0.08496094 0 0.9770508 0.1328125 0 0.9770508 0.1806641 0 0.9770508 0.2290039 0 0.9770508 0.2768555 0 0.01763916 0.324707 0 0.01763916 0.3725586 0 0.01763916 0.4208984 0 0.01763916 0.4584961 0 0.01763916 0.04833984 0 0.01763916 0.08496094 0 0.01763916 0.1328125 0 0.01763916 0.1806641 0 0.01763916 0.2290039 0 0.01763916 0.2768555 0 0.9291992 0.3007812 0 0.8813477 0.3007812 0 0.9291992 0.3486328 0 0.8813477 0.3486328 0 0.9291992 0.3969727 0 0.8813477 0.3969727 0 0.9291992 0.4448242 0 0.8813477 0.4448242 0 0.9291992 0.4848633 0 0.8813477 0.4848633 0 0.9291992 0.02001953 0 0.8813477 0.02001953 0 0.9291992 0.06103516 0 0.8813477 0.06103516 0 0.9291992 0.1088867 0 0.8813477 0.1088867 0 0.9291992 0.1567383 0 0.8813477 0.1567383 0 0.9291992 0.2045898 0 0.8813477 0.2045898 0 0.9291992 0.2529297 0 0.8813477 0.2529297 0 0.8334961 0.3007812 0 0.8334961 0.3486328 0 0.8334961 0.3969727 0 0.8334961 0.4448242 0 0.8334961 0.4848633 0 0.8334961 0.02001953 0 0.8334961 0.06103516 0 0.8334961 0.1088867 0 0.8334961 0.1567383 0 0.8334961 0.2045898 0 0.8334961 0.2529297 0 0.7851563 0.3007812 0 0.7851563 0.3486328 0 0.7851563 0.3969727 0 0.7851563 0.4448242 0 0.7851563 0.4848633 0 0.7851563 0.02001953 0 0.7851563 0.06103516 0 0.7851563 0.1088867 0 0.7851563 0.1567383 0 0.7851563 0.2045898 0 0.7851563 0.2529297 0 0.7373047 0.3007812 0 0.7373047 0.3486328 0 0.7373047 0.3969727 0 0.7373047 0.4448242 0 0.7373047 0.4848633 0 0.7373047 0.02001953 0 0.7373047 0.06103516 0 0.7373047 0.1088867 0 0.7373047 0.1567383 0 0.7373047 0.2045898 0 0.7373047 0.2529297 0 0.6894531 0.3007812 0 0.6894531 0.3486328 0 0.6894531 0.3969727 0 0.6894531 0.4448242 0 0.6894531 0.4848633 0 0.6894531 0.02001953 0 0.6894531 0.06103516 0 0.6894531 0.1088867 0 0.6894531 0.1567383 0 0.6894531 0.2045898 0 0.6894531 0.2529297 0 0.6411133 0.3007812 0 0.6411133 0.3486328 0 0.6411133 0.3969727 0 0.6411133 0.4448242 0 0.6411133 0.4848633 0 0.6411133 0.02001953 0 0.6411133 0.06103516 0 0.6411133 0.1088867 0 0.6411133 0.1567383 0 0.6411133 0.2045898 0 0.6411133 0.2529297 0 0.5932617 0.3007812 0 0.5932617 0.3486328 0 0.5932617 0.3969727 0 0.5932617 0.4448242 0 0.5932617 0.4848633 0 0.5932617 0.02001953 0 0.5932617 0.06103516 0 0.5932617 0.1088867 0 0.5932617 0.1567383 0 0.5932617 0.2045898 0 0.5932617 0.2529297 0 0.5454102 0.3007812 0 0.5454102 0.3486328 0 0.5454102 0.3969727 0 0.5454102 0.4448242 0 0.5454102 0.4848633 0 0.5454102 0.02001953 0 0.5454102 0.06103516 0 0.5454102 0.1088867 0 0.5454102 0.1567383 0 0.5454102 0.2045898 0 0.5454102 0.2529297 0 0.4975586 0.3007812 0 0.4975586 0.3486328 0 0.4975586 0.3969727 0 0.4975586 0.4448242 0 0.4975586 0.4848633 0 0.4975586 0.02001953 0 0.4975586 0.06103516 0 0.4975586 0.1088867 0 0.4975586 0.1567383 0 0.4975586 0.2045898 0 0.4975586 0.2529297 0 0.4494629 0.3007812 0 0.4494629 0.3486328 0 0.4494629 0.3969727 0 0.4494629 0.4448242 0 0.4494629 0.4848633 0 0.4494629 0.02001953 0 0.4494629 0.06103516 0 0.4494629 0.1088867 0 0.4494629 0.1567383 0 0.4494629 0.2045898 0 0.4494629 0.2529297 0 0.4013672 0.3007812 0 0.4013672 0.3486328 0 0.4013672 0.3969727 0 0.4013672 0.4448242 0 0.4013672 0.4848633 0 0.4013672 0.02001953 0 0.4013672 0.06103516 0 0.4013672 0.1088867 0 0.4013672 0.1567383 0 0.4013672 0.2045898 0 0.4013672 0.2529297 0 0.3535156 0.3486328 0 0.3535156 0.3969727 0 0.3535156 0.4448242 0 0.3535156 0.4848633 0 0.3535156 0.02001953 0 0.3535156 0.06103516 0 0.3535156 0.1088867 0 0.3535156 0.1567383 0 0.3535156 0.2045898 0 0.3535156 0.2529297 0 0.3535156 0.3007812 0 0.3054199 0.3007812 0 0.3054199 0.3486328 0 0.3054199 0.3969727 0 0.3054199 0.4448242 0 0.3054199 0.4848633 0 0.3054199 0.02001953 0 0.3054199 0.06103516 0 0.3054199 0.1088867 0 0.3054199 0.1567383 0 0.3054199 0.2045898 0 0.3054199 0.2529297 0 0.2575684 0.3007812 0 0.2575684 0.3486328 0 0.2575684 0.3969727 0 0.2575684 0.4448242 0 0.2575684 0.4848633 0 0.2575684 0.02001953 0 0.2575684 0.06103516 0 0.2575684 0.1088867 0 0.2575684 0.1567383 0 0.2575684 0.2045898 0 0.2575684 0.2529297 0 0.2095947 0.3007812 0 0.2095947 0.3486328 0 0.2095947 0.3969727 0 0.2095947 0.4448242 0 0.2095947 0.4848633 0 0.2095947 0.02001953 0 0.2095947 0.06103516 0 0.2095947 0.1088867 0 0.2095947 0.1567383 0 0.2095947 0.2045898 0 0.2095947 0.2529297 0 0.1616211 0.3007812 0 0.1616211 0.3486328 0 0.1616211 0.3969727 0 0.1616211 0.4448242 0 0.1616211 0.4848633 0 0.1616211 0.02001953 0 0.1616211 0.06103516 0 0.1616211 0.1088867 0 0.1616211 0.1567383 0 0.1616211 0.2045898 0 0.1616211 0.2529297 0 0.1135864 0.3007812 0 0.1135864 0.3486328 0 0.1135864 0.3969727 0 0.1135864 0.4448242 0 0.1135864 0.4848633 0 0.1135864 0.02001953 0 0.1135864 0.06103516 0 0.1135864 0.1088867 0 0.1135864 0.1567383 0 0.1135864 0.2045898 0 0.1135864 0.2529297 0 0.06561279 0.3007812 0 0.06561279 0.3486328 0 0.06561279 0.3969727 0 0.06561279 0.4448242 0 0.06561279 0.4848633 0 0.06561279 0.02001953 0 0.06561279 0.06103516 0 0.06561279 0.1088867 0 0.06561279 0.1567383 0 0.06561279 0.2045898 0 0.06561279 0.2529297 0 0.9770508 0.324707 0 0.9770508 0.3725586 0 0.9770508 0.4208984 0 0.9770508 0.4584961 0 0.9770508 0.04833984 0 0.9770508 0.08496094 0 0.9770508 0.1328125 0 0.9770508 0.1806641 0 0.9770508 0.2290039 0 0.9770508 0.2768555 0 0.01763916 0.324707 0 0.01763916 0.3725586 0 0.01763916 0.4208984 0 0.01763916 0.4584961 0 0.01763916 0.04833984 0 0.01763916 0.08496094 0 0.01763916 0.1328125 0 0.01763916 0.1806641 0 0.01763916 0.2290039 0 0.01763916 0.2768555 0 0.9692383 0.8409424 0 0.9174805 0.9179077 0 0.9370117 0.8278809 0 0.8930664 0.8936768 0 0.8408203 0.9693604 0 0.8271484 0.9375916 0 0.75 0.9874496 0 0.7495117 0.9529724 0 0.6586914 0.9693909 0 0.671875 0.9375 0 0.5820313 0.9179688 0 0.605957 0.8934326 0 0.5302734 0.8409424 0 0.5620117 0.8276367 0 0.512207 0.7501221 0 0.546875 0.75 0 0.5302734 0.6591797 0 0.5625 0.6723633 0 0.5820313 0.5822754 0 0.6064453 0.6064453 0 0.6586914 0.5307617 0 0.6723633 0.5625 0 0.7495117 0.5126953 0 0.75 0.5471191 0 0.8408203 0.5307617 0 0.8276367 0.5627441 0 0.9174805 0.5822754 0 0.8935547 0.6066895 0 0.9692383 0.6591797 0 0.9375 0.6726074 0 0.9873047 0.75 0 0.9526367 0.7502441 0 0.9082031 0.815918 0 0.8710938 0.871582 0 0.8154297 0.9087524 0 0.7495117 0.9217529 0 0.684082 0.9085693 0 0.628418 0.8713379 0 0.5908203 0.8155518 0 0.578125 0.75 0 0.5913086 0.6843262 0 0.628418 0.6286621 0 0.684082 0.5913086 0 0.75 0.5783691 0 0.8154297 0.5915527 0 0.8710938 0.6289063 0 0.9086914 0.6845703 0 0.9213867 0.7502441 0 0.8837891 0.8059082 0 0.8520508 0.8529053 0 0.8051758 0.8841553 0 0.7495117 0.8950806 0 0.6938477 0.8839722 0 0.6469727 0.852417 0 0.6157227 0.8052979 0 0.6044922 0.7497559 0 0.6157227 0.6943359 0 0.6474609 0.6472168 0 0.6943359 0.6159668 0 0.75 0.6049805 0 0.8056641 0.6162109 0 0.8525391 0.6477051 0 0.8837891 0.6948242 0 0.8950195 0.7503662 0 0.8583984 0.795166 0 0.8325195 0.833252 0 0.7944336 0.8586426 0 0.7495117 0.8674316 0 0.7045898 0.8585205 0 0.6665039 0.8330078 0 0.6411133 0.7947998 0 0.6323242 0.75 0 0.6411133 0.7050781 0 0.6669922 0.6669922 0 0.7050781 0.6416016 0 0.75 0.6328125 0 0.7949219 0.6416016 0 0.8330078 0.6672363 0 0.8583984 0.7053223 0 0.8671875 0.7502441 0 0.8330078 0.7844238 0 0.8134766 0.8135986 0 0.7841797 0.8331299 0 0.75 0.8399658 0 0.715332 0.8331299 0 0.6860352 0.8135986 0 0.6665039 0.7844238 0 0.659668 0.7501221 0 0.6665039 0.7158203 0 0.6860352 0.6865234 0 0.715332 0.6669922 0 0.7495117 0.6601563 0 0.7841797 0.6669922 0 0.8134766 0.6865234 0 0.8330078 0.7158203 0 0.8398438 0.75 0 0.8139648 0.7766113 0 0.7988281 0.7990723 0 0.7763672 0.8140869 0 0.7495117 0.819458 0 0.7231445 0.8140869 0 0.7006836 0.7990723 0 0.6855469 0.7766113 0 0.6801758 0.75 0 0.6855469 0.7236328 0 0.7006836 0.7011719 0 0.7231445 0.6860352 0 0.75 0.6806641 0 0.7763672 0.6860352 0 0.7988281 0.7011719 0 0.8139648 0.7236328 0 0.8193359 0.7501221 0 0.7939453 0.7686768 0 0.7836914 0.7843018 0 0.7680664 0.7946777 0 0.7495117 0.7982178 0 0.730957 0.7944336 0 0.715332 0.7839355 0 0.7050781 0.7683105 0 0.7016602 0.75 0 0.7055664 0.7314453 0 0.7158203 0.7158203 0 0.7314453 0.7055664 0 0.75 0.7019043 0 0.7685547 0.7058105 0 0.7841797 0.7163086 0 0.7944336 0.7319336 0 0.7978516 0.7502441 0 0.7724609 0.7601318 0 0.7666016 0.7679443 0 0.7587891 0.7731934 0 0.7490234 0.7747803 0 0.7397461 0.772583 0 0.7319336 0.7670898 0 0.7265625 0.7589111 0 0.7250977 0.7495117 0 0.7270508 0.7399902 0 0.7329102 0.7321777 0 0.7407227 0.7270508 0 0.7504883 0.7253418 0 0.7597656 0.7275391 0 0.7675781 0.7331543 0 0.7729492 0.7412109 0 0.7744141 0.7507324 0 0.75 0.75 0 0.9692383 0.8409424 0 0.9370117 0.8278809 0 0.9174805 0.9179077 0 0.8930664 0.8936768 0 0.8408203 0.9693604 0 0.8271484 0.9375916 0 0.75 0.9874496 0 0.7495117 0.9529724 0 0.6586914 0.9693909 0 0.671875 0.9375 0 0.5820313 0.9179688 0 0.605957 0.8934326 0 0.5302734 0.8409424 0 0.5620117 0.8276367 0 0.512207 0.7501221 0 0.546875 0.75 0 0.5302734 0.6591797 0 0.5625 0.6723633 0 0.5820313 0.5822754 0 0.6064453 0.6064453 0 0.6586914 0.5307617 0 0.6723633 0.5625 0 0.7495117 0.5126953 0 0.75 0.5471191 0 0.8408203 0.5307617 0 0.8276367 0.5627441 0 0.9174805 0.5822754 0 0.8935547 0.6066895 0 0.9692383 0.6591797 0 0.9375 0.6726074 0 0.9873047 0.75 0 0.9526367 0.7502441 0 0.9082031 0.815918 0 0.8710938 0.871582 0 0.8154297 0.9087524 0 0.7495117 0.9217529 0 0.684082 0.9085693 0 0.628418 0.8713379 0 0.5908203 0.8155518 0 0.578125 0.75 0 0.5913086 0.6843262 0 0.628418 0.6286621 0 0.684082 0.5913086 0 0.75 0.5783691 0 0.8154297 0.5915527 0 0.8710938 0.6289063 0 0.9086914 0.6845703 0 0.9213867 0.7502441 0 0.8837891 0.8059082 0 0.8520508 0.8529053 0 0.8051758 0.8841553 0 0.7495117 0.8950806 0 0.6938477 0.8839722 0 0.6469727 0.852417 0 0.6157227 0.8052979 0 0.6044922 0.7497559 0 0.6157227 0.6943359 0 0.6474609 0.6472168 0 0.6943359 0.6159668 0 0.75 0.6049805 0 0.8056641 0.6162109 0 0.8525391 0.6477051 0 0.8837891 0.6948242 0 0.8950195 0.7503662 0 0.8583984 0.795166 0 0.8325195 0.833252 0 0.7944336 0.8586426 0 0.7495117 0.8674316 0 0.7045898 0.8585205 0 0.6665039 0.8330078 0 0.6411133 0.7947998 0 0.6323242 0.75 0 0.6411133 0.7050781 0 0.6669922 0.6669922 0 0.7050781 0.6416016 0 0.75 0.6328125 0 0.7949219 0.6416016 0 0.8330078 0.6672363 0 0.8583984 0.7053223 0 0.8671875 0.7502441 0 0.8330078 0.7844238 0 0.8134766 0.8135986 0 0.7841797 0.8331299 0 0.75 0.8399658 0 0.715332 0.8331299 0 0.6860352 0.8135986 0 0.6665039 0.7844238 0 0.659668 0.7501221 0 0.6665039 0.7158203 0 0.6860352 0.6865234 0 0.715332 0.6669922 0 0.7495117 0.6601563 0 0.7841797 0.6669922 0 0.8134766 0.6865234 0 0.8330078 0.7158203 0 0.8398438 0.75 0 0.8139648 0.7766113 0 0.7988281 0.7990723 0 0.7763672 0.8140869 0 0.7495117 0.819458 0 0.7231445 0.8140869 0 0.7006836 0.7990723 0 0.6855469 0.7766113 0 0.6801758 0.75 0 0.6855469 0.7236328 0 0.7006836 0.7011719 0 0.7231445 0.6860352 0 0.75 0.6806641 0 0.7763672 0.6860352 0 0.7988281 0.7011719 0 0.8139648 0.7236328 0 0.8193359 0.7501221 0 0.7939453 0.7686768 0 0.7836914 0.7843018 0 0.7680664 0.7946777 0 0.7495117 0.7982178 0 0.730957 0.7944336 0 0.715332 0.7839355 0 0.7050781 0.7683105 0 0.7016602 0.75 0 0.7055664 0.7314453 0 0.7158203 0.7158203 0 0.7314453 0.7055664 0 0.75 0.7019043 0 0.7685547 0.7058105 0 0.7841797 0.7163086 0 0.7944336 0.7319336 0 0.7978516 0.7502441 0 0.7724609 0.7601318 0 0.7666016 0.7679443 0 0.7587891 0.7731934 0 0.7490234 0.7747803 0 0.7397461 0.772583 0 0.7319336 0.7670898 0 0.7265625 0.7589111 0 0.7250977 0.7495117 0 0.7270508 0.7399902 0 0.7329102 0.7321777 0 0.7407227 0.7270508 0 0.7504883 0.7253418 0 0.7597656 0.7275391 0 0.7675781 0.7331543 0 0.7729492 0.7412109 0 0.7744141 0.7507324 0 0.75 0.75 0 0.75 0.75 0 0.75 0.75 0 0.75 0.75 0 0.338623 0.5324707 0 0.4150391 0.5830078 0 0.3254395 0.5649414 0 0.390625 0.6079102 0 0.4663086 0.6589355 0 0.4343262 0.6726074 0 0.4848633 0.7487793 0 0.4499512 0.7492676 0 0.4672852 0.8388672 0 0.4350586 0.8259277 0 0.416748 0.9154663 0 0.3918457 0.8909912 0 0.3405762 0.9667664 0 0.3269043 0.9346924 0 0.2504883 0.9849396 0 0.2502441 0.9500732 0 0.1605225 0.9672852 0 0.1737061 0.9349976 0 0.08422852 0.9165649 0 0.1087036 0.8917236 0 0.03314209 0.8404541 0 0.06524658 0.8269043 0 0.01506042 0.7507324 0 0.04992676 0.7504883 0 0.03262329 0.6608887 0 0.06494141 0.6740723 0 0.08319092 0.5847168 0 0.1080322 0.6091309 0 0.1589355 0.5334473 0 0.1726074 0.5656738 0 0.2486572 0.5151367 0 0.2490234 0.5500488 0 0.3139648 0.5935059 0 0.3688965 0.6298828 0 0.4057617 0.6845703 0 0.4189453 0.7495117 0 0.40625 0.814209 0 0.369873 0.8692627 0 0.3149414 0.9061279 0 0.2502441 0.9191895 0 0.1854248 0.9063721 0 0.1304932 0.869751 0 0.09381104 0.8149414 0 0.08087158 0.7503662 0 0.09356689 0.685791 0 0.1300049 0.6308594 0 0.1846924 0.5939941 0 0.2492676 0.5810547 0 0.3017578 0.623291 0 0.3461914 0.652832 0 0.3762207 0.6970215 0 0.3869629 0.7495117 0 0.376709 0.802002 0 0.3469238 0.8465576 0 0.3024902 0.8764038 0 0.2502441 0.8870239 0 0.1977539 0.8766479 0 0.1531982 0.8470459 0 0.1234131 0.8027344 0 0.112915 0.7503662 0 0.12323 0.697998 0 0.15271 0.6535645 0 0.1970215 0.6237793 0 0.2492676 0.6130371 0 0.2912598 0.6484375 0 0.3269043 0.6721191 0 0.3508301 0.7075195 0 0.359375 0.7495117 0 0.3513184 0.7915039 0 0.3276367 0.8272705 0 0.2919922 0.8511963 0 0.25 0.8596191 0 0.2081299 0.8514404 0 0.1724854 0.8277588 0 0.1486816 0.7922363 0 0.1401367 0.7502441 0 0.1484375 0.708252 0 0.1719971 0.6728516 0 0.2075195 0.6489258 0 0.2493896 0.6403809 0 0.2822266 0.6708984 0 0.3100586 0.689209 0 0.3286133 0.717041 0 0.3352051 0.7497559 0 0.3288574 0.7823486 0 0.3105469 0.8101807 0 0.2827148 0.8288574 0 0.25 0.8354492 0 0.2172852 0.8289795 0 0.1895752 0.8105469 0 0.1710205 0.7828369 0 0.1644287 0.7502441 0 0.1707764 0.7175293 0 0.189209 0.6896973 0 0.2167969 0.6711426 0 0.2495117 0.6645508 0 0.2739258 0.6911621 0 0.2944336 0.704834 0 0.3083496 0.7255859 0 0.3132324 0.7497559 0 0.3085937 0.7740479 0 0.2949219 0.7946777 0 0.2741699 0.8084717 0 0.25 0.8134766 0 0.225708 0.8087158 0 0.2050781 0.7949219 0 0.1912842 0.7744141 0 0.1864014 0.7501221 0 0.1911621 0.7258301 0 0.204834 0.7053223 0 0.2253418 0.6914063 0 0.2496338 0.6865234 0 0.2661133 0.7104492 0 0.2800293 0.7197266 0 0.2893066 0.7333984 0 0.2927246 0.7497559 0 0.2893066 0.7662354 0 0.2802734 0.7801514 0 0.2663574 0.7894287 0 0.25 0.7927246 0 0.2335205 0.7895508 0 0.2196045 0.7802734 0 0.2103271 0.7664795 0 0.2070312 0.7501221 0 0.2102051 0.7336426 0 0.2194824 0.7197266 0 0.2332764 0.7104492 0 0.2496338 0.7072754 0 0.2578125 0.7307129 0 0.2646484 0.7353516 0 0.269043 0.7421875 0 0.270752 0.7501221 0 0.269043 0.7580566 0 0.2644043 0.7647705 0 0.2575684 0.7692871 0 0.2496338 0.770874 0 0.2416992 0.769165 0 0.2349854 0.7646484 0 0.2304687 0.7578125 0 0.2290039 0.7497559 0 0.2305908 0.7419434 0 0.2351074 0.7351074 0 0.2419434 0.7307129 0 0.25 0.7290039 0 0.2498779 0.75 0 0.338623 0.5324707 0 0.3254395 0.5649414 0 0.4150391 0.5830078 0 0.390625 0.6079102 0 0.4663086 0.6589355 0 0.4343262 0.6726074 0 0.4848633 0.7487793 0 0.4499512 0.7492676 0 0.4672852 0.8388672 0 0.4350586 0.8259277 0 0.416748 0.9154663 0 0.3918457 0.8909912 0 0.3405762 0.9667664 0 0.3269043 0.9346924 0 0.2504883 0.9849396 0 0.2502441 0.9500732 0 0.1605225 0.9672852 0 0.1737061 0.9349976 0 0.08422852 0.9165649 0 0.1087036 0.8917236 0 0.03314209 0.8404541 0 0.06524658 0.8269043 0 0.01506042 0.7507324 0 0.04992676 0.7504883 0 0.03262329 0.6608887 0 0.06494141 0.6740723 0 0.08319092 0.5847168 0 0.1080322 0.6091309 0 0.1589355 0.5334473 0 0.1726074 0.5656738 0 0.2486572 0.5151367 0 0.2490234 0.5500488 0 0.3139648 0.5935059 0 0.3688965 0.6298828 0 0.4057617 0.6845703 0 0.4189453 0.7495117 0 0.40625 0.814209 0 0.369873 0.8692627 0 0.3149414 0.9061279 0 0.2502441 0.9191895 0 0.1854248 0.9063721 0 0.1304932 0.869751 0 0.09381104 0.8149414 0 0.08087158 0.7503662 0 0.09356689 0.685791 0 0.1300049 0.6308594 0 0.1846924 0.5939941 0 0.2492676 0.5810547 0 0.3017578 0.623291 0 0.3461914 0.652832 0 0.3762207 0.6970215 0 0.3869629 0.7495117 0 0.376709 0.802002 0 0.3469238 0.8465576 0 0.3024902 0.8764038 0 0.2502441 0.8870239 0 0.1977539 0.8766479 0 0.1531982 0.8470459 0 0.1234131 0.8027344 0 0.112915 0.7503662 0 0.12323 0.697998 0 0.15271 0.6535645 0 0.1970215 0.6237793 0 0.2492676 0.6130371 0 0.2912598 0.6484375 0 0.3269043 0.6721191 0 0.3508301 0.7075195 0 0.359375 0.7495117 0 0.3513184 0.7915039 0 0.3276367 0.8272705 0 0.2919922 0.8511963 0 0.25 0.8596191 0 0.2081299 0.8514404 0 0.1724854 0.8277588 0 0.1486816 0.7922363 0 0.1401367 0.7502441 0 0.1484375 0.708252 0 0.1719971 0.6728516 0 0.2075195 0.6489258 0 0.2493896 0.6403809 0 0.2822266 0.6708984 0 0.3100586 0.689209 0 0.3286133 0.717041 0 0.3352051 0.7497559 0 0.3288574 0.7823486 0 0.3105469 0.8101807 0 0.2827148 0.8288574 0 0.25 0.8354492 0 0.2172852 0.8289795 0 0.1895752 0.8105469 0 0.1710205 0.7828369 0 0.1644287 0.7502441 0 0.1707764 0.7175293 0 0.189209 0.6896973 0 0.2167969 0.6711426 0 0.2495117 0.6645508 0 0.2739258 0.6911621 0 0.2944336 0.704834 0 0.3083496 0.7255859 0 0.3132324 0.7497559 0 0.3085937 0.7740479 0 0.2949219 0.7946777 0 0.2741699 0.8084717 0 0.25 0.8134766 0 0.225708 0.8087158 0 0.2050781 0.7949219 0 0.1912842 0.7744141 0 0.1864014 0.7501221 0 0.1911621 0.7258301 0 0.204834 0.7053223 0 0.2253418 0.6914063 0 0.2496338 0.6865234 0 0.2661133 0.7104492 0 0.2800293 0.7197266 0 0.2893066 0.7333984 0 0.2927246 0.7497559 0 0.2893066 0.7662354 0 0.2802734 0.7801514 0 0.2663574 0.7894287 0 0.25 0.7927246 0 0.2335205 0.7895508 0 0.2196045 0.7802734 0 0.2103271 0.7664795 0 0.2070312 0.7501221 0 0.2102051 0.7336426 0 0.2194824 0.7197266 0 0.2332764 0.7104492 0 0.2496338 0.7072754 0 0.2578125 0.7307129 0 0.2646484 0.7353516 0 0.269043 0.7421875 0 0.270752 0.7501221 0 0.269043 0.7580566 0 0.2644043 0.7647705 0 0.2575684 0.7692871 0 0.2496338 0.770874 0 0.2416992 0.769165 0 0.2349854 0.7646484 0 0.2304687 0.7578125 0 0.2290039 0.7497559 0 0.2305908 0.7419434 0 0.2351074 0.7351074 0 0.2419434 0.7307129 0 0.25 0.7290039 0 0.2498779 0.75 0 0.338623 0.5324707 0 0.3254395 0.5649414 0 0.4150391 0.5830078 0 0.390625 0.6079102 0 0.4663086 0.6589355 0 0.4343262 0.6726074 0 0.4848633 0.7487793 0 0.4499512 0.7492676 0 0.4672852 0.8388672 0 0.4350586 0.8259277 0 0.416748 0.9154663 0 0.3918457 0.8909912 0 0.3405762 0.9667664 0 0.3269043 0.9346924 0 0.2504883 0.9849396 0 0.2502441 0.9500732 0 0.1605225 0.9672852 0 0.1737061 0.9349976 0 0.08422852 0.9165649 0 0.1087036 0.8917236 0 0.03314209 0.8404541 0 0.06524658 0.8269043 0 0.01506042 0.7507324 0 0.04992676 0.7504883 0 0.03262329 0.6608887 0 0.06494141 0.6740723 0 0.08319092 0.5847168 0 0.1080322 0.6091309 0 0.1589355 0.5334473 0 0.1726074 0.5656738 0 0.2486572 0.5151367 0 0.2490234 0.5500488 0 0.3139648 0.5935059 0 0.3688965 0.6298828 0 0.4057617 0.6845703 0 0.4189453 0.7495117 0 0.40625 0.814209 0 0.369873 0.8692627 0 0.3149414 0.9061279 0 0.2502441 0.9191895 0 0.1854248 0.9063721 0 0.1304932 0.869751 0 0.09381104 0.8149414 0 0.08087158 0.7503662 0 0.09356689 0.685791 0 0.1300049 0.6308594 0 0.1846924 0.5939941 0 0.2492676 0.5810547 0 0.3017578 0.623291 0 0.3461914 0.652832 0 0.3762207 0.6970215 0 0.3869629 0.7495117 0 0.376709 0.802002 0 0.3469238 0.8465576 0 0.3024902 0.8764038 0 0.2502441 0.8870239 0 0.1977539 0.8766479 0 0.1531982 0.8470459 0 0.1234131 0.8027344 0 0.112915 0.7503662 0 0.12323 0.697998 0 0.15271 0.6535645 0 0.1970215 0.6237793 0 0.2492676 0.6130371 0 0.2912598 0.6484375 0 0.3269043 0.6721191 0 0.3508301 0.7075195 0 0.359375 0.7495117 0 0.3513184 0.7915039 0 0.3276367 0.8272705 0 0.2919922 0.8511963 0 0.25 0.8596191 0 0.2081299 0.8514404 0 0.1724854 0.8277588 0 0.1486816 0.7922363 0 0.1401367 0.7502441 0 0.1484375 0.708252 0 0.1719971 0.6728516 0 0.2075195 0.6489258 0 0.2493896 0.6403809 0 0.2822266 0.6708984 0 0.3100586 0.689209 0 0.3286133 0.717041 0 0.3352051 0.7497559 0 0.3288574 0.7823486 0 0.3105469 0.8101807 0 0.2827148 0.8288574 0 0.25 0.8354492 0 0.2172852 0.8289795 0 0.1895752 0.8105469 0 0.1710205 0.7828369 0 0.1644287 0.7502441 0 0.1707764 0.7175293 0 0.189209 0.6896973 0 0.2167969 0.6711426 0 0.2495117 0.6645508 0 0.2739258 0.6911621 0 0.2944336 0.704834 0 0.3083496 0.7255859 0 0.3132324 0.7497559 0 0.3085937 0.7740479 0 0.2949219 0.7946777 0 0.2741699 0.8084717 0 0.25 0.8134766 0 0.225708 0.8087158 0 0.2050781 0.7949219 0 0.1912842 0.7744141 0 0.1864014 0.7501221 0 0.1911621 0.7258301 0 0.204834 0.7053223 0 0.2253418 0.6914063 0 0.2496338 0.6865234 0 0.2661133 0.7104492 0 0.2800293 0.7197266 0 0.2893066 0.7333984 0 0.2927246 0.7497559 0 0.2893066 0.7662354 0 0.2802734 0.7801514 0 0.2663574 0.7894287 0 0.25 0.7927246 0 0.2335205 0.7895508 0 0.2196045 0.7802734 0 0.2103271 0.7664795 0 0.2070312 0.7501221 0 0.2102051 0.7336426 0 0.2194824 0.7197266 0 0.2332764 0.7104492 0 0.2496338 0.7072754 0 0.2578125 0.7307129 0 0.2646484 0.7353516 0 0.269043 0.7421875 0 0.270752 0.7501221 0 0.269043 0.7580566 0 0.2644043 0.7647705 0 0.2575684 0.7692871 0 0.2496338 0.770874 0 0.2416992 0.769165 0 0.2349854 0.7646484 0 0.2304687 0.7578125 0 0.2290039 0.7497559 0 0.2305908 0.7419434 0 0.2351074 0.7351074 0 0.2419434 0.7307129 0 0.25 0.7290039 0 0.2498779 0.75 0 0.338623 0.5324707 0 0.4150391 0.5830078 0 0.3254395 0.5649414 0 0.390625 0.6079102 0 0.4663086 0.6589355 0 0.4343262 0.6726074 0 0.4848633 0.7487793 0 0.4499512 0.7492676 0 0.4672852 0.8388672 0 0.4350586 0.8259277 0 0.416748 0.9154663 0 0.3918457 0.8909912 0 0.3405762 0.9667664 0 0.3269043 0.9346924 0 0.2504883 0.9849396 0 0.2502441 0.9500732 0 0.1605225 0.9672852 0 0.1737061 0.9349976 0 0.08422852 0.9165649 0 0.1087036 0.8917236 0 0.03314209 0.8404541 0 0.06524658 0.8269043 0 0.01506042 0.7507324 0 0.04992676 0.7504883 0 0.03262329 0.6608887 0 0.06494141 0.6740723 0 0.08319092 0.5847168 0 0.1080322 0.6091309 0 0.1589355 0.5334473 0 0.1726074 0.5656738 0 0.2486572 0.5151367 0 0.2490234 0.5500488 0 0.3139648 0.5935059 0 0.3688965 0.6298828 0 0.4057617 0.6845703 0 0.4189453 0.7495117 0 0.40625 0.814209 0 0.369873 0.8692627 0 0.3149414 0.9061279 0 0.2502441 0.9191895 0 0.1854248 0.9063721 0 0.1304932 0.869751 0 0.09381104 0.8149414 0 0.08087158 0.7503662 0 0.09356689 0.685791 0 0.1300049 0.6308594 0 0.1846924 0.5939941 0 0.2492676 0.5810547 0 0.3017578 0.623291 0 0.3461914 0.652832 0 0.3762207 0.6970215 0 0.3869629 0.7495117 0 0.376709 0.802002 0 0.3469238 0.8465576 0 0.3024902 0.8764038 0 0.2502441 0.8870239 0 0.1977539 0.8766479 0 0.1531982 0.8470459 0 0.1234131 0.8027344 0 0.112915 0.7503662 0 0.12323 0.697998 0 0.15271 0.6535645 0 0.1970215 0.6237793 0 0.2492676 0.6130371 0 0.2912598 0.6484375 0 0.3269043 0.6721191 0 0.3508301 0.7075195 0 0.359375 0.7495117 0 0.3513184 0.7915039 0 0.3276367 0.8272705 0 0.2919922 0.8511963 0 0.25 0.8596191 0 0.2081299 0.8514404 0 0.1724854 0.8277588 0 0.1486816 0.7922363 0 0.1401367 0.7502441 0 0.1484375 0.708252 0 0.1719971 0.6728516 0 0.2075195 0.6489258 0 0.2493896 0.6403809 0 0.2822266 0.6708984 0 0.3100586 0.689209 0 0.3286133 0.717041 0 0.3352051 0.7497559 0 0.3288574 0.7823486 0 0.3105469 0.8101807 0 0.2827148 0.8288574 0 0.25 0.8354492 0 0.2172852 0.8289795 0 0.1895752 0.8105469 0 0.1710205 0.7828369 0 0.1644287 0.7502441 0 0.1707764 0.7175293 0 0.189209 0.6896973 0 0.2167969 0.6711426 0 0.2495117 0.6645508 0 0.2739258 0.6911621 0 0.2944336 0.704834 0 0.3083496 0.7255859 0 0.3132324 0.7497559 0 0.3085937 0.7740479 0 0.2949219 0.7946777 0 0.2741699 0.8084717 0 0.25 0.8134766 0 0.225708 0.8087158 0 0.2050781 0.7949219 0 0.1912842 0.7744141 0 0.1864014 0.7501221 0 0.1911621 0.7258301 0 0.204834 0.7053223 0 0.2253418 0.6914063 0 0.2496338 0.6865234 0 0.2661133 0.7104492 0 0.2800293 0.7197266 0 0.2893066 0.7333984 0 0.2927246 0.7497559 0 0.2893066 0.7662354 0 0.2802734 0.7801514 0 0.2663574 0.7894287 0 0.25 0.7927246 0 0.2335205 0.7895508 0 0.2196045 0.7802734 0 0.2103271 0.7664795 0 0.2070312 0.7501221 0 0.2102051 0.7336426 0 0.2194824 0.7197266 0 0.2332764 0.7104492 0 0.2496338 0.7072754 0 0.2578125 0.7307129 0 0.2646484 0.7353516 0 0.269043 0.7421875 0 0.270752 0.7501221 0 0.269043 0.7580566 0 0.2644043 0.7647705 0 0.2575684 0.7692871 0 0.2496338 0.770874 0 0.2416992 0.769165 0 0.2349854 0.7646484 0 0.2304687 0.7578125 0 0.2290039 0.7497559 0 0.2305908 0.7419434 0 0.2351074 0.7351074 0 0.2419434 0.7307129 0 0.25 0.7290039 0 0.2498779 0.75 0</float_array>
          <technique_common>
            <accessor source="#geom-bombShape_1-map1-array" count="1331" stride="3">
              <param name="S" type="float"/>
              <param name="T" type="float"/>
              <param name="P" type="float"/>
            </accessor>
          </technique_common>
        </source>
        <vertices id="geom-bombShape_1-vertices">
          <input semantic="POSITION" source="#geom-bombShape_1-positions"/>
        </vertices>
        <triangles material="phong2__sfx_0xd6091069_____NORMEXP16___VTC_" count="2392">
          <input semantic="VERTEX" source="#geom-bombShape_1-vertices" offset="0"/>
          <input semantic="NORMAL" source="#geom-bombShape_1-normals" offset="1"/>
          <input semantic="COLOR" source="#geom-bombShape_1-map0" offset="2" set="0"/>
          <input semantic="TEXCOORD" source="#geom-bombShape_1-map1" offset="3" set="0"/>
          <p>0 0 0 0 20 1 20 20 218 2 218 218 1 3 1 1 0 0 0 0 209 4 209 209 21 5 21 21 0 0 0 0 2 6 2 2 20 1 20 20 0 0 0 0 21 5 21 21 0 0 0 0 1 3 1 1 2 6 2 2 20 1 20 20 18 7 18 18 217 8 217 217 19 9 19 19 20 1 20 20 21 5 21 21 18 7 18 18 20 1 20 20 19 9 19 19 21 5 21 21 2 6 2 2 32 10 32 32 31 11 31 31 21 5 21 21 32 10 32 32 19 9 19 19 21 5 21 21 31 11 31 31 32 10 32 32 2 6 2 2 22 12 22 22 2 6 2 2 3 13 3 3 22 12 22 22 2 6 2 2 1 3 1 1 3 13 3 3 4 14 4 4 1 3 1 1 210 15 210 210 1 3 1 1 4 14 4 4 3 13 3 3 3 13 3 3 5 16 5 5 23 17 23 23 22 12 22 22 3 13 3 3 23 17 23 23 3 13 3 3 4 14 4 4 5 16 5 5 43 18 43 43 22 12 22 22 33 19 33 33 32 10 32 32 22 12 22 22 43 18 43 43 22 12 22 22 23 17 23 23 33 19 33 33 42 20 42 42 32 10 32 32 43 18 43 43 31 11 31 31 32 10 32 32 42 20 42 42 41 21 41 41 31 11 31 31 42 20 42 42 30 22 30 30 31 11 31 31 41 21 41 41 30 22 30 30 19 9 19 19 31 11 31 31 17 23 17 17 19 9 19 19 30 22 30 30 17 23 17 17 18 7 18 18 19 9 19 19 18 7 18 18 16 24 16 16 216 25 216 216 16 24 16 16 18 7 18 18 17 23 17 17 29 26 29 29 17 23 17 17 30 22 30 30 15 27 15 15 17 23 17 17 29 26 29 29 15 27 15 15 16 24 16 16 17 23 17 17 40 28 40 40 30 22 30 30 41 21 41 41 29 26 29 29 30 22 30 30 40 28 40 40 41 21 41 41 42 20 42 42 52 29 52 52 51 30 51 51 41 21 41 41 52 29 52 52 40 28 40 40 41 21 41 41 51 30 51 51 42 20 42 42 43 18 43 43 53 31 53 53 52 29 52 52 42 20 42 42 53 31 53 53 43 18 43 43 33 19 33 33 54 32 54 54 53 31 53 53 43 18 43 43 54 32 54 54 54 32 54 54 33 19 33 33 44 33 44 44 33 19 33 33 34 34 34 34 44 33 44 44 33 19 33 33 23 17 23 23 34 34 34 34 23 17 23 23 24 35 24 24 34 34 34 34 23 17 23 23 5 16 5 5 24 35 24 24 5 16 5 5 7 36 7 7 24 35 24 24 5 16 5 5 6 37 6 6 7 36 7 7 4 14 4 4 6 37 6 6 5 16 5 5 6 37 6 6 4 14 4 4 211 38 211 211 8 39 8 8 6 37 6 6 212 40 212 212 6 37 6 6 8 39 8 8 7 36 7 7 7 36 7 7 9 41 9 9 25 42 25 25 24 35 24 24 7 36 7 7 25 42 25 25 7 36 7 7 8 39 8 8 9 41 9 9 24 35 24 24 25 42 25 25 35 43 35 35 34 34 34 34 24 35 24 24 35 43 35 35 34 34 34 34 35 43 35 35 45 44 45 45 44 33 44 44 34 34 34 34 45 44 45 45 65 45 65 65 44 33 44 44 55 46 55 55 54 32 54 54 44 33 44 44 65 45 65 65 44 33 44 44 45 44 45 45 55 46 55 55 64 47 64 64 54 32 54 54 65 45 65 65 53 31 53 53 54 32 54 54 64 47 64 64 63 48 63 63 53 31 53 53 64 47 64 64 52 29 52 52 53 31 53 53 63 48 63 63 62 49 62 62 52 29 52 52 63 48 63 63 51 30 51 51 52 29 52 52 62 49 62 62 61 50 61 61 51 30 51 51 62 49 62 62 50 51 50 50 51 30 51 51 61 50 61 61 50 51 50 50 40 28 40 40 51 30 51 51 39 52 39 39 40 28 40 40 50 51 50 50 39 52 39 39 29 26 29 29 40 28 40 40 28 53 28 28 29 26 29 29 39 52 39 39 28 53 28 28 15 27 15 15 29 26 29 29 13 54 13 13 15 27 15 15 28 53 28 28 14 55 14 14 16 24 16 16 15 27 15 15 13 54 13 13 14 55 14 14 15 27 15 15 16 24 16 16 14 55 14 14 215 56 215 215 14 55 14 14 11 57 11 11 214 58 214 214 11 57 11 11 14 55 14 14 13 54 13 13 27 59 27 27 13 54 13 13 28 53 28 28 12 60 12 12 13 54 13 13 27 59 27 27 12 60 12 12 11 57 11 11 13 54 13 13 38 61 38 38 28 53 28 28 39 52 39 39 27 59 27 27 28 53 28 28 38 61 38 38 49 62 49 49 39 52 39 39 50 51 50 50 38 61 38 38 39 52 39 39 49 62 49 49 60 63 60 60 50 51 50 50 61 50 61 61 49 62 49 49 50 51 50 50 60 63 60 60 61 50 61 61 62 49 62 62 72 64 72 72 71 65 71 71 61 50 61 61 72 64 72 72 60 63 60 60 61 50 61 61 71 65 71 71 62 49 62 62 63 48 63 63 73 66 73 73 72 64 72 72 62 49 62 62 73 66 73 73 63 48 63 63 64 47 64 64 74 67 74 74 73 66 73 73 63 48 63 63 74 67 74 74 64 47 64 64 65 45 65 65 75 68 75 75 74 67 74 74 64 47 64 64 75 68 75 75 65 45 65 65 55 46 55 55 76 69 76 76 75 68 75 75 65 45 65 65 76 69 76 76 76 69 76 76 55 46 55 55 66 70 66 66 55 46 55 55 56 71 56 56 66 70 66 66 55 46 55 55 45 44 45 45 56 71 56 56 45 44 45 45 46 72 46 46 56 71 56 56 45 44 45 45 35 43 35 35 46 72 46 46 56 71 56 56 57 73 57 57 67 74 67 67 66 70 66 66 56 71 56 56 67 74 67 67 56 71 56 56 46 72 46 46 57 73 57 57 66 70 66 66 67 74 67 67 77 75 77 77 87 76 87 87 66 70 66 66 77 75 77 77 76 69 76 76 66 70 66 66 87 76 87 87 86 77 86 86 76 69 76 76 87 76 87 87 75 68 75 75 76 69 76 76 86 77 86 86 74 67 74 74 75 68 75 75 86 77 86 86 74 67 74 74 86 77 86 86 85 78 85 85 84 79 84 84 74 67 74 74 85 78 85 85 73 66 73 73 74 67 74 74 84 79 84 84 72 64 72 72 73 66 73 73 83 80 83 83 83 80 83 83 73 66 73 73 84 79 84 84 82 81 82 82 72 64 72 72 83 80 83 83 71 65 71 71 72 64 72 72 82 81 82 82 83 80 83 83 84 79 84 84 94 82 94 94 93 83 93 93 83 80 83 83 94 82 94 94 82 81 82 82 83 80 83 83 93 83 93 93 84 79 84 84 85 78 85 85 95 84 95 95 94 82 94 94 84 79 84 84 95 84 95 95 85 78 85 85 86 77 86 86 96 85 96 96 95 84 95 95 85 78 85 85 96 85 96 96 86 77 86 86 87 76 87 87 97 86 97 97 96 85 96 96 86 77 86 86 97 86 97 97 87 76 87 87 77 75 77 77 98 87 98 98 97 86 97 97 87 76 87 87 98 87 98 98 98 87 98 98 77 75 77 77 88 88 88 88 77 75 77 77 78 89 78 78 88 88 88 88 77 75 77 77 67 74 67 67 78 89 78 78 67 74 67 67 68 90 68 68 78 89 78 78 67 74 67 67 57 73 57 57 68 90 68 68 57 73 57 57 58 91 58 58 68 90 68 68 57 73 57 57 47 92 47 47 58 91 58 58 46 72 46 46 47 92 47 47 57 73 57 57 46 72 46 46 36 93 36 36 47 92 47 47 35 43 35 35 36 93 36 36 46 72 46 46 47 92 47 47 48 94 48 48 58 91 58 58 47 92 47 47 37 95 37 37 48 94 48 48 36 93 36 36 37 95 37 37 47 92 47 47 58 91 58 58 59 96 59 59 69 97 69 69 68 90 68 68 58 91 58 58 69 97 69 69 58 91 58 58 48 94 48 48 59 96 59 59 68 90 68 68 69 97 69 69 80 98 80 80 68 90 68 68 80 98 80 80 79 99 79 79 78 89 78 78 68 90 68 68 79 99 79 79 78 89 78 78 79 99 79 79 89 100 89 89 88 88 88 88 78 89 78 78 89 100 89 89 109 101 109 109 88 88 88 88 99 102 99 99 98 87 98 98 88 88 88 88 109 101 109 109 88 88 88 88 89 100 89 89 99 102 99 99 108 103 108 108 98 87 98 98 109 101 109 109 97 86 97 97 98 87 98 98 108 103 108 108 107 104 107 107 97 86 97 97 108 103 108 108 96 85 96 96 97 86 97 97 107 104 107 107 106 105 106 106 96 85 96 96 107 104 107 107 95 84 95 95 96 85 96 96 106 105 106 106 105 106 105 105 95 84 95 95 106 105 106 106 94 82 94 94 95 84 95 95 105 106 105 105 104 107 104 104 94 82 94 94 105 106 105 105 93 83 93 93 94 82 94 94 104 107 104 104 105 106 105 105 106 105 106 106 116 108 116 116 115 109 115 115 105 106 105 105 116 108 116 116 104 107 104 104 105 106 105 105 115 109 115 115 106 105 106 106 107 104 107 107 117 110 117 117 116 108 116 116 106 105 106 106 117 110 117 117 107 104 107 107 108 103 108 108 118 111 118 118 117 110 117 117 107 104 107 107 118 111 118 118 108 103 108 108 109 101 109 109 119 112 119 119 118 111 118 118 108 103 108 108 119 112 119 119 109 101 109 109 99 102 99 99 120 113 120 120 119 112 119 119 109 101 109 109 120 113 120 120 120 113 120 120 99 102 99 99 110 114 110 110 99 102 99 99 100 115 100 100 110 114 110 110 99 102 99 99 89 100 89 89 100 115 100 100 89 100 89 89 90 116 90 90 100 115 100 100 89 100 89 89 79 99 79 79 90 116 90 90 79 99 79 79 80 98 80 80 90 116 90 90 80 98 80 80 81 117 81 81 91 118 91 91 90 116 90 90 80 98 80 80 91 118 91 91 80 98 80 80 70 119 70 70 81 117 81 81 69 97 69 69 70 119 70 70 80 98 80 80 69 97 69 69 59 96 59 59 70 119 70 70 91 118 91 91 92 120 92 92 102 121 102 102 101 122 101 101 91 118 91 91 102 121 102 102 90 116 90 90 91 118 91 91 101 122 101 101 91 118 91 91 81 117 81 81 92 120 92 92 100 115 100 100 90 116 90 90 101 122 101 101 100 115 100 100 101 122 101 101 111 123 111 111 110 114 110 110 100 115 100 100 111 123 111 111 131 124 131 131 110 114 110 110 121 125 121 121 120 113 120 120 110 114 110 110 131 124 131 131 110 114 110 110 111 123 111 111 121 125 121 121 130 126 130 130 120 113 120 120 131 124 131 131 119 112 119 119 120 113 120 120 130 126 130 130 129 127 129 129 119 112 119 119 130 126 130 130 118 111 118 118 119 112 119 119 129 127 129 129 128 128 128 128 118 111 118 118 129 127 129 129 117 110 117 117 118 111 118 118 128 128 128 128 127 129 127 127 117 110 117 117 128 128 128 128 116 108 116 116 117 110 117 117 127 129 127 127 126 130 126 126 116 108 116 116 127 129 127 127 115 109 115 115 116 108 116 116 126 130 126 126 127 129 127 127 138 131 138 138 137 132 137 137 127 129 127 127 128 128 128 128 138 131 138 138 136 133 136 136 127 129 127 127 137 132 137 137 126 130 126 126 127 129 127 127 136 133 136 136 128 128 128 128 129 127 129 129 138 131 138 138 129 127 129 129 130 126 130 130 139 134 139 139 138 131 138 138 129 127 129 129 139 134 139 139 130 126 130 130 131 124 131 131 140 135 140 140 139 134 139 139 130 126 130 130 140 135 140 140 131 124 131 131 121 125 121 121 141 136 141 141 140 135 140 140 131 124 131 131 141 136 141 141 121 125 121 121 132 137 132 132 142 138 142 142 141 136 141 141 121 125 121 121 142 138 142 142 121 125 121 121 122 139 122 122 132 137 132 132 121 125 121 121 111 123 111 111 122 139 122 122 111 123 111 111 112 140 112 112 122 139 122 122 111 123 111 111 101 122 101 101 112 140 112 112 101 122 101 101 102 121 102 102 112 140 112 112 102 121 102 102 103 141 103 103 113 142 113 113 112 140 112 112 102 121 102 102 113 142 113 113 102 121 102 102 92 120 92 92 103 141 103 103 112 140 112 112 113 142 113 113 123 143 123 123 122 139 122 122 112 140 112 112 123 143 123 123 122 139 122 122 123 143 123 123 132 137 132 132 132 137 132 132 133 144 133 133 144 145 144 144 143 146 143 143 132 137 132 132 144 145 144 144 142 138 142 142 132 137 132 132 143 146 143 143 132 137 132 132 123 143 123 123 133 144 133 133 153 147 153 153 142 138 142 142 143 146 143 143 141 136 141 141 142 138 142 142 153 147 153 153 152 148 152 152 141 136 141 141 153 147 153 153 140 135 140 140 141 136 141 141 152 148 152 152 151 149 151 151 140 135 140 140 152 148 152 152 139 134 139 139 140 135 140 140 151 149 151 151 150 150 150 150 139 134 139 139 151 149 151 151 138 131 138 138 139 134 139 139 150 150 150 150 149 151 149 149 138 131 138 138 150 150 150 150 137 132 137 137 138 131 138 138 149 151 149 149 148 152 148 148 137 132 137 137 149 151 149 149 136 133 136 136 137 132 137 137 148 152 148 148 149 151 149 149 150 150 150 150 160 153 160 160 159 154 159 159 149 151 149 149 160 153 160 160 148 152 148 148 149 151 149 149 159 154 159 159 150 150 150 150 151 149 151 151 161 155 161 161 160 153 160 160 150 150 150 150 161 155 161 161 151 149 151 151 152 148 152 152 162 156 162 162 161 155 161 161 151 149 151 151 162 156 162 162 152 148 152 152 153 147 153 153 163 157 163 163 162 156 162 162 152 148 152 152 163 157 163 163 153 147 153 153 143 146 143 143 164 158 164 164 163 157 163 163 153 147 153 153 164 158 164 164 164 158 164 164 143 146 143 143 154 159 154 154 143 146 143 143 144 145 144 144 154 159 154 154 144 145 144 144 145 160 145 145 155 161 155 155 154 159 154 154 144 145 144 144 155 161 155 155 144 145 144 144 133 144 133 133 145 160 145 145 133 144 133 133 124 162 124 124 134 163 134 134 133 144 133 133 134 163 134 134 145 160 145 145 123 143 123 123 124 162 124 124 133 144 133 133 123 143 123 123 113 142 113 113 124 162 124 124 113 142 113 113 114 164 114 114 124 162 124 124 113 142 113 113 103 141 103 103 114 164 114 114 124 162 124 124 125 165 125 125 134 163 134 134 124 162 124 124 114 164 114 114 125 165 125 125 134 163 134 134 135 166 135 135 146 167 146 146 145 160 145 145 134 163 134 134 146 167 146 146 134 163 134 134 125 165 125 125 135 166 135 135 145 160 145 145 146 167 146 146 156 168 156 156 155 161 155 155 145 160 145 145 156 168 156 156 155 161 155 155 156 168 156 156 166 169 166 166 165 170 165 165 155 161 155 155 166 169 166 166 154 159 154 154 155 161 155 155 165 170 165 165 175 171 175 175 154 159 154 154 165 170 165 165 164 158 164 164 154 159 154 154 175 171 175 175 174 172 174 174 164 158 164 164 175 171 175 175 163 157 163 163 164 158 164 164 174 172 174 174 173 173 173 173 163 157 163 163 174 172 174 174 162 156 162 162 163 157 163 163 173 173 173 173 172 174 172 172 162 156 162 162 173 173 173 173 161 155 161 161 162 156 162 162 172 174 172 172 171 175 171 171 161 155 161 161 172 174 172 172 160 153 160 160 161 155 161 161 171 175 171 171 170 176 170 170 160 153 160 160 171 175 171 171 159 154 159 159 160 153 160 160 170 176 170 170 171 175 171 171 172 174 172 172 182 177 182 182 181 178 181 181 171 175 171 171 182 177 182 182 170 176 170 170 171 175 171 171 181 178 181 181 172 174 172 172 173 173 173 173 183 179 183 183 182 177 182 182 172 174 172 172 183 179 183 183 173 173 173 173 174 172 174 174 184 180 184 184 183 179 183 183 173 173 173 173 184 180 184 184 174 172 174 174 175 171 175 175 185 181 185 185 184 180 184 184 174 172 174 174 185 181 185 185 175 171 175 175 165 170 165 165 186 182 186 186 185 181 185 185 175 171 175 175 186 182 186 186 186 182 186 186 165 170 165 165 176 183 176 176 165 170 165 165 166 169 166 166 176 183 176 176 166 169 166 166 167 184 167 167 177 185 177 177 176 183 176 176 166 169 166 166 177 185 177 177 166 169 166 166 156 168 156 156 167 184 167 167 156 168 156 156 157 186 157 157 167 184 167 167 156 168 156 156 146 167 146 146 157 186 157 157 146 167 146 146 147 187 147 147 157 186 157 157 146 167 146 146 135 166 135 135 147 187 147 147 157 186 157 157 158 188 158 158 168 189 168 168 167 184 167 167 157 186 157 157 168 189 168 168 157 186 157 157 147 187 147 147 158 188 158 158 167 184 167 167 168 189 168 168 178 190 178 178 177 185 177 177 167 184 167 167 178 190 178 178 177 185 177 177 178 190 178 178 188 191 188 188 187 192 187 187 177 185 177 177 188 191 188 188 176 183 176 176 177 185 177 177 187 192 187 187 197 193 197 197 176 183 176 176 187 192 187 187 186 182 186 186 176 183 176 176 197 193 197 197 196 194 196 196 186 182 186 186 197 193 197 197 185 181 185 185 186 182 186 186 196 194 196 196 195 195 195 195 185 181 185 185 196 194 196 196 184 180 184 184 185 181 185 185 195 195 195 195 194 196 194 194 184 180 184 184 195 195 195 195 183 179 183 183 184 180 184 184 194 196 194 194 193 197 193 193 183 179 183 183 194 196 194 194 182 177 182 182 183 179 183 183 193 197 193 193 192 198 192 192 182 177 182 182 193 197 193 193 181 178 181 181 182 177 182 182 192 198 192 192 193 197 193 193 194 196 194 194 204 199 204 204 203 200 203 203 193 197 193 193 204 199 204 204 192 198 192 192 193 197 193 193 203 200 203 203 194 196 194 194 195 195 195 195 205 201 205 205 204 199 204 204 194 196 194 194 205 201 205 205 195 195 195 195 196 194 196 196 206 202 206 206 205 201 205 205 195 195 195 195 206 202 206 206 196 194 196 196 197 193 197 197 207 203 207 207 206 202 206 206 196 194 196 196 207 203 207 207 197 193 197 197 187 192 187 187 208 204 208 208 207 203 207 207 197 193 197 197 208 204 208 208 208 204 208 208 187 192 187 187 198 205 198 198 187 192 187 187 188 191 188 188 198 205 198 198 188 191 188 188 189 206 189 189 199 207 199 199 198 205 198 198 188 191 188 188 199 207 199 199 188 191 188 188 178 190 178 178 189 206 189 189 178 190 178 178 179 208 179 179 189 206 189 189 178 190 178 178 168 189 168 168 179 208 179 179 168 189 168 168 169 209 169 169 179 208 179 179 168 189 168 168 158 188 158 158 169 209 169 169 179 208 179 179 180 210 180 180 190 211 190 190 189 206 189 189 179 208 179 179 190 211 190 190 179 208 179 179 169 209 169 169 180 210 180 180 189 206 189 189 190 211 190 190 200 212 200 200 199 207 199 199 189 206 189 189 200 212 200 200 199 207 199 199 200 212 200 200 220 213 220 220 198 205 198 198 199 207 199 199 219 214 219 219 208 204 208 208 198 205 198 198 228 215 228 228 207 203 207 207 208 204 208 208 227 216 227 227 206 202 206 206 207 203 207 207 226 217 226 226 205 201 205 205 206 202 206 206 225 218 225 225 204 199 204 204 205 201 205 205 224 219 224 224 203 200 203 203 204 199 204 204 223 220 223 223 200 212 200 200 201 221 201 201 221 222 221 221 200 212 200 200 190 211 190 190 201 221 201 201 190 211 190 190 191 223 191 191 201 221 201 201 190 211 190 190 180 210 180 180 191 223 191 191 201 221 201 201 202 224 202 202 222 225 222 222 201 221 201 201 191 223 191 191 202 224 202 202 36 93 36 36 26 226 26 26 37 95 37 37 25 42 25 25 26 226 26 26 36 93 36 36 35 43 35 35 25 42 25 25 36 93 36 36 25 42 25 25 9 41 9 9 26 226 26 26 10 227 10 10 11 57 11 11 12 60 12 12 11 57 11 11 10 227 10 10 213 228 213 213 229 229 229 229 447 230 447 447 249 231 249 249 231 232 231 231 438 233 438 438 229 229 229 229 229 229 229 229 250 234 250 250 230 235 230 230 249 231 249 249 250 234 250 250 229 229 229 229 229 229 229 229 230 235 230 230 231 232 231 231 249 231 249 249 446 236 446 446 247 237 247 247 249 231 249 249 248 238 248 248 250 234 250 250 247 237 247 247 248 238 248 248 249 231 249 249 250 234 250 250 261 239 261 261 230 235 230 230 250 234 250 250 260 240 260 260 261 239 261 261 248 238 248 248 260 240 260 260 250 234 250 250 230 235 230 230 261 239 261 261 251 241 251 251 230 235 230 230 251 241 251 251 232 242 232 232 231 232 231 231 230 235 230 230 232 242 232 232 233 243 233 233 439 244 439 439 231 232 231 231 231 232 231 231 232 242 232 232 233 243 233 233 232 242 232 232 252 245 252 252 234 246 234 234 232 242 232 232 251 241 251 251 252 245 252 252 233 243 233 233 232 242 232 232 234 246 234 234 251 241 251 251 272 247 272 272 262 248 262 262 261 239 261 261 272 247 272 272 251 241 251 251 251 241 251 251 262 248 262 262 252 245 252 252 261 239 261 261 271 249 271 271 272 247 272 272 260 240 260 260 271 249 271 271 261 239 261 261 260 240 260 260 270 250 270 270 271 249 271 271 259 251 259 259 270 250 270 270 260 240 260 260 248 238 248 248 259 251 259 259 260 240 260 260 246 252 246 246 259 251 259 259 248 238 248 248 247 237 247 247 246 252 246 246 248 238 248 248 247 237 247 247 445 253 445 445 245 254 245 245 245 254 245 245 246 252 246 246 247 237 247 247 246 252 246 246 258 255 258 258 259 251 259 259 244 256 244 244 258 255 258 258 246 252 246 246 245 254 245 245 244 256 244 244 246 252 246 246 259 251 259 259 269 257 269 269 270 250 270 270 258 255 258 258 269 257 269 269 259 251 259 259 270 250 270 270 281 258 281 281 271 249 271 271 270 250 270 270 280 259 280 280 281 258 281 281 269 257 269 269 280 259 280 280 270 250 270 270 271 249 271 271 282 260 282 282 272 247 272 272 271 249 271 271 281 258 281 281 282 260 282 282 272 247 272 272 283 261 283 283 262 248 262 262 272 247 272 272 282 260 282 282 283 261 283 283 262 248 262 262 283 261 283 283 273 262 273 273 262 248 262 262 273 262 273 273 263 263 263 263 252 245 252 252 262 248 262 262 263 263 263 263 252 245 252 252 263 263 263 263 253 264 253 253 234 246 234 234 252 245 252 252 253 264 253 253 234 246 234 234 253 264 253 253 236 265 236 236 235 266 235 235 234 246 234 234 236 265 236 236 233 243 233 233 234 246 234 234 235 266 235 235 235 266 235 235 440 267 440 440 233 243 233 233 237 268 237 237 441 269 441 441 235 266 235 235 235 266 235 235 236 265 236 236 237 268 237 237 236 265 236 236 254 270 254 254 238 271 238 238 236 265 236 236 253 264 253 253 254 270 254 254 237 268 237 237 236 265 236 236 238 271 238 238 253 264 253 253 264 272 264 264 254 270 254 254 253 264 253 253 263 263 263 263 264 272 264 264 263 263 263 263 274 273 274 274 264 272 264 264 263 263 263 263 273 262 273 273 274 273 274 274 273 262 273 273 294 274 294 294 284 275 284 284 283 261 283 283 294 274 294 294 273 262 273 273 273 262 273 273 284 275 284 284 274 273 274 274 283 261 283 283 293 276 293 293 294 274 294 294 282 260 282 282 293 276 293 293 283 261 283 283 282 260 282 282 292 277 292 292 293 276 293 293 281 258 281 281 292 277 292 292 282 260 282 282 281 258 281 281 291 278 291 291 292 277 292 292 280 259 280 280 291 278 291 291 281 258 281 281 280 259 280 280 290 279 290 290 291 278 291 291 279 280 279 279 290 279 290 290 280 259 280 280 269 257 269 269 279 280 279 279 280 259 280 280 268 281 268 268 279 280 279 279 269 257 269 269 258 255 258 258 268 281 268 268 269 257 269 269 257 282 257 257 268 281 268 268 258 255 258 258 244 256 244 244 257 282 257 257 258 255 258 258 242 283 242 242 257 282 257 257 244 256 244 244 243 284 243 243 244 256 244 244 245 254 245 245 243 284 243 243 242 283 242 242 244 256 244 244 245 254 245 245 444 285 444 444 243 284 243 243 243 284 243 243 443 286 443 443 241 287 241 241 241 287 241 241 242 283 242 242 243 284 243 243 242 283 242 242 256 288 256 256 257 282 257 257 240 289 240 240 256 288 256 256 242 283 242 242 241 287 241 241 240 289 240 240 242 283 242 242 257 282 257 257 267 290 267 267 268 281 268 268 256 288 256 256 267 290 267 267 257 282 257 257 268 281 268 268 278 291 278 278 279 280 279 279 267 290 267 267 278 291 278 278 268 281 268 268 279 280 279 279 289 292 289 289 290 279 290 290 278 291 278 278 289 292 289 289 279 280 279 279 290 279 290 290 301 293 301 301 291 278 291 291 290 279 290 290 300 294 300 300 301 293 301 301 289 292 289 289 300 294 300 300 290 279 290 290 291 278 291 291 302 295 302 302 292 277 292 292 291 278 291 291 301 293 301 301 302 295 302 302 292 277 292 292 303 296 303 303 293 276 293 293 292 277 292 292 302 295 302 302 303 296 303 303 293 276 293 293 304 297 304 304 294 274 294 294 293 276 293 293 303 296 303 303 304 297 304 304 294 274 294 294 305 298 305 305 284 275 284 284 294 274 294 294 304 297 304 304 305 298 305 305 284 275 284 284 305 298 305 305 295 299 295 295 284 275 284 284 295 299 295 295 285 300 285 285 274 273 274 274 284 275 284 284 285 300 285 285 274 273 274 274 285 300 285 285 275 301 275 275 264 272 264 264 274 273 274 274 275 301 275 275 285 300 285 285 296 302 296 296 286 303 286 286 285 300 285 285 295 299 295 295 296 302 296 296 275 301 275 275 285 300 285 285 286 303 286 286 295 299 295 295 306 304 306 306 296 302 296 296 295 299 295 295 316 305 316 316 306 304 306 306 305 298 305 305 316 305 316 316 295 299 295 295 305 298 305 305 315 306 315 315 316 305 316 316 304 297 304 304 315 306 315 315 305 298 305 305 303 296 303 303 315 306 315 315 304 297 304 304 303 296 303 303 314 307 314 314 315 306 315 315 303 296 303 303 313 308 313 313 314 307 314 314 302 295 302 302 313 308 313 313 303 296 303 303 301 293 301 301 312 309 312 312 302 295 302 302 302 295 302 302 312 309 312 312 313 308 313 313 301 293 301 301 311 310 311 311 312 309 312 312 300 294 300 300 311 310 311 311 301 293 301 301 312 309 312 312 323 311 323 323 313 308 313 313 312 309 312 312 322 312 322 322 323 311 323 323 311 310 311 311 322 312 322 322 312 309 312 312 313 308 313 313 324 313 324 324 314 307 314 314 313 308 313 313 323 311 323 323 324 313 324 324 314 307 314 314 325 314 325 325 315 306 315 315 314 307 314 314 324 313 324 324 325 314 325 325 315 306 315 315 326 315 326 326 316 305 316 316 315 306 315 315 325 314 325 325 326 315 326 326 316 305 316 316 327 316 327 327 306 304 306 306 316 305 316 316 326 315 326 326 327 316 327 327 306 304 306 306 327 316 327 327 317 317 317 317 306 304 306 306 317 317 317 317 307 318 307 307 296 302 296 296 306 304 306 306 307 318 307 307 296 302 296 296 307 318 307 307 297 319 297 297 286 303 286 286 296 302 296 296 297 319 297 297 286 303 286 286 297 319 297 297 287 320 287 287 276 321 276 276 286 303 286 286 287 320 287 287 275 301 275 275 286 303 286 286 276 321 276 276 265 322 265 265 275 301 275 275 276 321 276 276 264 272 264 264 275 301 275 275 265 322 265 265 276 321 276 276 287 320 287 287 277 323 277 277 266 324 266 266 276 321 276 276 277 323 277 277 265 322 265 265 276 321 276 276 266 324 266 266 287 320 287 287 298 325 298 298 288 326 288 288 287 320 287 287 297 319 297 297 298 325 298 298 277 323 277 277 287 320 287 287 288 326 288 288 297 319 297 297 308 327 308 308 309 328 309 309 297 319 297 297 309 328 309 309 298 325 298 298 297 319 297 297 307 318 307 307 308 327 308 308 307 318 307 307 318 329 318 318 308 327 308 308 307 318 307 307 317 317 317 317 318 329 318 318 317 317 317 317 338 330 338 338 328 331 328 328 327 316 327 327 338 330 338 338 317 317 317 317 317 317 317 317 328 331 328 328 318 329 318 318 327 316 327 327 337 332 337 337 338 330 338 338 326 315 326 326 337 332 337 337 327 316 327 327 326 315 326 326 336 333 336 336 337 332 337 337 325 314 325 325 336 333 336 336 326 315 326 326 325 314 325 325 335 334 335 335 336 333 336 336 324 313 324 324 335 334 335 335 325 314 325 325 324 313 324 324 334 335 334 334 335 334 335 335 323 311 323 323 334 335 334 334 324 313 324 324 323 311 323 323 333 336 333 333 334 335 334 334 322 312 322 322 333 336 333 333 323 311 323 323 334 335 334 334 345 337 345 345 335 334 335 335 334 335 334 334 344 338 344 344 345 337 345 345 333 336 333 333 344 338 344 344 334 335 334 334 335 334 335 335 346 339 346 346 336 333 336 336 335 334 335 335 345 337 345 345 346 339 346 346 336 333 336 336 347 340 347 347 337 332 337 337 336 333 336 336 346 339 346 346 347 340 347 347 337 332 337 337 348 341 348 348 338 330 338 338 337 332 337 337 347 340 347 347 348 341 348 348 338 330 338 338 349 342 349 349 328 331 328 328 338 330 338 338 348 341 348 348 349 342 349 349 328 331 328 328 349 342 349 349 339 343 339 339 328 331 328 328 339 343 339 339 329 344 329 329 318 329 318 318 328 331 328 328 329 344 329 329 318 329 318 318 329 344 329 329 319 345 319 319 308 327 308 308 318 329 318 318 319 345 319 319 308 327 308 308 319 345 319 319 309 328 309 309 309 328 309 309 320 346 320 320 310 347 310 310 309 328 309 309 319 345 319 319 320 346 320 320 299 348 299 299 309 328 309 309 310 347 310 310 298 325 298 298 309 328 309 309 299 348 299 299 288 326 288 288 298 325 298 298 299 348 299 299 310 347 310 310 320 346 320 320 321 349 321 321 320 346 320 320 331 350 331 331 321 349 321 321 320 346 320 320 330 351 330 330 331 350 331 331 319 345 319 319 330 351 330 330 320 346 320 320 319 345 319 319 329 344 329 329 330 351 330 330 329 344 329 329 340 352 340 340 330 351 330 330 329 344 329 329 339 343 339 339 340 352 340 340 339 343 339 339 360 353 360 360 350 354 350 350 349 342 349 349 360 353 360 360 339 343 339 339 339 343 339 339 350 354 350 350 340 352 340 340 349 342 349 349 359 355 359 359 360 353 360 360 348 341 348 348 359 355 359 359 349 342 349 349 348 341 348 348 358 356 358 358 359 355 359 359 347 340 347 347 358 356 358 358 348 341 348 348 347 340 347 347 357 357 357 357 358 356 358 358 346 339 346 346 357 357 357 357 347 340 347 347 346 339 346 346 356 358 356 356 357 357 357 357 345 337 345 345 356 358 356 356 346 339 346 346 345 337 345 345 355 359 355 355 356 358 356 356 344 338 344 344 355 359 355 355 345 337 345 345 356 358 356 356 366 360 366 366 367 361 367 367 356 358 356 356 367 361 367 367 357 357 357 357 356 358 356 356 365 362 365 365 366 360 366 366 355 359 355 355 365 362 365 365 356 358 356 356 357 357 357 357 367 361 367 367 358 356 358 358 358 356 358 358 368 363 368 368 359 355 359 359 358 356 358 358 367 361 367 367 368 363 368 368 359 355 359 359 369 364 369 369 360 353 360 360 359 355 359 359 368 363 368 368 369 364 369 369 360 353 360 360 370 365 370 370 350 354 350 350 360 353 360 360 369 364 369 369 370 365 370 370 350 354 350 350 371 366 371 371 361 367 361 361 350 354 350 350 370 365 370 370 371 366 371 371 350 354 350 350 361 367 361 361 351 368 351 351 340 352 340 340 350 354 350 350 351 368 351 351 340 352 340 340 351 368 351 351 341 369 341 341 330 351 330 330 340 352 340 340 341 369 341 341 330 351 330 330 341 369 341 341 331 350 331 331 331 350 331 331 342 370 342 342 332 371 332 332 331 350 331 331 341 369 341 341 342 370 342 342 321 349 321 321 331 350 331 331 332 371 332 332 341 369 341 341 352 372 352 352 342 370 342 342 341 369 341 341 351 368 351 351 352 372 352 352 351 368 351 351 361 367 361 361 352 372 352 352 361 367 361 361 373 373 373 373 362 374 362 362 361 367 361 361 372 375 372 372 373 373 373 373 371 366 371 371 372 375 372 372 361 367 361 361 352 372 352 352 361 367 361 361 362 374 362 362 371 366 371 371 382 376 382 382 372 375 372 372 370 365 370 370 382 376 382 382 371 366 371 371 370 365 370 370 381 377 381 381 382 376 382 382 369 364 369 369 381 377 381 381 370 365 370 370 369 364 369 369 380 378 380 380 381 377 381 381 368 363 368 368 380 378 380 380 369 364 369 369 368 363 368 368 379 379 379 379 380 378 380 380 367 361 367 367 379 379 379 379 368 363 368 368 367 361 367 367 378 380 378 378 379 379 379 379 366 360 366 366 378 380 378 378 367 361 367 367 366 360 366 366 377 381 377 377 378 380 378 378 365 362 365 365 377 381 377 377 366 360 366 366 378 380 378 378 389 382 389 389 379 379 379 379 378 380 378 378 388 383 388 388 389 382 389 389 377 381 377 377 388 383 388 388 378 380 378 378 379 379 379 379 390 384 390 390 380 378 380 380 379 379 379 379 389 382 389 389 390 384 390 390 380 378 380 380 391 385 391 391 381 377 381 381 380 378 380 380 390 384 390 390 391 385 391 391 381 377 381 381 392 386 392 392 382 376 382 382 381 377 381 381 391 385 391 391 392 386 392 392 382 376 382 382 393 387 393 393 372 375 372 372 382 376 382 382 392 386 392 392 393 387 393 393 372 375 372 372 393 387 393 393 383 388 383 383 372 375 372 372 383 388 383 383 373 373 373 373 373 373 373 373 384 389 384 384 374 390 374 374 373 373 373 373 383 388 383 383 384 389 384 384 362 374 362 362 373 373 373 373 374 390 374 374 352 372 352 352 362 374 362 362 353 391 353 353 362 374 362 362 374 390 374 374 363 392 363 363 353 391 353 353 362 374 362 362 363 392 363 363 342 370 342 342 352 372 352 352 353 391 353 353 342 370 342 342 353 391 353 353 343 393 343 343 332 371 332 332 342 370 342 342 343 393 343 343 353 391 353 353 363 392 363 363 354 394 354 354 343 393 343 343 353 391 353 353 354 394 354 354 363 392 363 363 375 395 375 375 364 396 364 364 363 392 363 363 374 390 374 374 375 395 375 375 354 394 354 354 363 392 363 363 364 396 364 364 374 390 374 374 385 397 385 385 375 395 375 375 374 390 374 374 384 389 384 384 385 397 385 385 384 389 384 384 395 398 395 395 385 397 385 385 384 389 384 384 394 399 394 394 395 398 395 395 383 388 383 383 394 399 394 394 384 389 384 384 383 388 383 383 404 400 404 404 394 399 394 394 393 387 393 393 404 400 404 404 383 388 383 383 393 387 393 393 403 401 403 403 404 400 404 404 392 386 392 392 403 401 403 403 393 387 393 393 392 386 392 392 402 402 402 402 403 401 403 403 391 385 391 391 402 402 402 402 392 386 392 392 391 385 391 391 401 403 401 401 402 402 402 402 390 384 390 390 401 403 401 401 391 385 391 391 390 384 390 390 400 404 400 400 401 403 401 401 389 382 389 389 400 404 400 400 390 384 390 390 389 382 389 389 399 405 399 399 400 404 400 400 388 383 388 388 399 405 399 399 389 382 389 389 400 404 400 400 411 406 411 411 401 403 401 401 400 404 400 400 410 407 410 410 411 406 411 411 399 405 399 399 410 407 410 410 400 404 400 400 401 403 401 401 412 408 412 412 402 402 402 402 401 403 401 401 411 406 411 411 412 408 412 412 402 402 402 402 413 409 413 413 403 401 403 403 402 402 402 402 412 408 412 412 413 409 413 413 403 401 403 403 414 410 414 414 404 400 404 404 403 401 403 403 413 409 413 413 414 410 414 414 404 400 404 404 415 411 415 415 394 399 394 394 404 400 404 404 414 410 414 414 415 411 415 415 394 399 394 394 415 411 415 415 405 412 405 405 394 399 394 394 405 412 405 405 395 398 395 395 395 398 395 395 406 413 406 406 396 414 396 396 395 398 395 395 405 412 405 405 406 413 406 406 385 397 385 385 395 398 395 395 396 414 396 396 385 397 385 385 396 414 396 396 386 415 386 386 375 395 375 375 385 397 385 385 386 415 386 386 375 395 375 375 386 415 386 386 376 416 376 376 364 396 364 364 375 395 375 375 376 416 376 376 386 415 386 386 397 417 397 397 387 418 387 387 386 415 386 386 396 414 396 396 397 417 397 397 376 416 376 376 386 415 386 386 387 418 387 387 396 414 396 396 407 419 407 407 397 417 397 397 396 414 396 396 406 413 406 406 407 419 407 407 406 413 406 406 417 420 417 417 407 419 407 407 406 413 406 406 416 421 416 416 417 420 417 417 405 412 405 405 416 421 416 416 406 413 406 406 405 412 405 405 426 422 426 426 416 421 416 416 415 411 415 415 426 422 426 426 405 412 405 405 415 411 415 415 425 423 425 425 426 422 426 426 414 410 414 414 425 423 425 425 415 411 415 415 414 410 414 414 424 424 424 424 425 423 425 425 413 409 413 413 424 424 424 424 414 410 414 414 413 409 413 413 423 425 423 423 424 424 424 424 412 408 412 412 423 425 423 423 413 409 413 413 412 408 412 412 422 426 422 422 423 425 423 423 411 406 411 411 422 426 422 422 412 408 412 412 411 406 411 411 421 427 421 421 422 426 422 422 410 407 410 410 421 427 421 421 411 406 411 411 422 426 422 422 433 428 433 433 423 425 423 423 422 426 422 422 432 429 432 432 433 428 433 433 421 427 421 421 432 429 432 432 422 426 422 422 423 425 423 423 434 430 434 434 424 424 424 424 423 425 423 423 433 428 433 433 434 430 434 434 424 424 424 424 435 431 435 435 425 423 425 425 424 424 424 424 434 430 434 434 435 431 435 435 425 423 425 425 436 432 436 436 426 422 426 426 425 423 425 425 435 431 435 435 436 432 436 436 426 422 426 426 437 433 437 437 416 421 416 416 426 422 426 426 436 432 436 436 437 433 437 437 416 421 416 416 437 433 437 437 427 434 427 427 416 421 416 416 427 434 427 427 417 420 417 417 417 420 417 417 428 435 428 428 418 436 418 418 417 420 417 417 427 434 427 427 428 435 428 428 407 419 407 407 417 420 417 417 418 436 418 418 407 419 407 407 418 436 418 418 408 437 408 408 397 417 397 397 407 419 407 407 408 437 408 408 397 417 397 397 408 437 408 408 398 438 398 398 387 418 387 387 397 417 397 397 398 438 398 398 408 437 408 408 419 439 419 419 409 440 409 409 408 437 408 408 418 436 418 418 419 439 419 419 398 438 398 398 408 437 408 408 409 440 409 409 418 436 418 418 429 441 429 429 419 439 419 419 418 436 418 418 428 435 428 428 429 441 429 429 428 435 428 428 449 442 449 449 429 441 429 429 427 434 427 427 448 443 448 448 428 435 428 428 437 433 437 437 457 444 457 457 427 434 427 427 436 432 436 436 456 445 456 456 437 433 437 437 435 431 435 435 455 446 455 455 436 432 436 436 434 430 434 434 454 447 454 454 435 431 435 435 433 428 433 433 453 448 453 453 434 430 434 434 432 429 432 432 452 449 452 452 433 428 433 433 429 441 429 429 450 450 450 450 430 451 430 430 419 439 419 419 429 441 429 429 430 451 430 430 419 439 419 419 430 451 430 430 420 452 420 420 409 440 409 409 419 439 419 419 420 452 420 420 430 451 430 430 451 453 451 451 431 454 431 431 420 452 420 420 430 451 430 430 431 454 431 431 255 455 255 255 265 322 265 265 266 324 266 266 254 270 254 254 265 322 265 265 255 455 255 255 238 271 238 238 254 270 254 254 255 455 255 255 254 270 254 254 264 272 264 264 265 322 265 265 239 456 239 239 240 289 240 240 241 287 241 241 241 287 241 241 442 457 442 442 239 456 239 239 489 458 489 489 458 459 458 458 460 460 460 460 488 461 488 488 458 459 458 458 489 458 489 489 458 459 458 458 459 462 459 459 460 460 460 460 489 458 489 489 460 460 460 460 505 463 505 505 504 464 504 504 489 458 489 489 505 463 505 505 487 465 487 487 489 458 489 489 504 464 504 504 487 465 487 487 488 461 488 488 489 458 489 489 505 463 505 505 460 460 460 460 490 466 490 490 460 460 460 460 461 467 461 461 490 466 490 490 460 460 460 460 459 462 459 459 461 467 461 461 459 462 459 459 462 468 462 462 461 467 461 461 461 467 461 461 463 469 463 463 491 470 491 491 490 466 490 490 461 467 461 461 491 470 491 491 461 467 461 461 462 468 462 462 463 469 463 463 521 471 521 521 490 466 490 490 506 472 506 506 505 463 505 505 490 466 490 490 521 471 521 521 490 466 490 490 491 470 491 491 506 472 506 506 520 473 520 520 505 463 505 505 521 471 521 521 504 464 504 504 505 463 505 505 520 473 520 520 519 474 519 519 504 464 504 504 520 473 520 520 503 475 503 503 504 464 504 504 519 474 519 519 503 475 503 503 487 465 487 487 504 464 504 504 485 476 485 485 487 465 487 487 503 475 503 503 486 477 486 486 488 461 488 488 487 465 487 487 485 476 485 485 486 477 486 486 487 465 487 487 518 478 518 518 503 475 503 503 519 474 519 519 502 479 502 502 503 475 503 503 518 478 518 518 502 479 502 502 485 476 485 485 503 475 503 503 519 474 519 519 520 473 520 520 535 480 535 535 534 481 534 534 519 474 519 519 535 480 535 535 518 478 518 518 519 474 519 519 534 481 534 534 520 473 520 520 521 471 521 521 536 482 536 536 535 480 535 535 520 473 520 520 536 482 536 536 521 471 521 521 506 472 506 506 537 483 537 537 536 482 536 536 521 471 521 521 537 483 537 537 537 483 537 537 506 472 506 506 522 484 522 522 506 472 506 506 507 485 507 507 522 484 522 522 506 472 506 506 491 470 491 491 507 485 507 507 491 470 491 491 492 486 492 492 507 485 507 507 491 470 491 491 463 469 463 463 492 486 492 492 463 469 463 463 465 487 465 465 492 486 492 492 463 469 463 463 464 488 464 464 465 487 465 465 462 468 462 462 464 488 464 464 463 469 463 463 492 486 492 492 493 489 493 493 508 490 508 508 507 485 507 507 492 486 492 492 508 490 508 508 492 486 492 492 465 487 465 465 493 489 493 493 507 485 507 507 508 490 508 508 523 491 523 523 522 484 522 522 507 485 507 507 523 491 523 523 553 492 553 553 522 484 522 522 538 493 538 538 537 483 537 537 522 484 522 522 553 492 553 553 522 484 522 522 523 491 523 523 538 493 538 538 552 494 552 552 537 483 537 537 553 492 553 553 536 482 536 536 537 483 537 537 552 494 552 552 551 495 551 551 536 482 536 536 552 494 552 552 535 480 535 535 536 482 536 536 551 495 551 551 550 496 550 550 535 480 535 535 551 495 551 551 534 481 534 534 535 480 535 535 550 496 550 550 549 497 549 549 534 481 534 534 550 496 550 550 533 498 533 533 534 481 534 534 549 497 549 549 533 498 533 533 518 478 518 518 534 481 534 534 517 499 517 517 518 478 518 518 533 498 533 533 517 499 517 517 502 479 502 502 518 478 518 518 501 500 501 501 502 479 502 502 517 499 517 517 483 501 483 483 485 476 485 485 502 479 502 502 501 500 501 501 483 501 483 483 502 479 502 502 484 502 484 484 486 477 486 486 485 476 485 485 483 501 483 483 484 502 484 484 485 476 485 485 481 503 481 481 483 501 483 483 501 500 501 501 482 504 482 482 484 502 484 484 483 501 483 483 481 503 481 481 482 504 482 482 483 501 483 483 516 505 516 516 501 500 501 501 517 499 517 517 500 506 500 500 501 500 501 501 516 505 516 516 500 506 500 500 481 503 481 481 501 500 501 501 532 507 532 532 517 499 517 517 533 498 533 533 516 505 516 516 517 499 517 517 532 507 532 532 548 508 548 548 533 498 533 533 549 497 549 549 532 507 532 532 533 498 533 533 548 508 548 548 549 497 549 549 550 496 550 550 565 509 565 565 564 510 564 564 549 497 549 549 565 509 565 565 548 508 548 548 549 497 549 549 564 510 564 564 550 496 550 550 551 495 551 551 566 511 566 566 565 509 565 565 550 496 550 550 566 511 566 566 551 495 551 551 552 494 552 552 567 512 567 567 566 511 566 566 551 495 551 551 567 512 567 567 552 494 552 552 553 492 553 553 568 513 568 568 567 512 567 567 552 494 552 552 568 513 568 568 553 492 553 553 538 493 538 538 569 514 569 569 568 513 568 568 553 492 553 553 569 514 569 569 569 514 569 569 538 493 538 538 554 515 554 554 538 493 538 538 539 516 539 539 554 515 554 554 538 493 538 538 523 491 523 523 539 516 539 539 523 491 523 523 524 517 524 524 539 516 539 539 523 491 523 523 508 490 508 508 524 517 524 524 508 490 508 508 509 518 509 509 524 517 524 524 508 490 508 508 493 489 493 493 509 518 509 509 524 517 524 524 525 519 525 525 540 520 540 540 539 516 539 539 524 517 524 524 540 520 540 540 524 517 524 524 509 518 509 509 525 519 525 525 539 516 539 539 540 520 540 540 555 521 555 555 554 515 554 554 539 516 539 539 555 521 555 555 585 522 585 585 554 515 554 554 570 523 570 570 569 514 569 569 554 515 554 554 585 522 585 585 554 515 554 554 555 521 555 555 570 523 570 570 584 524 584 584 569 514 569 569 585 522 585 585 568 513 568 568 569 514 569 569 584 524 584 584 583 525 583 583 568 513 568 568 584 524 584 584 567 512 567 567 568 513 568 568 583 525 583 583 582 526 582 582 567 512 567 567 583 525 583 583 566 511 566 566 567 512 567 567 582 526 582 582 581 527 581 581 566 511 566 566 582 526 582 582 565 509 565 565 566 511 566 566 581 527 581 581 580 528 580 580 565 509 565 565 581 527 581 581 564 510 564 564 565 509 565 565 580 528 580 580 579 529 579 579 564 510 564 564 580 528 580 580 563 530 563 563 564 510 564 564 579 529 579 579 563 530 563 563 548 508 548 548 564 510 564 564 547 531 547 547 548 508 548 548 563 530 563 563 547 531 547 547 532 507 532 532 548 508 548 548 531 532 531 531 532 507 532 532 547 531 547 547 531 532 531 531 516 505 516 516 532 507 532 532 515 533 515 515 516 505 516 516 531 532 531 531 515 533 515 515 500 506 500 500 516 505 516 516 546 534 546 546 531 532 531 531 547 531 547 547 530 535 530 530 531 532 531 531 546 534 546 546 530 535 530 530 515 533 515 515 531 532 531 531 562 536 562 562 547 531 547 547 563 530 563 563 546 534 546 546 547 531 547 547 562 536 562 562 578 537 578 578 563 530 563 563 579 529 579 579 562 536 562 562 563 530 563 563 578 537 578 578 579 529 579 579 580 528 580 580 595 538 595 595 594 539 594 594 579 529 579 579 595 538 595 595 578 537 578 578 579 529 579 579 594 539 594 594 580 528 580 580 581 527 581 581 596 540 596 596 595 538 595 595 580 528 580 580 596 540 596 596 581 527 581 581 582 526 582 582 597 541 597 597 596 540 596 596 581 527 581 581 597 541 597 597 582 526 582 582 583 525 583 583 598 542 598 598 597 541 597 597 582 526 582 582 598 542 598 598 583 525 583 583 584 524 584 584 599 543 599 599 598 542 598 598 583 525 583 583 599 543 599 599 584 524 584 584 585 522 585 585 600 544 600 600 599 543 599 599 584 524 584 584 600 544 600 600 585 522 585 585 570 523 570 570 601 545 601 601 600 544 600 600 585 522 585 585 601 545 601 601 601 545 601 601 570 523 570 570 586 546 586 586 570 523 570 570 571 547 571 571 586 546 586 586 570 523 570 570 555 521 555 555 571 547 571 571 555 521 555 555 556 548 556 556 571 547 571 571 555 521 555 555 540 520 540 540 556 548 556 556 540 520 540 540 541 549 541 541 556 548 556 556 540 520 540 540 525 519 525 525 541 549 541 541 556 548 556 556 557 550 557 557 572 551 572 572 571 547 571 571 556 548 556 556 572 551 572 572 556 548 556 556 541 549 541 541 557 550 557 557 571 547 571 571 572 551 572 572 587 552 587 587 586 546 586 586 571 547 571 571 587 552 587 587 601 545 601 601 586 546 586 586 602 553 602 602 586 546 586 586 587 552 587 587 602 553 602 602 600 544 600 600 601 545 601 601 602 553 602 602 599 543 599 599 600 544 600 600 602 553 602 602 598 542 598 598 599 543 599 599 602 553 602 602 597 541 597 597 598 542 598 598 602 553 602 602 596 540 596 596 597 541 597 597 602 553 602 602 595 538 595 595 596 540 596 596 602 553 602 602 594 539 594 594 595 538 595 595 602 553 602 602 593 554 593 593 594 539 594 594 602 553 602 602 593 554 593 593 578 537 578 578 594 539 594 594 577 555 577 577 578 537 578 578 593 554 593 593 577 555 577 577 562 536 562 562 578 537 578 578 561 556 561 561 562 536 562 562 577 555 577 577 561 556 561 561 546 534 546 546 562 536 562 562 545 557 545 545 546 534 546 546 561 556 561 561 545 557 545 545 530 535 530 530 546 534 546 546 529 558 529 529 530 535 530 530 545 557 545 545 514 559 514 514 515 533 515 515 530 535 530 530 529 558 529 529 514 559 514 514 530 535 530 530 499 560 499 499 500 506 500 500 515 533 515 515 514 559 514 514 499 560 499 499 515 533 515 515 513 561 513 513 514 559 514 514 529 558 529 529 498 562 498 498 499 560 499 499 514 559 514 514 513 561 513 513 498 562 498 498 514 559 514 514 544 563 544 544 529 558 529 529 545 557 545 545 528 564 528 528 529 558 529 529 544 563 544 544 528 564 528 528 513 561 513 513 529 558 529 529 560 565 560 560 545 557 545 545 561 556 561 561 544 563 544 544 545 557 545 545 560 565 560 560 576 566 576 576 561 556 561 561 577 555 577 577 560 565 560 560 561 556 561 561 576 566 576 576 592 567 592 592 577 555 577 577 593 554 593 593 576 566 576 576 577 555 577 577 592 567 592 592 592 567 592 592 593 554 593 593 602 553 602 602 591 568 591 591 592 567 592 592 602 553 602 602 590 569 590 590 591 568 591 591 602 553 602 602 589 570 589 589 590 569 590 590 602 553 602 602 588 571 588 588 589 570 589 589 602 553 602 602 587 552 587 587 588 571 588 588 602 553 602 602 587 552 587 587 572 551 572 572 588 571 588 588 572 551 572 572 573 572 573 573 588 571 588 588 572 551 572 572 557 550 557 557 573 572 573 573 557 550 557 557 558 573 558 558 573 572 573 573 557 550 557 557 542 574 542 542 558 573 558 558 541 549 541 541 542 574 542 542 557 550 557 557 541 549 541 541 526 575 526 526 542 574 542 542 525 519 525 525 526 575 526 526 541 549 541 541 542 574 542 542 543 576 543 543 558 573 558 558 542 574 542 542 527 577 527 527 543 576 543 543 526 575 526 526 527 577 527 527 542 574 542 542 558 573 558 558 559 578 559 559 574 579 574 574 573 572 573 573 558 573 558 558 574 579 574 574 558 573 558 558 543 576 543 543 559 578 559 559 573 572 573 573 574 579 574 574 589 570 589 589 588 571 588 588 573 572 573 573 589 570 589 589 589 570 589 589 574 579 574 574 590 569 590 590 590 569 590 590 575 580 575 575 591 568 591 591 574 579 574 574 575 580 575 575 590 569 590 590 591 568 591 591 576 566 576 576 592 567 592 592 575 580 575 575 576 566 576 576 591 568 591 591 575 580 575 575 560 565 560 560 576 566 576 576 559 578 559 559 560 565 560 560 575 580 575 575 559 578 559 559 544 563 544 544 560 565 560 560 543 576 543 543 544 563 544 544 559 578 559 559 543 576 543 543 528 564 528 528 544 563 544 544 527 577 527 527 528 564 528 528 543 576 543 543 512 581 512 512 513 561 513 513 528 564 528 528 527 577 527 527 512 581 512 512 528 564 528 528 497 582 497 497 498 562 498 498 513 561 513 513 512 581 512 512 497 582 497 497 513 561 513 513 498 562 498 498 477 583 477 477 499 560 499 499 475 584 475 475 477 583 477 477 498 562 498 498 497 582 497 497 475 584 475 475 498 562 498 498 499 560 499 499 479 585 479 479 500 506 500 500 477 583 477 477 479 585 479 479 499 560 499 499 479 585 479 479 481 503 481 481 500 506 500 500 479 585 479 479 480 586 480 480 481 503 481 481 478 587 478 478 480 586 480 480 479 585 479 479 477 583 477 477 478 587 478 478 479 585 479 479 476 588 476 476 478 587 478 478 477 583 477 477 475 584 475 475 476 588 476 476 477 583 477 477 473 589 473 473 475 584 475 475 497 582 497 497 474 590 474 474 476 588 476 476 475 584 475 475 473 589 473 473 474 590 474 474 475 584 475 475 496 591 496 496 497 582 497 497 512 581 512 512 496 591 496 496 473 589 473 473 497 582 497 497 511 592 511 511 512 581 512 512 527 577 527 527 511 592 511 511 496 591 496 496 512 581 512 512 526 575 526 526 511 592 511 511 527 577 527 527 510 593 510 510 511 592 511 511 526 575 526 526 525 519 525 525 510 593 510 510 526 575 526 526 509 518 509 509 510 593 510 510 525 519 525 525 510 593 510 510 495 594 495 495 511 592 511 511 494 595 494 494 495 594 495 495 510 593 510 510 509 518 509 509 494 595 494 494 510 593 510 510 495 594 495 495 496 591 496 496 511 592 511 511 471 596 471 471 473 589 473 473 496 591 496 496 495 594 495 495 471 596 471 471 496 591 496 496 472 597 472 472 474 590 474 474 473 589 473 473 471 596 471 471 472 597 472 472 473 589 473 473 469 598 469 469 471 596 471 471 495 594 495 495 470 599 470 470 472 597 472 472 471 596 471 471 469 598 469 469 470 599 470 470 471 596 471 471 494 595 494 494 469 598 469 469 495 594 495 495 493 489 493 493 494 595 494 494 509 518 509 509 467 600 467 467 469 598 469 469 494 595 494 494 493 489 493 493 467 600 467 467 494 595 494 494 468 601 468 468 470 599 470 470 469 598 469 469 467 600 467 467 468 601 468 468 469 598 469 469 465 487 465 465 467 600 467 467 493 489 493 493 466 602 466 466 468 601 468 468 467 600 467 467 465 487 465 465 466 602 466 466 467 600 467 467 464 488 464 464 466 602 466 466 465 487 465 465 480 586 480 480 482 504 482 482 481 503 481 481 574 579 574 574 559 578 559 559 575 580 575 575 603 603 603 603 634 604 634 634 604 605 604 604 633 606 633 633 634 604 634 634 603 603 603 603 603 603 603 603 604 605 604 604 605 607 605 605 634 604 634 634 650 608 650 650 604 605 604 604 634 604 634 634 649 609 649 649 650 608 650 650 632 610 632 632 649 609 649 649 634 604 634 634 633 606 633 633 632 610 632 632 634 604 634 634 604 605 604 604 650 608 650 650 635 611 635 635 604 605 604 604 635 611 635 635 606 612 606 606 605 607 605 605 604 605 604 604 606 612 606 606 605 607 605 605 606 612 606 606 607 613 607 607 606 612 606 606 636 614 636 636 608 615 608 608 606 612 606 606 635 611 635 635 636 614 636 636 607 613 607 607 606 612 606 606 608 615 608 608 635 611 635 635 666 616 666 666 651 617 651 651 650 608 650 650 666 616 666 666 635 611 635 635 635 611 635 635 651 617 651 651 636 614 636 636 650 608 650 650 665 618 665 665 666 616 666 666 649 609 649 649 665 618 665 665 650 608 650 650 649 609 649 649 664 619 664 664 665 618 665 665 648 620 648 648 664 619 664 664 649 609 649 649 632 610 632 632 648 620 648 648 649 609 649 649 630 621 630 630 648 620 648 648 632 610 632 632 631 622 631 631 632 610 632 632 633 606 633 633 631 622 631 631 630 621 630 630 632 610 632 632 648 620 648 648 663 623 663 663 664 619 664 664 647 624 647 647 663 623 663 663 648 620 648 648 630 621 630 630 647 624 647 647 648 620 648 648 664 619 664 664 680 625 680 680 665 618 665 665 664 619 664 664 679 626 679 679 680 625 680 680 663 623 663 663 679 626 679 679 664 619 664 664 665 618 665 665 681 627 681 681 666 616 666 666 665 618 665 665 680 625 680 680 681 627 681 681 666 616 666 666 682 628 682 682 651 617 651 651 666 616 666 666 681 627 681 681 682 628 682 682 651 617 651 651 682 628 682 682 667 629 667 667 651 617 651 651 667 629 667 667 652 630 652 652 636 614 636 636 651 617 651 651 652 630 652 652 636 614 636 636 652 630 652 652 637 631 637 637 608 615 608 608 636 614 636 636 637 631 637 637 608 615 608 608 637 631 637 637 610 632 610 610 609 633 609 609 608 615 608 608 610 632 610 610 607 613 607 607 608 615 608 608 609 633 609 609 637 631 637 637 653 634 653 653 638 635 638 638 637 631 637 637 652 630 652 652 653 634 653 653 610 632 610 610 637 631 637 637 638 635 638 638 652 630 652 652 668 636 668 668 653 634 653 653 652 630 652 652 667 629 667 667 668 636 668 668 667 629 667 667 698 637 698 698 683 638 683 683 682 628 682 682 698 637 698 698 667 629 667 667 667 629 667 667 683 638 683 683 668 636 668 668 682 628 682 682 697 639 697 697 698 637 698 698 681 627 681 681 697 639 697 697 682 628 682 682 681 627 681 681 696 640 696 696 697 639 697 697 680 625 680 680 696 640 696 696 681 627 681 681 680 625 680 680 695 641 695 695 696 640 696 696 679 626 679 679 695 641 695 695 680 625 680 680 679 626 679 679 694 642 694 694 695 641 695 695 678 643 678 678 694 642 694 694 679 626 679 679 663 623 663 663 678 643 678 678 679 626 679 679 662 644 662 662 678 643 678 678 663 623 663 663 647 624 647 647 662 644 662 662 663 623 663 663 646 645 646 646 662 644 662 662 647 624 647 647 628 646 628 628 647 624 647 647 630 621 630 630 628 646 628 628 646 645 646 646 647 624 647 647 629 647 629 629 630 621 630 630 631 622 631 631 629 647 629 629 628 646 628 628 630 621 630 630 626 648 626 626 646 645 646 646 628 646 628 628 627 649 627 627 628 646 628 628 629 647 629 629 627 649 627 627 626 648 626 626 628 646 628 628 646 645 646 646 661 650 661 661 662 644 662 662 645 651 645 645 661 650 661 661 646 645 646 646 626 648 626 626 645 651 645 645 646 645 646 646 662 644 662 662 677 652 677 677 678 643 678 678 661 650 661 661 677 652 677 677 662 644 662 662 678 643 678 678 693 653 693 693 694 642 694 694 677 652 677 677 693 653 693 693 678 643 678 678 694 642 694 694 710 654 710 710 695 641 695 695 694 642 694 694 709 655 709 709 710 654 710 710 693 653 693 693 709 655 709 709 694 642 694 694 695 641 695 695 711 656 711 711 696 640 696 696 695 641 695 695 710 654 710 710 711 656 711 711 696 640 696 696 712 657 712 712 697 639 697 697 696 640 696 696 711 656 711 711 712 657 712 712 697 639 697 697 713 658 713 713 698 637 698 698 697 639 697 697 712 657 712 712 713 658 713 713 698 637 698 698 714 659 714 714 683 638 683 683 698 637 698 698 713 658 713 713 714 659 714 714 683 638 683 683 714 659 714 714 699 660 699 699 683 638 683 683 699 660 699 699 684 661 684 684 668 636 668 668 683 638 683 683 684 661 684 684 668 636 668 668 684 661 684 684 669 662 669 669 653 634 653 653 668 636 668 668 669 662 669 669 653 634 653 653 669 662 669 669 654 663 654 654 638 635 638 638 653 634 653 653 654 663 654 654 669 662 669 669 685 664 685 685 670 665 670 670 669 662 669 669 684 661 684 684 685 664 685 685 654 663 654 654 669 662 669 669 670 665 670 670 684 661 684 684 700 666 700 700 685 664 685 685 684 661 684 684 699 660 699 699 700 666 700 700 699 660 699 699 730 667 730 730 715 668 715 715 714 659 714 714 730 667 730 730 699 660 699 699 699 660 699 699 715 668 715 715 700 666 700 700 714 659 714 714 729 669 729 729 730 667 730 730 713 658 713 713 729 669 729 729 714 659 714 714 713 658 713 713 728 670 728 728 729 669 729 729 712 657 712 712 728 670 728 728 713 658 713 713 712 657 712 712 727 671 727 727 728 670 728 728 711 656 711 711 727 671 727 727 712 657 712 712 711 656 711 711 726 672 726 726 727 671 727 727 710 654 710 710 726 672 726 726 711 656 711 711 710 654 710 710 725 673 725 725 726 672 726 726 709 655 709 709 725 673 725 725 710 654 710 710 709 655 709 709 724 674 724 724 725 673 725 725 708 675 708 708 724 674 724 724 709 655 709 709 693 653 693 693 708 675 708 708 709 655 709 709 692 676 692 692 708 675 708 708 693 653 693 693 677 652 677 677 692 676 692 692 693 653 693 693 676 677 676 676 692 676 692 692 677 652 677 677 661 650 661 661 676 677 676 676 677 652 677 677 660 678 660 660 676 677 676 676 661 650 661 661 645 651 645 645 660 678 660 660 661 650 661 661 676 677 676 676 691 679 691 691 692 676 692 692 675 680 675 675 691 679 691 691 676 677 676 676 660 678 660 660 675 680 675 675 676 677 676 676 692 676 692 692 707 681 707 707 708 675 708 708 691 679 691 691 707 681 707 707 692 676 692 692 708 675 708 708 723 682 723 723 724 674 724 724 707 681 707 707 723 682 723 723 708 675 708 708 724 674 724 724 740 683 740 740 725 673 725 725 724 674 724 724 739 684 739 739 740 683 740 740 723 682 723 723 739 684 739 739 724 674 724 724 725 673 725 725 741 685 741 741 726 672 726 726 725 673 725 725 740 683 740 740 741 685 741 741 726 672 726 726 742 686 742 742 727 671 727 727 726 672 726 726 741 685 741 741 742 686 742 742 727 671 727 727 743 687 743 743 728 670 728 728 727 671 727 727 742 686 742 742 743 687 743 743 728 670 728 728 744 688 744 744 729 669 729 729 728 670 728 728 743 687 743 743 744 688 744 744 729 669 729 729 745 689 745 745 730 667 730 730 729 669 729 729 744 688 744 744 745 689 745 745 730 667 730 730 746 690 746 746 715 668 715 715 730 667 730 730 745 689 745 745 746 690 746 746 715 668 715 715 746 690 746 746 731 691 731 731 715 668 715 715 731 691 731 731 716 692 716 716 700 666 700 700 715 668 715 715 716 692 716 716 700 666 700 700 716 692 716 716 701 693 701 701 685 664 685 685 700 666 700 700 701 693 701 701 716 692 716 716 732 694 732 732 717 695 717 717 716 692 716 716 731 691 731 731 732 694 732 732 701 693 701 701 716 692 716 716 717 695 717 717 746 690 746 746 747 696 747 747 731 691 731 731 731 691 731 731 747 696 747 747 732 694 732 732 745 689 745 745 747 696 747 747 746 690 746 746 744 688 744 744 750 697 750 750 745 689 745 745 743 687 743 743 750 697 750 750 744 688 744 744 742 686 742 742 750 697 750 750 743 687 743 743 741 685 741 741 750 697 750 750 742 686 742 742 740 683 740 740 749 698 749 749 741 685 741 741 739 684 739 739 749 698 749 749 740 683 740 740 738 699 738 738 749 698 749 749 739 684 739 739 723 682 723 723 738 699 738 738 739 684 739 739 722 700 722 722 738 699 738 738 723 682 723 723 707 681 707 707 722 700 722 722 723 682 723 723 706 701 706 706 722 700 722 722 707 681 707 707 691 679 691 691 706 701 706 706 707 681 707 707 690 702 690 690 706 701 706 706 691 679 691 691 675 680 675 675 690 702 690 690 691 679 691 691 674 703 674 674 690 702 690 690 675 680 675 675 659 704 659 659 675 680 675 675 660 678 660 660 659 704 659 659 674 703 674 674 675 680 675 675 644 705 644 644 660 678 660 660 645 651 645 645 644 705 644 644 659 704 659 659 660 678 660 660 658 706 658 658 674 703 674 674 659 704 659 659 643 707 643 643 659 704 659 659 644 705 644 644 643 707 643 643 658 706 658 658 659 704 659 659 674 703 674 674 689 708 689 689 690 702 690 690 673 709 673 673 689 708 689 689 674 703 674 674 658 706 658 658 673 709 673 673 674 703 674 674 690 702 690 690 705 710 705 705 706 701 706 706 689 708 689 689 705 710 705 705 690 702 690 690 706 701 706 706 721 711 721 721 722 700 722 722 705 710 705 705 721 711 721 721 706 701 706 706 722 700 722 722 737 712 737 737 738 699 738 738 721 711 721 721 737 712 737 737 722 700 722 722 737 712 737 737 749 698 749 749 738 699 738 738 736 713 736 736 749 698 749 749 737 712 737 737 721 711 721 721 736 713 736 736 737 712 737 737 720 714 720 720 736 713 736 736 721 711 721 721 705 710 705 705 720 714 720 720 721 711 721 721 704 715 704 704 720 714 720 720 705 710 705 705 689 708 689 689 704 715 704 704 705 710 705 705 688 716 688 688 704 715 704 704 689 708 689 689 673 709 673 673 688 716 688 688 689 708 689 689 672 717 672 672 688 716 688 688 673 709 673 673 657 718 657 657 673 709 673 673 658 706 658 658 657 718 657 657 672 717 672 672 673 709 673 673 642 719 642 642 658 706 658 658 643 707 643 643 642 719 642 642 657 718 657 657 658 706 658 658 622 720 622 622 643 707 643 643 644 705 644 644 620 721 620 620 643 707 643 643 622 720 622 622 620 721 620 620 642 719 642 642 643 707 643 643 624 722 624 624 644 705 644 644 645 651 645 645 622 720 622 622 644 705 644 644 624 722 624 624 624 722 624 624 645 651 645 645 626 648 626 626 625 723 625 625 624 722 624 624 626 648 626 626 623 724 623 623 624 722 624 624 625 723 625 625 623 724 623 623 622 720 622 622 624 722 624 624 621 725 621 621 622 720 622 622 623 724 623 623 621 725 621 621 620 721 620 620 622 720 622 622 618 726 618 618 642 719 642 642 620 721 620 620 619 727 619 619 620 721 620 620 621 725 621 621 619 727 619 619 618 726 618 618 620 721 620 620 641 728 641 641 657 718 657 657 642 719 642 642 618 726 618 618 641 728 641 641 642 719 642 642 656 729 656 656 672 717 672 672 657 718 657 657 641 728 641 641 656 729 656 656 657 718 657 657 672 717 672 672 687 730 687 687 688 716 688 688 671 731 671 671 687 730 687 687 672 717 672 672 656 729 656 656 671 731 671 671 672 717 672 672 688 716 688 688 703 732 703 703 704 715 704 704 687 730 687 687 703 732 703 703 688 716 688 688 704 715 704 704 719 733 719 719 720 714 720 720 703 732 703 703 719 733 719 719 704 715 704 704 720 714 720 720 735 734 735 735 736 713 736 736 719 733 719 719 735 734 735 735 720 714 720 720 735 734 735 735 748 735 748 748 736 713 736 736 734 736 734 734 748 735 748 748 735 734 735 735 719 733 719 719 734 736 734 734 735 734 735 735 718 737 718 718 734 736 734 734 719 733 719 719 703 732 703 703 718 737 718 718 719 733 719 719 702 738 702 702 718 737 718 718 703 732 703 703 687 730 687 687 702 738 702 702 703 732 703 703 686 739 686 686 702 738 702 702 687 730 687 687 671 731 671 671 686 739 686 686 687 730 687 687 670 665 670 670 686 739 686 686 671 731 671 671 655 740 655 655 671 731 671 671 656 729 656 656 655 740 655 655 670 665 670 670 671 731 671 671 640 741 640 640 656 729 656 656 641 728 641 641 640 741 640 640 655 740 655 655 656 729 656 656 616 742 616 616 641 728 641 641 618 726 618 618 616 742 616 616 640 741 640 640 641 728 641 641 617 743 617 617 618 726 618 618 619 727 619 619 617 743 617 617 616 742 616 616 618 726 618 618 614 744 614 614 640 741 640 640 616 742 616 616 615 745 615 615 616 742 616 616 617 743 617 617 615 745 615 615 614 744 614 614 616 742 616 616 639 746 639 639 655 740 655 655 640 741 640 640 614 744 614 614 639 746 639 639 640 741 640 640 654 663 654 654 670 665 670 670 655 740 655 655 639 746 639 639 654 663 654 654 655 740 655 655 670 665 670 670 685 664 685 685 686 739 686 686 686 739 686 686 701 693 701 701 702 738 702 702 685 664 685 685 701 693 701 701 686 739 686 686 702 738 702 702 717 695 717 717 718 737 718 718 701 693 701 701 717 695 717 717 702 738 702 702 718 737 718 718 733 747 733 733 734 736 734 734 717 695 717 717 733 747 733 733 718 737 718 718 733 747 733 733 748 735 748 748 734 736 734 734 732 694 732 732 748 735 748 748 733 747 733 733 717 695 717 717 732 694 732 732 733 747 733 733 638 635 638 638 654 663 654 654 639 746 639 639 612 748 612 612 639 746 639 639 614 744 614 614 612 748 612 612 638 635 638 638 639 746 639 639 613 749 613 613 614 744 614 614 615 745 615 615 613 749 613 613 612 748 612 612 614 744 614 614 610 632 610 610 638 635 638 638 612 748 612 612 611 750 611 611 612 748 612 612 613 749 613 613 611 750 611 611 610 632 610 610 612 748 612 612 609 633 609 609 610 632 610 610 611 750 611 611 625 723 625 625 626 648 626 626 627 649 627 627 782 751 782 782 751 752 751 751 753 753 753 753 781 754 781 781 751 752 751 751 782 751 782 782 751 752 751 751 752 755 752 752 753 753 753 753 782 751 782 782 753 753 753 753 798 756 798 798 797 757 797 797 782 751 782 782 798 756 798 798 780 758 780 780 782 751 782 782 797 757 797 797 780 758 780 780 781 754 781 781 782 751 782 782 798 756 798 798 753 753 753 753 783 759 783 783 753 753 753 753 754 760 754 754 783 759 783 783 753 753 753 753 752 755 752 752 754 760 754 754 752 755 752 752 755 761 755 755 754 760 754 754 754 760 754 754 756 762 756 756 784 763 784 784 783 759 783 783 754 760 754 754 784 763 784 784 754 760 754 754 755 761 755 755 756 762 756 756 814 764 814 814 783 759 783 783 799 765 799 799 798 756 798 798 783 759 783 783 814 764 814 814 783 759 783 783 784 763 784 784 799 765 799 799 813 766 813 813 798 756 798 798 814 764 814 814 797 757 797 797 798 756 798 798 813 766 813 813 812 767 812 812 797 757 797 797 813 766 813 813 796 768 796 796 797 757 797 797 812 767 812 812 796 768 796 796 780 758 780 780 797 757 797 797 778 769 778 778 780 758 780 780 796 768 796 796 779 770 779 779 781 754 781 781 780 758 780 780 778 769 778 778 779 770 779 779 780 758 780 780 811 771 811 811 796 768 796 796 812 767 812 812 795 772 795 795 796 768 796 796 811 771 811 811 795 772 795 795 778 769 778 778 796 768 796 796 812 767 812 812 813 766 813 813 828 773 828 828 827 774 827 827 812 767 812 812 828 773 828 828 811 771 811 811 812 767 812 812 827 774 827 827 813 766 813 813 814 764 814 814 829 775 829 829 828 773 828 828 813 766 813 813 829 775 829 829 814 764 814 814 799 765 799 799 830 776 830 830 829 775 829 829 814 764 814 814 830 776 830 830 830 776 830 830 799 765 799 799 815 777 815 815 799 765 799 799 800 778 800 800 815 777 815 815 799 765 799 799 784 763 784 784 800 778 800 800 784 763 784 784 785 779 785 785 800 778 800 800 784 763 784 784 756 762 756 756 785 779 785 785 756 762 756 756 758 780 758 758 785 779 785 785 756 762 756 756 757 781 757 757 758 780 758 758 755 761 755 755 757 781 757 757 756 762 756 756 785 779 785 785 786 782 786 786 801 783 801 801 800 778 800 800 785 779 785 785 801 783 801 801 785 779 785 785 758 780 758 758 786 782 786 786 800 778 800 800 801 783 801 801 816 784 816 816 815 777 815 815 800 778 800 800 816 784 816 816 846 785 846 846 815 777 815 815 831 786 831 831 830 776 830 830 815 777 815 815 846 785 846 846 815 777 815 815 816 784 816 816 831 786 831 831 845 787 845 845 830 776 830 830 846 785 846 846 829 775 829 829 830 776 830 830 845 787 845 845 844 788 844 844 829 775 829 829 845 787 845 845 828 773 828 828 829 775 829 829 844 788 844 844 843 789 843 843 828 773 828 828 844 788 844 844 827 774 827 827 828 773 828 828 843 789 843 843 842 790 842 842 827 774 827 827 843 789 843 843 826 791 826 826 827 774 827 827 842 790 842 842 826 791 826 826 811 771 811 811 827 774 827 827 810 792 810 810 811 771 811 811 826 791 826 826 810 792 810 810 795 772 795 795 811 771 811 811 794 793 794 794 795 772 795 795 810 792 810 810 776 794 776 776 778 769 778 778 795 772 795 795 794 793 794 794 776 794 776 776 795 772 795 795 777 795 777 777 779 770 779 779 778 769 778 778 776 794 776 776 777 795 777 777 778 769 778 778 774 796 774 774 776 794 776 776 794 793 794 794 775 797 775 775 777 795 777 777 776 794 776 776 774 796 774 774 775 797 775 775 776 794 776 776 809 798 809 809 794 793 794 794 810 792 810 810 793 799 793 793 794 793 794 794 809 798 809 809 793 799 793 793 774 796 774 774 794 793 794 794 825 800 825 825 810 792 810 810 826 791 826 826 809 798 809 809 810 792 810 810 825 800 825 825 841 801 841 841 826 791 826 826 842 790 842 842 825 800 825 825 826 791 826 826 841 801 841 841 842 790 842 842 843 789 843 843 858 802 858 858 857 803 857 857 842 790 842 842 858 802 858 858 841 801 841 841 842 790 842 842 857 803 857 857 843 789 843 843 844 788 844 844 859 804 859 859 858 802 858 858 843 789 843 843 859 804 859 859 844 788 844 844 845 787 845 845 860 805 860 860 859 804 859 859 844 788 844 844 860 805 860 860 845 787 845 845 846 785 846 846 861 806 861 861 860 805 860 860 845 787 845 845 861 806 861 861 846 785 846 846 831 786 831 831 862 807 862 862 861 806 861 861 846 785 846 846 862 807 862 862 862 807 862 862 831 786 831 831 847 808 847 847 831 786 831 831 832 809 832 832 847 808 847 847 831 786 831 831 816 784 816 816 832 809 832 832 816 784 816 816 817 810 817 817 832 809 832 832 816 784 816 816 801 783 801 801 817 810 817 817 801 783 801 801 802 811 802 802 817 810 817 817 801 783 801 801 786 782 786 786 802 811 802 802 817 810 817 817 818 812 818 818 833 813 833 833 832 809 832 832 817 810 817 817 833 813 833 833 817 810 817 817 802 811 802 802 818 812 818 818 832 809 832 832 833 813 833 833 848 814 848 848 847 808 847 847 832 809 832 832 848 814 848 848 878 815 878 878 847 808 847 847 863 816 863 863 862 807 862 862 847 808 847 847 878 815 878 878 847 808 847 847 848 814 848 848 863 816 863 863 877 817 877 877 862 807 862 862 878 815 878 878 861 806 861 861 862 807 862 862 877 817 877 877 876 818 876 876 861 806 861 861 877 817 877 877 860 805 860 860 861 806 861 861 876 818 876 876 875 819 875 875 860 805 860 860 876 818 876 876 859 804 859 859 860 805 860 860 875 819 875 875 874 820 874 874 859 804 859 859 875 819 875 875 858 802 858 858 859 804 859 859 874 820 874 874 873 821 873 873 858 802 858 858 874 820 874 874 857 803 857 857 858 802 858 858 873 821 873 873 872 822 872 872 857 803 857 857 873 821 873 873 856 823 856 856 857 803 857 857 872 822 872 872 856 823 856 856 841 801 841 841 857 803 857 857 840 824 840 840 841 801 841 841 856 823 856 856 840 824 840 840 825 800 825 825 841 801 841 841 824 825 824 824 825 800 825 825 840 824 840 840 824 825 824 824 809 798 809 809 825 800 825 825 808 826 808 808 809 798 809 809 824 825 824 824 808 826 808 808 793 799 793 793 809 798 809 809 839 827 839 839 824 825 824 824 840 824 840 840 823 828 823 823 824 825 824 824 839 827 839 839 823 828 823 823 808 826 808 808 824 825 824 824 855 829 855 855 840 824 840 840 856 823 856 856 839 827 839 839 840 824 840 840 855 829 855 855 871 830 871 871 856 823 856 856 872 822 872 872 855 829 855 855 856 823 856 856 871 830 871 871 872 822 872 872 873 821 873 873 888 831 888 888 887 832 887 887 872 822 872 872 888 831 888 888 871 830 871 871 872 822 872 872 887 832 887 887 873 821 873 873 874 820 874 874 889 833 889 889 888 831 888 888 873 821 873 873 889 833 889 889 874 820 874 874 875 819 875 875 890 834 890 890 889 833 889 889 874 820 874 874 890 834 890 890 875 819 875 875 876 818 876 876 891 835 891 891 890 834 890 890 875 819 875 875 891 835 891 891 876 818 876 876 877 817 877 877 892 836 892 892 891 835 891 891 876 818 876 876 892 836 892 892 877 817 877 877 878 815 878 878 893 837 893 893 892 836 892 892 877 817 877 877 893 837 893 893 878 815 878 878 863 816 863 863 894 838 894 894 893 837 893 893 878 815 878 878 894 838 894 894 894 838 894 894 863 816 863 863 879 839 879 879 863 816 863 863 864 840 864 864 879 839 879 879 863 816 863 863 848 814 848 848 864 840 864 864 848 814 848 848 849 841 849 849 864 840 864 864 848 814 848 848 833 813 833 833 849 841 849 849 833 813 833 833 834 842 834 834 849 841 849 849 833 813 833 833 818 812 818 818 834 842 834 834 849 841 849 849 850 843 850 850 865 844 865 865 864 840 864 864 849 841 849 849 865 844 865 865 849 841 849 849 834 842 834 834 850 843 850 850 864 840 864 864 865 844 865 865 880 845 880 880 879 839 879 879 864 840 864 864 880 845 880 880 894 838 894 894 879 839 879 879 895 846 895 895 879 839 879 879 880 845 880 880 895 846 895 895 893 837 893 893 894 838 894 894 895 846 895 895 892 836 892 892 893 837 893 893 895 846 895 895 891 835 891 891 892 836 892 892 895 846 895 895 890 834 890 890 891 835 891 891 895 846 895 895 889 833 889 889 890 834 890 890 895 846 895 895 888 831 888 888 889 833 889 889 895 846 895 895 887 832 887 887 888 831 888 888 895 846 895 895 886 847 886 886 887 832 887 887 895 846 895 895 886 847 886 886 871 830 871 871 887 832 887 887 870 848 870 870 871 830 871 871 886 847 886 886 870 848 870 870 855 829 855 855 871 830 871 871 854 849 854 854 855 829 855 855 870 848 870 870 854 849 854 854 839 827 839 839 855 829 855 855 838 850 838 838 839 827 839 839 854 849 854 854 838 850 838 838 823 828 823 823 839 827 839 839 822 851 822 822 823 828 823 823 838 850 838 838 807 852 807 807 808 826 808 808 823 828 823 823 822 851 822 822 807 852 807 807 823 828 823 823 792 853 792 792 793 799 793 793 808 826 808 808 807 852 807 807 792 853 792 792 808 826 808 808 806 854 806 806 807 852 807 807 822 851 822 822 791 855 791 791 792 853 792 792 807 852 807 807 806 854 806 806 791 855 791 791 807 852 807 807 837 856 837 837 822 851 822 822 838 850 838 838 821 857 821 821 822 851 822 822 837 856 837 837 821 857 821 821 806 854 806 806 822 851 822 822 853 858 853 853 838 850 838 838 854 849 854 854 837 856 837 837 838 850 838 838 853 858 853 853 869 859 869 869 854 849 854 854 870 848 870 870 853 858 853 853 854 849 854 854 869 859 869 869 885 860 885 885 870 848 870 870 886 847 886 886 869 859 869 869 870 848 870 870 885 860 885 885 885 860 885 885 886 847 886 886 895 846 895 895 884 861 884 884 885 860 885 885 895 846 895 895 883 862 883 883 884 861 884 884 895 846 895 895 882 863 882 882 883 862 883 883 895 846 895 895 881 864 881 881 882 863 882 882 895 846 895 895 880 845 880 880 881 864 881 881 895 846 895 895 880 845 880 880 865 844 865 865 881 864 881 881 865 844 865 865 866 865 866 866 881 864 881 881 865 844 865 865 850 843 850 850 866 865 866 866 850 843 850 850 851 866 851 851 866 865 866 866 850 843 850 850 835 867 835 835 851 866 851 851 834 842 834 834 835 867 835 835 850 843 850 850 834 842 834 834 819 868 819 819 835 867 835 835 818 812 818 818 819 868 819 819 834 842 834 834 835 867 835 835 836 869 836 836 851 866 851 851 835 867 835 835 820 870 820 820 836 869 836 836 819 868 819 819 820 870 820 820 835 867 835 835 851 866 851 851 852 871 852 852 867 872 867 867 866 865 866 866 851 866 851 851 867 872 867 867 851 866 851 851 836 869 836 836 852 871 852 852 866 865 866 866 867 872 867 867 882 863 882 882 881 864 881 881 866 865 866 866 882 863 882 882 882 863 882 882 867 872 867 867 883 862 883 883 883 862 883 883 868 873 868 868 884 861 884 884 867 872 867 867 868 873 868 868 883 862 883 883 884 861 884 884 869 859 869 869 885 860 885 885 868 873 868 868 869 859 869 869 884 861 884 884 868 873 868 868 853 858 853 853 869 859 869 869 852 871 852 852 853 858 853 853 868 873 868 868 852 871 852 852 837 856 837 837 853 858 853 853 836 869 836 836 837 856 837 837 852 871 852 852 836 869 836 836 821 857 821 821 837 856 837 837 820 870 820 820 821 857 821 821 836 869 836 836 805 874 805 805 806 854 806 806 821 857 821 821 820 870 820 820 805 874 805 805 821 857 821 821 790 875 790 790 791 855 791 791 806 854 806 806 805 874 805 805 790 875 790 790 806 854 806 806 791 855 791 791 770 876 770 770 792 853 792 792 768 877 768 768 770 876 770 770 791 855 791 791 790 875 790 790 768 877 768 768 791 855 791 791 792 853 792 792 772 878 772 772 793 799 793 793 770 876 770 770 772 878 772 772 792 853 792 792 772 878 772 772 774 796 774 774 793 799 793 793 772 878 772 772 773 879 773 773 774 796 774 774 771 880 771 771 773 879 773 773 772 878 772 772 770 876 770 770 771 880 771 771 772 878 772 772 769 881 769 769 771 880 771 771 770 876 770 770 768 877 768 768 769 881 769 769 770 876 770 770 766 882 766 766 768 877 768 768 790 875 790 790 767 883 767 767 769 881 769 769 768 877 768 768 766 882 766 766 767 883 767 767 768 877 768 768 789 884 789 789 790 875 790 790 805 874 805 805 789 884 789 789 766 882 766 766 790 875 790 790 804 885 804 804 805 874 805 805 820 870 820 820 804 885 804 804 789 884 789 789 805 874 805 805 819 868 819 819 804 885 804 804 820 870 820 820 803 886 803 803 804 885 804 804 819 868 819 819 818 812 818 818 803 886 803 803 819 868 819 819 802 811 802 802 803 886 803 803 818 812 818 818 803 886 803 803 788 887 788 788 804 885 804 804 787 888 787 787 788 887 788 788 803 886 803 803 802 811 802 802 787 888 787 787 803 886 803 803 788 887 788 788 789 884 789 789 804 885 804 804 764 889 764 764 766 882 766 766 789 884 789 789 788 887 788 788 764 889 764 764 789 884 789 789 765 890 765 765 767 883 767 767 766 882 766 766 764 889 764 764 765 890 765 765 766 882 766 766 762 891 762 762 764 889 764 764 788 887 788 788 763 892 763 763 765 890 765 765 764 889 764 764 762 891 762 762 763 892 763 763 764 889 764 764 787 888 787 787 762 891 762 762 788 887 788 788 786 782 786 786 787 888 787 787 802 811 802 802 760 893 760 760 762 891 762 762 787 888 787 787 786 782 786 786 760 893 760 760 787 888 787 787 761 894 761 761 763 892 763 763 762 891 762 762 760 893 760 760 761 894 761 761 762 891 762 762 758 780 758 758 760 893 760 760 786 782 786 786 759 895 759 759 761 894 761 761 760 893 760 760 758 780 758 758 759 895 759 759 760 893 760 760 757 781 757 757 759 895 759 759 758 780 758 758 773 879 773 773 775 797 775 775 774 796 774 774 867 872 867 867 852 871 852 852 868 873 868 868 896 896 896 896 927 897 927 927 897 898 897 897 926 899 926 926 927 897 927 927 896 896 896 896 896 896 896 896 897 898 897 897 898 900 898 898 927 897 927 927 943 901 943 943 897 898 897 897 927 897 927 927 942 902 942 942 943 901 943 943 925 903 925 925 942 902 942 942 927 897 927 927 926 899 926 926 925 903 925 925 927 897 927 927 897 898 897 897 943 901 943 943 928 904 928 928 897 898 897 897 928 904 928 928 899 905 899 899 898 900 898 898 897 898 897 897 899 905 899 899 898 900 898 898 899 905 899 899 900 906 900 900 899 905 899 899 929 907 929 929 901 908 901 901 899 905 899 899 928 904 928 928 929 907 929 929 900 906 900 900 899 905 899 899 901 908 901 901 928 904 928 928 959 909 959 959 944 910 944 944 943 901 943 943 959 909 959 959 928 904 928 928 928 904 928 928 944 910 944 944 929 907 929 929 943 901 943 943 958 911 958 958 959 909 959 959 942 902 942 942 958 911 958 958 943 901 943 943 942 902 942 942 957 912 957 957 958 911 958 958 941 913 941 941 957 912 957 957 942 902 942 942 925 903 925 925 941 913 941 941 942 902 942 942 923 914 923 923 941 913 941 941 925 903 925 925 924 915 924 924 925 903 925 925 926 899 926 926 924 915 924 924 923 914 923 923 925 903 925 925 941 913 941 941 956 916 956 956 957 912 957 957 940 917 940 940 956 916 956 956 941 913 941 941 923 914 923 923 940 917 940 940 941 913 941 941 957 912 957 957 973 918 973 973 958 911 958 958 957 912 957 957 972 919 972 972 973 918 973 973 956 916 956 956 972 919 972 972 957 912 957 957 958 911 958 958 974 920 974 974 959 909 959 959 958 911 958 958 973 918 973 973 974 920 974 974 959 909 959 959 975 921 975 975 944 910 944 944 959 909 959 959 974 920 974 974 975 921 975 975 944 910 944 944 975 921 975 975 960 922 960 960 944 910 944 944 960 922 960 960 945 923 945 945 929 907 929 929 944 910 944 944 945 923 945 945 929 907 929 929 945 923 945 945 930 924 930 930 901 908 901 901 929 907 929 929 930 924 930 930 901 908 901 901 930 924 930 930 903 925 903 903 902 926 902 902 901 908 901 901 903 925 903 903 900 906 900 900 901 908 901 901 902 926 902 902 930 924 930 930 946 927 946 946 931 928 931 931 930 924 930 930 945 923 945 945 946 927 946 946 903 925 903 903 930 924 930 930 931 928 931 931 945 923 945 945 961 929 961 961 946 927 946 946 945 923 945 945 960 922 960 960 961 929 961 961 960 922 960 960 991 930 991 991 976 931 976 976 975 921 975 975 991 930 991 991 960 922 960 960 960 922 960 960 976 931 976 976 961 929 961 961 975 921 975 975 990 932 990 990 991 930 991 991 974 920 974 974 990 932 990 990 975 921 975 975 974 920 974 974 989 933 989 989 990 932 990 990 973 918 973 973 989 933 989 989 974 920 974 974 973 918 973 973 988 934 988 988 989 933 989 989 972 919 972 972 988 934 988 988 973 918 973 973 972 919 972 972 987 935 987 987 988 934 988 988 971 936 971 971 987 935 987 987 972 919 972 972 956 916 956 956 971 936 971 971 972 919 972 972 955 937 955 955 971 936 971 971 956 916 956 956 940 917 940 940 955 937 955 955 956 916 956 956 939 938 939 939 955 937 955 955 940 917 940 940 921 939 921 921 940 917 940 940 923 914 923 923 921 939 921 921 939 938 939 939 940 917 940 940 922 940 922 922 923 914 923 923 924 915 924 924 922 940 922 922 921 939 921 921 923 914 923 923 919 941 919 919 939 938 939 939 921 939 921 921 920 942 920 920 921 939 921 921 922 940 922 922 920 942 920 920 919 941 919 919 921 939 921 921 939 938 939 939 954 943 954 954 955 937 955 955 938 944 938 938 954 943 954 954 939 938 939 939 919 941 919 919 938 944 938 938 939 938 939 939 955 937 955 955 970 945 970 970 971 936 971 971 954 943 954 954 970 945 970 970 955 937 955 955 971 936 971 971 986 946 986 986 987 935 987 987 970 945 970 970 986 946 986 986 971 936 971 971 987 935 987 987 1003 947 1003 1003 988 934 988 988 987 935 987 987 1002 948 1002 1002 1003 947 1003 1003 986 946 986 986 1002 948 1002 1002 987 935 987 987 988 934 988 988 1004 949 1004 1004 989 933 989 989 988 934 988 988 1003 947 1003 1003 1004 949 1004 1004 989 933 989 989 1005 950 1005 1005 990 932 990 990 989 933 989 989 1004 949 1004 1004 1005 950 1005 1005 990 932 990 990 1006 951 1006 1006 991 930 991 991 990 932 990 990 1005 950 1005 1005 1006 951 1006 1006 991 930 991 991 1007 952 1007 1007 976 931 976 976 991 930 991 991 1006 951 1006 1006 1007 952 1007 1007 976 931 976 976 1007 952 1007 1007 992 953 992 992 976 931 976 976 992 953 992 992 977 954 977 977 961 929 961 961 976 931 976 976 977 954 977 977 961 929 961 961 977 954 977 977 962 955 962 962 946 927 946 946 961 929 961 961 962 955 962 962 946 927 946 946 962 955 962 962 947 956 947 947 931 928 931 931 946 927 946 946 947 956 947 947 962 955 962 962 978 957 978 978 963 958 963 963 962 955 962 962 977 954 977 977 978 957 978 978 947 956 947 947 962 955 962 962 963 958 963 963 977 954 977 977 993 959 993 993 978 957 978 978 977 954 977 977 992 953 992 992 993 959 993 993 992 953 992 992 1023 960 1023 1023 1008 961 1008 1008 1007 952 1007 1007 1023 960 1023 1023 992 953 992 992 992 953 992 992 1008 961 1008 1008 993 959 993 993 1007 952 1007 1007 1022 962 1022 1022 1023 960 1023 1023 1006 951 1006 1006 1022 962 1022 1022 1007 952 1007 1007 1006 951 1006 1006 1021 963 1021 1021 1022 962 1022 1022 1005 950 1005 1005 1021 963 1021 1021 1006 951 1006 1006 1005 950 1005 1005 1020 964 1020 1020 1021 963 1021 1021 1004 949 1004 1004 1020 964 1020 1020 1005 950 1005 1005 1004 949 1004 1004 1019 965 1019 1019 1020 964 1020 1020 1003 947 1003 1003 1019 965 1019 1019 1004 949 1004 1004 1003 947 1003 1003 1018 966 1018 1018 1019 965 1019 1019 1002 948 1002 1002 1018 966 1018 1018 1003 947 1003 1003 1002 948 1002 1002 1017 967 1017 1017 1018 966 1018 1018 1001 968 1001 1001 1017 967 1017 1017 1002 948 1002 1002 986 946 986 986 1001 968 1001 1001 1002 948 1002 1002 985 969 985 985 1001 968 1001 1001 986 946 986 986 970 945 970 970 985 969 985 985 986 946 986 986 969 970 969 969 985 969 985 985 970 945 970 970 954 943 954 954 969 970 969 969 970 945 970 970 953 971 953 953 969 970 969 969 954 943 954 954 938 944 938 938 953 971 953 953 954 943 954 954 969 970 969 969 984 972 984 984 985 969 985 985 968 973 968 968 984 972 984 984 969 970 969 969 953 971 953 953 968 973 968 968 969 970 969 969 985 969 985 985 1000 974 1000 1000 1001 968 1001 1001 984 972 984 984 1000 974 1000 1000 985 969 985 985 1001 968 1001 1001 1016 975 1016 1016 1017 967 1017 1017 1000 974 1000 1000 1016 975 1016 1016 1001 968 1001 1001 1017 967 1017 1017 1033 976 1033 1033 1018 966 1018 1018 1017 967 1017 1017 1032 977 1032 1032 1033 976 1033 1033 1016 975 1016 1016 1032 977 1032 1032 1017 967 1017 1017 1018 966 1018 1018 1034 978 1034 1034 1019 965 1019 1019 1018 966 1018 1018 1033 976 1033 1033 1034 978 1034 1034 1019 965 1019 1019 1035 979 1035 1035 1020 964 1020 1020 1019 965 1019 1019 1034 978 1034 1034 1035 979 1035 1035 1020 964 1020 1020 1036 980 1036 1036 1021 963 1021 1021 1020 964 1020 1020 1035 979 1035 1035 1036 980 1036 1036 1021 963 1021 1021 1037 981 1037 1037 1022 962 1022 1022 1021 963 1021 1021 1036 980 1036 1036 1037 981 1037 1037 1022 962 1022 1022 1038 982 1038 1038 1023 960 1023 1023 1022 962 1022 1022 1037 981 1037 1037 1038 982 1038 1038 1023 960 1023 1023 1039 983 1039 1039 1008 961 1008 1008 1023 960 1023 1023 1038 982 1038 1038 1039 983 1039 1039 1008 961 1008 1008 1039 983 1039 1039 1024 984 1024 1024 1008 961 1008 1008 1024 984 1024 1024 1009 985 1009 1009 993 959 993 993 1008 961 1008 1008 1009 985 1009 1009 993 959 993 993 1009 985 1009 1009 994 986 994 994 978 957 978 978 993 959 993 993 994 986 994 994 1009 985 1009 1009 1025 987 1025 1025 1010 988 1010 1010 1009 985 1009 1009 1024 984 1024 1024 1025 987 1025 1025 994 986 994 994 1009 985 1009 1009 1010 988 1010 1010 1039 983 1039 1039 1040 989 1040 1040 1024 984 1024 1024 1024 984 1024 1024 1040 989 1040 1040 1025 987 1025 1025 1038 982 1038 1038 1040 989 1040 1040 1039 983 1039 1039 1037 981 1037 1037 1040 989 1040 1040 1038 982 1038 1038 1036 980 1036 1036 1040 989 1040 1040 1037 981 1037 1037 1035 979 1035 1035 1040 989 1040 1040 1036 980 1036 1036 1034 978 1034 1034 1040 989 1040 1040 1035 979 1035 1035 1033 976 1033 1033 1040 989 1040 1040 1034 978 1034 1034 1032 977 1032 1032 1040 989 1040 1040 1033 976 1033 1033 1031 990 1031 1031 1040 989 1040 1040 1032 977 1032 1032 1016 975 1016 1016 1031 990 1031 1031 1032 977 1032 1032 1015 991 1015 1015 1031 990 1031 1031 1016 975 1016 1016 1000 974 1000 1000 1015 991 1015 1015 1016 975 1016 1016 999 992 999 999 1015 991 1015 1015 1000 974 1000 1000 984 972 984 984 999 992 999 999 1000 974 1000 1000 983 993 983 983 999 992 999 999 984 972 984 984 968 973 968 968 983 993 983 983 984 972 984 984 967 994 967 967 983 993 983 983 968 973 968 968 952 995 952 952 968 973 968 968 953 971 953 953 952 995 952 952 967 994 967 967 968 973 968 968 937 996 937 937 953 971 953 953 938 944 938 938 937 996 937 937 952 995 952 952 953 971 953 953 951 997 951 951 967 994 967 967 952 995 952 952 936 998 936 936 952 995 952 952 937 996 937 937 936 998 936 936 951 997 951 951 952 995 952 952 967 994 967 967 982 999 982 982 983 993 983 983 966 1000 966 966 982 999 982 982 967 994 967 967 951 997 951 951 966 1000 966 966 967 994 967 967 983 993 983 983 998 1001 998 998 999 992 999 999 982 999 982 982 998 1001 998 998 983 993 983 983 999 992 999 999 1014 1002 1014 1014 1015 991 1015 1015 998 1001 998 998 1014 1002 1014 1014 999 992 999 999 1015 991 1015 1015 1030 1003 1030 1030 1031 990 1031 1031 1014 1002 1014 1014 1030 1003 1030 1030 1015 991 1015 1015 1030 1003 1030 1030 1040 989 1040 1040 1031 990 1031 1031 1029 1004 1029 1029 1040 989 1040 1040 1030 1003 1030 1030 1028 1005 1028 1028 1040 989 1040 1040 1029 1004 1029 1029 1027 1006 1027 1027 1040 989 1040 1040 1028 1005 1028 1028 1026 1007 1026 1026 1040 989 1040 1040 1027 1006 1027 1027 1025 987 1025 1025 1040 989 1040 1040 1026 1007 1026 1026 1010 988 1010 1010 1025 987 1025 1025 1026 1007 1026 1026 1010 988 1010 1010 1026 1007 1026 1026 1011 1008 1011 1011 995 1009 995 995 1010 988 1010 1010 1011 1008 1011 1011 994 986 994 994 1010 988 1010 1010 995 1009 995 995 979 1010 979 979 994 986 994 994 995 1009 995 995 978 957 978 978 994 986 994 994 979 1010 979 979 995 1009 995 995 1011 1008 1011 1011 996 1011 996 996 980 1012 980 980 995 1009 995 995 996 1011 996 996 979 1010 979 979 995 1009 995 995 980 1012 980 980 1011 1008 1011 1011 1027 1006 1027 1027 1012 1013 1012 1012 1011 1008 1011 1011 1026 1007 1026 1026 1027 1006 1027 1027 996 1011 996 996 1011 1008 1011 1011 1012 1013 1012 1012 1012 1013 1012 1012 1027 1006 1027 1027 1028 1005 1028 1028 1013 1014 1013 1013 1028 1005 1028 1028 1029 1004 1029 1029 1012 1013 1012 1012 1028 1005 1028 1028 1013 1014 1013 1013 1014 1002 1014 1014 1029 1004 1029 1029 1030 1003 1030 1030 1013 1014 1013 1013 1029 1004 1029 1029 1014 1002 1014 1014 998 1001 998 998 1013 1014 1013 1013 1014 1002 1014 1014 997 1015 997 997 1013 1014 1013 1013 998 1001 998 998 982 999 982 982 997 1015 997 997 998 1001 998 998 981 1016 981 981 997 1015 997 997 982 999 982 982 966 1000 966 966 981 1016 981 981 982 999 982 982 965 1017 965 965 981 1016 981 981 966 1000 966 966 950 1018 950 950 966 1000 966 966 951 997 951 951 950 1018 950 950 965 1017 965 965 966 1000 966 966 935 1019 935 935 951 997 951 951 936 998 936 936 935 1019 935 935 950 1018 950 950 951 997 951 951 915 1020 915 915 936 998 936 936 937 996 937 937 913 1021 913 913 936 998 936 936 915 1020 915 915 913 1021 913 913 935 1019 935 935 936 998 936 936 917 1022 917 917 937 996 937 937 938 944 938 938 915 1020 915 915 937 996 937 937 917 1022 917 917 917 1022 917 917 938 944 938 938 919 941 919 919 918 1023 918 918 917 1022 917 917 919 941 919 919 916 1024 916 916 917 1022 917 917 918 1023 918 918 916 1024 916 916 915 1020 915 915 917 1022 917 917 914 1025 914 914 915 1020 915 915 916 1024 916 916 914 1025 914 914 913 1021 913 913 915 1020 915 915 911 1026 911 911 935 1019 935 935 913 1021 913 913 912 1027 912 912 913 1021 913 913 914 1025 914 914 912 1027 912 912 911 1026 911 911 913 1021 913 913 934 1028 934 934 950 1018 950 950 935 1019 935 935 911 1026 911 911 934 1028 934 934 935 1019 935 935 949 1029 949 949 965 1017 965 965 950 1018 950 950 934 1028 934 934 949 1029 949 949 950 1018 950 950 965 1017 965 965 980 1012 980 980 981 1016 981 981 964 1030 964 964 980 1012 980 980 965 1017 965 965 949 1029 949 949 964 1030 964 964 965 1017 965 965 980 1012 980 980 996 1011 996 996 981 1016 981 981 964 1030 964 964 979 1010 979 979 980 1012 980 980 963 958 963 963 979 1010 979 979 964 1030 964 964 963 958 963 963 978 957 978 978 979 1010 979 979 948 1031 948 948 964 1030 964 964 949 1029 949 949 948 1031 948 948 963 958 963 963 964 1030 964 964 933 1032 933 933 949 1029 949 949 934 1028 934 934 933 1032 933 933 948 1031 948 948 949 1029 949 949 909 1033 909 909 934 1028 934 934 911 1026 911 911 909 1033 909 909 933 1032 933 933 934 1028 934 934 910 1034 910 910 911 1026 911 911 912 1027 912 912 910 1034 910 910 909 1033 909 909 911 1026 911 911 907 1035 907 907 933 1032 933 933 909 1033 909 909 908 1036 908 908 909 1033 909 909 910 1034 910 910 908 1036 908 908 907 1035 907 907 909 1033 909 909 932 1037 932 932 948 1031 948 948 933 1032 933 933 907 1035 907 907 932 1037 932 932 933 1032 933 933 947 956 947 947 963 958 963 963 948 1031 948 948 932 1037 932 932 947 956 947 947 948 1031 948 948 931 928 931 931 947 956 947 947 932 1037 932 932 905 1038 905 905 932 1037 932 932 907 1035 907 907 905 1038 905 905 931 928 931 931 932 1037 932 932 906 1039 906 906 907 1035 907 907 908 1036 908 908 906 1039 906 906 905 1038 905 905 907 1035 907 907 903 925 903 903 931 928 931 931 905 1038 905 905 904 1040 904 904 905 1038 905 905 906 1039 906 906 904 1040 904 904 903 925 903 903 905 1038 905 905 902 926 902 902 903 925 903 903 904 1040 904 904 918 1023 918 918 919 941 919 919 920 942 920 920 981 1016 981 981 996 1011 996 996 997 1015 997 997 996 1011 996 996 1012 1013 1012 1012 997 1015 997 997 997 1015 997 997 1012 1013 1012 1012 1013 1014 1013 1013 1041 1041 1041 1041 1072 1042 1072 1072 1042 1043 1042 1042 1071 1044 1071 1071 1072 1042 1072 1072 1041 1041 1041 1041 1041 1041 1041 1041 1042 1043 1042 1042 1043 1045 1043 1043 1072 1042 1072 1072 1088 1046 1088 1088 1042 1043 1042 1042 1072 1042 1072 1072 1087 1047 1087 1087 1088 1046 1088 1088 1070 1048 1070 1070 1087 1047 1087 1087 1072 1042 1072 1072 1071 1044 1071 1071 1070 1048 1070 1070 1072 1042 1072 1072 1042 1043 1042 1042 1088 1046 1088 1088 1073 1049 1073 1073 1042 1043 1042 1042 1073 1049 1073 1073 1044 1050 1044 1044 1043 1045 1043 1043 1042 1043 1042 1042 1044 1050 1044 1044 1043 1045 1043 1043 1044 1050 1044 1044 1045 1051 1045 1045 1044 1050 1044 1044 1074 1052 1074 1074 1046 1053 1046 1046 1044 1050 1044 1044 1073 1049 1073 1073 1074 1052 1074 1074 1045 1051 1045 1045 1044 1050 1044 1044 1046 1053 1046 1046 1073 1049 1073 1073 1104 1054 1104 1104 1089 1055 1089 1089 1088 1046 1088 1088 1104 1054 1104 1104 1073 1049 1073 1073 1073 1049 1073 1073 1089 1055 1089 1089 1074 1052 1074 1074 1088 1046 1088 1088 1103 1056 1103 1103 1104 1054 1104 1104 1087 1047 1087 1087 1103 1056 1103 1103 1088 1046 1088 1088 1087 1047 1087 1087 1102 1057 1102 1102 1103 1056 1103 1103 1086 1058 1086 1086 1102 1057 1102 1102 1087 1047 1087 1087 1070 1048 1070 1070 1086 1058 1086 1086 1087 1047 1087 1087 1068 1059 1068 1068 1086 1058 1086 1086 1070 1048 1070 1070 1069 1060 1069 1069 1070 1048 1070 1070 1071 1044 1071 1071 1069 1060 1069 1069 1068 1059 1068 1068 1070 1048 1070 1070 1086 1058 1086 1086 1101 1061 1101 1101 1102 1057 1102 1102 1085 1062 1085 1085 1101 1061 1101 1101 1086 1058 1086 1086 1068 1059 1068 1068 1085 1062 1085 1085 1086 1058 1086 1086 1102 1057 1102 1102 1118 1063 1118 1118 1103 1056 1103 1103 1102 1057 1102 1102 1117 1064 1117 1117 1118 1063 1118 1118 1101 1061 1101 1101 1117 1064 1117 1117 1102 1057 1102 1102 1103 1056 1103 1103 1119 1065 1119 1119 1104 1054 1104 1104 1103 1056 1103 1103 1118 1063 1118 1118 1119 1065 1119 1119 1104 1054 1104 1104 1120 1066 1120 1120 1089 1055 1089 1089 1104 1054 1104 1104 1119 1065 1119 1119 1120 1066 1120 1120 1089 1055 1089 1089 1120 1066 1120 1120 1105 1067 1105 1105 1089 1055 1089 1089 1105 1067 1105 1105 1090 1068 1090 1090 1074 1052 1074 1074 1089 1055 1089 1089 1090 1068 1090 1090 1074 1052 1074 1074 1090 1068 1090 1090 1075 1069 1075 1075 1046 1053 1046 1046 1074 1052 1074 1074 1075 1069 1075 1075 1046 1053 1046 1046 1075 1069 1075 1075 1048 1070 1048 1048 1047 1071 1047 1047 1046 1053 1046 1046 1048 1070 1048 1048 1045 1051 1045 1045 1046 1053 1046 1046 1047 1071 1047 1047 1075 1069 1075 1075 1091 1072 1091 1091 1076 1073 1076 1076 1075 1069 1075 1075 1090 1068 1090 1090 1091 1072 1091 1091 1048 1070 1048 1048 1075 1069 1075 1075 1076 1073 1076 1076 1090 1068 1090 1090 1106 1074 1106 1106 1091 1072 1091 1091 1090 1068 1090 1090 1105 1067 1105 1105 1106 1074 1106 1106 1105 1067 1105 1105 1136 1075 1136 1136 1121 1076 1121 1121 1120 1066 1120 1120 1136 1075 1136 1136 1105 1067 1105 1105 1105 1067 1105 1105 1121 1076 1121 1121 1106 1074 1106 1106 1120 1066 1120 1120 1135 1077 1135 1135 1136 1075 1136 1136 1119 1065 1119 1119 1135 1077 1135 1135 1120 1066 1120 1120 1119 1065 1119 1119 1134 1078 1134 1134 1135 1077 1135 1135 1118 1063 1118 1118 1134 1078 1134 1134 1119 1065 1119 1119 1118 1063 1118 1118 1133 1079 1133 1133 1134 1078 1134 1134 1117 1064 1117 1117 1133 1079 1133 1133 1118 1063 1118 1118 1117 1064 1117 1117 1132 1080 1132 1132 1133 1079 1133 1133 1116 1081 1116 1116 1132 1080 1132 1132 1117 1064 1117 1117 1101 1061 1101 1101 1116 1081 1116 1116 1117 1064 1117 1117 1100 1082 1100 1100 1116 1081 1116 1116 1101 1061 1101 1101 1085 1062 1085 1085 1100 1082 1100 1100 1101 1061 1101 1101 1084 1083 1084 1084 1100 1082 1100 1100 1085 1062 1085 1085 1066 1084 1066 1066 1085 1062 1085 1085 1068 1059 1068 1068 1066 1084 1066 1066 1084 1083 1084 1084 1085 1062 1085 1085 1067 1085 1067 1067 1068 1059 1068 1068 1069 1060 1069 1069 1067 1085 1067 1067 1066 1084 1066 1066 1068 1059 1068 1068 1064 1086 1064 1064 1084 1083 1084 1084 1066 1084 1066 1066 1065 1087 1065 1065 1066 1084 1066 1066 1067 1085 1067 1067 1065 1087 1065 1065 1064 1086 1064 1064 1066 1084 1066 1066 1084 1083 1084 1084 1099 1088 1099 1099 1100 1082 1100 1100 1083 1089 1083 1083 1099 1088 1099 1099 1084 1083 1084 1084 1064 1086 1064 1064 1083 1089 1083 1083 1084 1083 1084 1084 1100 1082 1100 1100 1115 1090 1115 1115 1116 1081 1116 1116 1099 1088 1099 1099 1115 1090 1115 1115 1100 1082 1100 1100 1116 1081 1116 1116 1131 1091 1131 1131 1132 1080 1132 1132 1115 1090 1115 1115 1131 1091 1131 1131 1116 1081 1116 1116 1132 1080 1132 1132 1148 1092 1148 1148 1133 1079 1133 1133 1132 1080 1132 1132 1147 1093 1147 1147 1148 1092 1148 1148 1131 1091 1131 1131 1147 1093 1147 1147 1132 1080 1132 1132 1133 1079 1133 1133 1149 1094 1149 1149 1134 1078 1134 1134 1133 1079 1133 1133 1148 1092 1148 1148 1149 1094 1149 1149 1134 1078 1134 1134 1150 1095 1150 1150 1135 1077 1135 1135 1134 1078 1134 1134 1149 1094 1149 1149 1150 1095 1150 1150 1135 1077 1135 1135 1151 1096 1151 1151 1136 1075 1136 1136 1135 1077 1135 1135 1150 1095 1150 1150 1151 1096 1151 1151 1136 1075 1136 1136 1152 1097 1152 1152 1121 1076 1121 1121 1136 1075 1136 1136 1151 1096 1151 1151 1152 1097 1152 1152 1121 1076 1121 1121 1152 1097 1152 1152 1137 1098 1137 1137 1121 1076 1121 1121 1137 1098 1137 1137 1122 1099 1122 1122 1106 1074 1106 1106 1121 1076 1121 1121 1122 1099 1122 1122 1106 1074 1106 1106 1122 1099 1122 1122 1107 1100 1107 1107 1091 1072 1091 1091 1106 1074 1106 1106 1107 1100 1107 1107 1091 1072 1091 1091 1107 1100 1107 1107 1092 1101 1092 1092 1076 1073 1076 1076 1091 1072 1091 1091 1092 1101 1092 1092 1107 1100 1107 1107 1123 1102 1123 1123 1108 1103 1108 1108 1107 1100 1107 1107 1122 1099 1122 1122 1123 1102 1123 1123 1092 1101 1092 1092 1107 1100 1107 1107 1108 1103 1108 1108 1122 1099 1122 1122 1138 1104 1138 1138 1123 1102 1123 1123 1122 1099 1122 1122 1137 1098 1137 1137 1138 1104 1138 1138 1137 1098 1137 1137 1168 1105 1168 1168 1153 1106 1153 1153 1152 1097 1152 1152 1168 1105 1168 1168 1137 1098 1137 1137 1137 1098 1137 1137 1153 1106 1153 1153 1138 1104 1138 1138 1152 1097 1152 1152 1167 1107 1167 1167 1168 1105 1168 1168 1151 1096 1151 1151 1167 1107 1167 1167 1152 1097 1152 1152 1151 1096 1151 1151 1166 1108 1166 1166 1167 1107 1167 1167 1150 1095 1150 1150 1166 1108 1166 1166 1151 1096 1151 1151 1150 1095 1150 1150 1165 1109 1165 1165 1166 1108 1166 1166 1149 1094 1149 1149 1165 1109 1165 1165 1150 1095 1150 1150 1149 1094 1149 1149 1164 1110 1164 1164 1165 1109 1165 1165 1148 1092 1148 1148 1164 1110 1164 1164 1149 1094 1149 1149 1148 1092 1148 1148 1163 1111 1163 1163 1164 1110 1164 1164 1147 1093 1147 1147 1163 1111 1163 1163 1148 1092 1148 1148 1147 1093 1147 1147 1162 1112 1162 1162 1163 1111 1163 1163 1146 1113 1146 1146 1162 1112 1162 1162 1147 1093 1147 1147 1131 1091 1131 1131 1146 1113 1146 1146 1147 1093 1147 1147 1130 1114 1130 1130 1146 1113 1146 1146 1131 1091 1131 1131 1115 1090 1115 1115 1130 1114 1130 1130 1131 1091 1131 1131 1114 1115 1114 1114 1130 1114 1130 1130 1115 1090 1115 1115 1099 1088 1099 1099 1114 1115 1114 1114 1115 1090 1115 1115 1098 1116 1098 1098 1114 1115 1114 1114 1099 1088 1099 1099 1083 1089 1083 1083 1098 1116 1098 1098 1099 1088 1099 1099 1114 1115 1114 1114 1129 1117 1129 1129 1130 1114 1130 1130 1113 1118 1113 1113 1129 1117 1129 1129 1114 1115 1114 1114 1098 1116 1098 1098 1113 1118 1113 1113 1114 1115 1114 1114 1130 1114 1130 1130 1145 1119 1145 1145 1146 1113 1146 1146 1129 1117 1129 1129 1145 1119 1145 1145 1130 1114 1130 1130 1146 1113 1146 1146 1161 1120 1161 1161 1162 1112 1162 1162 1145 1119 1145 1145 1161 1120 1161 1161 1146 1113 1146 1146 1162 1112 1162 1162 1178 1121 1178 1178 1163 1111 1163 1163 1162 1112 1162 1162 1177 1122 1177 1177 1178 1121 1178 1178 1161 1120 1161 1161 1177 1122 1177 1177 1162 1112 1162 1162 1163 1111 1163 1163 1179 1123 1179 1179 1164 1110 1164 1164 1163 1111 1163 1163 1178 1121 1178 1178 1179 1123 1179 1179 1164 1110 1164 1164 1180 1124 1180 1180 1165 1109 1165 1165 1164 1110 1164 1164 1179 1123 1179 1179 1180 1124 1180 1180 1165 1109 1165 1165 1181 1125 1181 1181 1166 1108 1166 1166 1165 1109 1165 1165 1180 1124 1180 1180 1181 1125 1181 1181 1166 1108 1166 1166 1182 1126 1182 1182 1167 1107 1167 1167 1166 1108 1166 1166 1181 1125 1181 1181 1182 1126 1182 1182 1167 1107 1167 1167 1183 1127 1183 1183 1168 1105 1168 1168 1167 1107 1167 1167 1182 1126 1182 1182 1183 1127 1183 1183 1168 1105 1168 1168 1184 1128 1184 1184 1153 1106 1153 1153 1168 1105 1168 1168 1183 1127 1183 1183 1184 1128 1184 1184 1153 1106 1153 1153 1184 1128 1184 1184 1169 1129 1169 1169 1153 1106 1153 1153 1169 1129 1169 1169 1154 1130 1154 1154 1138 1104 1138 1138 1153 1106 1153 1153 1154 1130 1154 1154 1138 1104 1138 1138 1154 1130 1154 1154 1139 1131 1139 1139 1123 1102 1123 1123 1138 1104 1138 1138 1139 1131 1139 1139 1154 1130 1154 1154 1170 1132 1170 1170 1155 1133 1155 1155 1154 1130 1154 1154 1169 1129 1169 1169 1170 1132 1170 1170 1139 1131 1139 1139 1154 1130 1154 1154 1155 1133 1155 1155 1184 1128 1184 1184 1185 1134 1185 1185 1169 1129 1169 1169 1169 1129 1169 1169 1185 1134 1185 1185 1170 1132 1170 1170 1183 1127 1183 1183 1185 1134 1185 1185 1184 1128 1184 1184 1182 1126 1182 1182 1185 1134 1185 1185 1183 1127 1183 1183 1181 1125 1181 1181 1185 1134 1185 1185 1182 1126 1182 1182 1180 1124 1180 1180 1185 1134 1185 1185 1181 1125 1181 1181 1179 1123 1179 1179 1185 1134 1185 1185 1180 1124 1180 1180 1178 1121 1178 1178 1185 1134 1185 1185 1179 1123 1179 1179 1177 1122 1177 1177 1185 1134 1185 1185 1178 1121 1178 1178 1176 1135 1176 1176 1185 1134 1185 1185 1177 1122 1177 1177 1161 1120 1161 1161 1176 1135 1176 1176 1177 1122 1177 1177 1160 1136 1160 1160 1176 1135 1176 1176 1161 1120 1161 1161 1145 1119 1145 1145 1160 1136 1160 1160 1161 1120 1161 1161 1144 1137 1144 1144 1160 1136 1160 1160 1145 1119 1145 1145 1129 1117 1129 1129 1144 1137 1144 1144 1145 1119 1145 1145 1128 1138 1128 1128 1144 1137 1144 1144 1129 1117 1129 1129 1113 1118 1113 1113 1128 1138 1128 1128 1129 1117 1129 1129 1112 1139 1112 1112 1128 1138 1128 1128 1113 1118 1113 1113 1097 1140 1097 1097 1113 1118 1113 1113 1098 1116 1098 1098 1097 1140 1097 1097 1112 1139 1112 1112 1113 1118 1113 1113 1082 1141 1082 1082 1098 1116 1098 1098 1083 1089 1083 1083 1082 1141 1082 1082 1097 1140 1097 1097 1098 1116 1098 1098 1096 1142 1096 1096 1112 1139 1112 1112 1097 1140 1097 1097 1081 1143 1081 1081 1097 1140 1097 1097 1082 1141 1082 1082 1081 1143 1081 1081 1096 1142 1096 1096 1097 1140 1097 1097 1112 1139 1112 1112 1127 1144 1127 1127 1128 1138 1128 1128 1111 1145 1111 1111 1127 1144 1127 1127 1112 1139 1112 1112 1096 1142 1096 1096 1111 1145 1111 1111 1112 1139 1112 1112 1128 1138 1128 1128 1143 1146 1143 1143 1144 1137 1144 1144 1127 1144 1127 1127 1143 1146 1143 1143 1128 1138 1128 1128 1144 1137 1144 1144 1159 1147 1159 1159 1160 1136 1160 1160 1143 1146 1143 1143 1159 1147 1159 1159 1144 1137 1144 1144 1160 1136 1160 1160 1175 1148 1175 1175 1176 1135 1176 1176 1159 1147 1159 1159 1175 1148 1175 1175 1160 1136 1160 1160 1175 1148 1175 1175 1185 1134 1185 1185 1176 1135 1176 1176 1174 1149 1174 1174 1185 1134 1185 1185 1175 1148 1175 1175 1173 1150 1173 1173 1185 1134 1185 1185 1174 1149 1174 1174 1172 1151 1172 1172 1185 1134 1185 1185 1173 1150 1173 1173 1171 1152 1171 1171 1185 1134 1185 1185 1172 1151 1172 1172 1170 1132 1170 1170 1185 1134 1185 1185 1171 1152 1171 1171 1155 1133 1155 1155 1170 1132 1170 1170 1171 1152 1171 1171 1155 1133 1155 1155 1171 1152 1171 1171 1156 1153 1156 1156 1140 1154 1140 1140 1155 1133 1155 1155 1156 1153 1156 1156 1139 1131 1139 1139 1155 1133 1155 1155 1140 1154 1140 1140 1124 1155 1124 1124 1139 1131 1139 1139 1140 1154 1140 1140 1123 1102 1123 1123 1139 1131 1139 1139 1124 1155 1124 1124 1140 1154 1140 1140 1156 1153 1156 1156 1141 1156 1141 1141 1125 1157 1125 1125 1140 1154 1140 1140 1141 1156 1141 1141 1124 1155 1124 1124 1140 1154 1140 1140 1125 1157 1125 1125 1156 1153 1156 1156 1172 1151 1172 1172 1157 1158 1157 1157 1156 1153 1156 1156 1171 1152 1171 1171 1172 1151 1172 1172 1141 1156 1141 1141 1156 1153 1156 1156 1157 1158 1157 1157 1157 1158 1157 1157 1172 1151 1172 1172 1173 1150 1173 1173 1158 1159 1158 1158 1173 1150 1173 1173 1174 1149 1174 1174 1157 1158 1157 1157 1173 1150 1173 1173 1158 1159 1158 1158 1159 1147 1159 1159 1174 1149 1174 1174 1175 1148 1175 1175 1158 1159 1158 1158 1174 1149 1174 1174 1159 1147 1159 1159 1143 1146 1143 1143 1158 1159 1158 1158 1159 1147 1159 1159 1142 1160 1142 1142 1158 1159 1158 1158 1143 1146 1143 1143 1127 1144 1127 1127 1142 1160 1142 1142 1143 1146 1143 1143 1126 1161 1126 1126 1142 1160 1142 1142 1127 1144 1127 1127 1111 1145 1111 1111 1126 1161 1126 1126 1127 1144 1127 1127 1110 1162 1110 1110 1126 1161 1126 1126 1111 1145 1111 1111 1095 1163 1095 1095 1111 1145 1111 1111 1096 1142 1096 1096 1095 1163 1095 1095 1110 1162 1110 1110 1111 1145 1111 1111 1080 1164 1080 1080 1096 1142 1096 1096 1081 1143 1081 1081 1080 1164 1080 1080 1095 1163 1095 1095 1096 1142 1096 1096 1060 1165 1060 1060 1081 1143 1081 1081 1082 1141 1082 1082 1058 1166 1058 1058 1081 1143 1081 1081 1060 1165 1060 1060 1058 1166 1058 1058 1080 1164 1080 1080 1081 1143 1081 1081 1062 1167 1062 1062 1082 1141 1082 1082 1083 1089 1083 1083 1060 1165 1060 1060 1082 1141 1082 1082 1062 1167 1062 1062 1062 1167 1062 1062 1083 1089 1083 1083 1064 1086 1064 1064 1063 1168 1063 1063 1062 1167 1062 1062 1064 1086 1064 1064 1061 1169 1061 1061 1062 1167 1062 1062 1063 1168 1063 1063 1061 1169 1061 1061 1060 1165 1060 1060 1062 1167 1062 1062 1059 1170 1059 1059 1060 1165 1060 1060 1061 1169 1061 1061 1059 1170 1059 1059 1058 1166 1058 1058 1060 1165 1060 1060 1056 1171 1056 1056 1080 1164 1080 1080 1058 1166 1058 1058 1057 1172 1057 1057 1058 1166 1058 1058 1059 1170 1059 1059 1057 1172 1057 1057 1056 1171 1056 1056 1058 1166 1058 1058 1079 1173 1079 1079 1095 1163 1095 1095 1080 1164 1080 1080 1056 1171 1056 1056 1079 1173 1079 1079 1080 1164 1080 1080 1094 1174 1094 1094 1110 1162 1110 1110 1095 1163 1095 1095 1079 1173 1079 1079 1094 1174 1094 1094 1095 1163 1095 1095 1110 1162 1110 1110 1125 1157 1125 1125 1126 1161 1126 1126 1109 1175 1109 1109 1125 1157 1125 1125 1110 1162 1110 1110 1094 1174 1094 1094 1109 1175 1109 1109 1110 1162 1110 1110 1125 1157 1125 1125 1141 1156 1141 1141 1126 1161 1126 1126 1109 1175 1109 1109 1124 1155 1124 1124 1125 1157 1125 1125 1108 1103 1108 1108 1124 1155 1124 1124 1109 1175 1109 1109 1108 1103 1108 1108 1123 1102 1123 1123 1124 1155 1124 1124 1093 1176 1093 1093 1109 1175 1109 1109 1094 1174 1094 1094 1093 1176 1093 1093 1108 1103 1108 1108 1109 1175 1109 1109 1078 1177 1078 1078 1094 1174 1094 1094 1079 1173 1079 1079 1078 1177 1078 1078 1093 1176 1093 1093 1094 1174 1094 1094 1054 1178 1054 1054 1079 1173 1079 1079 1056 1171 1056 1056 1054 1178 1054 1054 1078 1177 1078 1078 1079 1173 1079 1079 1055 1179 1055 1055 1056 1171 1056 1056 1057 1172 1057 1057 1055 1179 1055 1055 1054 1178 1054 1054 1056 1171 1056 1056 1052 1180 1052 1052 1078 1177 1078 1078 1054 1178 1054 1054 1053 1181 1053 1053 1054 1178 1054 1054 1055 1179 1055 1055 1053 1181 1053 1053 1052 1180 1052 1052 1054 1178 1054 1054 1077 1182 1077 1077 1093 1176 1093 1093 1078 1177 1078 1078 1052 1180 1052 1052 1077 1182 1077 1077 1078 1177 1078 1078 1092 1101 1092 1092 1108 1103 1108 1108 1093 1176 1093 1093 1077 1182 1077 1077 1092 1101 1092 1092 1093 1176 1093 1093 1076 1073 1076 1076 1092 1101 1092 1092 1077 1182 1077 1077 1050 1183 1050 1050 1077 1182 1077 1077 1052 1180 1052 1052 1050 1183 1050 1050 1076 1073 1076 1076 1077 1182 1077 1077 1051 1184 1051 1051 1052 1180 1052 1052 1053 1181 1053 1053 1051 1184 1051 1051 1050 1183 1050 1050 1052 1180 1052 1052 1048 1070 1048 1048 1076 1073 1076 1076 1050 1183 1050 1050 1049 1185 1049 1049 1050 1183 1050 1050 1051 1184 1051 1051 1049 1185 1049 1049 1048 1070 1048 1048 1050 1183 1050 1050 1047 1071 1047 1047 1048 1070 1048 1048 1049 1185 1049 1049 1063 1168 1063 1063 1064 1086 1064 1064 1065 1087 1065 1065 1126 1161 1126 1126 1141 1156 1141 1141 1142 1160 1142 1142 1141 1156 1141 1141 1157 1158 1157 1157 1142 1160 1142 1142 1142 1160 1142 1142 1157 1158 1157 1157 1158 1159 1158 1158 1217 1186 1217 1217 1186 1187 1186 1186 1188 1188 1188 1188 1216 1189 1216 1216 1186 1187 1186 1186 1217 1186 1217 1217 1186 1187 1186 1186 1187 1190 1187 1187 1188 1188 1188 1188 1217 1186 1217 1217 1188 1188 1188 1188 1233 1191 1233 1233 1232 1192 1232 1232 1217 1186 1217 1217 1233 1191 1233 1233 1215 1193 1215 1215 1217 1186 1217 1217 1232 1192 1232 1232 1215 1193 1215 1215 1216 1189 1216 1216 1217 1186 1217 1217 1233 1191 1233 1233 1188 1188 1188 1188 1218 1194 1218 1218 1188 1188 1188 1188 1189 1195 1189 1189 1218 1194 1218 1218 1188 1188 1188 1188 1187 1190 1187 1187 1189 1195 1189 1189 1187 1190 1187 1187 1190 1196 1190 1190 1189 1195 1189 1189 1189 1195 1189 1189 1191 1197 1191 1191 1219 1198 1219 1219 1218 1194 1218 1218 1189 1195 1189 1189 1219 1198 1219 1219 1189 1195 1189 1189 1190 1196 1190 1190 1191 1197 1191 1191 1249 1199 1249 1249 1218 1194 1218 1218 1234 1200 1234 1234 1233 1191 1233 1233 1218 1194 1218 1218 1249 1199 1249 1249 1218 1194 1218 1218 1219 1198 1219 1219 1234 1200 1234 1234 1248 1201 1248 1248 1233 1191 1233 1233 1249 1199 1249 1249 1232 1192 1232 1232 1233 1191 1233 1233 1248 1201 1248 1248 1247 1202 1247 1247 1232 1192 1232 1232 1248 1201 1248 1248 1231 1203 1231 1231 1232 1192 1232 1232 1247 1202 1247 1247 1231 1203 1231 1231 1215 1193 1215 1215 1232 1192 1232 1232 1213 1204 1213 1213 1215 1193 1215 1215 1231 1203 1231 1231 1214 1205 1214 1214 1216 1189 1216 1216 1215 1193 1215 1215 1213 1204 1213 1213 1214 1205 1214 1214 1215 1193 1215 1215 1246 1206 1246 1246 1231 1203 1231 1231 1247 1202 1247 1247 1230 1207 1230 1230 1231 1203 1231 1231 1246 1206 1246 1246 1230 1207 1230 1230 1213 1204 1213 1213 1231 1203 1231 1231 1247 1202 1247 1247 1248 1201 1248 1248 1263 1208 1263 1263 1262 1209 1262 1262 1247 1202 1247 1247 1263 1208 1263 1263 1246 1206 1246 1246 1247 1202 1247 1247 1262 1209 1262 1262 1248 1201 1248 1248 1249 1199 1249 1249 1264 1210 1264 1264 1263 1208 1263 1263 1248 1201 1248 1248 1264 1210 1264 1264 1249 1199 1249 1249 1234 1200 1234 1234 1265 1211 1265 1265 1264 1210 1264 1264 1249 1199 1249 1249 1265 1211 1265 1265 1265 1211 1265 1265 1234 1200 1234 1234 1250 1212 1250 1250 1234 1200 1234 1234 1235 1213 1235 1235 1250 1212 1250 1250 1234 1200 1234 1234 1219 1198 1219 1219 1235 1213 1235 1235 1219 1198 1219 1219 1220 1214 1220 1220 1235 1213 1235 1235 1219 1198 1219 1219 1191 1197 1191 1191 1220 1214 1220 1220 1191 1197 1191 1191 1193 1215 1193 1193 1220 1214 1220 1220 1191 1197 1191 1191 1192 1216 1192 1192 1193 1215 1193 1193 1190 1196 1190 1190 1192 1216 1192 1192 1191 1197 1191 1191 1220 1214 1220 1220 1221 1217 1221 1221 1236 1218 1236 1236 1235 1213 1235 1235 1220 1214 1220 1220 1236 1218 1236 1236 1220 1214 1220 1220 1193 1215 1193 1193 1221 1217 1221 1221 1235 1213 1235 1235 1236 1218 1236 1236 1251 1219 1251 1251 1250 1212 1250 1250 1235 1213 1235 1235 1251 1219 1251 1251 1281 1220 1281 1281 1250 1212 1250 1250 1266 1221 1266 1266 1265 1211 1265 1265 1250 1212 1250 1250 1281 1220 1281 1281 1250 1212 1250 1250 1251 1219 1251 1251 1266 1221 1266 1266 1280 1222 1280 1280 1265 1211 1265 1265 1281 1220 1281 1281 1264 1210 1264 1264 1265 1211 1265 1265 1280 1222 1280 1280 1279 1223 1279 1279 1264 1210 1264 1264 1280 1222 1280 1280 1263 1208 1263 1263 1264 1210 1264 1264 1279 1223 1279 1279 1278 1224 1278 1278 1263 1208 1263 1263 1279 1223 1279 1279 1262 1209 1262 1262 1263 1208 1263 1263 1278 1224 1278 1278 1277 1225 1277 1277 1262 1209 1262 1262 1278 1224 1278 1278 1261 1226 1261 1261 1262 1209 1262 1262 1277 1225 1277 1277 1261 1226 1261 1261 1246 1206 1246 1246 1262 1209 1262 1262 1245 1227 1245 1245 1246 1206 1246 1246 1261 1226 1261 1261 1245 1227 1245 1245 1230 1207 1230 1230 1246 1206 1246 1246 1229 1228 1229 1229 1230 1207 1230 1230 1245 1227 1245 1245 1211 1229 1211 1211 1213 1204 1213 1213 1230 1207 1230 1230 1229 1228 1229 1229 1211 1229 1211 1211 1230 1207 1230 1230 1212 1230 1212 1212 1214 1205 1214 1214 1213 1204 1213 1213 1211 1229 1211 1211 1212 1230 1212 1212 1213 1204 1213 1213 1209 1231 1209 1209 1211 1229 1211 1211 1229 1228 1229 1229 1210 1232 1210 1210 1212 1230 1212 1212 1211 1229 1211 1211 1209 1231 1209 1209 1210 1232 1210 1210 1211 1229 1211 1211 1244 1233 1244 1244 1229 1228 1229 1229 1245 1227 1245 1245 1228 1234 1228 1228 1229 1228 1229 1229 1244 1233 1244 1244 1228 1234 1228 1228 1209 1231 1209 1209 1229 1228 1229 1229 1260 1235 1260 1260 1245 1227 1245 1245 1261 1226 1261 1261 1244 1233 1244 1244 1245 1227 1245 1245 1260 1235 1260 1260 1276 1236 1276 1276 1261 1226 1261 1261 1277 1225 1277 1277 1260 1235 1260 1260 1261 1226 1261 1261 1276 1236 1276 1276 1277 1225 1277 1277 1278 1224 1278 1278 1293 1237 1293 1293 1292 1238 1292 1292 1277 1225 1277 1277 1293 1237 1293 1293 1276 1236 1276 1276 1277 1225 1277 1277 1292 1238 1292 1292 1278 1224 1278 1278 1279 1223 1279 1279 1294 1239 1294 1294 1293 1237 1293 1293 1278 1224 1278 1278 1294 1239 1294 1294 1279 1223 1279 1279 1280 1222 1280 1280 1295 1240 1295 1295 1294 1239 1294 1294 1279 1223 1279 1279 1295 1240 1295 1295 1280 1222 1280 1280 1281 1220 1281 1281 1296 1241 1296 1296 1295 1240 1295 1295 1280 1222 1280 1280 1296 1241 1296 1296 1281 1220 1281 1281 1266 1221 1266 1266 1297 1242 1297 1297 1296 1241 1296 1296 1281 1220 1281 1281 1297 1242 1297 1297 1297 1242 1297 1297 1266 1221 1266 1266 1282 1243 1282 1282 1266 1221 1266 1266 1267 1244 1267 1267 1282 1243 1282 1282 1266 1221 1266 1266 1251 1219 1251 1251 1267 1244 1267 1267 1251 1219 1251 1251 1252 1245 1252 1252 1267 1244 1267 1267 1251 1219 1251 1251 1236 1218 1236 1236 1252 1245 1252 1252 1236 1218 1236 1236 1237 1246 1237 1237 1252 1245 1252 1252 1236 1218 1236 1236 1221 1217 1221 1221 1237 1246 1237 1237 1252 1245 1252 1252 1253 1247 1253 1253 1268 1248 1268 1268 1267 1244 1267 1267 1252 1245 1252 1252 1268 1248 1268 1268 1252 1245 1252 1252 1237 1246 1237 1237 1253 1247 1253 1253 1267 1244 1267 1267 1268 1248 1268 1268 1283 1249 1283 1283 1282 1243 1282 1282 1267 1244 1267 1267 1283 1249 1283 1283 1313 1250 1313 1313 1282 1243 1282 1282 1298 1251 1298 1298 1297 1242 1297 1297 1282 1243 1282 1282 1313 1250 1313 1313 1282 1243 1282 1282 1283 1249 1283 1283 1298 1251 1298 1298 1312 1252 1312 1312 1297 1242 1297 1297 1313 1250 1313 1313 1296 1241 1296 1296 1297 1242 1297 1297 1312 1252 1312 1312 1311 1253 1311 1311 1296 1241 1296 1296 1312 1252 1312 1312 1295 1240 1295 1295 1296 1241 1296 1296 1311 1253 1311 1311 1310 1254 1310 1310 1295 1240 1295 1295 1311 1253 1311 1311 1294 1239 1294 1294 1295 1240 1295 1295 1310 1254 1310 1310 1309 1255 1309 1309 1294 1239 1294 1294 1310 1254 1310 1310 1293 1237 1293 1293 1294 1239 1294 1294 1309 1255 1309 1309 1308 1256 1308 1308 1293 1237 1293 1293 1309 1255 1309 1309 1292 1238 1292 1292 1293 1237 1293 1293 1308 1256 1308 1308 1307 1257 1307 1307 1292 1238 1292 1292 1308 1256 1308 1308 1291 1258 1291 1291 1292 1238 1292 1292 1307 1257 1307 1307 1291 1258 1291 1291 1276 1236 1276 1276 1292 1238 1292 1292 1275 1259 1275 1275 1276 1236 1276 1276 1291 1258 1291 1291 1275 1259 1275 1275 1260 1235 1260 1260 1276 1236 1276 1276 1259 1260 1259 1259 1260 1235 1260 1260 1275 1259 1275 1275 1259 1260 1259 1259 1244 1233 1244 1244 1260 1235 1260 1260 1243 1261 1243 1243 1244 1233 1244 1244 1259 1260 1259 1259 1243 1261 1243 1243 1228 1234 1228 1228 1244 1233 1244 1244 1274 1262 1274 1274 1259 1260 1259 1259 1275 1259 1275 1275 1258 1263 1258 1258 1259 1260 1259 1259 1274 1262 1274 1274 1258 1263 1258 1258 1243 1261 1243 1243 1259 1260 1259 1259 1290 1264 1290 1290 1275 1259 1275 1275 1291 1258 1291 1291 1274 1262 1274 1274 1275 1259 1275 1275 1290 1264 1290 1290 1306 1265 1306 1306 1291 1258 1291 1291 1307 1257 1307 1307 1290 1264 1290 1290 1291 1258 1291 1291 1306 1265 1306 1306 1307 1257 1307 1307 1308 1256 1308 1308 1323 1266 1323 1323 1322 1267 1322 1322 1307 1257 1307 1307 1323 1266 1323 1323 1306 1265 1306 1306 1307 1257 1307 1307 1322 1267 1322 1322 1308 1256 1308 1308 1309 1255 1309 1309 1324 1268 1324 1324 1323 1266 1323 1323 1308 1256 1308 1308 1324 1268 1324 1324 1309 1255 1309 1309 1310 1254 1310 1310 1325 1269 1325 1325 1324 1268 1324 1324 1309 1255 1309 1309 1325 1269 1325 1325 1310 1254 1310 1310 1311 1253 1311 1311 1326 1270 1326 1326 1325 1269 1325 1325 1310 1254 1310 1310 1326 1270 1326 1326 1311 1253 1311 1311 1312 1252 1312 1312 1327 1271 1327 1327 1326 1270 1326 1326 1311 1253 1311 1311 1327 1271 1327 1327 1312 1252 1312 1312 1313 1250 1313 1313 1328 1272 1328 1328 1327 1271 1327 1327 1312 1252 1312 1312 1328 1272 1328 1328 1313 1250 1313 1313 1298 1251 1298 1298 1329 1273 1329 1329 1328 1272 1328 1328 1313 1250 1313 1313 1329 1273 1329 1329 1329 1273 1329 1329 1298 1251 1298 1298 1314 1274 1314 1314 1298 1251 1298 1298 1299 1275 1299 1299 1314 1274 1314 1314 1298 1251 1298 1298 1283 1249 1283 1283 1299 1275 1299 1299 1283 1249 1283 1283 1284 1276 1284 1284 1299 1275 1299 1299 1283 1249 1283 1283 1268 1248 1268 1268 1284 1276 1284 1284 1268 1248 1268 1268 1269 1277 1269 1269 1284 1276 1284 1284 1268 1248 1268 1268 1253 1247 1253 1253 1269 1277 1269 1269 1284 1276 1284 1284 1285 1278 1285 1285 1300 1279 1300 1300 1299 1275 1299 1299 1284 1276 1284 1284 1300 1279 1300 1300 1284 1276 1284 1284 1269 1277 1269 1269 1285 1278 1285 1285 1299 1275 1299 1299 1300 1279 1300 1300 1315 1280 1315 1315 1314 1274 1314 1314 1299 1275 1299 1299 1315 1280 1315 1315 1329 1273 1329 1329 1314 1274 1314 1314 1330 1281 1330 1330 1314 1274 1314 1314 1315 1280 1315 1315 1330 1281 1330 1330 1328 1272 1328 1328 1329 1273 1329 1329 1330 1281 1330 1330 1327 1271 1327 1327 1328 1272 1328 1328 1330 1281 1330 1330 1326 1270 1326 1326 1327 1271 1327 1327 1330 1281 1330 1330 1325 1269 1325 1325 1326 1270 1326 1326 1330 1281 1330 1330 1324 1268 1324 1324 1325 1269 1325 1325 1330 1281 1330 1330 1323 1266 1323 1323 1324 1268 1324 1324 1330 1281 1330 1330 1322 1267 1322 1322 1323 1266 1323 1323 1330 1281 1330 1330 1321 1282 1321 1321 1322 1267 1322 1322 1330 1281 1330 1330 1321 1282 1321 1321 1306 1265 1306 1306 1322 1267 1322 1322 1305 1283 1305 1305 1306 1265 1306 1306 1321 1282 1321 1321 1305 1283 1305 1305 1290 1264 1290 1290 1306 1265 1306 1306 1289 1284 1289 1289 1290 1264 1290 1290 1305 1283 1305 1305 1289 1284 1289 1289 1274 1262 1274 1274 1290 1264 1290 1290 1273 1285 1273 1273 1274 1262 1274 1274 1289 1284 1289 1289 1273 1285 1273 1273 1258 1263 1258 1258 1274 1262 1274 1274 1257 1286 1257 1257 1258 1263 1258 1258 1273 1285 1273 1273 1242 1287 1242 1242 1243 1261 1243 1243 1258 1263 1258 1258 1257 1286 1257 1257 1242 1287 1242 1242 1258 1263 1258 1258 1227 1288 1227 1227 1228 1234 1228 1228 1243 1261 1243 1243 1242 1287 1242 1242 1227 1288 1227 1227 1243 1261 1243 1243 1241 1289 1241 1241 1242 1287 1242 1242 1257 1286 1257 1257 1226 1290 1226 1226 1227 1288 1227 1227 1242 1287 1242 1242 1241 1289 1241 1241 1226 1290 1226 1226 1242 1287 1242 1242 1272 1291 1272 1272 1257 1286 1257 1257 1273 1285 1273 1273 1256 1292 1256 1256 1257 1286 1257 1257 1272 1291 1272 1272 1256 1292 1256 1256 1241 1289 1241 1241 1257 1286 1257 1257 1288 1293 1288 1288 1273 1285 1273 1273 1289 1284 1289 1289 1272 1291 1272 1272 1273 1285 1273 1273 1288 1293 1288 1288 1304 1294 1304 1304 1289 1284 1289 1289 1305 1283 1305 1305 1288 1293 1288 1288 1289 1284 1289 1289 1304 1294 1304 1304 1320 1295 1320 1320 1305 1283 1305 1305 1321 1282 1321 1321 1304 1294 1304 1304 1305 1283 1305 1305 1320 1295 1320 1320 1320 1295 1320 1320 1321 1282 1321 1321 1330 1281 1330 1330 1319 1296 1319 1319 1320 1295 1320 1320 1330 1281 1330 1330 1318 1297 1318 1318 1319 1296 1319 1319 1330 1281 1330 1330 1317 1298 1317 1317 1318 1297 1318 1318 1330 1281 1330 1330 1316 1299 1316 1316 1317 1298 1317 1317 1330 1281 1330 1330 1315 1280 1315 1315 1316 1299 1316 1316 1330 1281 1330 1330 1315 1280 1315 1315 1300 1279 1300 1300 1316 1299 1316 1316 1300 1279 1300 1300 1301 1300 1301 1301 1316 1299 1316 1316 1300 1279 1300 1300 1285 1278 1285 1285 1301 1300 1301 1301 1285 1278 1285 1285 1286 1301 1286 1286 1301 1300 1301 1301 1285 1278 1285 1285 1270 1302 1270 1270 1286 1301 1286 1286 1269 1277 1269 1269 1270 1302 1270 1270 1285 1278 1285 1285 1269 1277 1269 1269 1254 1303 1254 1254 1270 1302 1270 1270 1253 1247 1253 1253 1254 1303 1254 1254 1269 1277 1269 1269 1270 1302 1270 1270 1271 1304 1271 1271 1286 1301 1286 1286 1270 1302 1270 1270 1255 1305 1255 1255 1271 1304 1271 1271 1254 1303 1254 1254 1255 1305 1255 1255 1270 1302 1270 1270 1286 1301 1286 1286 1287 1306 1287 1287 1302 1307 1302 1302 1301 1300 1301 1301 1286 1301 1286 1286 1302 1307 1302 1302 1286 1301 1286 1286 1271 1304 1271 1271 1287 1306 1287 1287 1301 1300 1301 1301 1302 1307 1302 1302 1317 1298 1317 1317 1316 1299 1316 1316 1301 1300 1301 1301 1317 1298 1317 1317 1317 1298 1317 1317 1302 1307 1302 1302 1318 1297 1318 1318 1318 1297 1318 1318 1303 1308 1303 1303 1319 1296 1319 1319 1302 1307 1302 1302 1303 1308 1303 1303 1318 1297 1318 1318 1319 1296 1319 1319 1304 1294 1304 1304 1320 1295 1320 1320 1303 1308 1303 1303 1304 1294 1304 1304 1319 1296 1319 1319 1303 1308 1303 1303 1288 1293 1288 1288 1304 1294 1304 1304 1287 1306 1287 1287 1288 1293 1288 1288 1303 1308 1303 1303 1287 1306 1287 1287 1272 1291 1272 1272 1288 1293 1288 1288 1271 1304 1271 1271 1272 1291 1272 1272 1287 1306 1287 1287 1271 1304 1271 1271 1256 1292 1256 1256 1272 1291 1272 1272 1255 1305 1255 1255 1256 1292 1256 1256 1271 1304 1271 1271 1240 1309 1240 1240 1241 1289 1241 1241 1256 1292 1256 1256 1255 1305 1255 1255 1240 1309 1240 1240 1256 1292 1256 1256 1225 1310 1225 1225 1226 1290 1226 1226 1241 1289 1241 1241 1240 1309 1240 1240 1225 1310 1225 1225 1241 1289 1241 1241 1226 1290 1226 1226 1205 1311 1205 1205 1227 1288 1227 1227 1203 1312 1203 1203 1205 1311 1205 1205 1226 1290 1226 1226 1225 1310 1225 1225 1203 1312 1203 1203 1226 1290 1226 1226 1227 1288 1227 1227 1207 1313 1207 1207 1228 1234 1228 1228 1205 1311 1205 1205 1207 1313 1207 1207 1227 1288 1227 1227 1207 1313 1207 1207 1209 1231 1209 1209 1228 1234 1228 1228 1207 1313 1207 1207 1208 1314 1208 1208 1209 1231 1209 1209 1206 1315 1206 1206 1208 1314 1208 1208 1207 1313 1207 1207 1205 1311 1205 1205 1206 1315 1206 1206 1207 1313 1207 1207 1204 1316 1204 1204 1206 1315 1206 1206 1205 1311 1205 1205 1203 1312 1203 1203 1204 1316 1204 1204 1205 1311 1205 1205 1201 1317 1201 1201 1203 1312 1203 1203 1225 1310 1225 1225 1202 1318 1202 1202 1204 1316 1204 1204 1203 1312 1203 1203 1201 1317 1201 1201 1202 1318 1202 1202 1203 1312 1203 1203 1224 1319 1224 1224 1225 1310 1225 1225 1240 1309 1240 1240 1224 1319 1224 1224 1201 1317 1201 1201 1225 1310 1225 1225 1239 1320 1239 1239 1240 1309 1240 1240 1255 1305 1255 1255 1239 1320 1239 1239 1224 1319 1224 1224 1240 1309 1240 1240 1254 1303 1254 1254 1239 1320 1239 1239 1255 1305 1255 1255 1238 1321 1238 1238 1239 1320 1239 1239 1254 1303 1254 1254 1253 1247 1253 1253 1238 1321 1238 1238 1254 1303 1254 1254 1237 1246 1237 1237 1238 1321 1238 1238 1253 1247 1253 1253 1238 1321 1238 1238 1223 1322 1223 1223 1239 1320 1239 1239 1222 1323 1222 1222 1223 1322 1223 1223 1238 1321 1238 1238 1237 1246 1237 1237 1222 1323 1222 1222 1238 1321 1238 1238 1223 1322 1223 1223 1224 1319 1224 1224 1239 1320 1239 1239 1199 1324 1199 1199 1201 1317 1201 1201 1224 1319 1224 1224 1223 1322 1223 1223 1199 1324 1199 1199 1224 1319 1224 1224 1200 1325 1200 1200 1202 1318 1202 1202 1201 1317 1201 1201 1199 1324 1199 1199 1200 1325 1200 1200 1201 1317 1201 1201 1197 1326 1197 1197 1199 1324 1199 1199 1223 1322 1223 1223 1198 1327 1198 1198 1200 1325 1200 1200 1199 1324 1199 1199 1197 1326 1197 1197 1198 1327 1198 1198 1199 1324 1199 1199 1222 1323 1222 1222 1197 1326 1197 1197 1223 1322 1223 1223 1221 1217 1221 1221 1222 1323 1222 1222 1237 1246 1237 1237 1195 1328 1195 1195 1197 1326 1197 1197 1222 1323 1222 1222 1221 1217 1221 1221 1195 1328 1195 1195 1222 1323 1222 1222 1196 1329 1196 1196 1198 1327 1198 1198 1197 1326 1197 1197 1195 1328 1195 1195 1196 1329 1196 1196 1197 1326 1197 1197 1193 1215 1193 1193 1195 1328 1195 1195 1221 1217 1221 1221 1194 1330 1194 1194 1196 1329 1196 1196 1195 1328 1195 1195 1193 1215 1193 1193 1194 1330 1194 1194 1195 1328 1195 1195 1192 1216 1192 1192 1194 1330 1194 1194 1193 1215 1193 1193 1208 1314 1208 1208 1210 1232 1210 1210 1209 1231 1209 1209 1302 1307 1302 1302 1287 1306 1287 1287 1303 1308 1303 1303</p>
        </triangles>
      </mesh>
    </geometry>
  </library_geometries>
  <library_controllers>
    <controller id="geom-bombShape-skin1">
      <skin source="#geom-bombShape">
        <bind_shape_matrix>1 0 0 0 0 1 0 0 0 0 1 0 0 0 0 1</bind_shape_matrix>
        <source id="geom-bombShape-skin1-joints">
          <Name_array id="geom-bombShape-skin1-joints-array" count="5">joint0 joint1 joint2 joint3 joint4</Name_array>
          <technique_common>
            <accessor source="#geom-bombShape-skin1-joints-array" count="5" stride="1">
              <param name="JOINT" type="name"/>
            </accessor>
          </technique_common>
        </source>
        <source id="geom-bombShape-skin1-bind_poses">
          <float_array id="geom-bombShape-skin1-bind_poses-array" count="80">1 0 0 0 0 1 0 0 0 0 1 0 0 0 0 1 1 0 0 0 0 1 0 0 0 0 1 0 0 0 0 1 1 0 0 0 0 1 0 0 0 0 1 0 0 0 0 1 1 0 0 0 0 1 0 0 0 0 1 0 0 0 0 1 1 0 0 0 0 1 0 0 0 0 1 0 0 0 0 1</float_array>
          <technique_common>
            <accessor source="#geom-bombShape-skin1-bind_poses-array" count="5" stride="16">
              <param name="TRANSFORM" type="float4x4"/>
            </accessor>
          </technique_common>
        </source>
        <source id="geom-bombShape-skin1-weights">
          <float_array id="geom-bombShape-skin1-weights-array" count="1">1</float_array>
          <technique_common>
            <accessor source="#geom-bombShape-skin1-weights-array" count="1" stride="1">
              <param name="WEIGHT" type="float"/>
            </accessor>
          </technique_common>
        </source>
        <joints>
          <input semantic="JOINT" source="#geom-bombShape-skin1-joints"/>
          <input semantic="INV_BIND_MATRIX" source="#geom-bombShape-skin1-bind_poses"/>
        </joints>
        <vertex_weights count="100">
          <input semantic="JOINT" source="#geom-bombShape-skin1-joints" offset="0"/>
          <input semantic="WEIGHT" source="#geom-bombShape-skin1-weights" offset="1"/>
          <vcount>1 1 1 1 1 1 1 1 1 1 1 1 1 1 1 1 1 1 1 1 1 1 1 1 1 1 1 1 1 1 1 1 1 1 1 1 1 1 1 1 1 1 1 1 1 1 1 1 1 1 1 1 1 1 1 1 1 1 1 1 1 1 1 1 1 1 1 1 1 1 1 1 1 1 1 1 1 1 1 1 1 1 1 1 1 1 1 1 1 1 1 1 1 1 1 1 1 1 1 1</vcount>
          <v>4 0 4 0 4 0 4 0 4 0 4 0 4 0 4 0 4 0 4 0 4 0 4 0 4 0 4 0 4 0 4 0 4 0 4 0 4 0 4 0 4 0 4 0 4 0 4 0 4 0 4 0 4 0 4 0 4 0 4 0 4 0 4 0 4 0 4 0 4 0 4 0 4 0 4 0 4 0 4 0 4 0 4 0 4 0 4 0 4 0 4 0 4 0 4 0 4 0 4 0 4 0 4 0 4 0 4 0 4 0 4 0 4 0 4 0 4 0 4 0 4 0 4 0 4 0 4 0 4 0 4 0 4 0 4 0 4 0 4 0 4 0 4 0 4 0 4 0 4 0 4 0 4 0 4 0 4 0 4 0 4 0 4 0 4 0 4 0 4 0 4 0 4 0 4 0 4 0 4 0 4 0 4 0 4 0 4 0 4 0 4 0 4 0 4 0 4 0 4 0</v>
        </vertex_weights>
      </skin>
    </controller>
    <controller id="geom-bombShape_1-skin1">
      <skin source="#geom-bombShape_1">
        <bind_shape_matrix>1 0 0 0 0 1 0 0 0 0 1 0 0 0 0 1</bind_shape_matrix>
        <source id="geom-bombShape_1-skin1-joints">
          <Name_array id="geom-bombShape_1-skin1-joints-array" count="5">joint0 joint1 joint2 joint3 joint4</Name_array>
          <technique_common>
            <accessor source="#geom-bombShape_1-skin1-joints-array" count="5" stride="1">
              <param name="JOINT" type="name"/>
            </accessor>
          </technique_common>
        </source>
        <source id="geom-bombShape_1-skin1-bind_poses">
          <float_array id="geom-bombShape_1-skin1-bind_poses-array" count="80">1 0 0 0 0 1 0 0 0 0 1 0 0 0 0 1 1 0 0 0 0 1 0 0 0 0 1 0 0 0 0 1 1 0 0 0 0 1 0 0 0 0 1 0 0 0 0 1 1 0 0 0 0 1 0 0 0 0 1 0 0 0 0 1 1 0 0 0 0 1 0 0 0 0 1 0 0 0 0 1</float_array>
          <technique_common>
            <accessor source="#geom-bombShape_1-skin1-bind_poses-array" count="5" stride="16">
              <param name="TRANSFORM" type="float4x4"/>
            </accessor>
          </technique_common>
        </source>
        <source id="geom-bombShape_1-skin1-weights">
          <float_array id="geom-bombShape_1-skin1-weights-array" count="1">1</float_array>
          <technique_common>
            <accessor source="#geom-bombShape_1-skin1-weights-array" count="1" stride="1">
              <param name="WEIGHT" type="float"/>
            </accessor>
          </technique_common>
        </source>
        <joints>
          <input semantic="JOINT" source="#geom-bombShape_1-skin1-joints"/>
          <input semantic="INV_BIND_MATRIX" source="#geom-bombShape_1-skin1-bind_poses"/>
        </joints>
        <vertex_weights count="1331">
          <input semantic="JOINT" source="#geom-bombShape_1-skin1-joints" offset="0"/>
          <input semantic="WEIGHT" source="#geom-bombShape_1-skin1-weights" offset="1"/>
          <vcount>1 1 1 1 1 1 1 1 1 1 1 1 1 1 1 1 1 1 1 1 1 1 1 1 1 1 1 1 1 1 1 1 1 1 1 1 1 1 1 1 1 1 1 1 1 1 1 1 1 1 1 1 1 1 1 1 1 1 1 1 1 1 1 1 1 1 1 1 1 1 1 1 1 1 1 1 1 1 1 1 1 1 1 1 1 1 1 1 1 1 1 1 1 1 1 1 1 1 1 1 1 1 1 1 1 1 1 1 1 1 1 1 1 1 1 1 1 1 1 1 1 1 1 1 1 1 1 1 1 1 1 1 1 1 1 1 1 1 1 1 1 1 1 1 1 1 1 1 1 1 1 1 1 1 1 1 1 1 1 1 1 1 1 1 1 1 1 1 1 1 1 1 1 1 1 1 1 1 1 1 1 1 1 1 1 1 1 1 1 1 1 1 1 1 1 1 1 1 1 1 1 1 1 1 1 1 1 1 1 1 1 1 1 1 1 1 1 1 1 1 1 1 1 1 1 1 1 1 1 1 1 1 1 1 1 1 1 1 1 1 1 1 1 1 1 1 1 1 1 1 1 1 1 1 1 1 1 1 1 1 1 1 1 1 1 1 1 1 1 1 1 1 1 1 1 1 1 1 1 1 1 1 1 1 1 1 1 1 1 1 1 1 1 1 1 1 1 1 1 1 1 1 1 1 1 1 1 1 1 1 1 1 1 1 1 1 1 1 1 1 1 1 1 1 1 1 1 1 1 1 1 1 1 1 1 1 1 1 1 1 1 1 1 1 1 1 1 1 1 1 1 1 1 1 1 1 1 1 1 1 1 1 1 1 1 1 1 1 1 1 1 1 1 1 1 1 1 1 1 1 1 1 1 1 1 1 1 1 1 1 1 1 1 1 1 1 1 1 1 1 1 1 1 1 1 1 1 1 1 1 1 1 1 1 1 1 1 1 1 1 1 1 1 1 1 1 1 1 1 1 1 1 1 1 1 1 1 1 1 1 1 1 1 1 1 1 1 1 1 1 1 1 1 1 1 1 1 1 1 1 1 1 1 1 1 1 1 1 1 1 1 1 1 1 1 1 1 1 1 1 1 1 1 1 1 1 1 1 1 1 1 1 1 1 1 1 1 1 1 1 1 1 1 1 1 1 1 1 1 1 1 1 1 1 1 1 1 1 1 1 1 1 1 1 1 1 1 1 1 1 1 1 1 1 1 1 1 1 1 1 1 1 1 1 1 1 1 1 1 1 1 1 1 1 1 1 1 1 1 1 1 1 1 1 1 1 1 1 1 1 1 1 1 1 1 1 1 1 1 1 1 1 1 1 1 1 1 1 1 1 1 1 1 1 1 1 1 1 1 1 1 1 1 1 1 1 1 1 1 1 1 1 1 1 1 1 1 1 1 1 1 1 1 1 1 1 1 1 1 1 1 1 1 1 1 1 1 1 1 1 1 1 1 1 1 1 1 1 1 1 1 1 1 1 1 1 1 1 1 1 1 1 1 1 1 1 1 1 1 1 1 1 1 1 1 1 1 1 1 1 1 1 1 1 1 1 1 1 1 1 1 1 1 1 1 1 1 1 1 1 1 1 1 1 1 1 1 1 1 1 1 1 1 1 1 1 1 1 1 1 1 1 1 1 1 1 1 1 1 1 1 1 1 1 1 1 1 1 1 1 1 1 1 1 1 1 1 1 1 1 1 1 1 1 1 1 1 1 1 1 1 1 1 1 1 1 1 1 1 1 1 1 1 1 1 1 1 1 1 1 1 1 1 1 1 1 1 1 1 1 1 1 1 1 1 1 1 1 1 1 1 1 1 1 1 1 1 1 1 1 1 1 1 1 1 1 1 1 1 1 1 1 1 1 1 1 1 1 1 1 1 1 1 1 1 1 1 1 1 1 1 1 1 1 1 1 1 1 1 1 1 1 1 1 1 1 1 1 1 1 1 1 1 1 1 1 1 1 1 1 1 1 1 1 1 1 1 1 1 1 1 1 1 1 1 1 1 1 1 1 1 1 1 1 1 1 1 1 1 1 1 1 1 1 1 1 1 1 1 1 1 1 1 1 1 1 1 1 1 1 1 1 1 1 1 1 1 1 1 1 1 1 1 1 1 1 1 1 1 1 1 1 1 1 1 1 1 1 1 1 1 1 1 1 1 1 1 1 1 1 1 1 1 1 1 1 1 1 1 1 1 1 1 1 1 1 1 1 1 1 1 1 1 1 1 1 1 1 1 1 1 1 1 1 1 1 1 1 1 1 1 1 1 1 1 1 1 1 1 1 1 1 1 1 1 1 1 1 1 1 1 1 1 1 1 1 1 1 1 1 1 1 1 1 1 1 1 1 1 1 1 1 1 1 1 1 1 1 1 1 1 1 1 1 1 1 1 1 1 1 1 1 1 1 1 1 1 1 1 1 1 1 1 1 1 1 1 1 1 1 1 1 1 1 1 1 1 1 1 1 1 1 1 1 1 1 1 1 1 1 1 1 1 1 1 1 1 1 1 1 1 1 1 1 1 1 1 1 1 1 1 1 1 1 1 1 1 1 1 1 1 1 1 1 1 1 1 1 1 1 1 1 1 1 1 1 1 1 1 1 1 1 1 1 1 1 1 1 1 1 1 1 1 1 1 1 1 1 1 1 1 1 1 1 1 1 1 1 1 1 1 1 1 1 1 1 1 1 1 1 1 1 1 1 1 1 1 1 1 1 1 1 1 1 1 1 1 1 1 1 1 1 1 1 1 1 1 1 1 1 1 1 1 1 1 1 1 1 1 1 1 1 1 1 1 1 1 1 1 1 1 1 1 1 1 1 1 1 1 1 1 1 1 1 1 1 1 1 1 1 1 1 1 1 1 1 1 1 1 1 1 1 1 1 1 1 1 1 1 1 1 1 1 1 1 1 1 1 1 1 1 1 1 1 1 1 1 1 1 1 1 1 1 1 1 1 1 1 1 1 1 1 1 1 1 1 1 1 1 1 1 1 1 1 1 1 1 1 1 1 1</vcount>
          <v>2 0 2 0 2 0 2 0 2 0 2 0 2 0 2 0 2 0 2 0 2 0 2 0 2 0 2 0 2 0 2 0 2 0 2 0 2 0 2 0 2 0 2 0 2 0 2 0 2 0 2 0 2 0 2 0 2 0 2 0 2 0 2 0 2 0 2 0 2 0 2 0 2 0 2 0 2 0 2 0 2 0 2 0 2 0 2 0 2 0 2 0 2 0 2 0 2 0 2 0 2 0 2 0 2 0 2 0 2 0 2 0 2 0 2 0 2 0 2 0 2 0 2 0 2 0 2 0 2 0 2 0 2 0 2 0 2 0 2 0 2 0 2 0 2 0 2 0 2 0 2 0 2 0 2 0 2 0 2 0 2 0 2 0 2 0 2 0 2 0 2 0 2 0 2 0 2 0 2 0 2 0 2 0 2 0 2 0 2 0 2 0 2 0 2 0 2 0 2 0 2 0 2 0 2 0 2 0 2 0 2 0 2 0 2 0 2 0 2 0 2 0 2 0 2 0 2 0 2 0 2 0 2 0 2 0 2 0 2 0 2 0 2 0 2 0 2 0 2 0 2 0 2 0 2 0 2 0 2 0 2 0 2 0 2 0 2 0 2 0 2 0 2 0 2 0 2 0 2 0 2 0 2 0 2 0 2 0 2 0 2 0 2 0 2 0 2 0 2 0 2 0 2 0 2 0 2 0 2 0 2 0 2 0 2 0 2 0 2 0 2 0 2 0 2 0 2 0 2 0 2 0 2 0 2 0 2 0 2 0 2 0 2 0 2 0 2 0 2 0 2 0 2 0 2 0 2 0 2 0 2 0 2 0 2 0 2 0 2 0 2 0 2 0 2 0 2 0 2 0 2 0 2 0 2 0 2 0 2 0 2 0 2 0 2 0 2 0 2 0 2 0 2 0 2 0 2 0 2 0 2 0 2 0 2 0 2 0 2 0 2 0 2 0 2 0 2 0 2 0 2 0 2 0 2 0 2 0 2 0 2 0 2 0 2 0 2 0 2 0 2 0 2 0 2 0 2 0 2 0 2 0 2 0 2 0 2 0 2 0 2 0 2 0 2 0 2 0 2 0 2 0 2 0 2 0 2 0 2 0 2 0 2 0 2 0 2 0 2 0 2 0 2 0 2 0 2 0 2 0 2 0 2 0 2 0 2 0 2 0 2 0 2 0 2 0 2 0 2 0 2 0 2 0 2 0 2 0 2 0 2 0 2 0 2 0 2 0 2 0 2 0 2 0 2 0 2 0 2 0 2 0 2 0 2 0 2 0 2 0 2 0 2 0 2 0 2 0 2 0 2 0 2 0 2 0 2 0 2 0 2 0 2 0 2 0 2 0 2 0 2 0 2 0 2 0 2 0 2 0 2 0 2 0 2 0 2 0 2 0 2 0 2 0 2 0 2 0 2 0 2 0 2 0 2 0 2 0 2 0 2 0 2 0 2 0 2 0 2 0 2 0 2 0 2 0 2 0 2 0 2 0 2 0 2 0 2 0 2 0 2 0 2 0 2 0 2 0 2 0 2 0 2 0 2 0 2 0 2 0 2 0 2 0 2 0 2 0 2 0 2 0 2 0 2 0 2 0 2 0 2 0 2 0 2 0 2 0 2 0 2 0 2 0 2 0 2 0 2 0 2 0 2 0 2 0 2 0 2 0 2 0 2 0 2 0 2 0 2 0 2 0 2 0 2 0 2 0 2 0 2 0 2 0 2 0 2 0 2 0 2 0 2 0 2 0 2 0 2 0 2 0 2 0 2 0 2 0 2 0 2 0 2 0 2 0 2 0 2 0 2 0 2 0 2 0 2 0 2 0 2 0 2 0 2 0 2 0 2 0 2 0 2 0 2 0 2 0 2 0 2 0 2 0 2 0 2 0 2 0 2 0 2 0 2 0 2 0 2 0 2 0 2 0 2 0 2 0 2 0 2 0 2 0 2 0 2 0 2 0 2 0 2 0 2 0 2 0 2 0 2 0 2 0 2 0 2 0 2 0 2 0 2 0 2 0 2 0 2 0 2 0 2 0 2 0 2 0 2 0 2 0 2 0 2 0 2 0 2 0 2 0 2 0 2 0 2 0 2 0 2 0 2 0 2 0 2 0 2 0 2 0 2 0 2 0 2 0 2 0 2 0 2 0 2 0 2 0 2 0 2 0 2 0 2 0 2 0 2 0 2 0 2 0 2 0 2 0 2 0 2 0 2 0 2 0 2 0 2 0 2 0 2 0 2 0 2 0 2 0 2 0 2 0 2 0 2 0 2 0 2 0 2 0 2 0 2 0 2 0 2 0 2 0 2 0 2 0 2 0 2 0 2 0 2 0 2 0 2 0 2 0 2 0 2 0 2 0 2 0 2 0 2 0 2 0 2 0 2 0 2 0 2 0 2 0 2 0 2 0 2 0 2 0 2 0 2 0 2 0 2 0 2 0 2 0 2 0 2 0 2 0 2 0 2 0 2 0 2 0 2 0 2 0 2 0 2 0 2 0 2 0 2 0 2 0 2 0 2 0 2 0 2 0 2 0 2 0 2 0 2 0 2 0 2 0 2 0 2 0 2 0 2 0 2 0 2 0 2 0 2 0 2 0 2 0 2 0 2 0 2 0 2 0 2 0 2 0 2 0 2 0 2 0 2 0 2 0 2 0 2 0 2 0 2 0 2 0 2 0 2 0 2 0 2 0 2 0 2 0 2 0 2 0 2 0 2 0 2 0 2 0 2 0 2 0 2 0 2 0 2 0 2 0 2 0 2 0 2 0 2 0 2 0 2 0 2 0 2 0 2 0 2 0 2 0 2 0 2 0 2 0 2 0 2 0 2 0 2 0 2 0 2 0 2 0 2 0 2 0 2 0 2 0 2 0 2 0 2 0 2 0 2 0 2 0 2 0 2 0 2 0 2 0 2 0 2 0 2 0 2 0 2 0 2 0 2 0 2 0 2 0 2 0 2 0 2 0 2 0 2 0 2 0 2 0 2 0 2 0 2 0 2 0 2 0 2 0 2 0 2 0 2 0 2 0 2 0 2 0 2 0 2 0 2 0 2 0 2 0 2 0 2 0 2 0 2 0 2 0 2 0 2 0 2 0 2 0 2 0 2 0 2 0 2 0 2 0 2 0 2 0 2 0 2 0 2 0 2 0 2 0 2 0 2 0 2 0 2 0 2 0 2 0 2 0 2 0 2 0 2 0 2 0 2 0 2 0 2 0 2 0 2 0 2 0 2 0 2 0 2 0 2 0 2 0 2 0 2 0 2 0 2 0 2 0 2 0 2 0 2 0 2 0 2 0 2 0 2 0 2 0 2 0 2 0 2 0 2 0 2 0 2 0 2 0 2 0 2 0 2 0 2 0 2 0 2 0 2 0 2 0 2 0 2 0 2 0 2 0 2 0 2 0 2 0 2 0 2 0 2 0 2 0 2 0 2 0 2 0 2 0 2 0 2 0 2 0 2 0 2 0 2 0 2 0 2 0 2 0 2 0 2 0 2 0 2 0 2 0 2 0 2 0 2 0 2 0 2 0 2 0 2 0 2 0 2 0 2 0 2 0 2 0 2 0 2 0 2 0 2 0 2 0 2 0 2 0 2 0 2 0 2 0 2 0 2 0 2 0 2 0 2 0 2 0 2 0 2 0 2 0 2 0 2 0 2 0 2 0 2 0 2 0 2 0 2 0 2 0 2 0 2 0 2 0 2 0 2 0 2 0 2 0 2 0 2 0 2 0 2 0 2 0 2 0 2 0 2 0 2 0 2 0 2 0 2 0 2 0 2 0 2 0 2 0 2 0 2 0 2 0 2 0 2 0 2 0 2 0 2 0 2 0 2 0 2 0 2 0 2 0 2 0 2 0 2 0 2 0 2 0 2 0 2 0 2 0 2 0 2 0 2 0 2 0 2 0 2 0 2 0 2 0 2 0 2 0 2 0 2 0 2 0 2 0 2 0 2 0 2 0 2 0 2 0 2 0 2 0 2 0 2 0 2 0 2 0 2 0 2 0 2 0 2 0 2 0 2 0 2 0 2 0 2 0 2 0 2 0 2 0 2 0 2 0 2 0 2 0 2 0 2 0 2 0 2 0 2 0 2 0 2 0 2 0 2 0 2 0 2 0 2 0 2 0 2 0 2 0 2 0 2 0 2 0 2 0 2 0 2 0 2 0 2 0 2 0 2 0 2 0 2 0 2 0 2 0 2 0 2 0 2 0 2 0 2 0 2 0 2 0 2 0 2 0 2 0 2 0 2 0 2 0 2 0 2 0 2 0 2 0 2 0 2 0 2 0 2 0 2 0 2 0 2 0 2 0 2 0 2 0 2 0 2 0 2 0 2 0 2 0 2 0 2 0 2 0 2 0 2 0 2 0 2 0 2 0 2 0 2 0 2 0 2 0 2 0 2 0 2 0 2 0 2 0 2 0 2 0 2 0 2 0 2 0 2 0 2 0 2 0 2 0 2 0 2 0 2 0 2 0 2 0 2 0 2 0 2 0 2 0 2 0 2 0 2 0 2 0 2 0 2 0 2 0 2 0 2 0 2 0 2 0 2 0 2 0 2 0 2 0 2 0 2 0 2 0 2 0 2 0 2 0 2 0 2 0 2 0 2 0 2 0 2 0 2 0 2 0 2 0 2 0 2 0 2 0 2 0 2 0 2 0 2 0 2 0 2 0 2 0 2 0 2 0 2 0 2 0 2 0 2 0 2 0 2 0 2 0 2 0 2 0 2 0 2 0 2 0 2 0 2 0 2 0 2 0 2 0 2 0 2 0 2 0 2 0 2 0 2 0 2 0 2 0 2 0 2 0 2 0 2 0 2 0 2 0 2 0 2 0 2 0 2 0 2 0 2 0 2 0 2 0 2 0 2 0 2 0 2 0 2 0 2 0 2 0 2 0 2 0 2 0 2 0 2 0 2 0 2 0 2 0 2 0 2 0 2 0 2 0 2 0 2 0 2 0 2 0 2 0 2 0 2 0 2 0 2 0 2 0 2 0 2 0 2 0 2 0 2 0 2 0 2 0 2 0 2 0 2 0 2 0 2 0 2 0 2 0 2 0 2 0 2 0 2 0 2 0 2 0 2 0 2 0 2 0 2 0 2 0 2 0 2 0 2 0 2 0 2 0 2 0 2 0 2 0 2 0 2 0 2 0 2 0 2 0 2 0 2 0 2 0 2 0 2 0 2 0 2 0 2 0 2 0 2 0 2 0 2 0 2 0 2 0 2 0 2 0 2 0 2 0 2 0 2 0 2 0 2 0 2 0 2 0 2 0 2 0 2 0 2 0 2 0 2 0 2 0 2 0 2 0 2 0 2 0 2 0 2 0 2 0 2 0 2 0 2 0 2 0 2 0 2 0 2 0 2 0 2 0 2 0 2 0 2 0 2 0 2 0 2 0 2 0 2 0 2 0 2 0 2 0 2 0 2 0 2 0 2 0 2 0 2 0 2 0 2 0 2 0 2 0 2 0 2 0 2 0 2 0 2 0 2 0 2 0 2 0 2 0 2 0 2 0 2 0 2 0 2 0 2 0 2 0 2 0 2 0 2 0 2 0 2 0 2 0 2 0 2 0 2 0 2 0 2 0 2 0 2 0 2 0 2 0 2 0 2 0 2 0 2 0 2 0 2 0 2 0 2 0 2 0 2 0 2 0 2 0 2 0 2 0 2 0 2 0 2 0 2 0 2 0 2 0 2 0 2 0 2 0 2 0 2 0 2 0 2 0 2 0 2 0 2 0 2 0 2 0 2 0 2 0 2 0 2 0 2 0 2 0 2 0 2 0 2 0 2 0 2 0 2 0 2 0 2 0 2 0 2 0 2 0 2 0 2 0 2 0 2 0 2 0 2 0 2 0 2 0 2 0 2 0 2 0 2 0 2 0 2 0 2 0 2 0 2 0 2 0 2 0 2 0 2 0 2 0 2 0 2 0 2 0 2 0 2 0 2 0 2 0 2 0 2 0 2 0 2 0 2 0</v>
        </vertex_weights>
      </skin>
    </controller>
  </library_controllers>
  <library_lights>
    <light id="EnvironmentAmbientLight" name="EnvironmentAmbientLight">
      <technique_common>
        <ambient>
          <color>0 0 0</color>
        </ambient>
      </technique_common>
    </light>
  </library_lights>
  <library_images>
    <image id="crazyhandbomb_col_png">
      <init_from>./images/Crazyhandbomb/crazyhandbomb_col.png</init_from>
    </image>
    <image id="crazyhandbomb_emission_col_png">
      <init_from>./images/Crazyhandbomb/crazyhandbomb_emission_col.png</init_from>
    </image>
  </library_images>
  <library_visual_scenes>
    <visual_scene id="MaxScene">
      <node name="EnvironmentAmbientLight">
        <instance_light url="#EnvironmentAmbientLight"/>
      </node>
      <node id="node-Trans" name="Trans" sid="joint0" type="JOINT">
        <node id="node-Rot" name="Rot" sid="joint1" type="JOINT">
          <node id="node-Bomb" name="Bomb" sid="joint2" type="JOINT">
            <node id="node-Billboard" name="Billboard" sid="joint3" type="JOINT">
              <node id="node-Light_BILLBOARD__O_OBJ_O_HIR" name="Light_BILLBOARD__O_OBJ_O_HIR" sid="joint4" type="JOINT">
                <extra>
                  <technique profile="OpenCOLLADA">
                    <cast_shadows sid="cast_shadows" type="bool">1</cast_shadows>
                    <receive_shadows sid="receive_shadows" type="bool">1</receive_shadows>
                    <primary_visibility sid="primary_visibility" type="bool">1</primary_visibility>
                    <secondary_visibility sid="secondary_visibility" type="bool">1</secondary_visibility>
                  </technique>
                </extra>
              </node>
              <extra>
                <technique profile="OpenCOLLADA">
                  <cast_shadows sid="cast_shadows" type="bool">1</cast_shadows>
                  <receive_shadows sid="receive_shadows" type="bool">1</receive_shadows>
                  <primary_visibility sid="primary_visibility" type="bool">1</primary_visibility>
                  <secondary_visibility sid="secondary_visibility" type="bool">1</secondary_visibility>
                </technique>
              </extra>
            </node>
            <extra>
              <technique profile="OpenCOLLADA">
                <cast_shadows sid="cast_shadows" type="bool">1</cast_shadows>
                <receive_shadows sid="receive_shadows" type="bool">1</receive_shadows>
                <primary_visibility sid="primary_visibility" type="bool">1</primary_visibility>
                <secondary_visibility sid="secondary_visibility" type="bool">1</secondary_visibility>
              </technique>
            </extra>
          </node>
          <extra>
            <technique profile="OpenCOLLADA">
              <cast_shadows sid="cast_shadows" type="bool">1</cast_shadows>
              <receive_shadows sid="receive_shadows" type="bool">1</receive_shadows>
              <primary_visibility sid="primary_visibility" type="bool">1</primary_visibility>
              <secondary_visibility sid="secondary_visibility" type="bool">1</secondary_visibility>
            </technique>
          </extra>
        </node>
        <extra>
          <technique profile="OpenCOLLADA">
            <cast_shadows sid="cast_shadows" type="bool">1</cast_shadows>
            <receive_shadows sid="receive_shadows" type="bool">1</receive_shadows>
            <primary_visibility sid="primary_visibility" type="bool">1</primary_visibility>
            <secondary_visibility sid="secondary_visibility" type="bool">1</secondary_visibility>
          </technique>
        </extra>
      </node>
      <node id="node-bombShape" name="bombShape">
        <instance_controller url="#geom-bombShape-skin1">
          <skeleton>#node-Trans</skeleton>
          <bind_material>
            <technique_common>
              <instance_material symbol="phong0__sfx_0xd2d01001___A_ADD__NORMEXP16___VTC_" target="#phong0__sfx_0xd2d01001___A_ADD__NORMEXP16___VTC_-material">
                <bind_vertex_input semantic="CHANNEL1" input_semantic="TEXCOORD" input_set="0"/>
                <bind_vertex_input semantic="CHANNEL1" input_semantic="TEXCOORD" input_set="0"/>
              </instance_material>
            </technique_common>
          </bind_material>
        </instance_controller>
        <extra>
          <technique profile="OpenCOLLADA">
            <cast_shadows sid="cast_shadows" type="bool">1</cast_shadows>
            <receive_shadows sid="receive_shadows" type="bool">1</receive_shadows>
            <primary_visibility sid="primary_visibility" type="bool">1</primary_visibility>
            <secondary_visibility sid="secondary_visibility" type="bool">1</secondary_visibility>
          </technique>
        </extra>
      </node>
      <node id="node-bombShape_1" name="bombShape">
        <instance_controller url="#geom-bombShape_1-skin1">
          <skeleton>#node-Trans</skeleton>
          <bind_material>
            <technique_common>
              <instance_material symbol="phong2__sfx_0xd6091069_____NORMEXP16___VTC_" target="#phong2__sfx_0xd6091069_____NORMEXP16___VTC_-material">
                <bind_vertex_input semantic="CHANNEL1" input_semantic="TEXCOORD" input_set="0"/>
                <bind_vertex_input semantic="CHANNEL1" input_semantic="TEXCOORD" input_set="0"/>
              </instance_material>
            </technique_common>
          </bind_material>
        </instance_controller>
        <extra>
          <technique profile="OpenCOLLADA">
            <cast_shadows sid="cast_shadows" type="bool">1</cast_shadows>
            <receive_shadows sid="receive_shadows" type="bool">1</receive_shadows>
            <primary_visibility sid="primary_visibility" type="bool">1</primary_visibility>
            <secondary_visibility sid="secondary_visibility" type="bool">1</secondary_visibility>
          </technique>
        </extra>
      </node>
    </visual_scene>
  </library_visual_scenes>
  <scene>
    <instance_visual_scene url="#MaxScene"/>
  </scene>
</COLLADA>