<?xml version="1.0" encoding="utf-8"?>
<COLLADA xmlns="http://www.collada.org/2005/11/COLLADASchema" version="1.4.1" xmlns:xsi="http://www.w3.org/2001/XMLSchema-instance">
  <asset>
    <contributor>
      <author>Centrixe</author>
      <authoring_tool>OpenCOLLADA for 3ds Max;  Version: 1.6;  Revision: 68</authoring_tool>
    </contributor>
    <created>2019-09-08T01:08:10</created>
    <modified>2019-09-08T01:08:10</modified>
    <unit name="inch" meter="0.0254"/>
    <up_axis>Z_UP</up_axis>
  </asset>
  <library_effects>
    <effect id="ilonball_mt">
      <profile_COMMON>
        <newparam sid="mastarhand_ironball_col_png-surface">
          <surface type="2D">
            <init_from>mastarhand_ironball_col_png</init_from>
          </surface>
        </newparam>
        <newparam sid="mastarhand_ironball_col_png-sampler">
          <sampler2D>
            <source>mastarhand_ironball_col_png-surface</source>
          </sampler2D>
        </newparam>
        <technique sid="common">
          <blinn>
            <emission>
              <color>0 0 0 1</color>
            </emission>
            <ambient>
              <color>0.588 0.588 0.588 1</color>
            </ambient>
            <diffuse>
              <texture texture="mastarhand_ironball_col_png-sampler" texcoord="CHANNEL1"/>
            </diffuse>
            <specular>
              <color>0 0 0 1</color>
            </specular>
            <shininess>
              <float>10</float>
            </shininess>
            <reflective>
              <color>0 0 0 1</color>
            </reflective>
            <transparent opaque="A_ONE">
              <texture texture="mastarhand_ironball_col_png-sampler" texcoord="CHANNEL1"/>
            </transparent>
            <transparency>
              <float>1</float>
            </transparency>
          </blinn>
        </technique>
      </profile_COMMON>
      <extra>
        <technique profile="OpenCOLLADA3dsMax">
          <extended_shader>
            <opacity_type sid="opacity_type" type="int">0</opacity_type>
            <falloff_type sid="falloff_type" type="int">0</falloff_type>
            <falloff sid="falloff" type="float">0</falloff>
            <index_of_refraction sid="index_of_refraction" type="float">1.5</index_of_refraction>
            <wire_size sid="wire_size" type="float">1</wire_size>
            <wire_units sid="wire_units" type="int">0</wire_units>
            <apply_reflection_dimming sid="apply_reflection_dimming" type="bool">0</apply_reflection_dimming>
            <dim_level sid="dim_level" type="float">0</dim_level>
            <reflection_level sid="reflection_level" type="float">3</reflection_level>
          </extended_shader>
          <shader>
            <ambient_diffuse_texture_lock sid="ambient_diffuse_texture_lock" type="bool">1</ambient_diffuse_texture_lock>
            <ambient_diffuse_lock sid="ambient_diffuse_lock" type="bool">1</ambient_diffuse_lock>
            <diffuse_specular_lock sid="diffuse_specular_lock" type="bool">0</diffuse_specular_lock>
            <use_self_illum_color sid="use_self_illum_color" type="bool">0</use_self_illum_color>
            <self_illumination sid="self_illumination" type="float">0</self_illumination>
            <specular_level sid="specular_level" type="float">0</specular_level>
            <soften sid="soften" type="float">0.1</soften>
          </shader>
        </technique>
      </extra>
    </effect>
  </library_effects>
  <library_materials>
    <material id="ilonball_mt-material" name="ilonball_mt">
      <instance_effect url="#ilonball_mt"/>
    </material>
  </library_materials>
  <library_geometries>
    <geometry id="geom-GamemodelShape" name="GamemodelShape">
      <mesh>
        <source id="geom-GamemodelShape-positions">
          <float_array id="geom-GamemodelShape-positions-array" count="2292">-1.4238 22.0974 5.38944 -1.42429 21.3674 5.38824 -2.40298 22.0974 6.04371 -2.4039 21.3674 6.04279 -3.05725 22.0974 7.02289 -3.05845 21.3674 7.02239 -3.287 22.0974 8.17791 -3.2883 21.3674 8.17791 -3.05725 22.0974 9.33294 -3.05845 21.3674 9.33344 -2.40298 22.0974 10.3121 -2.4039 21.3674 10.313 -1.4238 22.0974 10.9664 -1.4243 21.3674 10.9676 -0.268776 22.0974 11.1961 -0.268776 21.3674 11.1974 -0.268776 22.0974 11.1961 -0.268776 21.3674 11.1974 0.886248 22.0974 10.9664 0.886744 21.3674 10.9676 1.86543 22.0974 10.3121 1.86635 21.3674 10.313 2.5197 22.0974 9.33294 2.5209 21.3674 9.33344 2.74945 22.0974 8.17792 2.75075 21.3674 8.17792 2.5197 22.0974 7.02289 2.5209 21.3674 7.0224 1.86543 22.0974 6.04371 1.86635 21.3674 6.0428 0.886252 22.0974 5.38944 0.886744 21.3674 5.38824 -0.268775 22.0974 5.15969 -0.268775 21.3674 5.1584 -0.268775 24.8049 8.17792 -12.6635 8.54764 5.38944 -11.9335 8.54715 5.38824 -12.6635 7.56846 6.04371 -11.9335 7.56755 6.04279 -12.6635 6.91419 7.02289 -11.9335 6.913 7.02239 -12.6635 6.68444 8.17791 -11.9335 6.68315 8.17791 -12.6635 6.91419 9.33294 -11.9335 6.913 9.33344 -12.6635 7.56846 10.3121 -11.9335 7.56754 10.313 -12.6635 8.54764 10.9664 -11.9335 8.54715 10.9676 -12.6635 9.70267 11.1961 -11.9335 9.70267 11.1974 -12.6635 9.70267 11.1961 -11.9335 9.70267 11.1974 -12.6635 10.8577 10.9664 -11.9335 10.8582 10.9676 -12.6635 11.8369 10.3121 -11.9335 11.8378 10.313 -12.6635 12.4911 9.33294 -11.9335 12.4923 9.33344 -12.6635 12.7209 8.17792 -11.9335 12.7222 8.17792 -12.6635 12.4911 7.02289 -11.9335 12.4923 7.0224 -12.6635 11.8369 6.04371 -11.9335 11.8378 6.04279 -12.6635 10.8577 5.38944 -11.9335 10.8582 5.38824 -12.6635 9.70267 5.15969 -11.9335 9.70267 5.15839 -15.371 9.70267 8.17792 0.886249 -2.69201 5.38944 0.886744 -1.96206 5.38824 1.86543 -2.69201 6.04371 1.86635 -1.96206 6.04279 2.5197 -2.69201 7.02289 2.5209 -1.96206 7.02239 2.74945 -2.69201 8.17791 2.75075 -1.96206 8.17791 2.5197 -2.69201 9.33294 2.5209 -1.96206 9.33344 1.86543 -2.69201 10.3121 1.86635 -1.96206 10.313 0.886251 -2.69201 10.9664 0.886747 -1.96206 10.9676 -0.268776 -2.69201 11.1961 -0.268776 -1.96206 11.1974 -0.268776 -2.69201 11.1961 -0.268776 -1.96206 11.1974 -1.4238 -2.69201 10.9664 -1.42429 -1.96206 10.9676 -2.40298 -2.69201 10.3121 -2.4039 -1.96206 10.313 -3.05725 -2.69201 9.33294 -3.05845 -1.96206 9.33344 -3.287 -2.69201 8.17792 -3.2883 -1.96206 8.17792 -3.05725 -2.69201 7.02289 -3.05845 -1.96206 7.0224 -2.40298 -2.69201 6.04371 -2.4039 -1.96206 6.04279 -1.4238 -2.69201 5.38944 -1.42429 -1.96206 5.38824 -0.268775 -2.69201 5.15969 -0.268775 -1.96206 5.1584 -0.268775 -5.3996 8.17792 12.1259 10.8577 5.38944 11.396 10.8582 5.38824 12.1259 11.8369 6.04371 11.396 11.8378 6.04279 12.1259 12.4911 7.02289 11.396 12.4923 7.0224 12.1259 12.7209 8.17791 11.396 12.7222 8.17791 12.1259 12.4911 9.33294 11.396 12.4923 9.33344 12.1259 11.8369 10.3121 11.396 11.8378 10.313 12.1259 10.8577 10.9664 11.396 10.8582 10.9676 12.1259 9.70267 11.1961 11.396 9.70267 11.1974 12.1259 9.70267 11.1961 11.396 9.70267 11.1974 12.1259 8.54764 10.9664 11.396 8.54715 10.9676 12.1259 7.56846 10.3121 11.396 7.56755 10.313 12.1259 6.91419 9.33294 11.396 6.913 9.33344 12.1259 6.68444 8.17792 11.396 6.68315 8.17792 12.1259 6.91419 7.02289 11.396 6.913 7.0224 12.1259 7.56846 6.04371 11.396 7.56754 6.0428 12.1259 8.54764 5.38944 11.396 8.54715 5.38824 12.1259 9.70267 5.15969 11.396 9.70267 5.1584 14.8335 9.70267 8.17792 -1.4238 6.91419 -4.21677 -1.43076 6.89738 -3.48681 -2.40298 7.56846 -4.21677 -2.41585 7.55559 -3.48681 -3.05725 8.54764 -4.21677 -3.07406 8.54068 -3.48681 -3.287 9.70267 -4.21677 -3.3052 9.70267 -3.48681 -3.05725 10.8577 -4.21677 -3.07406 10.8647 -3.48681 -2.40298 11.8369 -4.21677 -2.41585 11.8497 -3.48681 -1.4238 12.4911 -4.21677 -1.43076 12.508 -3.48681 -0.268774 12.7209 -4.21677 -0.268774 12.7391 -3.48681 -0.268774 12.7209 -4.21677 -0.268774 12.7391 -3.48681 0.88625 12.4911 -4.21677 0.893213 12.508 -3.48681 1.86543 11.8369 -4.21677 1.8783 11.8497 -3.48681 2.5197 10.8577 -4.21677 2.53651 10.8647 -3.48681 2.74945 9.70267 -4.21677 2.76765 9.70267 -3.48681 2.5197 8.54764 -4.21677 2.53651 8.54068 -3.48681 1.86543 7.56846 -4.21677 1.8783 7.5556 -3.48681 0.886253 6.91419 -4.21677 0.893213 6.89738 -3.48681 -0.268774 6.68444 -4.21677 -0.268774 6.66625 -3.48681 -0.268774 9.70267 -6.92435 -1.4238 12.4911 20.5726 -1.43076 12.508 19.8426 -2.40298 11.8369 20.5726 -2.41585 11.8497 19.8426 -3.05725 10.8577 20.5726 -3.07406 10.8647 19.8426 -3.287 9.70267 20.5726 -3.3052 9.70267 19.8426 -3.05726 8.54764 20.5726 -3.07406 8.54068 19.8426 -2.40299 7.56846 20.5726 -2.41585 7.5556 19.8426 -1.4238 6.91419 20.5726 -1.43077 6.89738 19.8426 -0.268776 6.68444 20.5726 -0.268776 6.66625 19.8426 -0.268776 6.68444 20.5726 -0.268776 6.66625 19.8426 0.886248 6.91419 20.5726 0.893211 6.89738 19.8426 1.86543 7.56846 20.5726 1.8783 7.55559 19.8426 2.5197 8.54764 20.5726 2.53651 8.54068 19.8426 2.74945 9.70267 20.5726 2.76765 9.70267 19.8426 2.5197 10.8577 20.5726 2.53651 10.8647 19.8426 1.86543 11.8369 20.5726 1.8783 11.8497 19.8426 0.886251 12.4911 20.5726 0.893211 12.508 19.8426 -0.268776 12.7209 20.5726 -0.268776 12.7391 19.8426 -0.268776 9.70267 23.2802 7.89189 0.850722 3.96076 7.50521 1.31459 4.37121 6.98419 0.100623 3.94318 6.59205 0.559971 4.35352 5.99443 -0.400578 3.54817 5.59631 0.0557513 3.95613 5.07328 -0.576576 2.83587 4.66961 -0.121308 3.23954 4.36097 -0.400578 1.91472 3.95301 0.0557484 2.31283 3.96597 0.100619 0.924952 3.55562 0.559971 1.3171 3.94839 0.850719 0.0172539 3.53793 1.31459 0.403933 4.31091 1.73552 -0.670184 3.90264 2.20472 -0.287651 4.31091 1.73552 -0.670184 3.90264 2.20472 -0.287651 4.99835 2.62032 -1.03271 4.59423 3.09486 -0.652361 5.90604 3.37042 -1.01513 5.5074 3.84948 -0.634676 6.89581 3.87162 -0.62012 6.50313 4.3537 -0.237287 7.81696 4.04761 0.0921823 7.42983 4.53076 0.479308 8.52926 3.87162 1.01333 8.14643 4.3537 1.40601 8.92427 3.37042 2.0031 8.54382 3.84948 2.40175 8.94185 2.62032 2.91079 8.5615 3.09486 3.31491 8.57933 1.73552 3.59823 8.19679 2.20472 4.0065 7.91175 -0.00488098 -0.00260343 3.94838 0.850722 16.3386 3.53794 1.31459 15.9519 3.96596 0.100623 15.4309 3.55562 0.559971 15.0387 4.36097 -0.400578 14.4411 3.95301 0.0557513 14.043 5.07327 -0.576576 13.52 4.66961 -0.121308 13.1163 5.99443 -0.400578 12.8077 5.59631 0.0557484 12.3997 6.98419 0.100619 12.4127 6.59204 0.559971 12.0023 7.89189 0.850719 12.3951 7.50521 1.31459 11.9846 8.57933 1.73552 12.7576 8.19679 2.20472 12.3493 8.57933 1.73552 12.7576 8.19679 2.20472 12.3493 8.94185 2.62032 13.445 8.5615 3.09486 13.0409 8.92427 3.37042 14.3527 8.54382 3.84948 13.9541 8.52926 3.87162 15.3425 8.14643 4.3537 14.9498 7.81696 4.04761 16.2637 7.42983 4.53076 15.8765 6.89581 3.87162 16.976 6.50313 4.3537 16.5931 5.90604 3.37042 17.371 5.50739 3.84948 16.9905 4.99835 2.62032 17.3885 4.59423 3.09486 17.0082 4.31091 1.73552 17.026 3.90264 2.20472 16.6435 7.91174 -0.00487883 16.3584 -8.42944 0.850722 12.3951 -8.04276 1.31459 11.9846 -7.52174 0.100623 12.4127 -7.1296 0.559971 12.0023 -6.53198 -0.400578 12.8077 -6.13386 0.0557513 12.3997 -5.61083 -0.576576 13.52 -5.20716 -0.121308 13.1163 -4.89853 -0.400578 14.4411 -4.49056 0.0557484 14.043 -4.50352 0.100619 15.4309 -4.09317 0.559971 15.0387 -4.48594 0.850719 16.3386 -4.07548 1.31459 15.9519 -4.84846 1.73552 17.026 -4.4402 2.20472 16.6435 -4.84846 1.73552 17.026 -4.4402 2.20472 16.6435 -5.5359 2.62032 17.3885 -5.13178 3.09486 17.0082 -6.4436 3.37042 17.371 -6.04495 3.84948 16.9905 -7.43336 3.87162 16.976 -7.04068 4.3537 16.5931 -8.35451 4.04761 16.2637 -7.96739 4.53076 15.8765 -9.06681 3.87162 15.3425 -8.68398 4.3537 14.9498 -9.46182 3.37042 14.3527 -9.08137 3.84948 13.9541 -9.4794 2.62032 13.445 -9.09905 3.09486 13.0409 -9.11688 1.73552 12.7576 -8.73434 2.20472 12.3493 -8.4493 -0.00488098 16.3584 -4.48593 0.850722 0.0172533 -4.07549 1.31459 0.403929 -4.50351 0.100623 0.924949 -4.09317 0.559971 1.3171 -4.89852 -0.400578 1.91471 -4.49056 0.0557513 2.31283 -5.61082 -0.576576 2.83586 -5.20716 -0.121308 3.23953 -6.53198 -0.400578 3.54817 -6.13386 0.0557484 3.95613 -7.52174 0.100619 3.94318 -7.12959 0.559971 4.35352 -8.42944 0.850719 3.96076 -8.04276 1.31459 4.37121 -9.11688 1.73552 3.59823 -8.73434 2.20472 4.0065 -9.11688 1.73552 3.59823 -8.73434 2.20472 4.0065 -9.4794 2.62032 2.91079 -9.09905 3.09486 3.31491 -9.46182 3.37042 2.0031 -9.08137 3.84948 2.40175 -9.06681 3.87162 1.01333 -8.68398 4.3537 1.40601 -8.35451 4.04761 0.092181 -7.96738 4.53076 0.479307 -7.43336 3.87162 -0.620121 -7.04068 4.3537 -0.237285 -6.44359 3.37042 -1.01513 -6.04494 3.84948 -0.634677 -5.5359 2.62032 -1.03271 -5.13178 3.09486 -0.652361 -4.84846 1.73552 -0.670185 -4.44019 2.20472 -0.287652 -8.4493 -0.00487883 -0.00260467 7.89189 18.5546 12.3951 7.50521 18.0907 11.9846 6.98419 19.3047 12.4127 6.59204 18.8454 12.0023 5.99443 19.8059 12.8077 5.59631 19.3496 12.3997 5.07328 19.9819 13.52 4.66961 19.5266 13.1163 4.36097 19.8059 14.4411 3.95301 19.3496 14.043 3.96596 19.3047 15.4309 3.55562 18.8454 15.0387 3.94838 18.5546 16.3386 3.53793 18.0907 15.9519 4.31091 17.6698 17.026 3.90264 17.2006 16.6435 4.31091 17.6698 17.026 3.90264 17.2006 16.6435 4.99834 16.785 17.3885 4.59423 16.3105 17.0082 5.90604 16.0349 17.371 5.50739 15.5559 16.9905 6.89581 15.5337 16.976 6.50313 15.0516 16.5931 7.81696 15.3577 16.2637 7.42983 14.8746 15.8765 8.52926 15.5337 15.3425 8.14643 15.0516 14.9498 8.92427 16.0349 14.3527 8.54382 15.5559 13.9541 8.94185 16.785 13.445 8.5615 16.3105 13.0409 8.57933 17.6698 12.7576 8.19679 17.2006 12.3493 7.91174 19.4102 16.3584 3.94839 18.5546 0.0172539 3.53794 18.0907 0.40393 3.96597 19.3047 0.924949 3.55562 18.8454 1.3171 4.36097 19.8059 1.91472 3.95301 19.3496 2.31283 5.07327 19.9819 2.83587 4.66961 19.5266 3.23953 5.99443 19.8059 3.54817 5.59631 19.3496 3.95613 6.98419 19.3047 3.94318 6.59204 18.8454 4.35352 7.89189 18.5546 3.96076 7.50521 18.0907 4.37121 8.57933 17.6698 3.59823 8.19679 17.2006 4.0065 8.57933 17.6698 3.59823 8.19679 17.2006 4.0065 8.94185 16.785 2.9108 8.5615 16.3105 3.31491 8.92427 16.0349 2.0031 8.54382 15.5559 2.40175 8.52926 15.5337 1.01333 8.14643 15.0516 1.40601 7.81696 15.3577 0.0921823 7.42983 14.8746 0.479308 6.89581 15.5337 -0.62012 6.50313 15.0516 -0.237284 5.90604 16.0349 -1.01513 5.5074 15.5559 -0.634676 4.99835 16.785 -1.03271 4.59423 16.3105 -0.652361 4.31091 17.6698 -0.670184 3.90264 17.2006 -0.287651 7.91175 19.4102 -0.00260343 -8.42944 18.5546 3.96076 -8.04276 18.0907 4.3712 -7.52174 19.3047 3.94318 -7.1296 18.8454 4.35352 -6.53198 19.8059 3.54817 -6.13386 19.3496 3.95613 -5.61083 19.9819 2.83587 -5.20716 19.5266 3.23954 -4.89852 19.8059 1.91471 -4.49056 19.3496 2.31283 -4.50351 19.3047 0.924951 -4.09317 18.8454 1.3171 -4.48593 18.5546 0.0172533 -4.07548 18.0907 0.403933 -4.84846 17.6698 -0.670185 -4.44019 17.2006 -0.287652 -4.84846 17.6698 -0.670185 -4.44019 17.2006 -0.287652 -5.5359 16.785 -1.03271 -5.13178 16.3105 -0.652361 -6.44359 16.0349 -1.01513 -6.04494 15.5559 -0.634677 -7.43336 15.5337 -0.620121 -7.04068 15.0516 -0.237288 -8.35451 15.3577 0.092181 -7.96738 14.8746 0.479307 -9.06681 15.5337 1.01333 -8.68398 15.0516 1.40601 -9.46182 16.0349 2.0031 -9.08137 15.5559 2.40175 -9.4794 16.785 2.91079 -9.09905 16.3105 3.31491 -9.11688 17.6698 3.59823 -8.73434 17.2006 4.0065 -8.4493 19.4102 -0.00260467 -4.48594 18.5546 16.3386 -4.07549 18.0907 15.9519 -4.50352 19.3047 15.4309 -4.09317 18.8454 15.0387 -4.89852 19.8059 14.4411 -4.49056 19.3496 14.043 -5.61083 19.9819 13.52 -5.20716 19.5266 13.1163 -6.53198 19.8059 12.8077 -6.13386 19.3496 12.3997 -7.52174 19.3047 12.4127 -7.12959 18.8454 12.0023 -8.42944 18.5546 12.3951 -8.04276 18.0907 11.9846 -9.11688 17.6698 12.7576 -8.73434 17.2006 12.3493 -9.11688 17.6698 12.7576 -8.73434 17.2006 12.3493 -9.4794 16.785 13.445 -9.09905 16.3105 13.0409 -9.46182 16.0349 14.3527 -9.08137 15.5559 13.9541 -9.06681 15.5337 15.3425 -8.68398 15.0516 14.9498 -8.35451 15.3577 16.2637 -7.96739 14.8746 15.8765 -7.43336 15.5337 16.976 -7.04068 15.0516 16.5931 -6.4436 16.0349 17.371 -6.04495 15.5559 16.9905 -5.5359 16.785 17.3885 -5.13178 16.3105 17.0082 -4.84846 17.6698 17.026 -4.4402 17.2006 16.6435 -8.4493 19.4102 16.3584 -1.21356 -2.70907 5.897 -2.01451 -2.70907 6.43218 -2.12204 -1.98893 3.70373 -3.69316 -1.98893 4.75352 -2.54969 -2.70907 7.23313 -4.74296 -1.98893 6.32465 -2.73762 -2.70907 8.17792 -5.1116 -1.98893 8.17792 2.20007 -2.70907 8.17792 2.01214 -2.70907 7.23313 4.57405 -1.98893 8.17792 4.20541 -1.98893 6.32465 1.47696 -2.70907 6.43218 3.15562 -1.98893 4.75352 0.676012 -2.70907 5.897 1.58449 -1.98893 3.70373 -0.268775 -2.70907 5.70907 -0.268775 -1.98893 3.33509 -2.9593 -0.819496 1.68241 -5.24022 -0.819496 3.20647 -6.76428 -0.819496 5.48739 -7.29946 -0.819496 8.17792 6.76191 -0.819496 8.17792 6.22673 -0.819496 5.48739 4.70267 -0.819496 3.20647 2.42175 -0.819496 1.68241 -0.268775 -0.819496 1.14723 -3.69316 0.754301 -0.0892976 -6.59622 0.754301 1.85046 -8.53598 0.754301 4.75352 -9.21714 0.754301 8.17792 8.67959 0.754301 8.17792 7.99844 0.754301 4.75353 6.05867 0.754301 1.85047 3.15562 0.754301 -0.0892942 -0.268775 0.754301 -0.77045 -4.29543 2.67198 -1.5433 -7.70907 2.67198 0.737619 -9.98998 2.67198 4.15125 -10.7909 2.67198 8.17792 10.2534 2.67198 8.17792 9.45244 2.67198 4.15126 7.17152 2.67198 0.737623 3.75788 2.67198 -1.54329 -0.268775 2.67198 -2.34425 -4.74295 4.85985 -2.62372 -8.53598 4.85985 -0.089298 -11.0704 4.85985 3.70373 -11.9604 4.85985 8.17792 11.4228 4.85985 8.17792 10.5329 4.85985 3.70374 7.99844 4.85985 -0.0892938 4.20541 4.85985 -2.62371 -0.268774 4.85985 -3.51369 -5.01853 7.23382 -3.28904 -9.04519 7.23382 -0.598515 -11.7357 7.23382 3.42814 -12.6805 7.23382 8.17792 12.143 7.23382 8.17792 11.1982 7.23382 3.42815 8.50765 7.23382 -0.598507 4.48099 7.23382 -3.28903 -0.268774 7.23382 -4.23382 -5.11159 9.70267 -3.51369 -9.21714 9.70267 -0.770454 -11.9604 9.70267 3.33509 -12.9237 9.70267 8.17792 12.3861 9.70267 8.17792 11.4228 9.70267 3.3351 8.67959 9.70267 -0.770447 4.57405 9.70267 -3.51369 -0.268774 9.70267 -4.47698 -5.01853 12.1715 -3.28904 -9.04519 12.1715 -0.598515 -11.7357 12.1715 3.42814 -12.6805 12.1715 8.17792 12.143 12.1715 8.17792 11.1982 12.1715 3.42815 8.50765 12.1715 -0.598507 4.48099 12.1715 -3.28903 -0.268774 12.1715 -4.23382 -4.74295 14.5455 -2.62372 -8.53598 14.5455 -0.089298 -11.0704 14.5455 3.70373 -11.9604 14.5455 8.17792 11.4228 14.5455 8.17792 10.5329 14.5455 3.70374 7.99844 14.5455 -0.0892938 4.20541 14.5455 -2.62371 -0.268774 14.5455 -3.51369 -4.29543 16.7334 -1.5433 -7.70907 16.7334 0.737619 -9.98998 16.7334 4.15125 -10.7909 16.7334 8.17792 10.2534 16.7334 8.17792 9.45244 16.7334 4.15126 7.17152 16.7334 0.737623 3.75788 16.7334 -1.54329 -0.268775 16.7334 -2.34425 -3.69316 18.651 -0.0892976 -6.59622 18.651 1.85046 -8.53598 18.651 4.75352 -9.21714 18.651 8.17792 8.67959 18.651 8.17792 7.99844 18.651 4.75353 6.05867 18.651 1.85047 3.15562 18.651 -0.0892942 -0.268775 18.651 -0.77045 -2.9593 20.2248 1.68241 -5.24022 20.2248 3.20647 -6.76428 20.2248 5.48739 -7.29946 20.2248 8.17792 6.76191 20.2248 8.17792 6.22673 20.2248 5.48739 4.70267 20.2248 3.20647 2.42175 20.2248 1.68241 -0.268775 20.2248 1.14723 -2.12204 21.3943 3.70373 -3.69316 21.3943 4.75352 -4.74296 21.3943 6.32465 -5.1116 21.3943 8.17792 4.57405 21.3943 8.17792 4.20541 21.3943 6.32465 3.15562 21.3943 4.75352 1.58449 21.3943 3.70373 -0.268775 21.3943 3.33509 -1.21356 22.1144 5.897 -2.01451 22.1144 6.43218 -2.54969 22.1144 7.23313 -2.73762 22.1144 8.17792 2.20007 22.1144 8.17792 2.01214 22.1144 7.23313 1.47696 22.1144 6.43218 0.676012 22.1144 5.897 -0.268775 22.1144 5.70907 -0.268775 -2.95223 8.17792 -0.268775 22.3576 8.17792 -1.21356 -2.70907 10.4588 -2.12204 -1.98893 12.6521 -2.01451 -2.70907 9.92366 -3.69316 -1.98893 11.6023 -2.54969 -2.70907 9.12271 -4.74296 -1.98893 10.0312 -2.73762 -2.70907 8.17792 -5.1116 -1.98893 8.17792 2.20007 -2.70907 8.17792 4.57405 -1.98893 8.17792 2.01214 -2.70907 9.1227 4.20541 -1.98893 10.0312 1.47696 -2.70907 9.92366 3.15562 -1.98893 11.6023 0.676012 -2.70907 10.4588 1.58449 -1.98893 12.6521 -0.268776 -2.70907 10.6468 -0.268776 -1.98893 13.0207 -2.9593 -0.819496 14.6734 -5.24022 -0.819496 13.1494 -6.76428 -0.819496 10.8684 -7.29946 -0.819496 8.17792 6.76191 -0.819496 8.17792 6.22673 -0.819496 10.8684 4.70267 -0.819496 13.1494 2.42175 -0.819496 14.6734 -0.268776 -0.819496 15.2086 -3.69316 0.754301 16.4451 -6.59622 0.754301 14.5054 -8.53598 0.754301 11.6023 -9.21714 0.754301 8.17792 8.67959 0.754301 8.17792 7.99844 0.754301 11.6023 6.05867 0.754301 14.5054 3.15562 0.754301 16.4451 -0.268776 0.754301 17.1263 -4.29543 2.67198 17.8991 -7.70907 2.67198 15.6182 -9.98998 2.67198 12.2046 -10.7909 2.67198 8.17792 10.2534 2.67198 8.17792 9.45244 2.67198 12.2046 7.17152 2.67198 15.6182 3.75788 2.67198 17.8991 -0.268776 2.67198 18.7001 -4.74295 4.85985 18.9796 -8.53598 4.85985 16.4451 -11.0704 4.85985 12.6521 -11.9604 4.85985 8.17792 11.4228 4.85985 8.17792 10.5329 4.85985 12.6521 7.99844 4.85985 16.4451 4.20541 4.85985 18.9795 -0.268776 4.85985 19.8695 -5.01854 7.23382 19.6449 -9.04519 7.23382 16.9543 -11.7357 7.23382 12.9277 -12.6805 7.23382 8.17792 12.143 7.23382 8.17792 11.1982 7.23382 12.9277 8.50765 7.23382 16.9543 4.48099 7.23382 19.6449 -0.268776 7.23382 20.5897 -5.11159 9.70267 19.8695 -9.21714 9.70267 17.1263 -11.9604 9.70267 13.0207 -12.9237 9.70267 8.17792 12.3861 9.70267 8.17792 11.4228 9.70267 13.0207 8.67959 9.70267 17.1263 4.57405 9.70267 19.8695 -0.268776 9.70267 20.8328 -5.01854 12.1715 19.6449 -9.04519 12.1715 16.9543 -11.7357 12.1715 12.9277 -12.6805 12.1715 8.17792 12.143 12.1715 8.17792 11.1982 12.1715 12.9277 8.50765 12.1715 16.9543 4.48099 12.1715 19.6449 -0.268776 12.1715 20.5897 -4.74295 14.5455 18.9796 -8.53598 14.5455 16.4451 -11.0704 14.5455 12.6521 -11.9604 14.5455 8.17792 11.4228 14.5455 8.17792 10.5329 14.5455 12.6521 7.99844 14.5455 16.4451 4.20541 14.5455 18.9795 -0.268776 14.5455 19.8695 -4.29543 16.7334 17.8991 -7.70907 16.7334 15.6182 -9.98998 16.7334 12.2046 -10.7909 16.7334 8.17792 10.2534 16.7334 8.17792 9.45244 16.7334 12.2046 7.17152 16.7334 15.6182 3.75788 16.7334 17.8991 -0.268776 16.7334 18.7001 -3.69316 18.651 16.4451 -6.59622 18.651 14.5054 -8.53598 18.651 11.6023 -9.21714 18.651 8.17792 8.67959 18.651 8.17792 7.99844 18.651 11.6023 6.05867 18.651 14.5054 3.15562 18.651 16.4451 -0.268776 18.651 17.1263 -2.9593 20.2248 14.6734 -5.24022 20.2248 13.1494 -6.76428 20.2248 10.8684 -7.29946 20.2248 8.17792 6.76191 20.2248 8.17792 6.22673 20.2248 10.8684 4.70267 20.2248 13.1494 2.42175 20.2248 14.6734 -0.268776 20.2248 15.2086 -2.12204 21.3943 12.6521 -3.69316 21.3943 11.6023 -4.74296 21.3943 10.0312 -5.1116 21.3943 8.17792 4.57405 21.3943 8.17792 4.20541 21.3943 10.0312 3.15562 21.3943 11.6023 1.58449 21.3943 12.6521 -0.268776 21.3943 13.0207 -1.21356 22.1144 10.4588 -2.01451 22.1144 9.92366 -2.54969 22.1144 9.12271 -2.73762 22.1144 8.17792 2.20007 22.1144 8.17792 2.01214 22.1144 9.1227 1.47696 22.1144 9.92366 0.676012 22.1144 10.4588 -0.268776 22.1144 10.6468 -0.268775 -2.95223 8.17792 -0.268775 22.3576 8.17792</float_array>
          <technique_common>
            <accessor source="#geom-GamemodelShape-positions-array" count="764" stride="3">
              <param name="X" type="float"/>
              <param name="Y" type="float"/>
              <param name="Z" type="float"/>
            </accessor>
          </technique_common>
        </source>
        <source id="geom-GamemodelShape-normals">
          <float_array id="geom-GamemodelShape-normals-array" count="2292">3.05176e-5 1 3.05176e-5 3.05188e-5 0.5732657 -0.8193696 -0.3135275 0.5733354 -0.756959 -0.5792974 0.5734361 -0.5792974 3.05324e-5 0.001770881 -0.9999983 -0.3826028 0.001772086 -0.9239113 0.3135275 0.5733354 -0.756959 0.5792974 0.5734361 -0.5792974 0.756959 0.5733354 -0.3135275 0.8193696 0.5732657 3.05188e-5 0.756959 0.5733354 0.3135275 0.5792974 0.5734361 0.5792974 0.3135275 0.5733354 0.756959 3.05188e-5 0.5732657 0.8193696 -0.3135275 0.5733354 0.756959 3.05188e-5 0.5732657 0.8193696 -0.5792974 0.5734361 0.5792974 -0.756959 0.5733354 0.3135275 -0.819209 0.5734951 3.0531e-5 -0.756959 0.5733354 -0.3135275 0.3826028 0.001770179 -0.9239113 0.7071057 0.00177116 -0.7071057 0.9239113 0.001771133 -0.3826028 0.9999983 0.001771835 3.05324e-5 0.9239113 0.001771133 0.3826028 0.7071057 0.00177116 0.7071057 0.3826028 0.001771133 0.9239113 3.05324e-5 0.00177279 0.9999983 -0.9239113 0.001773994 -0.3826028 -0.7071057 0.001774021 -0.7071057 -0.9999983 0.00177279 3.05324e-5 -0.9239113 0.001771133 0.3826028 -0.7071057 0.001772113 0.7071057 -0.3826028 0.00177304 0.9239113 3.05324e-5 0.00177279 0.9999983 -1 3.05176e-5 3.05176e-5 -0.5732657 3.05188e-5 -0.8193696 -0.5733354 -0.3135275 -0.756959 -0.5734361 -0.5792974 -0.5792974 -0.001771835 3.05324e-5 -0.9999983 -0.001772086 -0.3826028 -0.9239113 -0.5733354 0.3135275 -0.756959 -0.5734361 0.5792974 -0.5792974 -0.5733354 0.756959 -0.3135275 -0.5732657 0.8193696 3.05188e-5 -0.5733354 0.756959 0.3135275 -0.5734361 0.5792974 0.5792974 -0.5733354 0.3135275 0.756959 -0.5734951 3.0531e-5 0.819209 -0.5733354 -0.3135275 0.756959 -0.5734951 3.0531e-5 0.819209 -0.5734361 -0.5792974 0.5792974 -0.5733354 -0.756959 0.3135275 -0.5732657 -0.8193696 3.05188e-5 -0.5733354 -0.756959 -0.3135275 -0.001770179 0.3826028 -0.9239113 -0.001770206 0.7071057 -0.7071057 -0.001771133 0.9239113 -0.3826028 -0.001771835 0.9999983 3.05324e-5 -0.001771133 0.9239113 0.3826028 -0.00177116 0.7071057 0.7071057 -0.001771133 0.3826028 0.9239113 -0.00177279 3.05324e-5 0.9999983 -0.001773994 -0.9239113 -0.3826028 -0.001774021 -0.7071057 -0.7071057 -0.00177279 -0.9999983 3.05324e-5 -0.001771133 -0.9239113 0.3826028 -0.001772113 -0.7071057 0.7071057 -0.00177304 -0.3826028 0.9239113 -0.00177279 3.05324e-5 0.9999983 3.05176e-5 -1 3.05176e-5 3.05188e-5 -0.5732657 -0.8193696 0.3135275 -0.5733354 -0.756959 0.5792974 -0.5734361 -0.5792974 3.05324e-5 -0.001770881 -0.9999983 0.3826028 -0.001772086 -0.9239113 -0.3135275 -0.5733354 -0.756959 -0.5792974 -0.5734361 -0.5792974 -0.756959 -0.5733354 -0.3135275 -0.8193696 -0.5732657 3.05188e-5 -0.756959 -0.5733354 0.3135275 -0.5792974 -0.5734361 0.5792974 -0.3135275 -0.5733354 0.756959 3.05188e-5 -0.5732657 0.8193696 0.3135275 -0.5733354 0.756959 3.05188e-5 -0.5732657 0.8193696 0.5792974 -0.5734361 0.5792974 0.756959 -0.5733354 0.3135275 0.819209 -0.5734951 3.0531e-5 0.756959 -0.5733354 -0.3135275 -0.3826028 -0.001770179 -0.9239113 -0.7071057 -0.00177116 -0.7071057 -0.9239113 -0.001771133 -0.3826028 -0.9999983 -0.001771835 3.05324e-5 -0.9239113 -0.001771133 0.3826028 -0.7071057 -0.00177116 0.7071057 -0.3826028 -0.001771133 0.9239113 3.05324e-5 -0.00177279 0.9999983 0.9239113 -0.001773994 -0.3826028 0.7071057 -0.001774021 -0.7071057 0.9999983 -0.00177279 3.05324e-5 0.9239113 -0.001771133 0.3826028 0.7071057 -0.001772113 0.7071057 0.3826028 -0.00177304 0.9239113 3.05324e-5 -0.00177279 0.9999983 1 3.05176e-5 3.05176e-5 0.5734951 3.0531e-5 -0.819209 0.5733354 0.3135275 -0.756959 0.5734361 0.5792974 -0.5792974 0.001771835 3.05324e-5 -0.9999983 0.001772086 0.3826028 -0.9239113 0.5733354 -0.3135275 -0.756959 0.5734361 -0.5792974 -0.5792974 0.5733354 -0.756959 -0.3135275 0.5732657 -0.8193696 3.05188e-5 0.5733354 -0.756959 0.3135275 0.5734361 -0.5792974 0.5792974 0.5733354 -0.3135275 0.756959 0.5734951 3.0531e-5 0.819209 0.5733354 0.3135275 0.756959 0.5734951 3.0531e-5 0.819209 0.5734361 0.5792974 0.5792974 0.5733354 0.756959 0.3135275 0.5732657 0.8193696 3.05188e-5 0.5733354 0.756959 -0.3135275 0.001770179 -0.3826028 -0.9239113 0.00177116 -0.7071057 -0.7071057 0.001771133 -0.9239113 -0.3826028 0.001771835 -0.9999983 3.05324e-5 0.001771133 -0.9239113 0.3826028 0.00177116 -0.7071057 0.7071057 0.001771133 -0.3826028 0.9239113 0.00177279 3.05324e-5 0.9999983 0.001773994 0.9239113 -0.3826028 0.001774021 0.7071057 -0.7071057 0.00177279 0.9999983 3.05324e-5 0.001771133 0.9239113 0.3826028 0.001772113 0.7071057 0.7071057 0.00177304 0.3826028 0.9239113 0.00177279 3.05324e-5 0.9999983 3.05176e-5 3.05176e-5 -1 3.05234e-5 -0.8165616 -0.5772582 -0.3123004 -0.754502 -0.5772306 -0.5773503 -0.5773503 -0.5773503 3.0523e-5 -0.9996894 -0.02492203 -0.3824487 -0.9236404 -0.02492571 0.3123004 -0.754502 -0.5772306 0.5773503 -0.5773503 -0.5773503 0.754502 -0.3123004 -0.5772306 0.8165616 3.05234e-5 -0.5772582 0.754502 0.3123004 -0.5772306 0.5773503 0.5773503 -0.5773503 0.3123004 0.754502 -0.5772306 3.05234e-5 0.8165616 -0.5772582 -0.3123004 0.754502 -0.5772306 3.05234e-5 0.8165616 -0.5772582 -0.5773503 0.5773503 -0.5773503 -0.754502 0.3123004 -0.5772306 -0.8165616 3.05234e-5 -0.5772582 -0.754502 -0.3123004 -0.5772306 0.3824488 -0.9236408 -0.02491046 0.7068873 -0.7068873 -0.02491448 0.9236404 -0.3824487 -0.02492571 0.9996894 3.0523e-5 -0.02492203 0.9236408 0.3824488 -0.02491046 0.7068873 0.7068873 -0.02491448 0.3824487 0.9236404 -0.02492571 3.0523e-5 0.9996894 -0.02492203 -0.9236404 -0.3824487 -0.02492571 -0.7068869 -0.7068869 -0.02492973 -0.9996894 3.0523e-5 -0.02492203 -0.9236404 0.3824487 -0.02492571 -0.7068869 0.7068869 -0.02492973 -0.3824487 0.9236404 -0.02492571 3.0523e-5 0.9996894 -0.02492203 3.05234e-5 0.8165616 0.5772582 -0.3123004 0.754502 0.5772306 3.05176e-5 3.05176e-5 1 -0.5773503 0.5773503 0.5773503 3.0523e-5 0.9996894 0.02492203 -0.3824487 0.9236404 0.02492571 0.3123004 0.754502 0.5772306 0.3824488 0.9236408 0.02491046 0.5773503 0.5773503 0.5773503 0.754502 0.3123004 0.5772306 0.8165616 3.05234e-5 0.5772582 0.754502 -0.3123004 0.5772306 0.5773503 -0.5773503 0.5773503 0.3123004 -0.754502 0.5772306 3.05234e-5 -0.8165616 0.5772582 -0.3123004 -0.754502 0.5772306 3.05234e-5 -0.8165616 0.5772582 -0.5773503 -0.5773503 0.5773503 -0.754502 -0.3123004 0.5772306 -0.8165616 3.05234e-5 0.5772582 -0.754502 0.3123004 0.5772306 -0.7068869 0.7068869 0.02492973 -0.9236404 0.3824487 0.02492571 -0.9996894 3.0523e-5 0.02492203 -0.9236404 -0.3824487 0.02492571 -0.7068869 -0.7068869 0.02492973 -0.3824487 -0.9236404 0.02492571 3.0523e-5 -0.9996894 0.02492203 3.0523e-5 -0.9996894 0.02492203 0.3824487 -0.9236404 0.02492571 0.7068869 -0.7068869 0.02492973 0.9236404 -0.3824487 0.02492571 0.9996894 3.0523e-5 0.02492203 0.9236404 0.3824487 0.02492571 0.7068873 0.7068873 0.02491448 0.8900746 -0.3710272 0.2647752 0.7038881 -0.6105899 0.3629346 0.5416774 -0.6427839 -0.5416774 0.4586639 -0.8132859 0.3580412 0.7203183 -0.01600877 0.693459 0.4929074 -0.3089831 0.8133705 0.9881633 -0.1316411 0.07876487 0.8405135 0.2769153 0.4656767 0.9834227 0.07122979 -0.1667522 0.8765513 0.2068075 -0.4346132 0.6838272 0.2544814 -0.6838272 0.4346132 0.2068075 -0.8765513 0.1667522 0.07122979 -0.9834227 -0.07876487 -0.1316411 -0.9881633 -0.2647752 -0.3710272 -0.8900746 -0.3629346 -0.6105899 -0.7038881 -0.2647752 -0.3710272 -0.8900746 -0.3580412 -0.8132859 -0.4586639 -0.2510475 -0.9489985 -0.1907277 -0.05846943 -0.9965755 0.05846943 0.1907277 -0.9489985 0.2510475 0.1920638 -0.5572659 0.8078158 -0.1357853 -0.7233742 0.6769727 -0.4407837 -0.7819332 0.4407837 -0.6769727 -0.7233742 0.1357853 -0.8078158 -0.5572659 -0.1920638 -0.8133705 -0.3089831 -0.4929074 -0.693459 -0.01600877 -0.7203183 -0.693459 -0.01600877 -0.7203183 -0.4656767 0.2769153 -0.8405135 -0.1650706 0.525491 -0.8346321 0.1627529 0.6915473 -0.7037569 0.4679157 0.7497398 -0.4679157 0.7037569 0.6915473 -0.1627529 0.8346321 0.525491 0.1650706 0.5416774 -0.6427839 0.5416774 -0.2647752 -0.3710272 0.8900746 -0.3629346 -0.6105899 0.7038881 -0.3580412 -0.8132859 0.4586639 -0.693459 -0.01600877 0.7203183 -0.8133705 -0.3089831 0.4929074 -0.07876487 -0.1316411 0.9881633 0.1667522 0.07122979 0.9834227 0.4346132 0.2068075 0.8765513 0.6838272 0.2544814 0.6838272 0.8765513 0.2068075 0.4346132 0.9834227 0.07122979 0.1667522 0.9881633 -0.1316411 -0.07876487 0.8900746 -0.3710272 -0.2647752 0.7038881 -0.6105899 -0.3629346 0.8900746 -0.3710272 -0.2647752 0.4586639 -0.8132859 -0.3580412 0.1907277 -0.9489985 -0.2510475 -0.05846943 -0.9965755 -0.05846943 -0.2510475 -0.9489985 0.1907277 -0.4656767 0.2769153 0.8405135 -0.1650706 0.525491 0.8346321 0.1627529 0.6915473 0.7037569 0.4679157 0.7497398 0.4679157 0.7037569 0.6915473 0.1627529 0.8346321 0.525491 -0.1650706 0.8405135 0.2769153 -0.4656767 0.7203183 -0.01600877 -0.693459 -0.6769727 -0.7233742 -0.1357853 -0.8078158 -0.5572659 0.1920638 -0.4407837 -0.7819332 -0.4407837 -0.1357853 -0.7233742 -0.6769727 0.1920638 -0.5572659 -0.8078158 0.4929074 -0.3089831 -0.8133705 0.7203183 -0.01600877 -0.693459 -0.8900746 -0.3710272 -0.2647752 -0.7038881 -0.6105899 -0.3629346 -0.5416774 -0.6427839 0.5416774 -0.4586639 -0.8132859 -0.3580412 -0.7203183 -0.01600877 -0.693459 -0.4929074 -0.3089831 -0.8133705 -0.9881633 -0.1316411 -0.07876487 -0.8405135 0.2769153 -0.4656767 -0.9834227 0.07122979 0.1667522 -0.8765513 0.2068075 0.4346132 -0.6838272 0.2544814 0.6838272 -0.4346132 0.2068075 0.8765513 -0.1667522 0.07122979 0.9834227 0.07876487 -0.1316411 0.9881633 0.2647752 -0.3710272 0.8900746 0.3629346 -0.6105899 0.7038881 0.2647752 -0.3710272 0.8900746 0.3580412 -0.8132859 0.4586639 0.2510475 -0.9489985 0.1907277 0.05846943 -0.9965755 -0.05846943 -0.1907277 -0.9489985 -0.2510475 -0.1920638 -0.5572659 -0.8078158 0.1357853 -0.7233742 -0.6769727 0.4407837 -0.7819332 -0.4407837 0.6769727 -0.7233742 -0.1357853 0.8078158 -0.5572659 0.1920638 0.8133705 -0.3089831 0.4929074 0.693459 -0.01600877 0.7203183 0.693459 -0.01600877 0.7203183 0.4656767 0.2769153 0.8405135 0.1650706 0.525491 0.8346321 -0.1627529 0.6915473 0.7037569 -0.4679157 0.7497398 0.4679157 -0.7037569 0.6915473 0.1627529 -0.8346321 0.525491 -0.1650706 -0.5416774 -0.6427839 -0.5416774 0.2647752 -0.3710272 -0.8900746 0.3629346 -0.6105899 -0.7038881 0.3580412 -0.8132859 -0.4586639 0.693459 -0.01600877 -0.7203183 0.8133705 -0.3089831 -0.4929074 0.07876487 -0.1316411 -0.9881633 -0.1667522 0.07122979 -0.9834227 -0.4346132 0.2068075 -0.8765513 -0.6838272 0.2544814 -0.6838272 -0.8765513 0.2068075 -0.4346132 -0.9834227 0.07122979 -0.1667522 -0.9881633 -0.1316411 0.07876487 -0.8900746 -0.3710272 0.2647752 -0.7038881 -0.6105899 0.3629346 -0.8900746 -0.3710272 0.2647752 -0.4586639 -0.8132859 0.3580412 -0.1907277 -0.9489985 0.2510475 0.05846943 -0.9965755 0.05846943 0.2510475 -0.9489985 -0.1907277 0.4656767 0.2769153 -0.8405135 0.1650706 0.525491 -0.8346321 -0.1627529 0.6915473 -0.7037569 -0.4679157 0.7497398 -0.4679157 -0.7037569 0.6915473 -0.1627529 -0.8346321 0.525491 0.1650706 -0.8405135 0.2769153 0.4656767 -0.7203183 -0.01600877 0.693459 0.6769727 -0.7233742 0.1357853 0.8078158 -0.5572659 -0.1920638 0.4407837 -0.7819332 0.4407837 0.1357853 -0.7233742 0.6769727 -0.1920638 -0.5572659 0.8078158 -0.4929074 -0.3089831 0.8133705 -0.7203183 -0.01600877 0.693459 0.8900746 0.3710272 -0.2647752 0.7038881 0.6105899 -0.3629346 0.5416774 0.6427839 0.5416774 0.4586639 0.8132859 -0.3580412 0.7203183 0.01600877 -0.693459 0.4929074 0.3089831 -0.8133705 0.9881633 0.1316411 -0.07876487 0.8405135 -0.2769153 -0.4656767 0.9834227 -0.07122979 0.1667522 0.8765513 -0.2068075 0.4346132 0.6838272 -0.2544814 0.6838272 0.4346132 -0.2068075 0.8765513 0.1667522 -0.07122979 0.9834227 -0.07876487 0.1316411 0.9881633 -0.2647752 0.3710272 0.8900746 -0.3629346 0.6105899 0.7038881 -0.2647752 0.3710272 0.8900746 -0.3580412 0.8132859 0.4586639 -0.2510475 0.9489985 0.1907277 -0.05846943 0.9965755 -0.05846943 0.1907277 0.9489985 -0.2510475 0.1920638 0.5572659 -0.8078158 -0.1357853 0.7233742 -0.6769727 -0.4407837 0.7819332 -0.4407837 -0.6769727 0.7233742 -0.1357853 -0.8078158 0.5572659 0.1920638 -0.8133705 0.3089831 0.4929074 -0.693459 0.01600877 0.7203183 -0.693459 0.01600877 0.7203183 -0.4656767 -0.2769153 0.8405135 -0.1650706 -0.525491 0.8346321 0.1627529 -0.6915473 0.7037569 0.4679157 -0.7497398 0.4679157 0.7037569 -0.6915473 0.1627529 0.8346321 -0.525491 -0.1650706 0.5416774 0.6427839 -0.5416774 -0.2647752 0.3710272 -0.8900746 -0.3629346 0.6105899 -0.7038881 -0.3580412 0.8132859 -0.4586639 -0.693459 0.01600877 -0.7203183 -0.8133705 0.3089831 -0.4929074 -0.07876487 0.1316411 -0.9881633 0.1667522 -0.07122979 -0.9834227 0.4346132 -0.2068075 -0.8765513 0.6838272 -0.2544814 -0.6838272 0.8765513 -0.2068075 -0.4346132 0.9834227 -0.07122979 -0.1667522 0.9881633 0.1316411 0.07876487 0.8900746 0.3710272 0.2647752 0.7038881 0.6105899 0.3629346 0.8900746 0.3710272 0.2647752 0.4586639 0.8132859 0.3580412 0.1907277 0.9489985 0.2510475 -0.05846943 0.9965755 0.05846943 -0.2510475 0.9489985 -0.1907277 -0.4656767 -0.2769153 -0.8405135 -0.1650706 -0.525491 -0.8346321 0.1627529 -0.6915473 -0.7037569 0.4679157 -0.7497398 -0.4679157 0.7037569 -0.6915473 -0.1627529 0.8346321 -0.525491 0.1650706 0.8405135 -0.2769153 0.4656767 0.7203183 0.01600877 0.693459 -0.6769727 0.7233742 0.1357853 -0.8078158 0.5572659 -0.1920638 -0.4407837 0.7819332 0.4407837 -0.1357853 0.7233742 0.6769727 0.1920638 0.5572659 0.8078158 0.4929074 0.3089831 0.8133705 0.7203183 0.01600877 0.693459 -0.8900746 0.3710272 0.2647752 -0.7038881 0.6105899 0.3629346 -0.5416774 0.6427839 -0.5416774 -0.4586639 0.8132859 0.3580412 -0.7203183 0.01600877 0.693459 -0.4929074 0.3089831 0.8133705 -0.9881633 0.1316411 0.07876487 -0.8405135 -0.2769153 0.4656767 -0.9834227 -0.07122979 -0.1667522 -0.8765513 -0.2068075 -0.4346132 -0.6838272 -0.2544814 -0.6838272 -0.4346132 -0.2068075 -0.8765513 -0.1667522 -0.07122979 -0.9834227 0.07876487 0.1316411 -0.9881633 0.2647752 0.3710272 -0.8900746 0.3629346 0.6105899 -0.7038881 0.2647752 0.3710272 -0.8900746 0.3580412 0.8132859 -0.4586639 0.2510475 0.9489985 -0.1907277 0.05846943 0.9965755 0.05846943 -0.1907277 0.9489985 0.2510475 -0.1920638 0.5572659 0.8078158 0.1357853 0.7233742 0.6769727 0.4407837 0.7819332 0.4407837 0.6769727 0.7233742 0.1357853 0.8078158 0.5572659 -0.1920638 0.8133705 0.3089831 -0.4929074 0.693459 0.01600877 -0.7203183 0.693459 0.01600877 -0.7203183 0.4656767 -0.2769153 -0.8405135 0.1650706 -0.525491 -0.8346321 -0.1627529 -0.6915473 -0.7037569 -0.4679157 -0.7497398 -0.4679157 -0.7037569 -0.6915473 -0.1627529 -0.8346321 -0.525491 0.1650706 -0.5416774 0.6427839 0.5416774 0.2647752 0.3710272 0.8900746 0.3629346 0.6105899 0.7038881 0.3580412 0.8132859 0.4586639 0.693459 0.01600877 0.7203183 0.8133705 0.3089831 0.4929074 0.07876487 0.1316411 0.9881633 -0.1667522 -0.07122979 0.9834227 -0.4346132 -0.2068075 0.8765513 -0.6838272 -0.2544814 0.6838272 -0.8765513 -0.2068075 0.4346132 -0.9834227 -0.07122979 0.1667522 -0.9881633 0.1316411 -0.07876487 -0.8900746 0.3710272 -0.2647752 -0.7038881 0.6105899 -0.3629346 -0.8900746 0.3710272 -0.2647752 -0.4586639 0.8132859 -0.3580412 -0.1907277 0.9489985 -0.2510475 0.05846943 0.9965755 -0.05846943 0.2510475 0.9489985 0.1907277 0.4656767 -0.2769153 0.8405135 0.1650706 -0.525491 0.8346321 -0.1627529 -0.6915473 0.7037569 -0.4679157 -0.7497398 0.4679157 -0.7037569 -0.6915473 0.1627529 -0.8346321 -0.525491 -0.1650706 -0.8405135 -0.2769153 -0.4656767 -0.7203183 0.01600877 -0.693459 0.6769727 0.7233742 -0.1357853 0.8078158 0.5572659 0.1920638 0.4407837 0.7819332 -0.4407837 0.1357853 0.7233742 -0.6769727 -0.1920638 0.5572659 -0.8078158 -0.4929074 0.3089831 -0.8133705 -0.7203183 0.01600877 -0.693459 -0.07706202 -0.976526 -0.2011429 0.005751426 -0.9765288 -0.2153102 3.05176e-5 -1 3.05176e-5 -0.1481409 -0.9765332 -0.1563235 0.007584202 -0.9160861 -0.4009098 -0.1463731 -0.9160831 -0.3733185 0.087687 -0.9765254 -0.1967462 0.1604149 -0.9160986 -0.3674649 0.1563235 -0.9765332 -0.1481409 0.2011429 -0.976526 -0.07706202 0.2068597 -0.9783707 -3.12438e-5 -0.2221383 -0.9750151 3.05303e-5 -0.1967462 -0.9765254 -0.087687 -0.2781003 -0.9160949 -0.2888434 0.008456386 -0.8215821 -0.5700275 -0.2103253 -0.8217588 -0.5295996 0.2259441 -0.8217038 -0.5232133 0.4090723 -0.8215638 -0.3971055 0.2888434 -0.9160949 -0.2781003 0.3733185 -0.9160831 -0.1463731 0.3987172 -0.917074 3.05203e-5 0.5295996 -0.8217588 -0.2103253 0.5694893 -0.8219987 3.05258e-5 0.5128664 -0.6970099 -0.5011438 0.6656498 -0.6969056 -0.2668948 0.2818238 -0.6969889 -0.6593798 0.008120266 -0.6969996 -0.7170255 -0.2668948 -0.6969056 -0.6656498 -0.3971055 -0.8215638 -0.4090723 -0.3674649 -0.9160986 -0.1604149 -0.4027141 -0.9153258 3.05271e-5 -0.5232133 -0.8217038 -0.2259441 -0.5011438 -0.6970099 -0.5128664 0.006847971 -0.5464337 -0.8374744 -0.3141062 -0.5466326 -0.7762281 0.3267124 -0.546474 -0.7711194 0.5969684 -0.546651 -0.587198 0.7762281 -0.5466326 -0.3141062 0.8377175 -0.5461039 3.05291e-5 0.7175304 -0.6965271 3.0528e-5 0.9269023 -0.3753026 3.05223e-5 0.8580894 -0.375811 -0.3499266 0.6589127 -0.3758586 -0.651586 0.3592256 -0.3758316 -0.8542293 0.004915359 -0.3758876 -0.9266521 -0.3499266 -0.375811 -0.8580894 -0.587198 -0.546651 -0.5969684 -0.6593798 -0.6969889 -0.2818238 -0.5700479 -0.8216115 3.05296e-5 -0.7170492 -0.6970226 3.05283e-5 -0.7711194 -0.546474 -0.3267124 -0.651586 -0.3758586 -0.6589127 0.002557911 -0.191418 -0.9815053 -0.3730941 -0.1914305 -0.9078299 0.377954 -0.1914185 -0.9058199 0.6959772 -0.1914548 -0.6920699 0.9078299 -0.1914305 -0.3730941 0.9816458 -0.1907128 3.05238e-5 0.9239127 3.05204e-5 -0.3826034 0.9999998 6.64234e-4 3.05176e-5 0.7071068 3.05208e-5 -0.7071068 0.3826034 3.05204e-5 -0.9239127 3.05176e-5 3.05176e-5 -1 -0.3826034 3.05204e-5 -0.9239127 -0.6920699 -0.1914548 -0.6959772 -0.8542293 -0.3758316 -0.3592256 -0.837348 -0.5466701 3.05334e-5 -0.9264931 -0.3763115 3.05249e-5 -0.9058199 -0.1914185 -0.377954 -0.7071068 3.05208e-5 -0.7071068 -0.002557911 0.191418 -0.9815053 -0.377954 0.1914185 -0.9058199 0.3730941 0.1914305 -0.9078299 0.6920699 0.1914548 -0.6959772 0.9058199 0.1914185 -0.377954 0.9813757 0.1920985 3.05306e-5 0.8542293 0.3758316 -0.3592256 0.9264931 0.3763115 3.05249e-5 0.651586 0.3758586 -0.6589127 0.3499266 0.375811 -0.8580894 -0.004911543 0.3758876 -0.9266521 -0.3592256 0.3758316 -0.8542293 -0.6959772 0.1914548 -0.6920699 -0.9239127 3.05204e-5 -0.3826034 -0.9813757 -0.1920985 3.05306e-5 -0.9999998 -6.64234e-4 3.05176e-5 -0.9078299 0.1914305 -0.3730941 -0.6589127 0.3758586 -0.651586 -0.006847971 0.5464337 -0.8374744 -0.3267124 0.546474 -0.7711194 0.3141062 0.5466326 -0.7762281 0.587198 0.546651 -0.5969684 0.7711194 0.546474 -0.3267124 0.837348 0.5466701 3.05334e-5 0.6593798 0.6969889 -0.2818238 0.7170492 0.6970226 3.05283e-5 0.5011438 0.6970099 -0.5128664 0.2668948 0.6969056 -0.6656498 -0.008120266 0.6969996 -0.7170255 -0.2818238 0.6969889 -0.6593798 -0.5969684 0.546651 -0.587198 -0.8580894 0.375811 -0.3499266 -0.9816458 0.1907128 3.05238e-5 -0.9269023 0.3753026 3.05223e-5 -0.7762281 0.5466326 -0.3141062 -0.5128664 0.6970099 -0.5011438 -0.008456386 0.8215821 -0.5700275 -0.2259441 0.8217038 -0.5232133 0.2103253 0.8217588 -0.5295996 0.3971055 0.8215638 -0.4090723 0.5232133 0.8217038 -0.2259441 0.5700479 0.8216115 3.05296e-5 0.3674649 0.9160986 -0.1604149 0.4027141 0.9153258 3.05271e-5 0.2781003 0.9160949 -0.2888434 0.1463731 0.9160831 -0.3733185 -0.007584202 0.9160861 -0.4009098 -0.1604149 0.9160986 -0.3674649 -0.4090723 0.8215638 -0.3971055 -0.6656498 0.6969056 -0.2668948 -0.8377175 0.5461039 3.05291e-5 -0.7175304 0.6965271 3.0528e-5 -0.5295996 0.8217588 -0.2103253 -0.2888434 0.9160949 -0.2781003 -0.005751426 0.9765288 -0.2153102 -0.087687 0.9765254 -0.1967462 0.07706202 0.976526 -0.2011429 0.1481409 0.9765332 -0.1563235 0.1967462 0.9765254 -0.087687 0.2221383 0.9750151 3.05303e-5 3.05176e-5 1 3.05176e-5 -0.1563235 0.9765332 -0.1481409 -0.3733185 0.9160831 -0.1463731 -0.5694893 0.8219987 3.05258e-5 -0.3987172 0.917074 3.05203e-5 -0.2011429 0.976526 -0.07706202 -0.2068597 0.9783707 -3.12736e-5 -0.07706202 -0.976526 0.2011429 3.05176e-5 -1 3.05176e-5 0.005751426 -0.9765288 0.2153102 -0.1481409 -0.9765332 0.1563235 0.007584202 -0.9160861 0.4009098 -0.1463731 -0.9160831 0.3733185 0.087687 -0.9765254 0.1967462 0.1563235 -0.9765332 0.1481409 0.2011429 -0.976526 0.07706202 0.2068597 -0.9783707 -3.12438e-5 -0.2221383 -0.9750151 3.05303e-5 -0.1967462 -0.9765254 0.087687 0.1604149 -0.9160986 0.3674649 0.008456386 -0.8215821 0.5700275 0.2259441 -0.8217038 0.5232133 -0.2103253 -0.8217588 0.5295996 -0.2781003 -0.9160949 0.2888434 -0.3674649 -0.9160986 0.1604149 -0.4027141 -0.9153258 3.05271e-5 -0.5232133 -0.8217038 0.2259441 -0.3971055 -0.8215638 0.4090723 0.008120266 -0.6969996 0.7170255 -0.2668948 -0.6969056 0.6656498 0.2818238 -0.6969889 0.6593798 0.5128664 -0.6970099 0.5011438 0.4090723 -0.8215638 0.3971055 0.2888434 -0.9160949 0.2781003 0.3733185 -0.9160831 0.1463731 0.3987172 -0.917074 3.05203e-5 0.5295996 -0.8217588 0.2103253 0.5694893 -0.8219987 3.05258e-5 0.6656498 -0.6969056 0.2668948 0.5969684 -0.546651 0.587198 0.7762281 -0.5466326 0.3141062 0.3267124 -0.546474 0.7711194 0.006847971 -0.5464337 0.8374744 -0.3141062 -0.5466326 0.7762281 -0.5011438 -0.6970099 0.5128664 -0.6593798 -0.6969889 0.2818238 -0.5700479 -0.8216115 3.05296e-5 -0.587198 -0.546651 0.5969684 0.004915359 -0.3758876 0.9266521 -0.3499266 -0.375811 0.8580894 0.3592256 -0.3758316 0.8542293 0.6589127 -0.3758586 0.651586 0.8580894 -0.375811 0.3499266 0.9269023 -0.3753026 3.05223e-5 0.8377175 -0.5461039 3.05291e-5 0.7175304 -0.6965271 3.0528e-5 0.9816458 -0.1907128 3.05238e-5 0.9078299 -0.1914305 0.3730941 0.6959772 -0.1914548 0.6920699 0.377954 -0.1914185 0.9058199 0.002557911 -0.191418 0.9815053 -0.3730941 -0.1914305 0.9078299 -0.651586 -0.3758586 0.6589127 -0.7711194 -0.546474 0.3267124 -0.7170492 -0.6970226 3.05283e-5 -0.8542293 -0.3758316 0.3592256 -0.837348 -0.5466701 3.05334e-5 -0.6920699 -0.1914548 0.6959772 3.05176e-5 3.05176e-5 1 -0.3826034 3.05204e-5 0.9239127 0.3826034 3.05204e-5 0.9239127 0.7071068 3.05208e-5 0.7071068 0.9239127 3.05204e-5 0.3826034 0.9999998 6.64234e-4 3.05176e-5 0.9058199 0.1914185 0.377954 0.9813757 0.1920985 3.05306e-5 0.6920699 0.1914548 0.6959772 0.3730941 0.1914305 0.9078299 -0.002557911 0.191418 0.9815053 -0.377954 0.1914185 0.9058199 -0.7071068 3.05208e-5 0.7071068 -0.9058199 -0.1914185 0.377954 -0.9264931 -0.3763115 3.05249e-5 -0.9239127 3.05204e-5 0.3826034 -0.9813757 -0.1920985 3.05306e-5 -0.6959772 0.1914548 0.6920699 -0.004915359 0.3758876 0.9266521 -0.3592256 0.3758316 0.8542293 0.3499266 0.375811 0.8580894 0.651586 0.3758586 0.6589127 0.8542293 0.3758316 0.3592256 0.9264931 0.3763115 3.05249e-5 0.7711194 0.546474 0.3267124 0.837348 0.5466701 3.05334e-5 0.587198 0.546651 0.5969684 0.3141062 0.5466326 0.7762281 -0.006847971 0.5464337 0.8374744 -0.3267124 0.546474 0.7711194 -0.6589127 0.3758586 0.651586 -0.9078299 0.1914305 0.3730941 -0.9999998 -6.64234e-4 3.05176e-5 -0.8580894 0.375811 0.3499266 -0.9816458 0.1907128 3.05238e-5 -0.5969684 0.546651 0.587198 -0.008120266 0.6969996 0.7170255 -0.2818238 0.6969889 0.6593798 0.2668948 0.6969056 0.6656498 0.5011438 0.6970099 0.5128664 0.6593798 0.6969889 0.2818238 0.7170492 0.6970226 3.05283e-5 0.5232133 0.8217038 0.2259441 0.5700479 0.8216115 3.05296e-5 0.3971055 0.8215638 0.4090723 0.2103253 0.8217588 0.5295996 -0.008456386 0.8215821 0.5700275 -0.2259441 0.8217038 0.5232133 -0.5128664 0.6970099 0.5011438 -0.7762281 0.5466326 0.3141062 -0.9269023 0.3753026 3.05223e-5 -0.6656498 0.6969056 0.2668948 -0.8377175 0.5461039 3.05291e-5 -0.4090723 0.8215638 0.3971055 -0.007584202 0.9160861 0.4009098 -0.1604149 0.9160986 0.3674649 0.1463731 0.9160831 0.3733185 0.2781003 0.9160949 0.2888434 0.3674649 0.9160986 0.1604149 0.4027141 0.9153258 3.05271e-5 0.1967462 0.9765254 0.087687 0.2221383 0.9750151 3.05303e-5 0.1481409 0.9765332 0.1563235 0.07706202 0.976526 0.2011429 -0.005751426 0.9765288 0.2153102 -0.087687 0.9765254 0.1967462 -0.2888434 0.9160949 0.2781003 -0.5295996 0.8217588 0.2103253 -0.7175304 0.6965271 3.0528e-5 -0.3733185 0.9160831 0.1463731 -0.5694893 0.8219987 3.05258e-5 -0.1563235 0.9765332 0.1481409 3.05176e-5 1 3.05176e-5 -0.2011429 0.976526 0.07706202 -0.2068597 0.9783707 -3.12736e-5 -0.3987172 0.917074 3.05203e-5</float_array>
          <technique_common>
            <accessor source="#geom-GamemodelShape-normals-array" count="764" stride="3">
              <param name="X" type="float"/>
              <param name="Y" type="float"/>
              <param name="Z" type="float"/>
            </accessor>
          </technique_common>
        </source>
        <source id="geom-GamemodelShape-map-2">
          <float_array id="geom-GamemodelShape-map-2-array" count="2292">1 1 1 1 1 1 1 1 1 1 1 1 1 1 1 1 1 1 1 1 1 1 1 1 1 1 1 1 1 1 1 1 1 1 1 1 1 1 1 1 1 1 1 1 1 1 1 1 1 1 1 1 1 1 1 1 1 1 1 1 1 1 1 1 1 1 1 1 1 1 1 1 1 1 1 1 1 1 1 1 1 1 1 1 1 1 1 1 1 1 1 1 1 1 1 1 1 1 1 1 1 1 1 1 1 1 1 1 1 1 1 1 1 1 1 1 1 1 1 1 1 1 1 1 1 1 1 1 1 1 1 1 1 1 1 1 1 1 1 1 1 1 1 1 1 1 1 1 1 1 1 1 1 1 1 1 1 1 1 1 1 1 1 1 1 1 1 1 1 1 1 1 1 1 1 1 1 1 1 1 1 1 1 1 1 1 1 1 1 1 1 1 1 1 1 1 1 1 1 1 1 1 1 1 1 1 1 1 1 1 1 1 1 1 1 1 1 1 1 1 1 1 1 1 1 1 1 1 1 1 1 1 1 1 1 1 1 1 1 1 1 1 1 1 1 1 1 1 1 1 1 1 1 1 1 1 1 1 1 1 1 1 1 1 1 1 1 1 1 1 1 1 1 1 1 1 1 1 1 1 1 1 1 1 1 1 1 1 1 1 1 1 1 1 1 1 1 1 1 1 1 1 1 1 1 1 1 1 1 1 1 1 1 1 1 1 1 1 1 1 1 1 1 1 1 1 1 1 1 1 1 1 1 1 1 1 1 1 1 1 1 1 1 1 1 1 1 1 1 1 1 1 1 1 1 1 1 1 1 1 1 1 1 1 1 1 1 1 1 1 1 1 1 1 1 1 1 1 1 1 1 1 1 1 1 1 1 1 1 1 1 1 1 1 1 1 1 1 1 1 1 1 1 1 1 1 1 1 1 1 1 1 1 1 1 1 1 1 1 1 1 1 1 1 1 1 1 1 1 1 1 1 1 1 1 1 1 1 1 1 1 1 1 1 1 1 1 1 1 1 1 1 1 1 1 1 1 1 1 1 1 1 1 1 1 1 1 1 1 1 1 1 1 1 1 1 1 1 1 1 1 1 1 1 1 1 1 1 1 1 1 1 1 1 1 1 1 1 1 1 1 1 1 1 1 1 1 1 1 1 1 1 1 1 1 1 1 1 1 1 1 1 1 1 1 1 1 1 1 1 1 1 1 1 1 1 1 1 1 1 1 1 1 1 1 1 1 1 1 1 1 1 1 1 1 1 1 1 1 1 1 1 1 1 1 1 1 1 1 1 1 1 1 1 1 1 1 1 1 1 1 1 1 1 1 1 1 1 1 1 1 1 1 1 1 1 1 1 1 1 1 1 1 1 1 1 1 1 1 1 1 1 1 1 1 1 1 1 1 1 1 1 1 1 1 1 1 1 1 1 1 1 1 1 1 1 1 1 1 1 1 1 1 1 1 1 1 1 1 1 1 1 1 1 1 1 1 1 1 1 1 1 1 1 1 1 1 1 1 1 1 1 1 1 1 1 1 1 1 1 1 1 1 1 1 1 1 1 1 1 1 1 1 1 1 1 1 1 1 1 1 1 1 1 1 1 1 1 1 1 1 1 1 1 1 1 1 1 1 1 1 1 1 1 1 1 1 1 1 1 1 1 1 1 1 1 1 1 1 1 1 1 1 1 1 1 1 1 1 1 1 1 1 1 1 1 1 1 1 1 1 1 1 1 1 1 1 1 1 1 1 1 1 1 1 1 1 1 1 1 1 1 1 1 1 1 1 1 1 1 1 1 1 1 1 1 1 1 1 1 1 1 1 1 1 1 1 1 1 1 1 1 1 1 1 1 1 1 1 1 1 1 1 1 1 1 1 1 1 1 1 1 1 1 1 1 1 1 1 1 1 1 1 1 1 1 1 1 1 1 1 1 1 1 1 1 1 1 1 1 1 1 1 1 1 1 1 1 1 1 1 1 1 1 1 1 1 1 1 1 1 1 1 1 1 1 1 1 1 1 1 1 1 1 1 1 1 1 1 1 1 1 1 1 1 1 1 1 1 1 1 1 1 1 1 1 1 1 1 1 1 1 1 1 1 1 1 1 1 1 1 1 1 1 1 1 1 1 1 1 1 1 1 1 1 1 1 1 1 1 1 1 1 1 1 1 1 1 1 1 1 1 1 1 1 1 1 1 1 1 1 1 1 1 1 1 1 1 1 1 1 1 1 1 1 1 1 1 1 1 1 1 1 1 1 1 1 1 1 1 1 1 1 1 1 1 1 1 1 1 1 1 1 1 1 1 1 1 1 1 1 1 1 1 1 1 1 1 1 1 1 1 1 1 1 1 1 1 1 1 1 1 1 1 1 1 1 1 1 1 1 1 1 1 1 1 1 1 1 1 1 1 1 1 1 1 1 1 1 1 1 1 1 1 1 1 1 1 1 1 1 1 1 1 1 1 1 1 1 1 1 1 1 1 1 1 1 1 1 1 1 1 1 1 1 1 1 1 1 1 1 1 1 1 1 1 1 1 1 1 1 1 1 1 1 1 1 1 1 1 1 1 1 1 1 1 1 1 1 1 1 1 1 1 1 1 1 1 1 1 1 1 1 1 1 1 1 1 1 1 1 1 1 1 1 1 1 1 1 1 1 1 1 1 1 1 1 1 1 1 1 1 1 1 1 1 1 1 1 1 1 1 1 1 1 1 1 1 1 1 1 1 1 1 1 1 1 1 1 1 1 1 1 1 1 1 1 1 1 1 1 1 1 1 1 1 1 1 1 1 1 1 1 1 1 1 1 1 1 1 1 1 1 1 1 1 1 1 1 1 1 1 1 1 1 1 1 1 1 1 1 1 1 1 1 1 1 1 1 1 1 1 1 1 1 1 1 1 1 1 1 1 1 1 1 1 1 1 1 1 1 1 1 1 1 1 1 1 1 1 1 1 1 1 1 1 1 1 1 1 1 1 1 1 1 1 1 1 1 1 1 1 1 1 1 1 1 1 1 1 1 1 1 1 1 1 1 1 1 1 1 1 1 1 1 1 1 1 1 1 1 1 1 1 1 1 1 1 1 1 1 1 1 1 1 1 1 1 1 1 1 1 1 1 1 1 1 1 1 1 1 1 1 1 1 1 1 1 1 1 1 1 1 1 1 1 1 1 1 1 1 1 1 1 1 1 1 1 1 1 1 1 1 1 1 1 1 1 1 1 1 1 1 1 1 1 1 1 1 1 1 1 1 1 1 1 1 1 1 1 1 1 1 1 1 1 1 1 1 1 1 1 1 1 1 1 1 1 1 1 1 1 1 1 1 1 1 1 1 1 1 1 1 1 1 1 1 1 1 1 1 1 1 1 1 1 1 1 1 1 1 1 1 1 1 1 1 1 1 1 1 1 1 1 1 1 1 1 1 1 1 1 1 1 1 1 1 1 1 1 1 1 1 1 1 1 1 1 1 1 1 1 1 1 1 1 1 1 1 1 1 1 1 1 1 1 1 1 1 1 1 1 1 1 1 1 1 1 1 1 1 1 1 1 1 1 1 1 1 1 1 1 1 1 1 1 1 1 1 1 1 1 1 1 1 1 1 1 1 1 1 1 1 1 1 1 1 1 1 1 1 1 1 1 1 1 1 1 1 1 1 1 1 1 1 1 1 1 1 1 1 1 1 1 1 1 1 1 1 1 1 1 1 1 1 1 1 1 1 1 1 1 1 1 1 1 1 1 1 1 1 1 1 1 1 1 1 1 1 1 1 1 1 1 1 1 1 1 1 1 1 1 1 1 1 1 1 1 1 1 1 1 1 1 1 1 1 1 1 1 1 1 1 1 1 1 1 1 1 1 1 1 1 1 1 1 1 1 1 1 1 1 1 1 1 1 1 1 1 1 1 1 1 1 1 1 1 1 1 1 1 1 1 1 1 1 1 1 1 1 1 1 1 1 1 1 1 1 1 1 1 1 1 1 1 1 1 1 1 1 1 1 1 1 1 1 1 1 1 1 1 1 1 1 1 1 1 1 1 1 1 1 1 1 1 1 1 1 1 1 1 1 1 1 1 1 1 1 1 1 1 1 1 1 1 1 1 1 1 1 1 1 1 1 1 1 1 1 1 1 1 1 1 1 1 1 1 1 1 1 1 1 1 1 1 1 1 1 1 1 1 1 1 1 1 1 1 1 1 1 1 1 1 1 1 1 1 1 1 1 1 1 1 1 1 1 1 1 1 1 1 1 1 1 1 1 1 1 1 1 1 1 1 1 1 1 1 1 1 1 1 1 1 1 1 1 1 1 1 1 1 1 1 1 1 1 1 1 1 1 1 1 1 1 1 1 1 1 1 1 1 1 1 1 1 1 1 1 1 1 1 1 1 1 1 1 1 1 1 1 1 1 1 1 1 1 1 1 1 1 1 1 1 1 1 1 1 1 1 1 1 1 1 1 1 1 1 1 1 1 1 1 1 1 1 1 1 1 1 1 1 1 1 1 1 1 1 1 1 1 1 1 1 1 1 1 1 1 1 1 1 1 1 1 1 1 1 1 1 1 1 1 1 1 1 1 1 1 1 1 1 1 1 1 1 1 1 1 1 1 1 1 1 1 1 1 1 1 1 1 1 1 1 1 1 1 1 1 1 1 1 1 1 1 1 1 1 1 1 1 1 1 1 1 1 1 1 1 1 1 1 1 1 1 1 1 1 1 1 1 1 1 1 1 1 1 1 1 1 1 1 1 1 1 1 1 1 1 1 1 1 1 1 1 1 1 1 1 1 1 1 1 1 1 1 1 1 1 1 1 1 1 1 1 1 1 1 1 1 1 1 1 1 1 1 1 1 1 1 1 1 1 1 1 1 1 1 1 1 1 1 1 1 1 1 1 1 1 1 1 1 1 1 1 1 1 1 1 1 1 1 1 1 1 1 1 1 1 1 1 1 1 1 1 1 1 1 1 1 1 1 1 1 1 1 1 1 1 1 1 1 1 1 1 1 1 1 1 1 1 1 1 1 1 1 1 1 1 1 1 1 1 1 1 1 1 1 1 1 1 1 1 1 1 1 1 1 1 1 1 1 1 1 1 1 1 1 1 1 1 1 1 1 1 1 1 1 1 1 1 1 1 1 1 1 1 1 1 1 1 1 1 1 1 1 1 1 1 1 1 1 1 1 1 1 1 1 1 1 1 1 1</float_array>
          <technique_common>
            <accessor source="#geom-GamemodelShape-map-2-array" count="764" stride="3">
              <param name="R" type="float"/>
              <param name="G" type="float"/>
              <param name="B" type="float"/>
            </accessor>
          </technique_common>
        </source>
        <source id="geom-GamemodelShape-map0">
          <float_array id="geom-GamemodelShape-map0-array" count="2292">0.5019608 0.5019608 0.5019608 0.5019608 0.5019608 0.5019608 0.5019608 0.5019608 0.5019608 0.5019608 0.5019608 0.5019608 0.5019608 0.5019608 0.5019608 0.5019608 0.5019608 0.5019608 0.5019608 0.5019608 0.5019608 0.5019608 0.5019608 0.5019608 0.5019608 0.5019608 0.5019608 0.5019608 0.5019608 0.5019608 0.5019608 0.5019608 0.5019608 0.5019608 0.5019608 0.5019608 0.5019608 0.5019608 0.5019608 0.5019608 0.5019608 0.5019608 0.5019608 0.5019608 0.5019608 0.5019608 0.5019608 0.5019608 0.5019608 0.5019608 0.5019608 0.5019608 0.5019608 0.5019608 0.5019608 0.5019608 0.5019608 0.5019608 0.5019608 0.5019608 0.5019608 0.5019608 0.5019608 0.5019608 0.5019608 0.5019608 0.5019608 0.5019608 0.5019608 0.5019608 0.5019608 0.5019608 0.5019608 0.5019608 0.5019608 0.5019608 0.5019608 0.5019608 0.5019608 0.5019608 0.5019608 0.5019608 0.5019608 0.5019608 0.5019608 0.5019608 0.5019608 0.5019608 0.5019608 0.5019608 0.5019608 0.5019608 0.5019608 0.5019608 0.5019608 0.5019608 0.5019608 0.5019608 0.5019608 0.5019608 0.5019608 0.5019608 0.5019608 0.5019608 0.5019608 0.5019608 0.5019608 0.5019608 0.5019608 0.5019608 0.5019608 0.5019608 0.5019608 0.5019608 0.5019608 0.5019608 0.5019608 0.5019608 0.5019608 0.5019608 0.5019608 0.5019608 0.5019608 0.5019608 0.5019608 0.5019608 0.5019608 0.5019608 0.5019608 0.5019608 0.5019608 0.5019608 0.5019608 0.5019608 0.5019608 0.5019608 0.5019608 0.5019608 0.5019608 0.5019608 0.5019608 0.5019608 0.5019608 0.5019608 0.5019608 0.5019608 0.5019608 0.5019608 0.5019608 0.5019608 0.5019608 0.5019608 0.5019608 0.5019608 0.5019608 0.5019608 0.5019608 0.5019608 0.5019608 0.5019608 0.5019608 0.5019608 0.5019608 0.5019608 0.5019608 0.5019608 0.5019608 0.5019608 0.5019608 0.5019608 0.5019608 0.5019608 0.5019608 0.5019608 0.5019608 0.5019608 0.5019608 0.5019608 0.5019608 0.5019608 0.5019608 0.5019608 0.5019608 0.5019608 0.5019608 0.5019608 0.5019608 0.5019608 0.5019608 0.5019608 0.5019608 0.5019608 0.5019608 0.5019608 0.5019608 0.5019608 0.5019608 0.5019608 0.5019608 0.5019608 0.5019608 0.5019608 0.5019608 0.5019608 0.5019608 0.5019608 0.5019608 0.5019608 0.5019608 0.5019608 0.5019608 0.5019608 0.5019608 0.5019608 0.5019608 0.5019608 0.5019608 0.5019608 0.5019608 0.5019608 0.5019608 0.5019608 0.5019608 0.5019608 0.5019608 0.5019608 0.5019608 0.5019608 0.5019608 0.5019608 0.5019608 0.5019608 0.5019608 0.5019608 0.5019608 0.5019608 0.5019608 0.5019608 0.5019608 0.5019608 0.5019608 0.5019608 0.5019608 0.5019608 0.5019608 0.5019608 0.5019608 0.5019608 0.5019608 0.5019608 0.5019608 0.5019608 0.5019608 0.5019608 0.5019608 0.5019608 0.5019608 0.5019608 0.5019608 0.5019608 0.5019608 0.5019608 0.5019608 0.5019608 0.5019608 0.5019608 0.5019608 0.5019608 0.5019608 0.5019608 0.5019608 0.5019608 0.5019608 0.5019608 0.5019608 0.5019608 0.5019608 0.5019608 0.5019608 0.5019608 0.5019608 0.5019608 0.5019608 0.5019608 0.5019608 0.5019608 0.5019608 0.5019608 0.5019608 0.5019608 0.5019608 0.5019608 0.5019608 0.5019608 0.5019608 0.5019608 0.5019608 0.5019608 0.5019608 0.5019608 0.5019608 0.5019608 0.5019608 0.5019608 0.5019608 0.5019608 0.5019608 0.5019608 0.5019608 0.5019608 0.5019608 0.5019608 0.5019608 0.5019608 0.5019608 0.5019608 0.5019608 0.5019608 0.5019608 0.5019608 0.5019608 0.5019608 0.5019608 0.5019608 0.5019608 0.5019608 0.5019608 0.5019608 0.5019608 0.5019608 0.5019608 0.5019608 0.5019608 0.5019608 0.5019608 0.5019608 0.5019608 0.5019608 0.5019608 0.5019608 0.5019608 0.5019608 0.5019608 0.5019608 0.5019608 0.5019608 0.5019608 0.5019608 0.5019608 0.5019608 0.5019608 0.5019608 0.5019608 0.5019608 0.5019608 0.5019608 0.5019608 0.5019608 0.5019608 0.5019608 0.5019608 0.5019608 0.5019608 0.5019608 0.5019608 0.5019608 0.5019608 0.5019608 0.5019608 0.5019608 0.5019608 0.5019608 0.5019608 0.5019608 0.5019608 0.5019608 0.5019608 0.5019608 0.5019608 0.5019608 0.5019608 0.5019608 0.5019608 0.5019608 0.5019608 0.5019608 0.5019608 0.5019608 0.5019608 0.5019608 0.5019608 0.5019608 0.5019608 0.5019608 0.5019608 0.5019608 0.5019608 0.5019608 0.5019608 0.5019608 0.5019608 0.5019608 0.5019608 0.5019608 0.5019608 0.5019608 0.5019608 0.5019608 0.5019608 0.5019608 0.5019608 0.5019608 0.5019608 0.5019608 0.5019608 0.5019608 0.5019608 0.5019608 0.5019608 0.5019608 0.5019608 0.5019608 0.5019608 0.5019608 0.5019608 0.5019608 0.5019608 0.5019608 0.5019608 0.5019608 0.5019608 0.5019608 0.5019608 0.5019608 0.5019608 0.5019608 0.5019608 0.5019608 0.5019608 0.5019608 0.5019608 0.5019608 0.5019608 0.5019608 0.5019608 0.5019608 0.5019608 0.5019608 0.5019608 0.5019608 0.5019608 0.5019608 0.5019608 0.5019608 0.5019608 0.5019608 0.5019608 0.5019608 0.5019608 0.5019608 0.5019608 0.5019608 0.5019608 0.5019608 0.5019608 0.5019608 0.5019608 0.5019608 0.5019608 0.5019608 0.5019608 0.5019608 0.5019608 0.5019608 0.5019608 0.5019608 0.5019608 0.5019608 0.5019608 0.5019608 0.5019608 0.5019608 0.5019608 0.5019608 0.5019608 0.5019608 0.5019608 0.5019608 0.5019608 0.5019608 0.5019608 0.5019608 0.5019608 0.5019608 0.5019608 0.5019608 0.5019608 0.5019608 0.5019608 0.5019608 0.5019608 0.5019608 0.5019608 0.5019608 0.5019608 0.5019608 0.5019608 0.5019608 0.5019608 0.5019608 0.5019608 0.5019608 0.5019608 0.5019608 0.5019608 0.5019608 0.5019608 0.5019608 0.5019608 0.5019608 0.5019608 0.5019608 0.5019608 0.5019608 0.5019608 0.5019608 0.5019608 0.5019608 0.5019608 0.5019608 0.5019608 0.5019608 0.5019608 0.5019608 0.5019608 0.5019608 0.5019608 0.5019608 0.5019608 0.5019608 0.5019608 0.5019608 0.5019608 0.5019608 0.5019608 0.5019608 0.5019608 0.5019608 0.5019608 0.5019608 0.5019608 0.5019608 0.5019608 0.5019608 0.5019608 0.5019608 0.5019608 0.5019608 0.5019608 0.5019608 0.5019608 0.5019608 0.5019608 0.5019608 0.5019608 0.5019608 0.5019608 0.5019608 0.5019608 0.5019608 0.5019608 0.5019608 0.5019608 0.5019608 0.5019608 0.5019608 0.5019608 0.5019608 0.5019608 0.5019608 0.5019608 0.5019608 0.5019608 0.5019608 0.5019608 0.5019608 0.5019608 0.5019608 0.5019608 0.5019608 0.5019608 0.5019608 0.5019608 0.5019608 0.5019608 0.5019608 0.5019608 0.5019608 0.5019608 0.5019608 0.5019608 0.5019608 0.5019608 0.5019608 0.5019608 0.5019608 0.5019608 0.5019608 0.5019608 0.5019608 0.5019608 0.5019608 0.5019608 0.5019608 0.5019608 0.5019608 0.5019608 0.5019608 0.5019608 0.5019608 0.5019608 0.5019608 0.5019608 0.5019608 0.5019608 0.5019608 0.5019608 0.5019608 0.5019608 0.5019608 0.5019608 0.5019608 0.5019608 0.5019608 0.5019608 0.5019608 0.5019608 0.5019608 0.5019608 0.5019608 0.5019608 0.5019608 0.5019608 0.5019608 0.5019608 0.5019608 0.5019608 0.5019608 0.5019608 0.5019608 0.5019608 0.5019608 0.5019608 0.5019608 0.5019608 0.5019608 0.5019608 0.5019608 0.5019608 0.5019608 0.5019608 0.5019608 0.5019608 0.5019608 0.5019608 0.5019608 0.5019608 0.5019608 0.5019608 0.5019608 0.5019608 0.5019608 0.5019608 0.5019608 0.5019608 0.5019608 0.5019608 0.5019608 0.5019608 0.5019608 0.5019608 0.5019608 0.5019608 0.5019608 0.5019608 0.5019608 0.5019608 0.5019608 0.5019608 0.5019608 0.5019608 0.5019608 0.5019608 0.5019608 0.5019608 0.5019608 0.5019608 0.5019608 0.5019608 0.5019608 0.5019608 0.5019608 0.5019608 0.5019608 0.5019608 0.5019608 0.5019608 0.5019608 0.5019608 0.5019608 0.5019608 0.5019608 0.5019608 0.5019608 0.5019608 0.5019608 0.5019608 0.5019608 0.5019608 0.5019608 0.5019608 0.5019608 0.5019608 0.5019608 0.5019608 0.5019608 0.5019608 0.5019608 0.5019608 0.5019608 0.5019608 0.5019608 0.5019608 0.5019608 0.5019608 0.5019608 0.5019608 0.5019608 0.5019608 0.5019608 0.5019608 0.5019608 0.5019608 0.5019608 0.5019608 0.5019608 0.5019608 0.5019608 0.5019608 0.5019608 0.5019608 0.5019608 0.5019608 0.5019608 0.5019608 0.5019608 0.5019608 0.5019608 0.5019608 0.5019608 0.5019608 0.5019608 0.5019608 0.5019608 0.5019608 0.5019608 0.5019608 0.5019608 0.5019608 0.5019608 0.5019608 0.5019608 0.5019608 0.5019608 0.5019608 0.5019608 0.5019608 0.5019608 0.5019608 0.5019608 0.5019608 0.5019608 0.5019608 0.5019608 0.5019608 0.5019608 0.5019608 0.5019608 0.5019608 0.5019608 0.5019608 0.5019608 0.5019608 0.5019608 0.5019608 0.5019608 0.5019608 0.5019608 0.5019608 0.5019608 0.5019608 0.5019608 0.5019608 0.5019608 0.5019608 0.5019608 0.5019608 0.5019608 0.5019608 0.5019608 0.5019608 0.5019608 0.5019608 0.5019608 0.5019608 0.5019608 0.5019608 0.5019608 0.5019608 0.5019608 0.5019608 0.5019608 0.5019608 0.5019608 0.5019608 0.5019608 0.5019608 0.5019608 0.5019608 0.5019608 0.5019608 0.5019608 0.5019608 0.5019608 0.5019608 0.5019608 0.5019608 0.5019608 0.5019608 0.5019608 0.5019608 0.5019608 0.5019608 0.5019608 0.5019608 0.5019608 0.5019608 0.5019608 0.5019608 0.5019608 0.5019608 0.5019608 0.5019608 0.5019608 0.5019608 0.5019608 0.5019608 0.5019608 0.5019608 0.5019608 0.5019608 0.5019608 0.5019608 0.5019608 0.5019608 0.5019608 0.5019608 0.5019608 0.5019608 0.5019608 0.5019608 0.5019608 0.5019608 0.5019608 0.5019608 0.5019608 0.5019608 0.5019608 0.5019608 0.5019608 0.5019608 0.5019608 0.5019608 0.5019608 0.5019608 0.5019608 0.5019608 0.5019608 0.5019608 0.5019608 0.5019608 0.5019608 0.5019608 0.5019608 0.5019608 0.5019608 0.5019608 0.5019608 0.5019608 0.5019608 0.5019608 0.5019608 0.5019608 0.5019608 0.5019608 0.5019608 0.5019608 0.5019608 0.5019608 0.5019608 0.5019608 0.5019608 0.5019608 0.5019608 0.5019608 0.5019608 0.5019608 0.5019608 0.5019608 0.5019608 0.5019608 0.5019608 0.5019608 0.5019608 0.5019608 0.5019608 0.5019608 0.5019608 0.5019608 0.5019608 0.5019608 0.5019608 0.5019608 0.5019608 0.5019608 0.5019608 0.5019608 0.5019608 0.5019608 0.5019608 0.5019608 0.5019608 0.5019608 0.5019608 0.5019608 0.5019608 0.5019608 0.5019608 0.5019608 0.5019608 0.5019608 0.5019608 0.5019608 0.5019608 0.5019608 0.5019608 0.5019608 0.5019608 0.5019608 0.5019608 0.5019608 0.5019608 0.5019608 0.5019608 0.5019608 0.5019608 0.5019608 0.5019608 0.5019608 0.5019608 0.5019608 0.5019608 0.5019608 0.5019608 0.5019608 0.5019608 0.5019608 0.5019608 0.5019608 0.5019608 0.5019608 0.5019608 0.5019608 0.5019608 0.5019608 0.5019608 0.5019608 0.5019608 0.5019608 0.5019608 0.5019608 0.5019608 0.5019608 0.5019608 0.5019608 0.5019608 0.5019608 0.5019608 0.5019608 0.5019608 0.5019608 0.5019608 0.5019608 0.5019608 0.5019608 0.5019608 0.5019608 0.5019608 0.5019608 0.5019608 0.5019608 0.5019608 0.5019608 0.5019608 0.5019608 0.5019608 0.5019608 0.5019608 0.5019608 0.5019608 0.5019608 0.5019608 0.5019608 0.5019608 0.5019608 0.5019608 0.5019608 0.5019608 0.5019608 0.5019608 0.5019608 0.5019608 0.5019608 0.5019608 0.5019608 0.5019608 0.5019608 0.5019608 0.5019608 0.5019608 0.5019608 0.5019608 0.5019608 0.5019608 0.5019608 0.5019608 0.5019608 0.5019608 0.5019608 0.5019608 0.5019608 0.5019608 0.5019608 0.5019608 0.5019608 0.5019608 0.5019608 0.5019608 0.5019608 0.5019608 0.5019608 0.5019608 0.5019608 0.5019608 0.5019608 0.5019608 0.5019608 0.5019608 0.5019608 0.5019608 0.5019608 0.5019608 0.5019608 0.5019608 0.5019608 0.5019608 0.5019608 0.5019608 0.5019608 0.5019608 0.5019608 0.5019608 0.5019608 0.5019608 0.5019608 0.5019608 0.5019608 0.5019608 0.5019608 0.5019608 0.5019608 0.5019608 0.5019608 0.5019608 0.5019608 0.5019608 0.5019608 0.5019608 0.5019608 0.5019608 0.5019608 0.5019608 0.5019608 0.5019608 0.5019608 0.5019608 0.5019608 0.5019608 0.5019608 0.5019608 0.5019608 0.5019608 0.5019608 0.5019608 0.5019608 0.5019608 0.5019608 0.5019608 0.5019608 0.5019608 0.5019608 0.5019608 0.5019608 0.5019608 0.5019608 0.5019608 0.5019608 0.5019608 0.5019608 0.5019608 0.5019608 0.5019608 0.5019608 0.5019608 0.5019608 0.5019608 0.5019608 0.5019608 0.5019608 0.5019608 0.5019608 0.5019608 0.5019608 0.5019608 0.5019608 0.5019608 0.5019608 0.5019608 0.5019608 0.5019608 0.5019608 0.5019608 0.5019608 0.5019608 0.5019608 0.5019608 0.5019608 0.5019608 0.5019608 0.5019608 0.5019608 0.5019608 0.5019608 0.5019608 0.5019608 0.5019608 0.5019608 0.5019608 0.5019608 0.5019608 0.5019608 0.5019608 0.5019608 0.5019608 0.5019608 0.5019608 0.5019608 0.5019608 0.5019608 0.5019608 0.5019608 0.5019608 0.5019608 0.5019608 0.5019608 0.5019608 0.5019608 0.5019608 0.5019608 0.5019608 0.5019608 0.5019608 0.5019608 0.5019608 0.5019608 0.5019608 0.5019608 0.5019608 0.5019608 0.5019608 0.5019608 0.5019608 0.5019608 0.5019608 0.5019608 0.5019608 0.5019608 0.5019608 0.5019608 0.5019608 0.5019608 0.5019608 0.5019608 0.5019608 0.5019608 0.5019608 0.5019608 0.5019608 0.5019608 0.5019608 0.5019608 0.5019608 0.5019608 0.5019608 0.5019608 0.5019608 0.5019608 0.5019608 0.5019608 0.5019608 0.5019608 0.5019608 0.5019608 0.5019608 0.5019608 0.5019608 0.5019608 0.5019608 0.5019608 0.5019608 0.5019608 0.5019608 0.5019608 0.5019608 0.5019608 0.5019608 0.5019608 0.5019608 0.5019608 0.5019608 0.5019608 0.5019608 0.5019608 0.5019608 0.5019608 0.5019608 0.5019608 0.5019608 0.5019608 0.5019608 0.5019608 0.5019608 0.5019608 0.5019608 0.5019608 0.5019608 0.5019608 0.5019608 0.5019608 0.5019608 0.5019608 0.5019608 0.5019608 0.5019608 0.5019608 0.5019608 0.5019608 0.5019608 0.5019608 0.5019608 0.5019608 0.5019608 0.5019608 0.5019608 0.5019608 0.5019608 0.5019608 0.5019608 0.5019608 0.5019608 0.5019608 0.5019608 0.5019608 0.5019608 0.5019608 0.5019608 0.5019608 0.5019608 0.5019608 0.5019608 0.5019608 0.5019608 0.5019608 0.5019608 0.5019608 0.5019608 0.5019608 0.5019608 0.5019608 0.5019608 0.5019608 0.5019608 0.5019608 0.5019608 0.5019608 0.5019608 0.5019608 0.5019608 0.5019608 0.5019608 0.5019608 0.5019608 0.5019608 0.5019608 0.5019608 0.5019608 0.5019608 0.5019608 0.5019608 0.5019608 0.5019608 0.5019608 0.5019608 0.5019608 0.5019608 0.5019608 0.5019608 0.5019608 0.5019608 0.5019608 0.5019608 0.5019608 0.5019608 0.5019608 0.5019608 0.5019608 0.5019608 0.5019608 0.5019608 0.5019608 0.5019608 0.5019608 0.5019608 0.5019608 0.5019608 0.5019608 0.5019608 0.5019608 0.5019608 0.5019608 0.5019608 0.5019608 0.5019608 0.5019608 0.5019608 0.5019608 0.5019608 0.5019608 0.5019608 0.5019608 0.5019608 0.5019608 0.5019608 0.5019608 0.5019608 0.5019608 0.5019608 0.5019608 0.5019608 0.5019608 0.5019608 0.5019608 0.5019608 0.5019608 0.5019608 0.5019608 0.5019608 0.5019608 0.5019608 0.5019608 0.5019608 0.5019608 0.5019608 0.5019608 0.5019608 0.5019608 0.5019608 0.5019608 0.5019608 0.5019608 0.5019608 0.5019608 0.5019608 0.5019608 0.5019608 0.5019608 0.5019608 0.5019608 0.5019608 0.5019608 0.5019608 0.5019608 0.5019608 0.5019608 0.5019608 0.5019608 0.5019608 0.5019608 0.5019608 0.5019608 0.5019608 0.5019608 0.5019608 0.5019608 0.5019608 0.5019608 0.5019608 0.5019608 0.5019608 0.5019608 0.5019608 0.5019608 0.5019608 0.5019608 0.5019608 0.5019608 0.5019608 0.5019608 0.5019608 0.5019608 0.5019608 0.5019608 0.5019608 0.5019608 0.5019608 0.5019608 0.5019608 0.5019608 0.5019608 0.5019608 0.5019608 0.5019608 0.5019608 0.5019608 0.5019608 0.5019608 0.5019608 0.5019608 0.5019608 0.5019608 0.5019608 0.5019608 0.5019608 0.5019608 0.5019608 0.5019608 0.5019608 0.5019608 0.5019608 0.5019608 0.5019608 0.5019608 0.5019608 0.5019608 0.5019608 0.5019608 0.5019608 0.5019608 0.5019608 0.5019608 0.5019608 0.5019608 0.5019608 0.5019608 0.5019608 0.5019608 0.5019608 0.5019608 0.5019608 0.5019608 0.5019608 0.5019608 0.5019608 0.5019608 0.5019608 0.5019608 0.5019608 0.5019608 0.5019608 0.5019608 0.5019608 0.5019608 0.5019608 0.5019608 0.5019608 0.5019608 0.5019608 0.5019608 0.5019608 0.5019608 0.5019608 0.5019608 0.5019608 0.5019608 0.5019608 0.5019608 0.5019608 0.5019608 0.5019608 0.5019608 0.5019608 0.5019608 0.5019608 0.5019608 0.5019608 0.5019608 0.5019608 0.5019608 0.5019608 0.5019608 0.5019608 0.5019608 0.5019608 0.5019608 0.5019608 0.5019608 0.5019608 0.5019608 0.5019608 0.5019608 0.5019608 0.5019608 0.5019608 0.5019608 0.5019608 0.5019608 0.5019608 0.5019608 0.5019608 0.5019608 0.5019608 0.5019608 0.5019608 0.5019608 0.5019608 0.5019608 0.5019608 0.5019608 0.5019608 0.5019608 0.5019608 0.5019608 0.5019608 0.5019608 0.5019608 0.5019608 0.5019608 0.5019608 0.5019608 0.5019608 0.5019608 0.5019608 0.5019608 0.5019608 0.5019608 0.5019608 0.5019608 0.5019608 0.5019608 0.5019608 0.5019608 0.5019608 0.5019608 0.5019608 0.5019608 0.5019608 0.5019608 0.5019608 0.5019608 0.5019608 0.5019608 0.5019608 0.5019608 0.5019608 0.5019608 0.5019608 0.5019608 0.5019608 0.5019608 0.5019608 0.5019608 0.5019608 0.5019608 0.5019608 0.5019608 0.5019608 0.5019608 0.5019608 0.5019608 0.5019608 0.5019608 0.5019608 0.5019608 0.5019608 0.5019608 0.5019608 0.5019608 0.5019608 0.5019608 0.5019608 0.5019608 0.5019608 0.5019608 0.5019608 0.5019608 0.5019608 0.5019608 0.5019608 0.5019608 0.5019608 0.5019608 0.5019608 0.5019608 0.5019608 0.5019608 0.5019608 0.5019608 0.5019608 0.5019608 0.5019608 0.5019608 0.5019608 0.5019608 0.5019608 0.5019608 0.5019608 0.5019608 0.5019608 0.5019608 0.5019608 0.5019608 0.5019608 0.5019608 0.5019608 0.5019608 0.5019608 0.5019608 0.5019608 0.5019608 0.5019608 0.5019608 0.5019608 0.5019608 0.5019608 0.5019608 0.5019608 0.5019608 0.5019608 0.5019608 0.5019608 0.5019608 0.5019608 0.5019608 0.5019608 0.5019608 0.5019608 0.5019608 0.5019608 0.5019608 0.5019608 0.5019608 0.5019608 0.5019608 0.5019608 0.5019608 0.5019608 0.5019608 0.5019608 0.5019608 0.5019608 0.5019608 0.5019608 0.5019608 0.5019608 0.5019608 0.5019608 0.5019608 0.5019608 0.5019608 0.5019608 0.5019608 0.5019608 0.5019608 0.5019608 0.5019608 0.5019608 0.5019608 0.5019608 0.5019608 0.5019608 0.5019608 0.5019608 0.5019608 0.5019608 0.5019608 0.5019608 0.5019608 0.5019608 0.5019608 0.5019608 0.5019608 0.5019608 0.5019608 0.5019608 0.5019608 0.5019608 0.5019608 0.5019608 0.5019608 0.5019608 0.5019608 0.5019608 0.5019608 0.5019608 0.5019608 0.5019608 0.5019608 0.5019608 0.5019608 0.5019608 0.5019608 0.5019608 0.5019608 0.5019608 0.5019608 0.5019608 0.5019608 0.5019608 0.5019608 0.5019608 0.5019608 0.5019608 0.5019608 0.5019608 0.5019608 0.5019608 0.5019608 0.5019608 0.5019608 0.5019608 0.5019608 0.5019608 0.5019608 0.5019608 0.5019608 0.5019608 0.5019608 0.5019608 0.5019608 0.5019608 0.5019608 0.5019608 0.5019608 0.5019608 0.5019608 0.5019608 0.5019608 0.5019608 0.5019608 0.5019608 0.5019608 0.5019608 0.5019608 0.5019608 0.5019608 0.5019608 0.5019608 0.5019608 0.5019608 0.5019608 0.5019608 0.5019608 0.5019608 0.5019608 0.5019608 0.5019608 0.5019608 0.5019608 0.5019608 0.5019608 0.5019608 0.5019608 0.5019608 0.5019608 0.5019608 0.5019608 0.5019608 0.5019608 0.5019608 0.5019608 0.5019608 0.5019608 0.5019608 0.5019608 0.5019608 0.5019608 0.5019608 0.5019608 0.5019608 0.5019608 0.5019608 0.5019608 0.5019608 0.5019608 0.5019608 0.5019608 0.5019608 0.5019608 0.5019608 0.5019608 0.5019608 0.5019608 0.5019608 0.5019608 0.5019608 0.5019608 0.5019608 0.5019608 0.5019608 0.5019608 0.5019608 0.5019608 0.5019608 0.5019608 0.5019608 0.5019608 0.5019608 0.5019608 0.5019608 0.5019608 0.5019608 0.5019608 0.5019608 0.5019608 0.5019608 0.5019608 0.5019608 0.5019608 0.5019608 0.5019608 0.5019608 0.5019608 0.5019608 0.5019608 0.5019608 0.5019608 0.5019608 0.5019608 0.5019608 0.5019608 0.5019608 0.5019608 0.5019608 0.5019608 0.5019608 0.5019608 0.5019608 0.5019608 0.5019608 0.5019608 0.5019608 0.5019608 0.5019608 0.5019608 0.5019608 0.5019608 0.5019608 0.5019608 0.5019608 0.5019608 0.5019608 0.5019608 0.5019608 0.5019608 0.5019608 0.5019608 0.5019608 0.5019608 0.5019608 0.5019608 0.5019608 0.5019608 0.5019608 0.5019608 0.5019608 0.5019608 0.5019608 0.5019608 0.5019608 0.5019608 0.5019608 0.5019608 0.5019608 0.5019608 0.5019608 0.5019608 0.5019608 0.5019608 0.5019608 0.5019608 0.5019608 0.5019608 0.5019608 0.5019608 0.5019608 0.5019608 0.5019608 0.5019608 0.5019608 0.5019608 0.5019608 0.5019608 0.5019608 0.5019608 0.5019608 0.5019608 0.5019608 0.5019608 0.5019608 0.5019608 0.5019608 0.5019608 0.5019608 0.5019608 0.5019608 0.5019608 0.5019608 0.5019608 0.5019608 0.5019608 0.5019608 0.5019608 0.5019608 0.5019608 0.5019608 0.5019608 0.5019608 0.5019608 0.5019608 0.5019608 0.5019608 0.5019608 0.5019608 0.5019608 0.5019608 0.5019608 0.5019608 0.5019608 0.5019608 0.5019608 0.5019608 0.5019608 0.5019608 0.5019608 0.5019608 0.5019608 0.5019608 0.5019608 0.5019608 0.5019608 0.5019608 0.5019608 0.5019608 0.5019608 0.5019608 0.5019608 0.5019608 0.5019608 0.5019608 0.5019608 0.5019608 0.5019608 0.5019608 0.5019608 0.5019608 0.5019608 0.5019608 0.5019608 0.5019608 0.5019608 0.5019608 0.5019608 0.5019608 0.5019608 0.5019608 0.5019608 0.5019608 0.5019608 0.5019608 0.5019608 0.5019608 0.5019608 0.5019608 0.5019608 0.5019608 0.5019608 0.5019608 0.5019608 0.5019608 0.5019608 0.5019608 0.5019608 0.5019608 0.5019608 0.5019608 0.5019608 0.5019608 0.5019608 0.5019608 0.5019608 0.5019608 0.5019608 0.5019608 0.5019608 0.5019608 0.5019608 0.5019608 0.5019608 0.5019608 0.5019608 0.5019608 0.5019608 0.5019608 0.5019608 0.5019608 0.5019608 0.5019608 0.5019608 0.5019608 0.5019608 0.5019608 0.5019608 0.5019608 0.5019608 0.5019608 0.5019608 0.5019608 0.5019608 0.5019608 0.5019608 0.5019608 0.5019608 0.5019608 0.5019608 0.5019608 0.5019608 0.5019608 0.5019608 0.5019608 0.5019608 0.5019608 0.5019608 0.5019608 0.5019608 0.5019608 0.5019608 0.5019608 0.5019608 0.5019608 0.5019608 0.5019608 0.5019608 0.5019608 0.5019608 0.5019608 0.5019608 0.5019608 0.5019608 0.5019608 0.5019608 0.5019608 0.5019608 0.5019608 0.5019608 0.5019608 0.5019608 0.5019608 0.5019608 0.5019608 0.5019608 0.5019608 0.5019608 0.5019608 0.5019608 0.5019608 0.5019608 0.5019608 0.5019608 0.5019608 0.5019608 0.5019608 0.5019608 0.5019608 0.5019608 0.5019608 0.5019608 0.5019608 0.5019608 0.5019608 0.5019608 0.5019608 0.5019608 0.5019608 0.5019608 0.5019608 0.5019608 0.5019608 0.5019608 0.5019608 0.5019608 0.5019608 0.5019608 0.5019608 0.5019608 0.5019608 0.5019608 0.5019608 0.5019608 0.5019608 0.5019608 0.5019608 0.5019608 0.5019608 0.5019608 0.5019608 0.5019608 0.5019608 0.5019608 0.5019608 0.5019608 0.5019608 0.5019608 0.5019608 0.5019608 0.5019608 0.5019608 0.5019608 0.5019608 0.5019608 0.5019608 0.5019608 0.5019608 0.5019608 0.5019608 0.5019608 0.5019608 0.5019608 0.5019608 0.5019608 0.5019608 0.5019608 0.5019608 0.5019608 0.5019608 0.5019608 0.5019608 0.5019608 0.5019608 0.5019608 0.5019608 0.5019608 0.5019608 0.5019608 0.5019608 0.5019608 0.5019608 0.5019608 0.5019608 0.5019608 0.5019608 0.5019608 0.5019608 0.5019608 0.5019608 0.5019608 0.5019608 0.5019608 0.5019608 0.5019608 0.5019608 0.5019608 0.5019608 0.5019608 0.5019608 0.5019608 0.5019608 0.5019608 0.5019608 0.5019608 0.5019608 0.5019608 0.5019608 0.5019608 0.5019608 0.5019608 0.5019608 0.5019608 0.5019608 0.5019608 0.5019608 0.5019608 0.5019608 0.5019608 0.5019608 0.5019608 0.5019608 0.5019608 0.5019608 0.5019608 0.5019608 0.5019608 0.5019608 0.5019608 0.5019608 0.5019608 0.5019608 0.5019608 0.5019608 0.5019608 0.5019608 0.5019608 0.5019608 0.5019608 0.5019608 0.5019608 0.5019608 0.5019608 0.5019608 0.5019608 0.5019608 0.5019608 0.5019608 0.5019608 0.5019608 0.5019608 0.5019608 0.5019608 0.5019608 0.5019608 0.5019608 0.5019608 0.5019608 0.5019608 0.5019608 0.5019608 0.5019608 0.5019608 0.5019608 0.5019608 0.5019608 0.5019608 0.5019608 0.5019608 0.5019608 0.5019608 0.5019608 0.5019608 0.5019608 0.5019608 0.5019608 0.5019608 0.5019608 0.5019608 0.5019608 0.5019608 0.5019608 0.5019608 0.5019608 0.5019608 0.5019608 0.5019608 0.5019608</float_array>
          <technique_common>
            <accessor source="#geom-GamemodelShape-map0-array" count="764" stride="3">
              <param name="R" type="float"/>
              <param name="G" type="float"/>
              <param name="B" type="float"/>
            </accessor>
          </technique_common>
        </source>
        <source id="geom-GamemodelShape-map1">
          <float_array id="geom-GamemodelShape-map1-array" count="2292">-0.8476563 0.9060669 0 -0.8671875 0.9349976 0 -0.8867188 0.8723145 0 -0.9130859 0.8951416 0 -0.9155273 0.829834 0 -0.9472656 0.8449707 0 -0.9316406 0.7807617 0 -0.9658203 0.7868652 0 -0.9350586 0.7287598 0 -0.9697266 0.7258301 0 -0.9248047 0.6777344 0 -0.9575195 0.6660156 0 -0.9013672 0.6306152 0 -0.9311523 0.6125488 0 -0.8662109 0.588623 0 -0.8955078 0.5673828 0 -0.5419922 0.6989746 0 -0.5063477 0.7001953 0 -0.5400391 0.7537842 0 -0.5053711 0.7576904 0 -0.550293 0.8054199 0 -0.5170898 0.8162842 0 -0.5732422 0.8520508 0 -0.5439453 0.8709717 0 -0.6079102 0.8912354 0 -0.5844727 0.9169922 0 -0.6503906 0.920166 0 -0.6347656 0.9514771 0 -0.6992188 0.9362793 0 -0.6923828 0.9703827 0 -0.7509766 0.9391479 0 -0.753418 0.9737854 0 -0.8012695 0.928894 0 -0.8125 0.961792 0 -0.7402344 0.75 0 -0.8476563 0.9060669 0 -0.8671875 0.9349976 0 -0.8867188 0.8723145 0 -0.9130859 0.8951416 0 -0.9155273 0.829834 0 -0.9472656 0.8449707 0 -0.9316406 0.7807617 0 -0.9658203 0.7868652 0 -0.9350586 0.7287598 0 -0.9697266 0.7258301 0 -0.9248047 0.6777344 0 -0.9575195 0.6660156 0 -0.9013672 0.6306152 0 -0.9311523 0.6125488 0 -0.8662109 0.588623 0 -0.8955078 0.5673828 0 -0.5419922 0.6989746 0 -0.5063477 0.7001953 0 -0.5400391 0.7537842 0 -0.5053711 0.7576904 0 -0.550293 0.8054199 0 -0.5170898 0.8162842 0 -0.5732422 0.8520508 0 -0.5439453 0.8709717 0 -0.6079102 0.8912354 0 -0.5844727 0.9169922 0 -0.6503906 0.920166 0 -0.6347656 0.9514771 0 -0.6992188 0.9362793 0 -0.6923828 0.9703827 0 -0.7509766 0.9391479 0 -0.753418 0.9737854 0 -0.8012695 0.928894 0 -0.8125 0.961792 0 -0.7402344 0.75 0 0.1518555 0.9060669 0 0.1326904 0.9349976 0 0.112854 0.8723145 0 0.08660889 0.8951416 0 0.08410645 0.829834 0 0.05258179 0.8449707 0 0.06793213 0.7807617 0 0.03375244 0.7868652 0 0.06463623 0.7287598 0 0.02996826 0.7258301 0 0.07501221 0.6777344 0 0.04199219 0.6660156 0 0.09832764 0.6306152 0 0.06848145 0.6125488 0 0.1334229 0.588623 0 0.104248 0.5673828 0 0.4575195 0.6989746 0 0.4934082 0.7001953 0 0.4597168 0.7537842 0 0.4943848 0.7576904 0 0.4492187 0.8054199 0 0.4824219 0.8162842 0 0.4262695 0.8520508 0 0.4555664 0.8709717 0 0.3918457 0.8912354 0 0.4152832 0.9169922 0 0.3491211 0.920166 0 0.3647461 0.9514771 0 0.3005371 0.9362793 0 0.3071289 0.9703827 0 0.2489014 0.9391479 0 0.24646 0.9737854 0 0.1982422 0.928894 0 0.1870117 0.961792 0 0.2592773 0.75 0 -0.8476563 0.9060669 0 -0.8671875 0.9349976 0 -0.8867188 0.8723145 0 -0.9130859 0.8951416 0 -0.9155273 0.829834 0 -0.9472656 0.8449707 0 -0.9316406 0.7807617 0 -0.9658203 0.7868652 0 -0.9350586 0.7287598 0 -0.9697266 0.7258301 0 -0.9248047 0.6777344 0 -0.9575195 0.6660156 0 -0.9013672 0.6306152 0 -0.9311523 0.6125488 0 -0.8662109 0.588623 0 -0.8955078 0.5673828 0 -0.5419922 0.6989746 0 -0.5063477 0.7001953 0 -0.5400391 0.7537842 0 -0.5053711 0.7576904 0 -0.550293 0.8054199 0 -0.5170898 0.8162842 0 -0.5732422 0.8520508 0 -0.5439453 0.8709717 0 -0.6079102 0.8912354 0 -0.5844727 0.9169922 0 -0.6503906 0.920166 0 -0.6347656 0.9514771 0 -0.6992188 0.9362793 0 -0.6923828 0.9703827 0 -0.7509766 0.9391479 0 -0.753418 0.9737854 0 -0.8012695 0.928894 0 -0.8125 0.961792 0 -0.7402344 0.75 0 -0.8476563 0.9060669 0 -0.8671875 0.9349976 0 -0.8867188 0.8723145 0 -0.9130859 0.8951416 0 -0.9155273 0.829834 0 -0.9472656 0.8449707 0 -0.9316406 0.7807617 0 -0.9658203 0.7868652 0 -0.9350586 0.7287598 0 -0.9697266 0.7258301 0 -0.9248047 0.6777344 0 -0.9575195 0.6660156 0 -0.9013672 0.6306152 0 -0.9311523 0.6125488 0 -0.8662109 0.588623 0 -0.8955078 0.5673828 0 -0.5419922 0.6989746 0 -0.5063477 0.7001953 0 -0.5400391 0.7537842 0 -0.5053711 0.7576904 0 -0.550293 0.8054199 0 -0.5170898 0.8162842 0 -0.5732422 0.8520508 0 -0.5439453 0.8709717 0 -0.6079102 0.8912354 0 -0.5844727 0.9169922 0 -0.6503906 0.920166 0 -0.6347656 0.9514771 0 -0.6992188 0.9362793 0 -0.6923828 0.9703827 0 -0.7509766 0.9391479 0 -0.753418 0.9737854 0 -0.8012695 0.928894 0 -0.8125 0.961792 0 -0.7402344 0.75 0 -0.8476563 0.9060669 0 -0.8671875 0.9349976 0 -0.8867188 0.8723145 0 -0.9130859 0.8951416 0 -0.9155273 0.829834 0 -0.9472656 0.8449707 0 -0.9316406 0.7807617 0 -0.9658203 0.7868652 0 -0.9350586 0.7287598 0 -0.9697266 0.7258301 0 -0.9248047 0.6777344 0 -0.9575195 0.6660156 0 -0.9013672 0.6306152 0 -0.9311523 0.6125488 0 -0.8662109 0.588623 0 -0.8955078 0.5673828 0 -0.5419922 0.6989746 0 -0.5063477 0.7001953 0 -0.5400391 0.7537842 0 -0.5053711 0.7576904 0 -0.550293 0.8054199 0 -0.5170898 0.8162842 0 -0.5732422 0.8520508 0 -0.5439453 0.8709717 0 -0.6079102 0.8912354 0 -0.5844727 0.9169922 0 -0.6503906 0.920166 0 -0.6347656 0.9514771 0 -0.6992188 0.9362793 0 -0.6923828 0.9703827 0 -0.7509766 0.9391479 0 -0.753418 0.9737854 0 -0.8012695 0.928894 0 -0.8125 0.961792 0 -0.7402344 0.75 0 -0.8476563 0.9060669 0 -0.8671875 0.9349976 0 -0.8867188 0.8723145 0 -0.9130859 0.8951416 0 -0.9155273 0.829834 0 -0.9472656 0.8449707 0 -0.9316406 0.7807617 0 -0.9658203 0.7868652 0 -0.9350586 0.7287598 0 -0.9697266 0.7258301 0 -0.9248047 0.6777344 0 -0.9575195 0.6660156 0 -0.9013672 0.6306152 0 -0.9311523 0.6125488 0 -0.8662109 0.588623 0 -0.8955078 0.5673828 0 -0.5419922 0.6989746 0 -0.5063477 0.7001953 0 -0.5400391 0.7537842 0 -0.5053711 0.7576904 0 -0.550293 0.8054199 0 -0.5170898 0.8162842 0 -0.5732422 0.8520508 0 -0.5439453 0.8709717 0 -0.6079102 0.8912354 0 -0.5844727 0.9169922 0 -0.6503906 0.920166 0 -0.6347656 0.9514771 0 -0.6992188 0.9362793 0 -0.6923828 0.9703827 0 -0.7509766 0.9391479 0 -0.753418 0.9737854 0 -0.8012695 0.928894 0 -0.8125 0.961792 0 -0.7402344 0.75 0 -0.8476563 0.9060669 0 -0.8671875 0.9349976 0 -0.8867188 0.8723145 0 -0.9130859 0.8951416 0 -0.9155273 0.829834 0 -0.9472656 0.8449707 0 -0.9316406 0.7807617 0 -0.9658203 0.7868652 0 -0.9350586 0.7287598 0 -0.9697266 0.7258301 0 -0.9248047 0.6777344 0 -0.9575195 0.6660156 0 -0.9013672 0.6306152 0 -0.9311523 0.6125488 0 -0.8662109 0.588623 0 -0.8955078 0.5673828 0 -0.5419922 0.6989746 0 -0.5063477 0.7001953 0 -0.5400391 0.7537842 0 -0.5053711 0.7576904 0 -0.550293 0.8054199 0 -0.5170898 0.8162842 0 -0.5732422 0.8520508 0 -0.5439453 0.8709717 0 -0.6079102 0.8912354 0 -0.5844727 0.9169922 0 -0.6503906 0.920166 0 -0.6347656 0.9514771 0 -0.6992188 0.9362793 0 -0.6923828 0.9703827 0 -0.7509766 0.9391479 0 -0.753418 0.9737854 0 -0.8012695 0.928894 0 -0.8125 0.961792 0 -0.7402344 0.75 0 -0.8476563 0.9060669 0 -0.8671875 0.9349976 0 -0.8867188 0.8723145 0 -0.9130859 0.8951416 0 -0.9155273 0.829834 0 -0.9472656 0.8449707 0 -0.9316406 0.7807617 0 -0.9658203 0.7868652 0 -0.9350586 0.7287598 0 -0.9697266 0.7258301 0 -0.9248047 0.6777344 0 -0.9575195 0.6660156 0 -0.9013672 0.6306152 0 -0.9311523 0.6125488 0 -0.8662109 0.588623 0 -0.8955078 0.5673828 0 -0.5419922 0.6989746 0 -0.5063477 0.7001953 0 -0.5400391 0.7537842 0 -0.5053711 0.7576904 0 -0.550293 0.8054199 0 -0.5170898 0.8162842 0 -0.5732422 0.8520508 0 -0.5439453 0.8709717 0 -0.6079102 0.8912354 0 -0.5844727 0.9169922 0 -0.6503906 0.920166 0 -0.6347656 0.9514771 0 -0.6992188 0.9362793 0 -0.6923828 0.9703827 0 -0.7509766 0.9391479 0 -0.753418 0.9737854 0 -0.8012695 0.928894 0 -0.8125 0.961792 0 -0.7402344 0.75 0 -0.8476563 0.9060669 0 -0.8671875 0.9349976 0 -0.8867188 0.8723145 0 -0.9130859 0.8951416 0 -0.9155273 0.829834 0 -0.9472656 0.8449707 0 -0.9316406 0.7807617 0 -0.9658203 0.7868652 0 -0.9350586 0.7287598 0 -0.9697266 0.7258301 0 -0.9248047 0.6777344 0 -0.9575195 0.6660156 0 -0.9013672 0.6306152 0 -0.9311523 0.6125488 0 -0.8662109 0.588623 0 -0.8955078 0.5673828 0 -0.5419922 0.6989746 0 -0.5063477 0.7001953 0 -0.5400391 0.7537842 0 -0.5053711 0.7576904 0 -0.550293 0.8054199 0 -0.5170898 0.8162842 0 -0.5732422 0.8520508 0 -0.5439453 0.8709717 0 -0.6079102 0.8912354 0 -0.5844727 0.9169922 0 -0.6503906 0.920166 0 -0.6347656 0.9514771 0 -0.6992188 0.9362793 0 -0.6923828 0.9703827 0 -0.7509766 0.9391479 0 -0.753418 0.9737854 0 -0.8012695 0.928894 0 -0.8125 0.961792 0 -0.7402344 0.75 0 -0.8476563 0.9060669 0 -0.8671875 0.9349976 0 -0.8867188 0.8723145 0 -0.9130859 0.8951416 0 -0.9155273 0.829834 0 -0.9472656 0.8449707 0 -0.9316406 0.7807617 0 -0.9658203 0.7868652 0 -0.9350586 0.7287598 0 -0.9697266 0.7258301 0 -0.9248047 0.6777344 0 -0.9575195 0.6660156 0 -0.9013672 0.6306152 0 -0.9311523 0.6125488 0 -0.8662109 0.588623 0 -0.8955078 0.5673828 0 -0.5419922 0.6989746 0 -0.5063477 0.7001953 0 -0.5400391 0.7537842 0 -0.5053711 0.7576904 0 -0.550293 0.8054199 0 -0.5170898 0.8162842 0 -0.5732422 0.8520508 0 -0.5439453 0.8709717 0 -0.6079102 0.8912354 0 -0.5844727 0.9169922 0 -0.6503906 0.920166 0 -0.6347656 0.9514771 0 -0.6992188 0.9362793 0 -0.6923828 0.9703827 0 -0.7509766 0.9391479 0 -0.753418 0.9737854 0 -0.8012695 0.928894 0 -0.8125 0.961792 0 -0.7402344 0.75 0 -0.8476563 0.9060669 0 -0.8671875 0.9349976 0 -0.8867188 0.8723145 0 -0.9130859 0.8951416 0 -0.9155273 0.829834 0 -0.9472656 0.8449707 0 -0.9316406 0.7807617 0 -0.9658203 0.7868652 0 -0.9350586 0.7287598 0 -0.9697266 0.7258301 0 -0.9248047 0.6777344 0 -0.9575195 0.6660156 0 -0.9013672 0.6306152 0 -0.9311523 0.6125488 0 -0.8662109 0.588623 0 -0.8955078 0.5673828 0 -0.5419922 0.6989746 0 -0.5063477 0.7001953 0 -0.5400391 0.7537842 0 -0.5053711 0.7576904 0 -0.550293 0.8054199 0 -0.5170898 0.8162842 0 -0.5732422 0.8520508 0 -0.5439453 0.8709717 0 -0.6079102 0.8912354 0 -0.5844727 0.9169922 0 -0.6503906 0.920166 0 -0.6347656 0.9514771 0 -0.6992188 0.9362793 0 -0.6923828 0.9703827 0 -0.7509766 0.9391479 0 -0.753418 0.9737854 0 -0.8012695 0.928894 0 -0.8125 0.961792 0 -0.7402344 0.75 0 -0.8476563 0.9060669 0 -0.8671875 0.9349976 0 -0.8867188 0.8723145 0 -0.9130859 0.8951416 0 -0.9155273 0.829834 0 -0.9472656 0.8449707 0 -0.9316406 0.7807617 0 -0.9658203 0.7868652 0 -0.9350586 0.7287598 0 -0.9697266 0.7258301 0 -0.9248047 0.6777344 0 -0.9575195 0.6660156 0 -0.9013672 0.6306152 0 -0.9311523 0.6125488 0 -0.8662109 0.588623 0 -0.8955078 0.5673828 0 -0.5419922 0.6989746 0 -0.5063477 0.7001953 0 -0.5400391 0.7537842 0 -0.5053711 0.7576904 0 -0.550293 0.8054199 0 -0.5170898 0.8162842 0 -0.5732422 0.8520508 0 -0.5439453 0.8709717 0 -0.6079102 0.8912354 0 -0.5844727 0.9169922 0 -0.6503906 0.920166 0 -0.6347656 0.9514771 0 -0.6992188 0.9362793 0 -0.6923828 0.9703827 0 -0.7509766 0.9391479 0 -0.753418 0.9737854 0 -0.8012695 0.928894 0 -0.8125 0.961792 0 -0.7402344 0.75 0 -0.8476563 0.9060669 0 -0.8671875 0.9349976 0 -0.8867188 0.8723145 0 -0.9130859 0.8951416 0 -0.9155273 0.829834 0 -0.9472656 0.8449707 0 -0.9316406 0.7807617 0 -0.9658203 0.7868652 0 -0.9350586 0.7287598 0 -0.9697266 0.7258301 0 -0.9248047 0.6777344 0 -0.9575195 0.6660156 0 -0.9013672 0.6306152 0 -0.9311523 0.6125488 0 -0.8662109 0.588623 0 -0.8955078 0.5673828 0 -0.5419922 0.6989746 0 -0.5063477 0.7001953 0 -0.5400391 0.7537842 0 -0.5053711 0.7576904 0 -0.550293 0.8054199 0 -0.5170898 0.8162842 0 -0.5732422 0.8520508 0 -0.5439453 0.8709717 0 -0.6079102 0.8912354 0 -0.5844727 0.9169922 0 -0.6503906 0.920166 0 -0.6347656 0.9514771 0 -0.6992188 0.9362793 0 -0.6923828 0.9703827 0 -0.7509766 0.9391479 0 -0.753418 0.9737854 0 -0.8012695 0.928894 0 -0.8125 0.961792 0 -0.7402344 0.75 0 0.543457 0.07910156 0 0.5795898 0.06933594 0 0.5668945 0.1308594 0 0.628418 0.1186523 0 0.6103516 0.05273437 0 0.6879883 0.09570312 0 0.6318359 0.02880859 0 0.7412109 0.06005859 0 0.3781738 0.02880859 0 0.3996582 0.05273437 0 0.2685547 0.06005859 0 0.3222656 0.09619141 0 0.4304199 0.06933594 0 0.3815918 0.1186523 0 0.4665527 0.07910156 0 0.4431152 0.1308594 0 0.5048828 0.08203125 0 0.5048828 0.1337891 0 0.5825195 0.175293 0 0.6616211 0.1640625 0 0.7436523 0.1411133 0 0.8286133 0.1020508 0 0.1817627 0.1020508 0 0.2663574 0.1411133 0 0.3483887 0.1640625 0 0.4274902 0.175293 0 0.5048828 0.1772461 0 0.5927734 0.2158203 0 0.6845703 0.2060547 0 0.7836914 0.1855469 0 0.8945313 0.1499023 0 0.1154785 0.1499023 0 0.2264404 0.1855469 0 0.3256836 0.2060547 0 0.4172363 0.2158203 0 0.5048828 0.2158203 0 0.5996094 0.2529297 0 0.699707 0.2451172 0 0.8115234 0.2294922 0 0.9423828 0.2006836 0 0.06738281 0.2006836 0 0.1988525 0.2294922 0 0.3103027 0.2451172 0 0.4104004 0.2529297 0 0.5048828 0.2529297 0 0.6040039 0.2885742 0 0.7094727 0.2827148 0 0.8291016 0.2719727 0 0.9746094 0.2529297 0 0.03567505 0.2529297 0 0.1812744 0.2719727 0 0.3010254 0.2827148 0 0.40625 0.2885742 0 0.5048828 0.2924805 0 0.605957 0.3217773 0 0.7143555 0.3183594 0 0.8378906 0.3139648 0 0.9912109 0.3056641 0 0.01899719 0.3056641 0 0.1723633 0.3139648 0 0.2961426 0.3183594 0 0.4040527 0.3217773 0 0.5048828 0.3251953 0 0.6064453 0.3535156 0 0.7148438 0.3535156 0 0.8393555 0.3549805 0 0.9936523 0.3583984 0 0.01646423 0.3583984 0 0.1711426 0.3549805 0 0.2956543 0.3535156 0 0.4038086 0.3535156 0 0.5048828 0.3554687 0 0.6049805 0.3847656 0 0.7114258 0.3876953 0 0.8330078 0.3955078 0 0.9824219 0.4106445 0 0.02758789 0.4106445 0 0.1772461 0.3955078 0 0.2988281 0.3876953 0 0.4052734 0.3847656 0 0.5048828 0.3852539 0 0.6015625 0.4165039 0 0.7041016 0.4223633 0 0.8193359 0.4360352 0 0.9575195 0.4609375 0 0.05227661 0.4609375 0 0.1907959 0.4360352 0 0.3061523 0.4223633 0 0.4086914 0.4160156 0 0.5048828 0.4155273 0 0.5961914 0.4487305 0 0.6923828 0.4575195 0 0.7978516 0.4760742 0 0.9194336 0.5090332 0 0.09075928 0.5090332 0 0.2124023 0.4760742 0 0.3181152 0.4575195 0 0.4138184 0.4487305 0 0.5048828 0.4467773 0 0.5883789 0.4829102 0 0.6748047 0.4941406 0 0.7670898 0.5161133 0 0.8666992 0.5539551 0 0.1434326 0.5541992 0 0.2431641 0.5161133 0 0.3352051 0.4941406 0 0.4216309 0.4829102 0 0.5048828 0.4799805 0 0.5776367 0.5197754 0 0.6508789 0.5324707 0 0.7255859 0.5561523 0 0.7993164 0.5949707 0 0.2111816 0.5949707 0 0.284668 0.5561523 0 0.3591309 0.5322266 0 0.4326172 0.5197754 0 0.5048828 0.5161133 0 0.5620117 0.5605469 0 0.6176758 0.572998 0 0.6704102 0.5952148 0 0.715332 0.6293945 0 0.2946777 0.6291504 0 0.3395996 0.5952148 0 0.392334 0.572998 0 0.4482422 0.5605469 0 0.5048828 0.5568848 0 0.5395508 0.6071777 0 0.5712891 0.6164551 0 0.5981445 0.6320801 0 0.6157227 0.6533203 0 0.3942871 0.6533203 0 0.4118652 0.6318359 0 0.4387207 0.6164551 0 0.4707031 0.6071777 0 0.5048828 0.604248 0 0.5048828 0.01660156 0 0.5048828 0.6621094 0 -0.4560547 0.07910156 0 -0.4326172 0.1308594 0 -0.4199219 0.06933594 0 -0.3710937 0.1186523 0 -0.3891602 0.05273437 0 -0.3117676 0.09570312 0 -0.3676758 0.02880859 0 -0.2583008 0.06005859 0 -0.621582 0.02880859 0 -0.730957 0.06005859 0 -0.6000977 0.05273437 0 -0.6772461 0.09619141 0 -0.5693359 0.06933594 0 -0.6181641 0.1186523 0 -0.5332031 0.07910156 0 -0.5566406 0.1308594 0 -0.4946289 0.08203125 0 -0.4946289 0.1337891 0 -0.4169922 0.175293 0 -0.3378906 0.1640625 0 -0.2558594 0.1411133 0 -0.1712646 0.1020508 0 -0.8178711 0.1020508 0 -0.7333984 0.1411133 0 -0.6513672 0.1640625 0 -0.5722656 0.175293 0 -0.4946289 0.1772461 0 -0.4067383 0.2158203 0 -0.3151855 0.2060547 0 -0.2159424 0.1855469 0 -0.1050415 0.1499023 0 -0.8842773 0.1499023 0 -0.7734375 0.1855469 0 -0.6738281 0.2060547 0 -0.5825195 0.2158203 0 -0.4946289 0.2158203 0 -0.3999023 0.2529297 0 -0.2998047 0.2451172 0 -0.1883545 0.2294922 0 -0.05712891 0.2006836 0 -0.9321289 0.2006836 0 -0.8007813 0.2294922 0 -0.6894531 0.2451172 0 -0.5893555 0.2529297 0 -0.4946289 0.2529297 0 -0.395752 0.2885742 0 -0.2902832 0.2827148 0 -0.1707764 0.2719727 0 -0.02534485 0.2529297 0 -0.9638672 0.2529297 0 -0.8183594 0.2719727 0 -0.6987305 0.2827148 0 -0.5932617 0.2885742 0 -0.4946289 0.2924805 0 -0.3935547 0.3217773 0 -0.2854004 0.3183594 0 -0.1617432 0.3139648 0 -0.008514404 0.3056641 0 -0.980957 0.3056641 0 -0.8271484 0.3139648 0 -0.7036133 0.3183594 0 -0.5957031 0.3217773 0 -0.4946289 0.3251953 0 -0.3933105 0.3535156 0 -0.2849121 0.3535156 0 -0.1605225 0.3549805 0 -0.00592041 0.3583984 0 -0.9833984 0.3583984 0 -0.8286133 0.3549805 0 -0.7041016 0.3535156 0 -0.5957031 0.3535156 0 -0.4946289 0.3554687 0 -0.3947754 0.3847656 0 -0.2880859 0.3876953 0 -0.166626 0.3955078 0 -0.01716614 0.4106445 0 -0.972168 0.4106445 0 -0.8222656 0.3955078 0 -0.7006836 0.3876953 0 -0.5942383 0.3847656 0 -0.4946289 0.3852539 0 -0.3979492 0.4165039 0 -0.2954102 0.4223633 0 -0.1801758 0.4360352 0 -0.04202271 0.4609375 0 -0.9472656 0.4609375 0 -0.809082 0.4360352 0 -0.6933594 0.4223633 0 -0.5908203 0.4160156 0 -0.4946289 0.4155273 0 -0.4033203 0.4487305 0 -0.307373 0.4575195 0 -0.2019043 0.4760742 0 -0.08050537 0.5090332 0 -0.9091797 0.5090332 0 -0.7871094 0.4760742 0 -0.6816406 0.4575195 0 -0.5859375 0.4487305 0 -0.4946289 0.4467773 0 -0.4111328 0.4829102 0 -0.324707 0.4941406 0 -0.232666 0.5161133 0 -0.1329346 0.5539551 0 -0.8564453 0.5541992 0 -0.7563477 0.5161133 0 -0.6645508 0.4941406 0 -0.578125 0.4829102 0 -0.4946289 0.4799805 0 -0.4221191 0.5197754 0 -0.3486328 0.5324707 0 -0.2741699 0.5561523 0 -0.2005615 0.5949707 0 -0.7885742 0.5949707 0 -0.7148438 0.5561523 0 -0.640625 0.5322266 0 -0.5668945 0.5197754 0 -0.4946289 0.5161133 0 -0.4377441 0.5605469 0 -0.3818359 0.572998 0 -0.3293457 0.5952148 0 -0.2841797 0.6293945 0 -0.7050781 0.6291504 0 -0.6601563 0.5952148 0 -0.6074219 0.572998 0 -0.5512695 0.5605469 0 -0.4946289 0.5568848 0 -0.4602051 0.6071777 0 -0.4282227 0.6164551 0 -0.4016113 0.6320801 0 -0.3840332 0.6533203 0 -0.6054688 0.6533203 0 -0.5878906 0.6318359 0 -0.5610352 0.6164551 0 -0.5288086 0.6071777 0 -0.4946289 0.604248 0 -0.4946289 0.01660156 0 -0.4946289 0.6621094 0</float_array>
          <technique_common>
            <accessor source="#geom-GamemodelShape-map1-array" count="764" stride="3">
              <param name="S" type="float"/>
              <param name="T" type="float"/>
              <param name="P" type="float"/>
            </accessor>
          </technique_common>
        </source>
        <vertices id="geom-GamemodelShape-vertices">
          <input semantic="POSITION" source="#geom-GamemodelShape-positions"/>
        </vertices>
        <triangles material="ilonball_mt" count="1152">
          <input semantic="VERTEX" source="#geom-GamemodelShape-vertices" offset="0"/>
          <input semantic="NORMAL" source="#geom-GamemodelShape-normals" offset="1"/>
          <input semantic="COLOR" source="#geom-GamemodelShape-map0" offset="2" set="0"/>
          <input semantic="TEXCOORD" source="#geom-GamemodelShape-map1" offset="3" set="0"/>
          <p>34 0 34 34 32 1 32 32 0 2 0 0 0 2 0 0 2 3 2 2 34 0 34 34 0 2 0 0 33 4 33 33 1 5 1 1 32 1 32 32 33 4 33 33 0 2 0 0 0 2 0 0 1 5 1 1 2 3 2 2 30 6 30 30 32 1 32 32 34 0 34 34 34 0 34 34 28 7 28 28 30 6 30 30 34 0 34 34 26 8 26 26 28 7 28 28 24 9 24 24 26 8 26 26 34 0 34 34 34 0 34 34 22 10 22 22 24 9 24 24 20 11 20 20 22 10 22 22 34 0 34 34 34 0 34 34 18 12 18 18 20 11 20 20 16 13 16 16 18 12 18 18 34 0 34 34 34 0 34 34 12 14 12 12 14 15 14 14 34 0 34 34 10 16 10 10 12 14 12 12 8 17 8 8 10 16 10 10 34 0 34 34 34 0 34 34 6 18 6 6 8 17 8 8 4 19 4 4 6 18 6 6 34 0 34 34 34 0 34 34 2 3 2 2 4 19 4 4 32 1 32 32 31 20 31 31 33 4 33 33 30 6 30 30 31 20 31 31 32 1 32 32 30 6 30 30 29 21 29 29 31 20 31 31 28 7 28 28 29 21 29 29 30 6 30 30 28 7 28 28 27 22 27 27 29 21 29 29 26 8 26 26 27 22 27 27 28 7 28 28 26 8 26 26 25 23 25 25 27 22 27 27 24 9 24 24 25 23 25 25 26 8 26 26 24 9 24 24 23 24 23 23 25 23 25 25 22 10 22 22 23 24 23 23 24 9 24 24 22 10 22 22 21 25 21 21 23 24 23 23 20 11 20 20 21 25 21 21 22 10 22 22 20 11 20 20 19 26 19 19 21 25 21 21 18 12 18 18 19 26 19 19 20 11 20 20 18 12 18 18 17 27 17 17 19 26 19 19 16 13 16 16 17 27 17 17 18 12 18 18 4 19 4 4 5 28 5 5 6 18 6 6 4 19 4 4 3 29 3 3 5 28 5 5 2 3 2 2 3 29 3 3 4 19 4 4 2 3 2 2 1 5 1 1 3 29 3 3 6 18 6 6 5 28 5 5 7 30 7 7 6 18 6 6 7 30 7 7 8 17 8 8 8 17 8 8 9 31 9 9 10 16 10 10 8 17 8 8 7 30 7 7 9 31 9 9 10 16 10 10 11 32 11 11 12 14 12 12 10 16 10 10 9 31 9 9 11 32 11 11 12 14 12 12 13 33 13 13 14 15 14 14 12 14 12 12 11 32 11 11 13 33 13 13 14 15 14 14 13 33 13 13 15 34 15 15 69 35 69 69 67 36 67 67 35 37 35 35 35 37 35 35 37 38 37 37 69 35 69 69 35 37 35 35 68 39 68 68 36 40 36 36 67 36 67 67 68 39 68 68 35 37 35 35 35 37 35 35 36 40 36 36 37 38 37 37 65 41 65 65 67 36 67 67 69 35 69 69 69 35 69 69 63 42 63 63 65 41 65 65 61 43 61 61 63 42 63 63 69 35 69 69 69 35 69 69 59 44 59 59 61 43 61 61 69 35 69 69 57 45 57 57 59 44 59 59 55 46 55 55 57 45 57 57 69 35 69 69 69 35 69 69 53 47 53 53 55 46 55 55 51 48 51 51 53 47 53 53 69 35 69 69 69 35 69 69 47 49 47 47 49 50 49 49 69 35 69 69 45 51 45 45 47 49 47 47 43 52 43 43 45 51 45 45 69 35 69 69 69 35 69 69 41 53 41 41 43 52 43 43 39 54 39 39 41 53 41 41 69 35 69 69 69 35 69 69 37 38 37 37 39 54 39 39 67 36 67 67 66 55 66 66 68 39 68 68 65 41 65 65 66 55 66 66 67 36 67 67 65 41 65 65 64 56 64 64 66 55 66 66 63 42 63 63 64 56 64 64 65 41 65 65 63 42 63 63 62 57 62 62 64 56 64 64 61 43 61 61 62 57 62 62 63 42 63 63 61 43 61 61 60 58 60 60 62 57 62 62 59 44 59 59 60 58 60 60 61 43 61 61 59 44 59 59 58 59 58 58 60 58 60 60 57 45 57 57 58 59 58 58 59 44 59 59 57 45 57 57 56 60 56 56 58 59 58 58 55 46 55 55 56 60 56 56 57 45 57 57 55 46 55 55 54 61 54 54 56 60 56 56 53 47 53 53 54 61 54 54 55 46 55 55 53 47 53 53 52 62 52 52 54 61 54 54 51 48 51 51 52 62 52 52 53 47 53 53 39 54 39 39 40 63 40 40 41 53 41 41 39 54 39 39 38 64 38 38 40 63 40 40 37 38 37 37 38 64 38 38 39 54 39 39 37 38 37 37 36 40 36 36 38 64 38 38 41 53 41 41 40 63 40 40 42 65 42 42 41 53 41 41 42 65 42 42 43 52 43 43 43 52 43 43 44 66 44 44 45 51 45 45 43 52 43 43 42 65 42 42 44 66 44 44 45 51 45 45 46 67 46 46 47 49 47 47 45 51 45 45 44 66 44 44 46 67 46 46 47 49 47 47 48 68 48 48 49 50 49 49 47 49 47 47 46 67 46 46 48 68 48 48 49 50 49 49 48 68 48 48 50 69 50 50 104 70 104 104 102 71 102 102 70 72 70 70 70 72 70 70 72 73 72 72 104 70 104 104 70 72 70 70 103 74 103 103 71 75 71 71 102 71 102 102 103 74 103 103 70 72 70 70 70 72 70 70 71 75 71 71 72 73 72 72 100 76 100 100 102 71 102 102 104 70 104 104 104 70 104 104 98 77 98 98 100 76 100 100 96 78 96 96 98 77 98 98 104 70 104 104 104 70 104 104 94 79 94 94 96 78 96 96 92 80 92 92 94 79 94 94 104 70 104 104 104 70 104 104 90 81 90 90 92 80 92 92 104 70 104 104 88 82 88 88 90 81 90 90 86 83 86 86 88 82 88 88 104 70 104 104 104 70 104 104 82 84 82 82 84 85 84 84 104 70 104 104 80 86 80 80 82 84 82 82 78 87 78 78 80 86 80 80 104 70 104 104 104 70 104 104 76 88 76 76 78 87 78 78 74 89 74 74 76 88 76 76 104 70 104 104 104 70 104 104 72 73 72 72 74 89 74 74 102 71 102 102 101 90 101 101 103 74 103 103 100 76 100 100 101 90 101 101 102 71 102 102 100 76 100 100 99 91 99 99 101 90 101 101 98 77 98 98 99 91 99 99 100 76 100 100 98 77 98 98 97 92 97 97 99 91 99 99 96 78 96 96 97 92 97 97 98 77 98 98 96 78 96 96 95 93 95 95 97 92 97 97 94 79 94 94 95 93 95 95 96 78 96 96 94 79 94 94 93 94 93 93 95 93 95 95 92 80 92 92 93 94 93 93 94 79 94 94 92 80 92 92 91 95 91 91 93 94 93 93 90 81 90 90 91 95 91 91 92 80 92 92 90 81 90 90 89 96 89 89 91 95 91 91 88 82 88 88 89 96 89 89 90 81 90 90 88 82 88 88 87 97 87 87 89 96 89 89 86 83 86 86 87 97 87 87 88 82 88 88 74 89 74 74 75 98 75 75 76 88 76 76 74 89 74 74 73 99 73 73 75 98 75 75 72 73 72 72 73 99 73 73 74 89 74 74 72 73 72 72 71 75 71 71 73 99 73 73 76 88 76 76 75 98 75 75 77 100 77 77 76 88 76 76 77 100 77 77 78 87 78 78 78 87 78 78 79 101 79 79 80 86 80 80 78 87 78 78 77 100 77 77 79 101 79 79 80 86 80 80 81 102 81 81 82 84 82 82 80 86 80 80 79 101 79 79 81 102 81 81 82 84 82 82 83 103 83 83 84 85 84 84 82 84 82 82 81 102 81 81 83 103 83 83 84 85 84 84 83 103 83 83 85 104 85 85 139 105 139 139 137 106 137 137 105 107 105 105 105 107 105 105 107 108 107 107 139 105 139 139 105 107 105 105 138 109 138 138 106 110 106 106 137 106 137 137 138 109 138 138 105 107 105 105 105 107 105 105 106 110 106 106 107 108 107 107 135 111 135 135 137 106 137 137 139 105 139 139 139 105 139 139 133 112 133 133 135 111 135 135 131 113 131 131 133 112 133 133 139 105 139 139 139 105 139 139 129 114 129 129 131 113 131 131 139 105 139 139 127 115 127 127 129 114 129 129 125 116 125 125 127 115 127 127 139 105 139 139 139 105 139 139 123 117 123 123 125 116 125 125 121 118 121 121 123 117 123 123 139 105 139 139 139 105 139 139 117 119 117 117 119 120 119 119 139 105 139 139 115 121 115 115 117 119 117 117 113 122 113 113 115 121 115 115 139 105 139 139 139 105 139 139 111 123 111 111 113 122 113 113 109 124 109 109 111 123 111 111 139 105 139 139 139 105 139 139 107 108 107 107 109 124 109 109 137 106 137 137 136 125 136 136 138 109 138 138 135 111 135 135 136 125 136 136 137 106 137 137 135 111 135 135 134 126 134 134 136 125 136 136 133 112 133 133 134 126 134 134 135 111 135 135 133 112 133 133 132 127 132 132 134 126 134 134 131 113 131 131 132 127 132 132 133 112 133 133 131 113 131 131 130 128 130 130 132 127 132 132 129 114 129 129 130 128 130 130 131 113 131 131 129 114 129 129 128 129 128 128 130 128 130 130 127 115 127 127 128 129 128 128 129 114 129 129 127 115 127 127 126 130 126 126 128 129 128 128 125 116 125 125 126 130 126 126 127 115 127 127 125 116 125 125 124 131 124 124 126 130 126 126 123 117 123 123 124 131 124 124 125 116 125 125 123 117 123 123 122 132 122 122 124 131 124 124 121 118 121 121 122 132 122 122 123 117 123 123 109 124 109 109 110 133 110 110 111 123 111 111 109 124 109 109 108 134 108 108 110 133 110 110 107 108 107 107 108 134 108 108 109 124 109 109 107 108 107 107 106 110 106 106 108 134 108 108 111 123 111 111 110 133 110 110 112 135 112 112 111 123 111 111 112 135 112 112 113 122 113 113 113 122 113 113 114 136 114 114 115 121 115 115 113 122 113 113 112 135 112 112 114 136 114 114 115 121 115 115 116 137 116 116 117 119 117 117 115 121 115 115 114 136 114 114 116 137 116 116 117 119 117 117 118 138 118 118 119 120 119 119 117 119 117 117 116 137 116 116 118 138 118 118 119 120 119 119 118 138 118 118 120 139 120 120 174 140 174 174 172 141 172 172 140 142 140 140 174 140 174 174 140 142 140 140 142 143 142 142 140 142 140 140 173 144 173 173 141 145 141 141 172 141 172 172 173 144 173 173 140 142 140 140 140 142 140 140 141 145 141 141 142 143 142 142 174 140 174 174 170 146 170 170 172 141 172 172 174 140 174 174 168 147 168 168 170 146 170 170 174 140 174 174 166 148 166 166 168 147 168 168 174 140 174 174 164 149 164 164 166 148 166 166 174 140 174 174 162 150 162 162 164 149 164 164 162 150 162 162 174 140 174 174 160 151 160 160 174 140 174 174 158 152 158 158 160 151 160 160 174 140 174 174 156 153 156 156 158 152 158 158 174 140 174 174 152 154 152 152 154 155 154 154 174 140 174 174 150 156 150 150 152 154 152 152 174 140 174 174 148 157 148 148 150 156 150 150 174 140 174 174 146 158 146 146 148 157 148 148 174 140 174 174 144 159 144 144 146 158 146 146 174 140 174 174 142 143 142 142 144 159 144 144 172 141 172 172 171 160 171 171 173 144 173 173 170 146 170 170 171 160 171 171 172 141 172 172 170 146 170 170 169 161 169 169 171 160 171 171 168 147 168 168 169 161 169 169 170 146 170 170 168 147 168 168 167 162 167 167 169 161 169 169 166 148 166 166 167 162 167 167 168 147 168 168 166 148 166 166 165 163 165 165 167 162 167 167 164 149 164 164 165 163 165 165 166 148 166 166 164 149 164 164 163 164 163 163 165 163 165 165 162 150 162 162 163 164 163 163 164 149 164 164 162 150 162 162 161 165 161 161 163 164 163 163 160 151 160 160 161 165 161 161 162 150 162 162 160 151 160 160 159 166 159 159 161 165 161 161 158 152 158 158 159 166 159 159 160 151 160 160 158 152 158 158 157 167 157 157 159 166 159 159 156 153 156 156 157 167 157 157 158 152 158 158 144 159 144 144 145 168 145 145 146 158 146 146 144 159 144 144 143 169 143 143 145 168 145 145 142 143 142 142 143 169 143 143 144 159 144 144 142 143 142 142 141 145 141 141 143 169 143 143 146 158 146 146 145 168 145 145 147 170 147 147 146 158 146 146 147 170 147 147 148 157 148 148 148 157 148 148 149 171 149 149 150 156 150 150 148 157 148 148 147 170 147 147 149 171 149 149 150 156 150 150 151 172 151 151 152 154 152 152 150 156 150 150 149 171 149 149 151 172 151 151 152 154 152 152 153 173 153 153 154 155 154 154 152 154 152 152 151 172 151 151 153 173 153 153 154 155 154 154 153 173 153 153 155 174 155 155 207 175 207 207 175 176 175 175 209 177 209 209 175 176 175 175 177 178 177 177 209 177 209 209 175 176 175 175 208 179 208 208 176 180 176 176 207 175 207 207 208 179 208 208 175 176 175 175 175 176 175 175 176 180 176 176 177 178 177 177 209 177 209 209 205 181 205 205 207 175 207 207 207 175 207 207 206 182 206 206 208 179 208 208 205 181 205 205 206 182 206 206 207 175 207 207 203 183 203 203 205 181 205 205 209 177 209 209 209 177 209 209 201 184 201 201 203 183 203 203 199 185 199 199 201 184 201 201 209 177 209 209 209 177 209 209 197 186 197 197 199 185 199 199 195 187 195 195 197 186 197 197 209 177 209 209 209 177 209 209 193 188 193 193 195 187 195 195 191 189 191 191 193 188 193 193 209 177 209 209 209 177 209 209 187 190 187 187 189 191 189 189 209 177 209 209 185 192 185 185 187 190 187 187 183 193 183 183 185 192 185 185 209 177 209 209 209 177 209 209 181 194 181 181 183 193 183 183 179 195 179 179 181 194 181 181 209 177 209 209 209 177 209 209 177 178 177 177 179 195 179 179 177 178 177 177 178 196 178 178 179 195 179 179 177 178 177 177 176 180 176 176 178 196 178 178 179 195 179 179 180 197 180 180 181 194 181 181 179 195 179 179 178 196 178 178 180 197 180 180 181 194 181 181 182 198 182 182 183 193 183 183 181 194 181 181 180 197 180 180 182 198 182 182 183 193 183 183 184 199 184 184 185 192 185 185 183 193 183 183 182 198 182 182 184 199 184 184 185 192 185 185 186 200 186 186 187 190 187 187 185 192 185 185 184 199 184 184 186 200 186 186 187 190 187 187 188 201 188 188 189 191 189 189 187 190 187 187 186 200 186 186 188 201 188 188 189 191 189 189 188 201 188 188 190 202 190 190 191 189 191 191 192 203 192 192 193 188 193 193 193 188 193 193 194 204 194 194 195 187 195 195 193 188 193 193 192 203 192 192 194 204 194 194 195 187 195 195 196 205 196 196 197 186 197 197 195 187 195 195 194 204 194 194 196 205 196 196 197 186 197 197 198 206 198 198 199 185 199 199 197 186 197 197 196 205 196 196 198 206 198 198 199 185 199 199 200 207 200 200 201 184 201 201 199 185 199 199 198 206 198 198 200 207 200 200 201 184 201 201 202 208 202 202 203 183 203 203 201 184 201 201 200 207 200 200 202 208 202 202 203 183 203 203 204 209 204 204 205 181 205 205 203 183 203 203 202 208 202 202 204 209 204 204 205 181 205 205 204 209 204 204 206 182 206 206 242 210 242 242 210 211 210 210 244 212 244 244 210 211 210 210 212 213 212 212 244 212 244 244 210 211 210 210 243 214 243 243 211 215 211 211 242 210 242 242 243 214 243 243 210 211 210 210 210 211 210 210 211 215 211 211 212 213 212 212 244 212 244 244 240 216 240 240 242 210 242 242 242 210 242 242 241 217 241 241 243 214 243 243 240 216 240 240 241 217 241 241 242 210 242 242 244 212 244 244 238 218 238 238 240 216 240 240 236 219 236 236 238 218 238 238 244 212 244 244 244 212 244 244 234 220 234 234 236 219 236 236 244 212 244 244 232 221 232 232 234 220 234 234 230 222 230 230 232 221 232 232 244 212 244 244 244 212 244 244 228 223 228 228 230 222 230 230 244 212 244 244 226 224 226 226 228 223 228 228 222 225 222 222 224 226 224 224 244 212 244 244 244 212 244 244 220 227 220 220 222 225 222 222 218 228 218 218 220 227 220 220 244 212 244 244 244 212 244 244 216 229 216 216 218 228 218 218 214 230 214 214 216 229 216 216 244 212 244 244 244 212 244 244 212 213 212 212 214 230 214 214 212 213 212 212 213 231 213 213 214 230 214 214 212 213 212 212 211 215 211 211 213 231 213 213 214 230 214 214 215 232 215 215 216 229 216 216 214 230 214 214 213 231 213 213 215 232 215 215 216 229 216 216 217 233 217 217 218 228 218 218 216 229 216 216 215 232 215 215 217 233 217 217 218 228 218 218 219 234 219 219 220 227 220 220 218 228 218 218 217 233 217 217 219 234 219 219 220 227 220 220 221 235 221 221 222 225 222 222 220 227 220 220 219 234 219 219 221 235 221 221 222 225 222 222 223 236 223 223 224 226 224 224 222 225 222 222 221 235 221 221 223 236 223 223 224 226 224 224 223 236 223 223 225 237 225 225 226 224 226 226 227 238 227 227 228 223 228 228 228 223 228 228 229 239 229 229 230 222 230 230 228 223 228 228 227 238 227 227 229 239 229 229 230 222 230 230 231 240 231 231 232 221 232 232 230 222 230 230 229 239 229 229 231 240 231 231 232 221 232 232 233 241 233 233 234 220 234 234 232 221 232 232 231 240 231 231 233 241 233 233 234 220 234 234 235 242 235 235 236 219 236 236 234 220 234 234 233 241 233 233 235 242 235 235 236 219 236 236 237 243 237 237 238 218 238 238 236 219 236 236 235 242 235 235 237 243 237 237 238 218 238 238 239 244 239 239 240 216 240 240 238 218 238 238 237 243 237 237 239 244 239 239 240 216 240 240 239 244 239 239 241 217 241 241 279 245 279 279 277 246 277 277 245 247 245 245 245 247 245 245 247 248 247 247 279 245 279 279 245 247 245 245 278 249 278 278 246 250 246 246 277 246 277 277 278 249 278 278 245 247 245 245 245 247 245 245 246 250 246 246 247 248 247 247 275 251 275 275 277 246 277 277 279 245 279 279 279 245 279 279 273 252 273 273 275 251 275 275 271 253 271 271 273 252 273 273 279 245 279 279 279 245 279 279 269 254 269 269 271 253 271 271 267 255 267 267 269 254 269 269 279 245 279 279 279 245 279 279 265 256 265 265 267 255 267 267 279 245 279 279 263 257 263 263 265 256 265 265 261 258 261 261 263 257 263 263 279 245 279 279 279 245 279 279 257 259 257 257 259 260 259 259 279 245 279 279 255 261 255 255 257 259 257 257 253 262 253 253 255 261 255 255 279 245 279 279 279 245 279 279 251 263 251 251 253 262 253 253 249 264 249 249 251 263 251 251 279 245 279 279 279 245 279 279 247 248 247 247 249 264 249 249 277 246 277 277 276 265 276 276 278 249 278 278 275 251 275 275 276 265 276 276 277 246 277 277 275 251 275 275 274 266 274 274 276 265 276 276 273 252 273 273 274 266 274 274 275 251 275 275 273 252 273 273 272 267 272 272 274 266 274 274 271 253 271 271 272 267 272 272 273 252 273 273 271 253 271 271 270 268 270 270 272 267 272 272 269 254 269 269 270 268 270 270 271 253 271 271 269 254 269 269 268 269 268 268 270 268 270 270 267 255 267 267 268 269 268 268 269 254 269 269 267 255 267 267 266 270 266 266 268 269 268 268 265 256 265 265 266 270 266 266 267 255 267 267 265 256 265 265 264 271 264 264 266 270 266 266 263 257 263 263 264 271 264 264 265 256 265 265 263 257 263 263 262 272 262 262 264 271 264 264 261 258 261 261 262 272 262 262 263 257 263 263 249 264 249 249 250 273 250 250 251 263 251 251 249 264 249 249 248 274 248 248 250 273 250 250 247 248 247 247 248 274 248 248 249 264 249 249 247 248 247 247 246 250 246 246 248 274 248 248 251 263 251 251 250 273 250 250 252 275 252 252 251 263 251 251 252 275 252 252 253 262 253 253 253 262 253 253 254 276 254 254 255 261 255 255 253 262 253 253 252 275 252 252 254 276 254 254 255 261 255 255 256 277 256 256 257 259 257 257 255 261 255 255 254 276 254 254 256 277 256 256 257 259 257 257 258 278 258 258 259 260 259 259 257 259 257 257 256 277 256 256 258 278 258 258 259 260 259 259 258 278 258 258 260 279 260 260 312 280 312 312 280 281 280 280 314 282 314 314 280 281 280 280 282 283 282 282 314 282 314 314 280 281 280 280 313 284 313 313 281 285 281 281 312 280 312 312 313 284 313 313 280 281 280 280 280 281 280 280 281 285 281 281 282 283 282 282 314 282 314 314 310 286 310 310 312 280 312 312 312 280 312 312 311 287 311 311 313 284 313 313 310 286 310 310 311 287 311 311 312 280 312 312 314 282 314 314 308 288 308 308 310 286 310 310 306 289 306 306 308 288 308 308 314 282 314 314 314 282 314 314 304 290 304 304 306 289 306 306 314 282 314 314 302 291 302 302 304 290 304 304 300 292 300 300 302 291 302 302 314 282 314 314 314 282 314 314 298 293 298 298 300 292 300 300 314 282 314 314 296 294 296 296 298 293 298 298 292 295 292 292 294 296 294 294 314 282 314 314 314 282 314 314 290 297 290 290 292 295 292 292 288 298 288 288 290 297 290 290 314 282 314 314 314 282 314 314 286 299 286 286 288 298 288 288 284 300 284 284 286 299 286 286 314 282 314 314 314 282 314 314 282 283 282 282 284 300 284 284 282 283 282 282 283 301 283 283 284 300 284 284 282 283 282 282 281 285 281 281 283 301 283 283 284 300 284 284 285 302 285 285 286 299 286 286 284 300 284 284 283 301 283 283 285 302 285 285 286 299 286 286 287 303 287 287 288 298 288 288 286 299 286 286 285 302 285 285 287 303 287 287 288 298 288 288 289 304 289 289 290 297 290 290 288 298 288 288 287 303 287 287 289 304 289 289 290 297 290 290 291 305 291 291 292 295 292 292 290 297 290 290 289 304 289 289 291 305 291 291 292 295 292 292 293 306 293 293 294 296 294 294 292 295 292 292 291 305 291 291 293 306 293 293 294 296 294 294 293 306 293 293 295 307 295 295 296 294 296 296 297 308 297 297 298 293 298 298 298 293 298 298 299 309 299 299 300 292 300 300 298 293 298 298 297 308 297 297 299 309 299 299 300 292 300 300 301 310 301 301 302 291 302 302 300 292 300 300 299 309 299 299 301 310 301 301 302 291 302 302 303 311 303 303 304 290 304 304 302 291 302 302 301 310 301 301 303 311 303 303 304 290 304 304 305 312 305 305 306 289 306 306 304 290 304 304 303 311 303 303 305 312 305 305 306 289 306 306 307 313 307 307 308 288 308 308 306 289 306 306 305 312 305 305 307 313 307 307 308 288 308 308 309 314 309 309 310 286 310 310 308 288 308 308 307 313 307 307 309 314 309 309 310 286 310 310 309 314 309 309 311 287 311 311 349 315 349 349 347 316 347 347 315 317 315 315 315 317 315 315 317 318 317 317 349 315 349 349 315 317 315 315 348 319 348 348 316 320 316 316 347 316 347 347 348 319 348 348 315 317 315 315 315 317 315 315 316 320 316 316 317 318 317 317 345 321 345 345 347 316 347 347 349 315 349 349 349 315 349 349 343 322 343 343 345 321 345 345 341 323 341 341 343 322 343 343 349 315 349 349 349 315 349 349 339 324 339 339 341 323 341 341 337 325 337 337 339 324 339 339 349 315 349 349 349 315 349 349 335 326 335 335 337 325 337 337 349 315 349 349 333 327 333 333 335 326 335 335 331 328 331 331 333 327 333 333 349 315 349 349 349 315 349 349 327 329 327 327 329 330 329 329 349 315 349 349 325 331 325 325 327 329 327 327 323 332 323 323 325 331 325 325 349 315 349 349 349 315 349 349 321 333 321 321 323 332 323 323 319 334 319 319 321 333 321 321 349 315 349 349 349 315 349 349 317 318 317 317 319 334 319 319 347 316 347 347 346 335 346 346 348 319 348 348 345 321 345 345 346 335 346 346 347 316 347 347 345 321 345 345 344 336 344 344 346 335 346 346 343 322 343 343 344 336 344 344 345 321 345 345 343 322 343 343 342 337 342 342 344 336 344 344 341 323 341 341 342 337 342 342 343 322 343 343 341 323 341 341 340 338 340 340 342 337 342 342 339 324 339 339 340 338 340 340 341 323 341 341 339 324 339 339 338 339 338 338 340 338 340 340 337 325 337 337 338 339 338 338 339 324 339 339 337 325 337 337 336 340 336 336 338 339 338 338 335 326 335 335 336 340 336 336 337 325 337 337 335 326 335 335 334 341 334 334 336 340 336 336 333 327 333 333 334 341 334 334 335 326 335 335 333 327 333 333 332 342 332 332 334 341 334 334 331 328 331 331 332 342 332 332 333 327 333 333 319 334 319 319 320 343 320 320 321 333 321 321 319 334 319 319 318 344 318 318 320 343 320 320 317 318 317 317 318 344 318 318 319 334 319 319 317 318 317 317 316 320 316 316 318 344 318 318 321 333 321 321 320 343 320 320 322 345 322 322 321 333 321 321 322 345 322 322 323 332 323 323 323 332 323 323 324 346 324 324 325 331 325 325 323 332 323 323 322 345 322 322 324 346 324 324 325 331 325 325 326 347 326 326 327 329 327 327 325 331 325 325 324 346 324 324 326 347 326 326 327 329 327 327 328 348 328 328 329 330 329 329 327 329 327 327 326 347 326 326 328 348 328 328 329 330 329 329 328 348 328 328 330 349 330 330 382 350 382 382 350 351 350 350 384 352 384 384 350 351 350 350 352 353 352 352 384 352 384 384 350 351 350 350 383 354 383 383 351 355 351 351 382 350 382 382 383 354 383 383 350 351 350 350 350 351 350 350 351 355 351 351 352 353 352 352 384 352 384 384 380 356 380 380 382 350 382 382 382 350 382 382 381 357 381 381 383 354 383 383 380 356 380 380 381 357 381 381 382 350 382 382 384 352 384 384 378 358 378 378 380 356 380 380 376 359 376 376 378 358 378 378 384 352 384 384 384 352 384 384 374 360 374 374 376 359 376 376 384 352 384 384 372 361 372 372 374 360 374 374 370 362 370 370 372 361 372 372 384 352 384 384 384 352 384 384 368 363 368 368 370 362 370 370 384 352 384 384 366 364 366 366 368 363 368 368 362 365 362 362 364 366 364 364 384 352 384 384 384 352 384 384 360 367 360 360 362 365 362 362 358 368 358 358 360 367 360 360 384 352 384 384 384 352 384 384 356 369 356 356 358 368 358 358 354 370 354 354 356 369 356 356 384 352 384 384 384 352 384 384 352 353 352 352 354 370 354 354 352 353 352 352 353 371 353 353 354 370 354 354 352 353 352 352 351 355 351 351 353 371 353 353 354 370 354 354 355 372 355 355 356 369 356 356 354 370 354 354 353 371 353 353 355 372 355 355 356 369 356 356 357 373 357 357 358 368 358 358 356 369 356 356 355 372 355 355 357 373 357 357 358 368 358 358 359 374 359 359 360 367 360 360 358 368 358 358 357 373 357 357 359 374 359 359 360 367 360 360 361 375 361 361 362 365 362 362 360 367 360 360 359 374 359 359 361 375 361 361 362 365 362 362 363 376 363 363 364 366 364 364 362 365 362 362 361 375 361 361 363 376 363 363 364 366 364 364 363 376 363 363 365 377 365 365 366 364 366 366 367 378 367 367 368 363 368 368 368 363 368 368 369 379 369 369 370 362 370 370 368 363 368 368 367 378 367 367 369 379 369 369 370 362 370 370 371 380 371 371 372 361 372 372 370 362 370 370 369 379 369 369 371 380 371 371 372 361 372 372 373 381 373 373 374 360 374 374 372 361 372 372 371 380 371 371 373 381 373 373 374 360 374 374 375 382 375 375 376 359 376 376 374 360 374 374 373 381 373 373 375 382 375 375 376 359 376 376 377 383 377 377 378 358 378 378 376 359 376 376 375 382 375 375 377 383 377 377 378 358 378 378 379 384 379 379 380 356 380 380 378 358 378 378 377 383 377 377 379 384 379 379 380 356 380 380 379 384 379 379 381 357 381 381 419 385 419 419 417 386 417 417 385 387 385 385 385 387 385 385 387 388 387 387 419 385 419 419 385 387 385 385 418 389 418 418 386 390 386 386 417 386 417 417 418 389 418 418 385 387 385 385 385 387 385 385 386 390 386 386 387 388 387 387 415 391 415 415 417 386 417 417 419 385 419 419 419 385 419 419 413 392 413 413 415 391 415 415 411 393 411 411 413 392 413 413 419 385 419 419 419 385 419 419 409 394 409 409 411 393 411 411 407 395 407 407 409 394 409 409 419 385 419 419 419 385 419 419 405 396 405 405 407 395 407 407 419 385 419 419 403 397 403 403 405 396 405 405 401 398 401 401 403 397 403 403 419 385 419 419 419 385 419 419 397 399 397 397 399 400 399 399 419 385 419 419 395 401 395 395 397 399 397 397 393 402 393 393 395 401 395 395 419 385 419 419 419 385 419 419 391 403 391 391 393 402 393 393 389 404 389 389 391 403 391 391 419 385 419 419 419 385 419 419 387 388 387 387 389 404 389 389 417 386 417 417 416 405 416 416 418 389 418 418 415 391 415 415 416 405 416 416 417 386 417 417 415 391 415 415 414 406 414 414 416 405 416 416 413 392 413 413 414 406 414 414 415 391 415 415 413 392 413 413 412 407 412 412 414 406 414 414 411 393 411 411 412 407 412 412 413 392 413 413 411 393 411 411 410 408 410 410 412 407 412 412 409 394 409 409 410 408 410 410 411 393 411 411 409 394 409 409 408 409 408 408 410 408 410 410 407 395 407 407 408 409 408 408 409 394 409 409 407 395 407 407 406 410 406 406 408 409 408 408 405 396 405 405 406 410 406 406 407 395 407 407 405 396 405 405 404 411 404 404 406 410 406 406 403 397 403 403 404 411 404 404 405 396 405 405 403 397 403 403 402 412 402 402 404 411 404 404 401 398 401 401 402 412 402 402 403 397 403 403 389 404 389 389 390 413 390 390 391 403 391 391 389 404 389 389 388 414 388 388 390 413 390 390 387 388 387 387 388 414 388 388 389 404 389 389 387 388 387 387 386 390 386 386 388 414 388 388 391 403 391 391 390 413 390 390 392 415 392 392 391 403 391 391 392 415 392 392 393 402 393 393 393 402 393 393 394 416 394 394 395 401 395 395 393 402 393 393 392 415 392 392 394 416 394 394 395 401 395 395 396 417 396 396 397 399 397 397 395 401 395 395 394 416 394 394 396 417 396 396 397 399 397 397 398 418 398 398 399 400 399 399 397 399 397 397 396 417 396 396 398 418 398 398 399 400 399 399 398 418 398 398 400 419 400 400 452 420 452 452 420 421 420 420 454 422 454 454 420 421 420 420 422 423 422 422 454 422 454 454 420 421 420 420 453 424 453 453 421 425 421 421 452 420 452 452 453 424 453 453 420 421 420 420 420 421 420 420 421 425 421 421 422 423 422 422 454 422 454 454 450 426 450 450 452 420 452 452 452 420 452 452 451 427 451 451 453 424 453 453 450 426 450 450 451 427 451 451 452 420 452 452 454 422 454 454 448 428 448 448 450 426 450 450 446 429 446 446 448 428 448 448 454 422 454 454 454 422 454 454 444 430 444 444 446 429 446 446 454 422 454 454 442 431 442 442 444 430 444 444 440 432 440 440 442 431 442 442 454 422 454 454 454 422 454 454 438 433 438 438 440 432 440 440 454 422 454 454 436 434 436 436 438 433 438 438 432 435 432 432 434 436 434 434 454 422 454 454 454 422 454 454 430 437 430 430 432 435 432 432 428 438 428 428 430 437 430 430 454 422 454 454 454 422 454 454 426 439 426 426 428 438 428 428 424 440 424 424 426 439 426 426 454 422 454 454 454 422 454 454 422 423 422 422 424 440 424 424 422 423 422 422 423 441 423 423 424 440 424 424 422 423 422 422 421 425 421 421 423 441 423 423 424 440 424 424 425 442 425 425 426 439 426 426 424 440 424 424 423 441 423 423 425 442 425 425 426 439 426 426 427 443 427 427 428 438 428 428 426 439 426 426 425 442 425 425 427 443 427 427 428 438 428 428 429 444 429 429 430 437 430 430 428 438 428 428 427 443 427 427 429 444 429 429 430 437 430 430 431 445 431 431 432 435 432 432 430 437 430 430 429 444 429 429 431 445 431 431 432 435 432 432 433 446 433 433 434 436 434 434 432 435 432 432 431 445 431 431 433 446 433 433 434 436 434 434 433 446 433 433 435 447 435 435 436 434 436 436 437 448 437 437 438 433 438 438 438 433 438 438 439 449 439 439 440 432 440 440 438 433 438 438 437 448 437 437 439 449 439 439 440 432 440 440 441 450 441 441 442 431 442 442 440 432 440 440 439 449 439 439 441 450 441 441 442 431 442 442 443 451 443 443 444 430 444 444 442 431 442 442 441 450 441 441 443 451 443 443 444 430 444 444 445 452 445 445 446 429 446 446 444 430 444 444 443 451 443 443 445 452 445 445 446 429 446 446 447 453 447 447 448 428 448 448 446 429 446 446 445 452 445 445 447 453 447 447 448 428 448 448 449 454 449 449 450 426 450 450 448 428 448 448 447 453 447 447 449 454 449 449 450 426 450 450 449 454 449 449 451 427 451 451 489 455 489 489 487 456 487 487 455 457 455 455 455 457 455 455 457 458 457 457 489 455 489 489 455 457 455 455 488 459 488 488 456 460 456 456 487 456 487 487 488 459 488 488 455 457 455 455 455 457 455 455 456 460 456 456 457 458 457 457 485 461 485 485 487 456 487 487 489 455 489 489 489 455 489 489 483 462 483 483 485 461 485 485 481 463 481 481 483 462 483 483 489 455 489 489 489 455 489 489 479 464 479 479 481 463 481 481 477 465 477 477 479 464 479 479 489 455 489 489 489 455 489 489 475 466 475 475 477 465 477 477 489 455 489 489 473 467 473 473 475 466 475 475 471 468 471 471 473 467 473 473 489 455 489 489 489 455 489 489 467 469 467 467 469 470 469 469 489 455 489 489 465 471 465 465 467 469 467 467 463 472 463 463 465 471 465 465 489 455 489 489 489 455 489 489 461 473 461 461 463 472 463 463 459 474 459 459 461 473 461 461 489 455 489 489 489 455 489 489 457 458 457 457 459 474 459 459 487 456 487 487 486 475 486 486 488 459 488 488 485 461 485 485 486 475 486 486 487 456 487 487 485 461 485 485 484 476 484 484 486 475 486 486 483 462 483 483 484 476 484 484 485 461 485 485 483 462 483 483 482 477 482 482 484 476 484 484 481 463 481 481 482 477 482 482 483 462 483 483 481 463 481 481 480 478 480 480 482 477 482 482 479 464 479 479 480 478 480 480 481 463 481 481 479 464 479 479 478 479 478 478 480 478 480 480 477 465 477 477 478 479 478 478 479 464 479 479 477 465 477 477 476 480 476 476 478 479 478 478 475 466 475 475 476 480 476 476 477 465 477 477 475 466 475 475 474 481 474 474 476 480 476 476 473 467 473 473 474 481 474 474 475 466 475 475 473 467 473 473 472 482 472 472 474 481 474 474 471 468 471 471 472 482 472 472 473 467 473 473 459 474 459 459 460 483 460 460 461 473 461 461 459 474 459 459 458 484 458 458 460 483 460 460 457 458 457 457 458 484 458 458 459 474 459 459 457 458 457 457 456 460 456 456 458 484 458 458 461 473 461 461 460 483 460 460 462 485 462 462 461 473 461 461 462 485 462 462 463 472 463 463 463 472 463 463 464 486 464 464 465 471 465 465 463 472 463 463 462 485 462 462 464 486 464 464 465 471 465 465 466 487 466 466 467 469 467 467 465 471 465 465 464 486 464 464 466 487 466 466 467 469 467 467 468 488 468 468 469 470 469 469 467 469 467 467 466 487 466 466 468 488 468 468 469 470 469 469 468 488 468 468 470 489 470 470 490 490 490 490 506 491 506 506 625 492 625 625 491 493 491 491 490 490 490 490 625 492 625 625 507 494 507 507 490 490 490 490 492 495 492 492 506 491 506 506 490 490 490 490 507 494 507 507 490 490 490 490 491 493 491 491 492 495 492 492 506 491 506 506 504 496 504 504 625 492 625 625 505 497 505 505 506 491 506 506 507 494 507 507 504 496 504 504 506 491 506 506 505 497 505 505 504 496 504 504 502 498 502 502 625 492 625 625 502 498 502 502 499 499 499 499 625 492 625 625 499 499 499 499 498 500 498 498 625 492 625 625 496 501 496 496 494 502 494 494 625 492 625 625 494 502 494 494 491 493 491 491 625 492 625 625 491 493 491 491 494 502 494 494 493 503 493 493 492 495 492 492 491 493 491 491 493 503 493 493 516 504 516 516 492 495 492 492 508 505 508 508 507 494 507 507 492 495 492 492 516 504 516 516 492 495 492 492 493 503 493 493 508 505 508 508 515 506 515 515 507 494 507 507 516 504 516 516 505 497 505 505 507 494 507 507 515 506 515 515 514 507 514 514 505 497 505 505 515 506 515 515 503 508 503 503 505 497 505 505 514 507 514 514 503 508 503 503 504 496 504 504 505 497 505 505 502 498 502 502 504 496 504 504 503 508 503 503 501 509 501 501 502 498 502 502 503 508 503 503 499 499 499 499 502 498 502 502 501 509 501 501 500 510 500 500 499 499 499 499 501 509 501 501 498 500 498 498 499 499 499 499 500 510 500 500 501 509 501 501 503 508 503 503 513 511 513 513 512 512 512 512 501 509 501 501 513 511 513 513 500 510 500 500 501 509 501 501 512 512 512 512 513 511 513 513 503 508 503 503 514 507 514 514 514 507 514 514 515 506 515 515 523 513 523 523 522 514 522 522 514 507 514 514 523 513 523 523 513 511 513 513 514 507 514 514 522 514 522 522 515 506 515 515 516 504 516 516 524 515 524 524 523 513 523 523 515 506 515 515 524 515 524 524 516 504 516 516 508 505 508 508 525 516 525 525 524 515 524 524 516 504 516 516 525 516 525 525 525 516 525 525 508 505 508 508 517 517 517 517 508 505 508 508 509 518 509 509 517 517 517 517 508 505 508 508 493 503 493 493 509 518 509 509 493 503 493 493 495 519 495 495 509 518 509 509 493 503 493 493 494 502 494 494 495 519 495 495 494 502 494 494 496 501 496 496 495 519 495 495 495 519 495 495 496 501 496 496 497 520 497 497 495 519 495 495 497 520 497 497 510 521 510 510 509 518 509 509 495 519 495 495 510 521 510 510 509 518 509 509 510 521 510 510 518 522 518 518 517 517 517 517 509 518 509 509 518 522 518 518 534 523 534 534 517 517 517 517 526 524 526 526 525 516 525 525 517 517 517 517 534 523 534 534 517 517 517 517 518 522 518 518 526 524 526 526 533 525 533 533 525 516 525 525 534 523 534 534 524 515 524 524 525 516 525 525 533 525 533 533 532 526 532 532 524 515 524 524 533 525 533 533 523 513 523 523 524 515 524 524 532 526 532 532 531 527 531 531 523 513 523 523 532 526 532 532 522 514 522 522 523 513 523 523 531 527 531 531 530 528 530 530 522 514 522 522 531 527 531 531 521 529 521 521 522 514 522 522 530 528 530 530 521 529 521 521 513 511 513 513 522 514 522 522 512 512 512 512 513 511 513 513 521 529 521 521 530 528 530 530 531 527 531 531 539 530 539 539 531 527 531 531 532 526 532 532 540 531 540 540 539 530 539 539 531 527 531 531 540 531 540 540 532 526 532 532 533 525 533 533 541 532 541 541 540 531 540 540 532 526 532 532 541 532 541 541 533 525 533 533 534 523 534 534 542 533 542 542 541 532 541 541 533 525 533 533 542 533 542 542 534 523 534 534 526 524 526 526 543 534 543 543 542 533 542 542 534 523 534 534 543 534 543 543 543 534 543 543 526 524 526 526 535 535 535 535 526 524 526 526 527 536 527 527 535 535 535 535 526 524 526 526 518 522 518 518 527 536 527 527 518 522 518 518 519 537 519 519 527 536 527 527 518 522 518 518 510 521 510 510 519 537 519 519 510 521 510 510 511 538 511 511 519 537 519 519 510 521 510 510 497 520 497 497 511 538 511 511 519 537 519 519 520 539 520 520 528 540 528 528 527 536 527 527 519 537 519 519 528 540 528 528 519 537 519 519 511 538 511 511 520 539 520 520 527 536 527 527 528 540 528 528 536 541 536 536 535 535 535 535 527 536 527 527 536 541 536 536 552 542 552 552 535 535 535 535 544 543 544 544 543 534 543 543 535 535 535 535 552 542 552 552 535 535 535 535 536 541 536 536 544 543 544 544 551 544 551 551 543 534 543 543 552 542 552 552 542 533 542 542 543 534 543 543 551 544 551 551 550 545 550 550 542 533 542 542 551 544 551 551 541 532 541 541 542 533 542 542 550 545 550 550 549 546 549 549 541 532 541 541 550 545 550 550 540 531 540 540 541 532 541 541 549 546 549 549 548 547 548 548 540 531 540 540 549 546 549 549 539 530 539 539 540 531 540 540 548 547 548 548 549 546 549 549 550 545 550 550 558 548 558 558 557 549 557 557 549 546 549 549 558 548 558 558 548 547 548 548 549 546 549 549 557 549 557 557 550 545 550 550 551 544 551 551 559 550 559 559 558 548 558 558 550 545 550 550 559 550 559 559 551 544 551 551 552 542 552 552 560 551 560 560 559 550 559 559 551 544 551 551 560 551 560 560 552 542 552 552 544 543 544 544 561 552 561 561 560 551 560 560 552 542 552 552 561 552 561 561 561 552 561 561 544 543 544 544 553 553 553 553 544 543 544 544 545 554 545 545 553 553 553 553 544 543 544 544 536 541 536 536 545 554 545 545 536 541 536 536 537 555 537 537 545 554 545 545 536 541 536 536 528 540 528 528 537 555 537 537 528 540 528 528 529 556 529 529 537 555 537 537 528 540 528 528 520 539 520 520 529 556 529 529 537 555 537 537 538 557 538 538 546 558 546 546 545 554 545 545 537 555 537 537 546 558 546 546 537 555 537 537 529 556 529 529 538 557 538 538 545 554 545 545 546 558 546 546 554 559 554 554 553 553 553 553 545 554 545 545 554 559 554 554 570 560 570 570 553 553 553 553 562 561 562 562 561 552 561 561 553 553 553 553 570 560 570 570 553 553 553 553 554 559 554 554 562 561 562 562 569 562 569 569 561 552 561 561 570 560 570 570 560 551 560 560 561 552 561 561 569 562 569 569 568 563 568 568 560 551 560 560 569 562 569 569 559 550 559 559 560 551 560 560 568 563 568 568 567 564 567 567 559 550 559 559 568 563 568 568 558 548 558 558 559 550 559 559 567 564 567 567 566 565 566 566 558 548 558 558 567 564 567 567 557 549 557 557 558 548 558 558 566 565 566 566 567 564 567 567 568 563 568 568 576 566 576 576 575 567 575 575 567 564 567 567 576 566 576 576 566 565 566 566 567 564 567 567 575 567 575 575 568 563 568 568 569 562 569 569 577 568 577 577 576 566 576 576 568 563 568 568 577 568 577 577 569 562 569 569 570 560 570 570 578 569 578 578 577 568 577 577 569 562 569 569 578 569 578 578 570 560 570 570 562 561 562 562 579 570 579 579 578 569 578 578 570 560 570 570 579 570 579 579 579 570 579 579 562 561 562 562 571 571 571 571 562 561 562 562 563 572 563 563 571 571 571 571 562 561 562 562 554 559 554 554 563 572 563 563 554 559 554 554 555 573 555 555 563 572 563 563 554 559 554 554 546 558 546 546 555 573 555 555 546 558 546 546 547 574 547 547 555 573 555 555 546 558 546 546 538 557 538 538 547 574 547 547 555 573 555 555 556 575 556 556 564 576 564 564 563 572 563 563 555 573 555 555 564 576 564 564 555 573 555 555 547 574 547 547 556 575 556 556 563 572 563 563 564 576 564 564 572 577 572 572 571 571 571 571 563 572 563 563 572 577 572 572 588 578 588 588 571 571 571 571 580 579 580 580 579 570 579 579 571 571 571 571 588 578 588 588 571 571 571 571 572 577 572 572 580 579 580 580 587 580 587 587 579 570 579 579 588 578 588 588 578 569 578 578 579 570 579 579 587 580 587 587 586 581 586 586 578 569 578 578 587 580 587 587 577 568 577 577 578 569 578 578 586 581 586 586 585 582 585 585 577 568 577 577 586 581 586 586 576 566 576 576 577 568 577 577 585 582 585 585 584 583 584 584 576 566 576 576 585 582 585 585 575 567 575 575 576 566 576 576 584 583 584 584 585 582 585 585 586 581 586 586 594 584 594 594 593 585 593 593 585 582 585 585 594 584 594 594 584 583 584 584 585 582 585 585 593 585 593 593 586 581 586 586 587 580 587 587 595 586 595 595 594 584 594 594 586 581 586 586 595 586 595 595 587 580 587 587 588 578 588 588 596 587 596 596 595 586 595 595 587 580 587 587 596 587 596 596 588 578 588 588 580 579 580 580 597 588 597 597 596 587 596 596 588 578 588 588 597 588 597 597 597 588 597 597 580 579 580 580 589 589 589 589 580 579 580 580 581 590 581 581 589 589 589 589 580 579 580 580 572 577 572 572 581 590 581 581 572 577 572 572 573 591 573 573 581 590 581 581 572 577 572 572 564 576 564 564 573 591 573 573 564 576 564 564 565 592 565 565 573 591 573 573 564 576 564 564 556 575 556 556 565 592 565 565 573 591 573 573 574 593 574 574 582 594 582 582 581 590 581 581 573 591 573 573 582 594 582 582 573 591 573 573 565 592 565 565 574 593 574 574 581 590 581 581 582 594 582 582 590 595 590 590 589 589 589 589 581 590 581 581 590 595 590 590 606 596 606 606 589 589 589 589 598 597 598 598 597 588 597 597 589 589 589 589 606 596 606 606 589 589 589 589 590 595 590 590 598 597 598 598 605 598 605 605 597 588 597 597 606 596 606 606 596 587 596 596 597 588 597 597 605 598 605 605 604 599 604 604 596 587 596 596 605 598 605 605 595 586 595 595 596 587 596 596 604 599 604 604 603 600 603 603 595 586 595 595 604 599 604 604 594 584 594 594 595 586 595 595 603 600 603 603 602 601 602 602 594 584 594 594 603 600 603 603 593 585 593 593 594 584 594 594 602 601 602 602 603 600 603 603 604 599 604 604 612 602 612 612 611 603 611 611 603 600 603 603 612 602 612 612 602 601 602 602 603 600 603 603 611 603 611 611 604 599 604 604 605 598 605 605 613 604 613 613 612 602 612 612 604 599 604 604 613 604 613 613 605 598 605 605 606 596 606 606 614 605 614 614 613 604 613 613 605 598 605 605 614 605 614 614 606 596 606 606 598 597 598 598 615 606 615 615 614 605 614 614 606 596 606 606 615 606 615 615 615 606 615 615 598 597 598 598 607 607 607 607 598 597 598 598 599 608 599 599 607 607 607 607 598 597 598 598 590 595 590 590 599 608 599 599 590 595 590 590 591 609 591 591 599 608 599 599 590 595 590 590 582 594 582 582 591 609 591 591 582 594 582 582 583 610 583 583 591 609 591 591 582 594 582 582 574 593 574 574 583 610 583 583 591 609 591 591 592 611 592 592 600 612 600 600 599 608 599 599 591 609 591 591 600 612 600 600 591 609 591 591 583 610 583 583 592 611 592 592 599 608 599 599 600 612 600 600 608 613 608 608 607 607 607 607 599 608 599 599 608 613 608 608 624 614 624 624 607 607 607 607 616 615 616 616 615 606 615 615 607 607 607 607 624 614 624 624 607 607 607 607 608 613 608 608 616 615 616 616 623 616 623 623 615 606 615 615 624 614 624 624 614 605 614 614 615 606 615 615 623 616 623 623 622 617 622 622 614 605 614 614 623 616 623 623 613 604 613 613 614 605 614 614 622 617 622 622 621 618 621 621 613 604 613 613 622 617 622 622 612 602 612 612 613 604 613 613 621 618 621 621 620 619 620 620 612 602 612 612 621 618 621 621 611 603 611 611 612 602 612 612 620 619 620 620 621 618 621 621 622 617 622 622 626 620 626 626 620 619 620 620 621 618 621 621 626 620 626 626 623 616 623 623 626 620 626 626 622 617 622 622 623 616 623 623 624 614 624 624 626 620 626 626 624 614 624 624 616 615 616 616 626 620 626 626 616 615 616 616 617 621 617 617 626 620 626 626 616 615 616 616 608 613 608 608 617 621 617 617 608 613 608 608 609 622 609 609 617 621 617 617 608 613 608 608 600 612 600 600 609 622 609 609 600 612 600 600 601 623 601 601 609 622 609 609 600 612 600 600 592 611 592 592 601 623 601 601 609 622 609 609 610 624 610 610 618 625 618 618 617 621 617 617 609 622 609 609 618 625 618 618 609 622 609 609 601 623 601 601 610 624 610 610 617 621 617 617 618 625 618 618 626 620 626 626 618 625 618 618 619 626 619 619 626 620 626 626 618 625 618 618 610 624 610 610 619 626 619 619 627 627 627 627 762 628 762 762 643 629 643 643 629 630 629 629 762 628 762 762 627 627 627 627 627 627 627 627 644 631 644 644 628 632 628 628 643 629 643 643 644 631 644 644 627 627 627 627 627 627 627 627 628 632 628 628 629 630 629 629 643 629 643 643 762 628 762 762 641 633 641 641 641 633 641 641 762 628 762 762 639 634 639 639 639 634 639 639 762 628 762 762 637 635 637 637 637 635 637 637 762 628 762 762 635 636 635 635 633 637 633 633 762 628 762 762 631 638 631 631 631 638 631 631 762 628 762 762 629 630 629 629 643 629 643 643 642 639 642 642 644 631 644 644 641 633 641 641 642 639 642 642 643 629 643 643 644 631 644 644 653 640 653 653 628 632 628 628 644 631 644 644 652 641 652 652 653 640 653 653 642 639 642 642 652 641 652 652 644 631 644 644 628 632 628 628 653 640 653 653 645 642 645 645 628 632 628 628 645 642 645 645 630 643 630 630 629 630 629 629 628 632 628 628 630 643 630 630 629 630 629 629 630 643 630 630 631 638 631 631 631 638 631 631 632 644 632 632 633 637 633 633 631 638 631 631 630 643 630 630 632 644 632 632 633 637 633 633 632 644 632 632 634 645 634 634 632 644 632 632 647 646 647 647 634 645 634 634 632 644 632 632 646 647 646 646 647 646 647 647 630 643 630 630 646 647 646 646 632 644 632 632 630 643 630 630 645 642 645 645 646 647 646 646 645 642 645 645 662 648 662 662 654 649 654 654 653 640 653 653 662 648 662 662 645 642 645 645 645 642 645 645 654 649 654 654 646 647 646 646 653 640 653 653 661 650 661 661 662 648 662 662 652 641 652 652 661 650 661 661 653 640 653 653 652 641 652 652 660 651 660 660 661 650 661 661 651 652 651 651 660 651 660 660 652 641 652 652 642 639 642 642 651 652 651 651 652 641 652 652 640 653 640 640 651 652 651 651 642 639 642 642 641 633 641 641 640 653 640 640 642 639 642 642 639 634 639 639 640 653 640 640 641 633 641 641 639 634 639 639 638 654 638 638 640 653 640 640 637 635 637 637 638 654 638 638 639 634 639 639 637 635 637 637 636 655 636 636 638 654 638 638 635 636 635 635 636 655 636 636 637 635 637 637 638 654 638 638 650 656 650 650 640 653 640 640 638 654 638 638 649 657 649 649 650 656 650 650 636 655 636 636 649 657 649 649 638 654 638 638 640 653 640 640 650 656 650 650 651 652 651 651 651 652 651 651 659 658 659 659 660 651 660 660 650 656 650 650 659 658 659 659 651 652 651 651 660 651 660 660 669 659 669 669 661 650 661 661 660 651 660 660 668 660 668 668 669 659 669 669 659 658 659 659 668 660 668 668 660 651 660 660 661 650 661 661 670 661 670 670 662 648 662 662 661 650 661 661 669 659 669 669 670 661 670 670 662 648 662 662 671 662 671 671 654 649 654 654 662 648 662 662 670 661 670 670 671 662 671 671 654 649 654 654 671 662 671 671 663 663 663 663 654 649 654 654 663 663 663 663 655 664 655 655 646 647 646 646 654 649 654 654 655 664 655 655 646 647 646 646 655 664 655 655 647 646 647 647 647 646 647 647 656 665 656 656 648 666 648 648 647 646 647 647 655 664 655 655 656 665 656 656 634 645 634 634 647 646 647 647 648 666 648 648 655 664 655 655 664 667 664 664 656 665 656 656 655 664 655 655 663 663 663 663 664 667 664 664 663 663 663 663 680 668 680 680 672 669 672 672 671 662 671 671 680 668 680 680 663 663 663 663 663 663 663 663 672 669 672 672 664 667 664 664 671 662 671 671 679 670 679 679 680 668 680 680 670 661 670 670 679 670 679 679 671 662 671 671 670 661 670 670 678 671 678 678 679 670 679 679 669 659 669 669 678 671 678 678 670 661 670 670 669 659 669 669 677 672 677 677 678 671 678 678 668 660 668 668 677 672 677 677 669 659 669 669 668 660 668 668 676 673 676 676 677 672 677 677 667 674 667 667 676 673 676 676 668 660 668 668 659 658 659 659 667 674 667 667 668 660 668 668 658 675 658 658 667 674 667 667 659 658 659 659 650 656 650 650 658 675 658 658 659 658 659 659 649 657 649 649 658 675 658 658 650 656 650 650 676 673 676 676 685 676 685 685 677 672 677 677 677 672 677 677 686 677 686 686 678 671 678 678 677 672 677 677 685 676 685 685 686 677 686 686 678 671 678 678 687 678 687 687 679 670 679 679 678 671 678 678 686 677 686 686 687 678 687 687 679 670 679 679 688 679 688 688 680 668 680 680 679 670 679 679 687 678 687 687 688 679 688 688 680 668 680 680 689 680 689 689 672 669 672 672 680 668 680 680 688 679 688 688 689 680 689 689 672 669 672 672 689 680 689 689 681 681 681 681 672 669 672 672 681 681 681 681 673 682 673 673 664 667 664 664 672 669 672 672 673 682 673 673 664 667 664 664 673 682 673 673 665 683 665 665 656 665 656 656 664 667 664 664 665 683 665 665 656 665 656 656 665 683 665 665 657 684 657 657 648 666 648 648 656 665 656 656 657 684 657 657 665 683 665 665 674 685 674 674 666 686 666 666 665 683 665 665 673 682 673 673 674 685 674 674 657 684 657 657 665 683 665 665 666 686 666 666 673 682 673 673 682 687 682 682 674 685 674 674 673 682 673 673 681 681 681 681 682 687 682 682 681 681 681 681 698 688 698 698 690 689 690 690 689 680 689 689 698 688 698 698 681 681 681 681 681 681 681 681 690 689 690 690 682 687 682 682 689 680 689 689 697 690 697 697 698 688 698 698 688 679 688 688 697 690 697 697 689 680 689 689 688 679 688 688 696 691 696 696 697 690 697 697 687 678 687 687 696 691 696 696 688 679 688 688 687 678 687 687 695 692 695 695 696 691 696 696 686 677 686 686 695 692 695 695 687 678 687 687 686 677 686 686 694 693 694 694 695 692 695 695 685 676 685 685 694 693 694 694 686 677 686 686 695 692 695 695 704 694 704 704 696 691 696 696 695 692 695 695 703 695 703 703 704 694 704 704 694 693 694 694 703 695 703 703 695 692 695 695 696 691 696 696 705 696 705 705 697 690 697 697 696 691 696 696 704 694 704 704 705 696 705 705 697 690 697 697 706 697 706 706 698 688 698 698 697 690 697 697 705 696 705 705 706 697 706 706 698 688 698 698 707 698 707 707 690 689 690 690 698 688 698 698 706 697 706 706 707 698 707 707 690 689 690 690 707 698 707 707 699 699 699 699 690 689 690 690 699 699 699 699 691 700 691 691 682 687 682 682 690 689 690 690 691 700 691 691 682 687 682 682 691 700 691 691 683 701 683 683 674 685 674 674 682 687 682 682 683 701 683 683 674 685 674 674 683 701 683 683 675 702 675 675 666 686 666 666 674 685 674 674 675 702 675 675 683 701 683 683 692 703 692 692 684 704 684 684 683 701 683 683 691 700 691 691 692 703 692 692 675 702 675 675 683 701 683 683 684 704 684 684 691 700 691 691 700 705 700 700 692 703 692 692 691 700 691 691 699 699 699 699 700 705 700 700 699 699 699 699 716 706 716 716 708 707 708 708 707 698 707 707 716 706 716 716 699 699 699 699 699 699 699 699 708 707 708 708 700 705 700 700 707 698 707 707 715 708 715 715 716 706 716 716 706 697 706 706 715 708 715 715 707 698 707 707 706 697 706 706 714 709 714 714 715 708 715 715 705 696 705 705 714 709 714 714 706 697 706 706 705 696 705 705 713 710 713 713 714 709 714 714 704 694 704 704 713 710 713 713 705 696 705 705 704 694 704 704 712 711 712 712 713 710 713 713 703 695 703 703 712 711 712 712 704 694 704 704 713 710 713 713 722 712 722 722 714 709 714 714 713 710 713 713 721 713 721 721 722 712 722 722 712 711 712 712 721 713 721 721 713 710 713 713 714 709 714 714 723 714 723 723 715 708 715 715 714 709 714 714 722 712 722 722 723 714 723 723 715 708 715 715 724 715 724 724 716 706 716 716 715 708 715 715 723 714 723 723 724 715 724 724 716 706 716 716 725 716 725 725 708 707 708 708 716 706 716 716 724 715 724 724 725 716 725 725 708 707 708 708 725 716 725 725 717 717 717 717 708 707 708 708 717 717 717 717 709 718 709 709 700 705 700 700 708 707 708 708 709 718 709 709 700 705 700 700 709 718 709 709 701 719 701 701 692 703 692 692 700 705 700 700 701 719 701 701 692 703 692 692 701 719 701 701 693 720 693 693 684 704 684 684 692 703 692 692 693 720 693 693 701 719 701 701 710 721 710 710 702 722 702 702 701 719 701 701 709 718 709 709 710 721 710 710 693 720 693 693 701 719 701 701 702 722 702 702 709 718 709 709 718 723 718 718 710 721 710 710 709 718 709 709 717 717 717 717 718 723 718 718 717 717 717 717 734 724 734 734 726 725 726 726 725 716 725 725 734 724 734 734 717 717 717 717 717 717 717 717 726 725 726 726 718 723 718 718 725 716 725 725 733 726 733 733 734 724 734 734 724 715 724 724 733 726 733 733 725 716 725 725 724 715 724 724 732 727 732 732 733 726 733 733 723 714 723 723 732 727 732 732 724 715 724 724 723 714 723 723 731 728 731 731 732 727 732 732 722 712 722 722 731 728 731 731 723 714 723 723 722 712 722 722 730 729 730 730 731 728 731 731 721 713 721 721 730 729 730 730 722 712 722 722 731 728 731 731 740 730 740 740 732 727 732 732 731 728 731 731 739 731 739 739 740 730 740 740 730 729 730 730 739 731 739 739 731 728 731 731 732 727 732 732 741 732 741 741 733 726 733 733 732 727 732 732 740 730 740 740 741 732 741 741 733 726 733 733 742 733 742 742 734 724 734 734 733 726 733 733 741 732 741 741 742 733 742 742 734 724 734 734 743 734 743 743 726 725 726 726 734 724 734 734 742 733 742 742 743 734 743 743 726 725 726 726 743 734 743 743 735 735 735 735 726 725 726 726 735 735 735 735 727 736 727 727 718 723 718 718 726 725 726 726 727 736 727 727 718 723 718 718 727 736 727 727 719 737 719 719 710 721 710 710 718 723 718 718 719 737 719 719 710 721 710 710 719 737 719 719 711 738 711 711 702 722 702 702 710 721 710 710 711 738 711 711 719 737 719 719 728 739 728 728 720 740 720 720 719 737 719 719 727 736 727 727 728 739 728 728 711 738 711 711 719 737 719 719 720 740 720 720 727 736 727 727 736 741 736 736 728 739 728 728 727 736 727 727 735 735 735 735 736 741 736 736 735 735 735 735 752 742 752 752 744 743 744 744 743 734 743 743 752 742 752 752 735 735 735 735 735 735 735 735 744 743 744 744 736 741 736 736 743 734 743 743 751 744 751 751 752 742 752 752 742 733 742 742 751 744 751 751 743 734 743 743 742 733 742 742 750 745 750 750 751 744 751 751 741 732 741 741 750 745 750 750 742 733 742 742 741 732 741 741 749 746 749 749 750 745 750 750 740 730 740 740 749 746 749 749 741 732 741 741 740 730 740 740 748 747 748 748 749 746 749 749 739 731 739 739 748 747 748 748 740 730 740 740 749 746 749 749 758 748 758 758 750 745 750 750 749 746 749 749 757 749 757 757 758 748 758 758 748 747 748 748 757 749 757 757 749 746 749 749 750 745 750 750 759 750 759 759 751 744 751 751 750 745 750 750 758 748 758 758 759 750 759 759 751 744 751 751 760 751 760 760 752 742 752 752 751 744 751 751 759 750 759 759 760 751 760 760 752 742 752 752 761 752 761 761 744 743 744 744 752 742 752 752 760 751 760 760 761 752 761 761 744 743 744 744 761 752 761 761 753 753 753 753 744 743 744 744 753 753 753 753 745 754 745 745 736 741 736 736 744 743 744 744 745 754 745 745 736 741 736 736 745 754 745 745 737 755 737 737 728 739 728 728 736 741 736 736 737 755 737 737 728 739 728 728 737 755 737 737 729 756 729 729 720 740 720 720 728 739 728 728 729 756 729 729 737 755 737 737 746 757 746 746 738 758 738 738 737 755 737 737 745 754 745 745 746 757 746 746 729 756 729 729 737 755 737 737 738 758 738 738 745 754 745 745 754 759 754 754 746 757 746 746 745 754 745 745 753 753 753 753 754 759 754 754 761 752 761 761 763 760 763 763 753 753 753 753 753 753 753 753 763 760 763 763 754 759 754 754 760 751 760 760 763 760 763 763 761 752 761 761 759 750 759 759 763 760 763 763 760 751 760 760 758 748 758 758 763 760 763 763 759 750 759 759 757 749 757 757 763 760 763 763 758 748 758 758 755 761 755 755 763 760 763 763 756 762 756 756 754 759 754 754 763 760 763 763 755 761 755 755 746 757 746 746 754 759 754 754 755 761 755 755 746 757 746 746 755 761 755 755 747 763 747 747 738 758 738 738 746 757 746 746 747 763 747 747 747 763 747 747 755 761 755 755 756 762 756 756</p>
        </triangles>
      </mesh>
    </geometry>
  </library_geometries>
  <library_controllers>
    <controller id="geom-GamemodelShape-skin1">
      <skin source="#geom-GamemodelShape">
        <bind_shape_matrix>-1.62921e-7 0 -0.9999999 8.17792 0 1 0 -9.70267 0.9999999 0 -1.62921e-7 0.268775 0 0 0 1</bind_shape_matrix>
        <source id="geom-GamemodelShape-skin1-joints">
          <Name_array id="geom-GamemodelShape-skin1-joints-array" count="3">joint0 joint1 joint2</Name_array>
          <technique_common>
            <accessor source="#geom-GamemodelShape-skin1-joints-array" count="3" stride="1">
              <param name="JOINT" type="name"/>
            </accessor>
          </technique_common>
        </source>
        <source id="geom-GamemodelShape-skin1-bind_poses">
          <float_array id="geom-GamemodelShape-skin1-bind_poses-array" count="48">1 0 0 0 0 1 0 0 0 0 1 0 0 0 0 1 1 0 0 0 0 1 0 0 0 0 1 0 0 0 0 1 -1.19209e-7 0 1 -0.268774 0 1 0 9.70267 -1 0 -1.19209e-7 8.177921 0 0 0 1</float_array>
          <technique_common>
            <accessor source="#geom-GamemodelShape-skin1-bind_poses-array" count="3" stride="16">
              <param name="TRANSFORM" type="float4x4"/>
            </accessor>
          </technique_common>
        </source>
        <source id="geom-GamemodelShape-skin1-weights">
          <float_array id="geom-GamemodelShape-skin1-weights-array" count="1">1</float_array>
          <technique_common>
            <accessor source="#geom-GamemodelShape-skin1-weights-array" count="1" stride="1">
              <param name="WEIGHT" type="float"/>
            </accessor>
          </technique_common>
        </source>
        <joints>
          <input semantic="JOINT" source="#geom-GamemodelShape-skin1-joints"/>
          <input semantic="INV_BIND_MATRIX" source="#geom-GamemodelShape-skin1-bind_poses"/>
        </joints>
        <vertex_weights count="764">
          <input semantic="JOINT" source="#geom-GamemodelShape-skin1-joints" offset="0"/>
          <input semantic="WEIGHT" source="#geom-GamemodelShape-skin1-weights" offset="1"/>
          <vcount>1 1 1 1 1 1 1 1 1 1 1 1 1 1 1 1 1 1 1 1 1 1 1 1 1 1 1 1 1 1 1 1 1 1 1 1 1 1 1 1 1 1 1 1 1 1 1 1 1 1 1 1 1 1 1 1 1 1 1 1 1 1 1 1 1 1 1 1 1 1 1 1 1 1 1 1 1 1 1 1 1 1 1 1 1 1 1 1 1 1 1 1 1 1 1 1 1 1 1 1 1 1 1 1 1 1 1 1 1 1 1 1 1 1 1 1 1 1 1 1 1 1 1 1 1 1 1 1 1 1 1 1 1 1 1 1 1 1 1 1 1 1 1 1 1 1 1 1 1 1 1 1 1 1 1 1 1 1 1 1 1 1 1 1 1 1 1 1 1 1 1 1 1 1 1 1 1 1 1 1 1 1 1 1 1 1 1 1 1 1 1 1 1 1 1 1 1 1 1 1 1 1 1 1 1 1 1 1 1 1 1 1 1 1 1 1 1 1 1 1 1 1 1 1 1 1 1 1 1 1 1 1 1 1 1 1 1 1 1 1 1 1 1 1 1 1 1 1 1 1 1 1 1 1 1 1 1 1 1 1 1 1 1 1 1 1 1 1 1 1 1 1 1 1 1 1 1 1 1 1 1 1 1 1 1 1 1 1 1 1 1 1 1 1 1 1 1 1 1 1 1 1 1 1 1 1 1 1 1 1 1 1 1 1 1 1 1 1 1 1 1 1 1 1 1 1 1 1 1 1 1 1 1 1 1 1 1 1 1 1 1 1 1 1 1 1 1 1 1 1 1 1 1 1 1 1 1 1 1 1 1 1 1 1 1 1 1 1 1 1 1 1 1 1 1 1 1 1 1 1 1 1 1 1 1 1 1 1 1 1 1 1 1 1 1 1 1 1 1 1 1 1 1 1 1 1 1 1 1 1 1 1 1 1 1 1 1 1 1 1 1 1 1 1 1 1 1 1 1 1 1 1 1 1 1 1 1 1 1 1 1 1 1 1 1 1 1 1 1 1 1 1 1 1 1 1 1 1 1 1 1 1 1 1 1 1 1 1 1 1 1 1 1 1 1 1 1 1 1 1 1 1 1 1 1 1 1 1 1 1 1 1 1 1 1 1 1 1 1 1 1 1 1 1 1 1 1 1 1 1 1 1 1 1 1 1 1 1 1 1 1 1 1 1 1 1 1 1 1 1 1 1 1 1 1 1 1 1 1 1 1 1 1 1 1 1 1 1 1 1 1 1 1 1 1 1 1 1 1 1 1 1 1 1 1 1 1 1 1 1 1 1 1 1 1 1 1 1 1 1 1 1 1 1 1 1 1 1 1 1 1 1 1 1 1 1 1 1 1 1 1 1 1 1 1 1 1 1 1 1 1 1 1 1 1 1 1 1 1 1 1 1 1 1 1 1 1 1 1 1 1 1 1 1 1 1 1 1 1 1 1 1 1 1 1 1 1 1 1 1 1 1 1 1 1 1 1 1 1 1 1 1 1 1 1 1 1 1 1 1 1 1 1 1 1 1 1 1 1 1 1 1 1 1 1 1 1 1 1 1 1 1 1 1 1 1 1 1 1 1 1 1 1 1 1 1 1 1 1 1 1 1 1 1 1 1 1 1 1 1 1 1 1 1 1 1 1 1 1 1 1 1 1 1 1 1 1 1 1 1 1 1 1 1 1 1 1 1 1 1 1 1 1 1 1 1 1 1 1 1 1 1 1 1</vcount>
          <v>2 0 2 0 2 0 2 0 2 0 2 0 2 0 2 0 2 0 2 0 2 0 2 0 2 0 2 0 2 0 2 0 2 0 2 0 2 0 2 0 2 0 2 0 2 0 2 0 2 0 2 0 2 0 2 0 2 0 2 0 2 0 2 0 2 0 2 0 2 0 2 0 2 0 2 0 2 0 2 0 2 0 2 0 2 0 2 0 2 0 2 0 2 0 2 0 2 0 2 0 2 0 2 0 2 0 2 0 2 0 2 0 2 0 2 0 2 0 2 0 2 0 2 0 2 0 2 0 2 0 2 0 2 0 2 0 2 0 2 0 2 0 2 0 2 0 2 0 2 0 2 0 2 0 2 0 2 0 2 0 2 0 2 0 2 0 2 0 2 0 2 0 2 0 2 0 2 0 2 0 2 0 2 0 2 0 2 0 2 0 2 0 2 0 2 0 2 0 2 0 2 0 2 0 2 0 2 0 2 0 2 0 2 0 2 0 2 0 2 0 2 0 2 0 2 0 2 0 2 0 2 0 2 0 2 0 2 0 2 0 2 0 2 0 2 0 2 0 2 0 2 0 2 0 2 0 2 0 2 0 2 0 2 0 2 0 2 0 2 0 2 0 2 0 2 0 2 0 2 0 2 0 2 0 2 0 2 0 2 0 2 0 2 0 2 0 2 0 2 0 2 0 2 0 2 0 2 0 2 0 2 0 2 0 2 0 2 0 2 0 2 0 2 0 2 0 2 0 2 0 2 0 2 0 2 0 2 0 2 0 2 0 2 0 2 0 2 0 2 0 2 0 2 0 2 0 2 0 2 0 2 0 2 0 2 0 2 0 2 0 2 0 2 0 2 0 2 0 2 0 2 0 2 0 2 0 2 0 2 0 2 0 2 0 2 0 2 0 2 0 2 0 2 0 2 0 2 0 2 0 2 0 2 0 2 0 2 0 2 0 2 0 2 0 2 0 2 0 2 0 2 0 2 0 2 0 2 0 2 0 2 0 2 0 2 0 2 0 2 0 2 0 2 0 2 0 2 0 2 0 2 0 2 0 2 0 2 0 2 0 2 0 2 0 2 0 2 0 2 0 2 0 2 0 2 0 2 0 2 0 2 0 2 0 2 0 2 0 2 0 2 0 2 0 2 0 2 0 2 0 2 0 2 0 2 0 2 0 2 0 2 0 2 0 2 0 2 0 2 0 2 0 2 0 2 0 2 0 2 0 2 0 2 0 2 0 2 0 2 0 2 0 2 0 2 0 2 0 2 0 2 0 2 0 2 0 2 0 2 0 2 0 2 0 2 0 2 0 2 0 2 0 2 0 2 0 2 0 2 0 2 0 2 0 2 0 2 0 2 0 2 0 2 0 2 0 2 0 2 0 2 0 2 0 2 0 2 0 2 0 2 0 2 0 2 0 2 0 2 0 2 0 2 0 2 0 2 0 2 0 2 0 2 0 2 0 2 0 2 0 2 0 2 0 2 0 2 0 2 0 2 0 2 0 2 0 2 0 2 0 2 0 2 0 2 0 2 0 2 0 2 0 2 0 2 0 2 0 2 0 2 0 2 0 2 0 2 0 2 0 2 0 2 0 2 0 2 0 2 0 2 0 2 0 2 0 2 0 2 0 2 0 2 0 2 0 2 0 2 0 2 0 2 0 2 0 2 0 2 0 2 0 2 0 2 0 2 0 2 0 2 0 2 0 2 0 2 0 2 0 2 0 2 0 2 0 2 0 2 0 2 0 2 0 2 0 2 0 2 0 2 0 2 0 2 0 2 0 2 0 2 0 2 0 2 0 2 0 2 0 2 0 2 0 2 0 2 0 2 0 2 0 2 0 2 0 2 0 2 0 2 0 2 0 2 0 2 0 2 0 2 0 2 0 2 0 2 0 2 0 2 0 2 0 2 0 2 0 2 0 2 0 2 0 2 0 2 0 2 0 2 0 2 0 2 0 2 0 2 0 2 0 2 0 2 0 2 0 2 0 2 0 2 0 2 0 2 0 2 0 2 0 2 0 2 0 2 0 2 0 2 0 2 0 2 0 2 0 2 0 2 0 2 0 2 0 2 0 2 0 2 0 2 0 2 0 2 0 2 0 2 0 2 0 2 0 2 0 2 0 2 0 2 0 2 0 2 0 2 0 2 0 2 0 2 0 2 0 2 0 2 0 2 0 2 0 2 0 2 0 2 0 2 0 2 0 2 0 2 0 2 0 2 0 2 0 2 0 2 0 2 0 2 0 2 0 2 0 2 0 2 0 2 0 2 0 2 0 2 0 2 0 2 0 2 0 2 0 2 0 2 0 2 0 2 0 2 0 2 0 2 0 2 0 2 0 2 0 2 0 2 0 2 0 2 0 2 0 2 0 2 0 2 0 2 0 2 0 2 0 2 0 2 0 2 0 2 0 2 0 2 0 2 0 2 0 2 0 2 0 2 0 2 0 2 0 2 0 2 0 2 0 2 0 2 0 2 0 2 0 2 0 2 0 2 0 2 0 2 0 2 0 2 0 2 0 2 0 2 0 2 0 2 0 2 0 2 0 2 0 2 0 2 0 2 0 2 0 2 0 2 0 2 0 2 0 2 0 2 0 2 0 2 0 2 0 2 0 2 0 2 0 2 0 2 0 2 0 2 0 2 0 2 0 2 0 2 0 2 0 2 0 2 0 2 0 2 0 2 0 2 0 2 0 2 0 2 0 2 0 2 0 2 0 2 0 2 0 2 0 2 0 2 0 2 0 2 0 2 0 2 0 2 0 2 0 2 0 2 0 2 0 2 0 2 0 2 0 2 0 2 0 2 0 2 0 2 0 2 0 2 0 2 0 2 0 2 0 2 0 2 0 2 0 2 0 2 0 2 0 2 0 2 0 2 0 2 0 2 0 2 0 2 0 2 0 2 0 2 0 2 0 2 0 2 0 2 0 2 0 2 0 2 0 2 0 2 0 2 0 2 0 2 0 2 0 2 0 2 0 2 0 2 0 2 0 2 0 2 0 2 0 2 0 2 0 2 0 2 0 2 0 2 0 2 0 2 0 2 0 2 0 2 0 2 0 2 0 2 0 2 0 2 0 2 0 2 0 2 0 2 0 2 0 2 0 2 0 2 0 2 0 2 0 2 0 2 0 2 0 2 0 2 0 2 0 2 0 2 0 2 0 2 0 2 0 2 0 2 0 2 0 2 0 2 0 2 0 2 0 2 0 2 0 2 0 2 0 2 0 2 0 2 0 2 0 2 0 2 0 2 0 2 0 2 0 2 0 2 0 2 0 2 0 2 0 2 0 2 0 2 0 2 0 2 0 2 0 2 0 2 0 2 0 2 0 2 0 2 0 2 0 2 0 2 0 2 0 2 0 2 0 2 0 2 0 2 0 2 0 2 0 2 0 2 0 2 0 2 0 2 0 2 0 2 0 2 0 2 0 2 0 2 0 2 0 2 0</v>
        </vertex_weights>
      </skin>
    </controller>
  </library_controllers>
  <library_lights>
    <light id="EnvironmentAmbientLight" name="EnvironmentAmbientLight">
      <technique_common>
        <ambient>
          <color>0 0 0</color>
        </ambient>
      </technique_common>
    </light>
  </library_lights>
  <library_images>
    <image id="mastarhand_ironball_col_png">
      <init_from>./images/Masterhandironball/mastarhand_ironball_col.png</init_from>
    </image>
  </library_images>
  <library_visual_scenes>
    <visual_scene id="MaxScene">
      <node name="EnvironmentAmbientLight">
        <instance_light url="#EnvironmentAmbientLight"/>
      </node>
      <node id="node-Top" name="Top" sid="joint0" type="JOINT">
        <node id="node-Rot" name="Rot" sid="joint1" type="JOINT">
          <node id="node-Have" name="Have" sid="joint2" type="JOINT">
            <translate>8.17792 -9.70267 0.268775</translate>
            <rotate>0 1 0 -90</rotate>
            <extra>
              <technique profile="OpenCOLLADA">
                <cast_shadows sid="cast_shadows" type="bool">1</cast_shadows>
                <receive_shadows sid="receive_shadows" type="bool">1</receive_shadows>
                <primary_visibility sid="primary_visibility" type="bool">1</primary_visibility>
                <secondary_visibility sid="secondary_visibility" type="bool">1</secondary_visibility>
              </technique>
            </extra>
          </node>
          <extra>
            <technique profile="OpenCOLLADA">
              <cast_shadows sid="cast_shadows" type="bool">1</cast_shadows>
              <receive_shadows sid="receive_shadows" type="bool">1</receive_shadows>
              <primary_visibility sid="primary_visibility" type="bool">1</primary_visibility>
              <secondary_visibility sid="secondary_visibility" type="bool">1</secondary_visibility>
            </technique>
          </extra>
        </node>
        <extra>
          <technique profile="OpenCOLLADA">
            <cast_shadows sid="cast_shadows" type="bool">1</cast_shadows>
            <receive_shadows sid="receive_shadows" type="bool">1</receive_shadows>
            <primary_visibility sid="primary_visibility" type="bool">1</primary_visibility>
            <secondary_visibility sid="secondary_visibility" type="bool">1</secondary_visibility>
          </technique>
        </extra>
      </node>
      <node id="node-GamemodelShape" name="GamemodelShape">
        <instance_controller url="#geom-GamemodelShape-skin1">
          <skeleton>#node-Top</skeleton>
          <bind_material>
            <technique_common>
              <instance_material symbol="ilonball_mt" target="#ilonball_mt-material">
                <bind_vertex_input semantic="CHANNEL1" input_semantic="TEXCOORD" input_set="0"/>
                <bind_vertex_input semantic="CHANNEL1" input_semantic="TEXCOORD" input_set="0"/>
              </instance_material>
            </technique_common>
          </bind_material>
        </instance_controller>
        <extra>
          <technique profile="OpenCOLLADA">
            <cast_shadows sid="cast_shadows" type="bool">1</cast_shadows>
            <receive_shadows sid="receive_shadows" type="bool">1</receive_shadows>
            <primary_visibility sid="primary_visibility" type="bool">1</primary_visibility>
            <secondary_visibility sid="secondary_visibility" type="bool">1</secondary_visibility>
          </technique>
        </extra>
      </node>
    </visual_scene>
  </library_visual_scenes>
  <scene>
    <instance_visual_scene url="#MaxScene"/>
  </scene>
</COLLADA>