<?xml version="1.0" encoding="utf-8"?>
<COLLADA xmlns="http://www.collada.org/2005/11/COLLADASchema" version="1.4.1" xmlns:xsi="http://www.w3.org/2001/XMLSchema-instance">
  <asset>
    <contributor>
      <author>Centrixe</author>
      <authoring_tool>OpenCOLLADA for 3ds Max;  Version: 1.6;  Revision: 68</authoring_tool>
    </contributor>
    <created>2019-09-08T01:07:45</created>
    <modified>2019-09-08T01:07:45</modified>
    <unit name="inch" meter="0.0254"/>
    <up_axis>Z_UP</up_axis>
  </asset>
  <library_effects>
    <effect id="bullet_mt">
      <profile_COMMON>
        <newparam sid="masterhandbullet_col_png-surface">
          <surface type="2D">
            <init_from>masterhandbullet_col_png</init_from>
          </surface>
        </newparam>
        <newparam sid="masterhandbullet_col_png-sampler">
          <sampler2D>
            <source>masterhandbullet_col_png-surface</source>
          </sampler2D>
        </newparam>
        <technique sid="common">
          <blinn>
            <emission>
              <color>0 0 0 1</color>
            </emission>
            <ambient>
              <color>0.588 0.588 0.588 1</color>
            </ambient>
            <diffuse>
              <texture texture="masterhandbullet_col_png-sampler" texcoord="CHANNEL1"/>
            </diffuse>
            <specular>
              <color>0 0 0 1</color>
            </specular>
            <shininess>
              <float>10</float>
            </shininess>
            <reflective>
              <color>0 0 0 1</color>
            </reflective>
            <transparent opaque="A_ONE">
              <texture texture="masterhandbullet_col_png-sampler" texcoord="CHANNEL1"/>
            </transparent>
            <transparency>
              <float>1</float>
            </transparency>
          </blinn>
        </technique>
      </profile_COMMON>
      <extra>
        <technique profile="OpenCOLLADA3dsMax">
          <extended_shader>
            <opacity_type sid="opacity_type" type="int">0</opacity_type>
            <falloff_type sid="falloff_type" type="int">0</falloff_type>
            <falloff sid="falloff" type="float">0</falloff>
            <index_of_refraction sid="index_of_refraction" type="float">1.5</index_of_refraction>
            <wire_size sid="wire_size" type="float">1</wire_size>
            <wire_units sid="wire_units" type="int">0</wire_units>
            <apply_reflection_dimming sid="apply_reflection_dimming" type="bool">0</apply_reflection_dimming>
            <dim_level sid="dim_level" type="float">0</dim_level>
            <reflection_level sid="reflection_level" type="float">3</reflection_level>
          </extended_shader>
          <shader>
            <ambient_diffuse_texture_lock sid="ambient_diffuse_texture_lock" type="bool">1</ambient_diffuse_texture_lock>
            <ambient_diffuse_lock sid="ambient_diffuse_lock" type="bool">1</ambient_diffuse_lock>
            <diffuse_specular_lock sid="diffuse_specular_lock" type="bool">0</diffuse_specular_lock>
            <use_self_illum_color sid="use_self_illum_color" type="bool">0</use_self_illum_color>
            <self_illumination sid="self_illumination" type="float">0</self_illumination>
            <specular_level sid="specular_level" type="float">0</specular_level>
            <soften sid="soften" type="float">0.1</soften>
          </shader>
        </technique>
      </extra>
    </effect>
  </library_effects>
  <library_materials>
    <material id="bullet_mt-material" name="bullet_mt">
      <instance_effect url="#bullet_mt"/>
    </material>
  </library_materials>
  <library_geometries>
    <geometry id="geom-BulletMShape" name="BulletMShape">
      <mesh>
        <source id="geom-BulletMShape-positions">
          <float_array id="geom-BulletMShape-positions-array" count="2454">3.45197 1.12161 0.0503337 2.93642 2.13343 0.0503337 3.45197 1.12161 2.3802 2.93642 2.13343 2.3802 2.13343 2.93642 0.0503337 2.13343 2.93642 2.3802 1.12161 3.45197 0.0503337 1.12161 3.45197 2.3802 0 3.62961 0.0503337 0 3.62961 2.3802 -1.12161 3.45197 0.0503337 -1.12161 3.45197 2.3802 -2.13343 2.93642 0.0503337 -2.13343 2.93642 2.3802 -2.93642 2.13343 0.0503337 -2.93642 2.13343 2.3802 -3.45197 1.12161 0.0503337 -3.45197 1.12161 2.3802 -3.62961 0 0.0503337 -3.62961 0 2.3802 -3.45197 -1.12161 0.0503337 -3.45197 -1.12161 2.3802 -2.93642 -2.13343 0.0503337 -2.93642 -2.13343 2.3802 -2.13343 -2.93642 0.0503337 -2.13343 -2.93642 2.3802 -1.12161 -3.45197 0.0503337 -1.12161 -3.45197 2.3802 0 -3.62961 0.0503337 0 -3.62961 2.3802 0 -3.62961 0.0503337 1.12161 -3.45197 0.0503337 0 -3.62961 2.3802 1.12161 -3.45197 2.3802 2.13343 -2.93642 0.0503337 2.13343 -2.93642 2.3802 2.93642 -2.13343 0.0503337 2.93642 -2.13343 2.3802 3.45197 -1.12161 0.0503337 3.45197 -1.12161 2.3802 3.62961 0 0.0503337 3.62961 0 2.3802 2.87048 0.932675 3.01618 2.44177 1.77405 3.01618 2.87048 0.932675 4.7216 2.44177 1.77405 4.7216 1.77405 2.44177 3.01618 1.77405 2.44177 4.7216 0.932674 2.87048 3.01618 0.932674 2.87048 4.7216 0 3.0182 3.01618 0 3.0182 4.7216 -0.932674 2.87048 3.01618 -0.932674 2.87048 4.7216 -1.77405 2.44177 3.01618 -1.77405 2.44177 4.7216 -2.44177 1.77405 3.01618 -2.44177 1.77405 4.7216 -2.87048 0.932674 3.01618 -2.87048 0.932674 4.7216 -3.0182 0 3.01618 -3.0182 0 4.7216 -2.87048 -0.932674 3.01618 -2.87048 -0.932674 4.7216 -2.44177 -1.77405 3.01618 -2.44177 -1.77405 4.7216 -1.77405 -2.44177 3.01618 -1.77405 -2.44177 4.7216 -0.932674 -2.87048 3.01618 -0.932674 -2.87048 4.7216 0 -3.0182 3.01618 0 -3.0182 4.7216 0 -3.0182 3.01618 0.932674 -2.87048 3.01618 0 -3.0182 4.7216 0.932674 -2.87048 4.7216 1.77405 -2.44177 3.01618 1.77405 -2.44177 4.7216 2.44177 -1.77405 3.01618 2.44177 -1.77405 4.7216 2.87048 -0.932674 3.01618 2.87048 -0.932674 4.7216 3.0182 0 3.01618 3.0182 0 4.7216 3.45197 1.12161 5.52724 2.93642 2.13343 5.52724 3.45197 1.12161 6.07009 2.93642 2.13343 6.07009 2.13343 2.93642 5.52724 2.13343 2.93642 6.07009 1.12161 3.45197 5.52724 1.12161 3.45197 6.07009 0 3.62961 5.52724 0 3.62961 6.07009 -1.12161 3.45197 5.52724 -1.12161 3.45197 6.07009 -2.13343 2.93642 5.52724 -2.13343 2.93642 6.07009 -2.93642 2.13343 5.52724 -2.93642 2.13343 6.07009 -3.45197 1.12161 5.52724 -3.45197 1.12161 6.07009 -3.62961 0 5.52724 -3.62961 0 6.07009 -3.45197 -1.12161 5.52724 -3.45197 -1.12161 6.07009 -2.93642 -2.13343 5.52724 -2.93642 -2.13343 6.07009 -2.13343 -2.93642 5.52724 -2.13343 -2.93642 6.07009 -1.12161 -3.45197 5.52724 -1.12161 -3.45197 6.07009 0 -3.62961 5.52724 0 -3.62961 6.07009 0 -3.62961 5.52724 1.12161 -3.45197 5.52724 0 -3.62961 6.07009 1.12161 -3.45197 6.07009 2.13343 -2.93642 5.52724 2.13343 -2.93642 6.07009 2.93642 -2.13343 5.52724 2.93642 -2.13343 6.07009 3.45197 -1.12161 5.52724 3.45197 -1.12161 6.07009 3.62961 0 5.52724 3.62961 0 6.07009 2.90895 2.11347 7.78739 3.41967 1.11112 7.78739 2.11347 2.90894 7.78739 1.11112 3.41967 7.78739 0 3.59565 7.78739 -1.11112 3.41967 7.78739 -2.11347 2.90894 7.78739 -2.90894 2.11347 7.78739 -3.41967 1.11112 7.78739 -3.59565 0 7.78739 -3.41967 -1.11112 7.78739 -2.90894 -2.11347 7.78739 -2.11347 -2.90894 7.78739 -1.11112 -3.41967 7.78739 0 -3.59565 7.78739 1.11112 -3.41967 7.78739 0 -3.59565 7.78739 2.11347 -2.90894 7.78739 2.90894 -2.11347 7.78739 3.41967 -1.11112 7.78739 3.59565 0 7.78739 3.41236 1.10874 8.18135 2.90272 2.10895 8.18135 3.39842 1.10421 8.9421 2.89087 2.10034 8.9421 2.10895 2.90272 8.18135 2.10034 2.89087 8.9421 1.10874 3.41236 8.18135 1.10421 3.39842 8.9421 0 3.58796 8.18135 0 3.57331 8.9421 -1.10874 3.41236 8.18135 -1.10421 3.39842 8.9421 -2.10895 2.90272 8.18135 -2.10034 2.89087 8.9421 -2.90272 2.10895 8.18135 -2.89087 2.10034 8.9421 -3.41236 1.10874 8.18135 -3.39842 1.10421 8.9421 -3.58796 0 8.18135 -3.57331 0 8.9421 -3.41235 -1.10874 8.18135 -3.39842 -1.10421 8.9421 -2.90272 -2.10895 8.18135 -2.89087 -2.10034 8.9421 -2.10895 -2.90272 8.18135 -2.10034 -2.89087 8.9421 -1.10874 -3.41235 8.18135 -1.10421 -3.39842 8.9421 0 -3.58796 8.18135 0 -3.57331 8.9421 0 -3.58796 8.18135 1.10874 -3.41235 8.18135 0 -3.57331 8.9421 1.10421 -3.39842 8.9421 2.10895 -2.90272 8.18135 2.10034 -2.89087 8.9421 2.90272 -2.10895 8.18135 2.89087 -2.10034 8.9421 3.41235 -1.10874 8.18135 3.39842 -1.10421 8.9421 3.58796 0 8.18135 3.57331 0 8.9421 3.35843 1.09122 9.86905 2.85685 2.07562 9.86905 2.07562 2.85685 9.86905 1.09122 3.35843 9.86905 0 3.53126 9.86905 -1.09122 3.35843 9.86905 -2.07562 2.85685 9.86905 -2.85685 2.07562 9.86905 -3.35843 1.09122 9.86905 -3.53126 0 9.86905 -3.35843 -1.09122 9.86905 -2.85685 -2.07562 9.86905 -2.07562 -2.85685 9.86905 -1.09122 -3.35842 9.86905 0 -3.53126 9.86905 0 -3.53126 9.86905 1.09122 -3.35842 9.86905 2.07562 -2.85685 9.86905 2.85685 -2.07562 9.86905 3.35842 -1.09122 9.86905 3.53126 0 9.86905 3.12795 1.01633 11.118 2.66079 1.93318 11.118 1.93318 2.66079 11.118 1.01633 3.12795 11.118 0 3.28892 11.118 -1.01633 3.12795 11.118 -1.93318 2.66079 11.118 -2.66079 1.93318 11.118 -3.12795 1.01633 11.118 -3.28892 0 11.118 -3.12795 -1.01633 11.118 -2.66079 -1.93318 11.118 -1.93318 -2.66079 11.118 -1.01633 -3.12795 11.118 0 -3.28892 11.118 0 -3.28892 11.118 1.01633 -3.12795 11.118 1.93318 -2.66079 11.118 2.66079 -1.93318 11.118 3.12795 -1.01633 11.118 3.28892 0 11.118 2.84424 0.924151 12.1934 2.41946 1.75784 12.1934 1.75784 2.41946 12.1934 0.924151 2.84424 12.1934 0 2.99062 12.1934 -0.924151 2.84424 12.1934 -1.75784 2.41946 12.1934 -2.41946 1.75784 12.1934 -2.84424 0.924151 12.1934 -2.99061 0 12.1934 -2.84424 -0.924151 12.1934 -2.41946 -1.75784 12.1934 -1.75784 -2.41946 12.1934 -0.924151 -2.84424 12.1934 0 -2.99061 12.1934 0 -2.99061 12.1934 0.92415 -2.84424 12.1934 1.75784 -2.41946 12.1934 2.41946 -1.75784 12.1934 2.84424 -0.924151 12.1934 2.99061 0 12.1934 2.34246 0.761111 13.3749 1.99262 1.44772 13.3749 1.44772 1.99262 13.3749 0.761111 2.34246 13.3749 0 2.46301 13.3749 -0.761112 2.34246 13.3749 -1.44772 1.99261 13.3749 -1.99261 1.44772 13.3749 -2.34246 0.761111 13.3749 -2.46301 0 13.3749 -2.34246 -0.761111 13.3749 -1.99261 -1.44772 13.3749 -1.44772 -1.99261 13.3749 -0.761111 -2.34246 13.3749 0 -2.46301 13.3749 0 -2.46301 13.3749 0.761111 -2.34246 13.3749 1.44772 -1.99261 13.3749 1.99261 -1.44772 13.3749 2.34246 -0.761111 13.3749 2.46301 0 13.3749 2.00941 0.652898 13.8941 1.70931 1.24189 13.8941 1.24188 1.70931 13.8941 0.652897 2.00941 13.8941 0 2.11282 13.8941 -0.652898 2.00941 13.8941 -1.24189 1.70931 13.8941 -1.70931 1.24188 13.8941 -2.00941 0.652898 13.8941 -2.11282 0 13.8941 -2.00941 -0.652897 13.8941 -1.70931 -1.24188 13.8941 -1.24188 -1.70931 13.8941 -0.652898 -2.00941 13.8941 0 -2.11282 13.8941 0 -2.11282 13.8941 0.652897 -2.00941 13.8941 1.24188 -1.70931 13.8941 1.70931 -1.24188 13.8941 2.00941 -0.652897 13.8941 2.11282 0 13.8941 1.61745 0.52554 14.4134 1.37588 0.999637 14.4134 1.20929 0.392922 14.7698 1.02868 0.747382 14.7698 0.999636 1.37588 14.4134 0.747381 1.02868 14.7698 0.52554 1.61745 14.4134 0.392921 1.20929 14.7698 0 1.70068 14.4134 0 1.27152 14.7698 -0.52554 1.61745 14.4134 -0.392922 1.20929 14.7698 -0.999637 1.37588 14.4134 -0.747382 1.02868 14.7698 -1.37588 0.999636 14.4134 -1.02868 0.747381 14.7698 -1.61745 0.52554 14.4134 -1.20929 0.392922 14.7698 -1.70068 0 14.4134 -1.27152 0 14.7698 -1.61745 -0.52554 14.4134 -1.20929 -0.392921 14.7698 -1.37588 -0.999636 14.4134 -1.02868 -0.747381 14.7698 -0.999636 -1.37588 14.4134 -0.747381 -1.02868 14.7698 -0.52554 -1.61744 14.4134 -0.392922 -1.20929 14.7698 0 -1.70068 14.4134 0 -1.27152 14.7698 0 -1.70068 14.4134 0.525539 -1.61744 14.4134 0 -1.27152 14.7698 0.392921 -1.20929 14.7698 0.999636 -1.37588 14.4134 0.74738 -1.02868 14.7698 1.37588 -0.999636 14.4134 1.02868 -0.747381 14.7698 1.61744 -0.52554 14.4134 1.20929 -0.392921 14.7698 1.70068 0 14.4134 1.27152 0 14.7698 2.12674 1.54517 0.449746 2.50014 0.812344 0.449746 0 0 0.449746 1.54517 2.12674 0.449746 0.812344 2.50014 0.449746 0 2.6288 0.449746 -0.812343 2.50014 0.449746 -1.54517 2.12674 0.449746 -2.12674 1.54517 0.449746 -2.50014 0.812343 0.449746 -2.6288 0 0.449746 -2.50014 -0.812343 0.449746 -2.12674 -1.54517 0.449746 -1.54517 -2.12674 0.449746 -0.812343 -2.50014 0.449746 0 -2.6288 0.449746 0.812343 -2.50013 0.449746 1.54517 -2.12674 0.449746 2.12674 -1.54517 0.449746 2.50013 -0.812343 0.449746 2.6288 0 0.449746 0.659225 0.214196 15.0556 0.56077 0.407424 15.0556 0 0 15.1611 0.407423 0.560771 15.0556 0 0 15.1611 0.214195 0.659226 15.0556 0 0 15.1611 0 0.693151 15.0556 0 0 15.1611 -0.214196 0.659225 15.0556 0 0 15.1611 -0.407424 0.560771 15.0556 0 0 15.1611 -0.560771 0.407424 15.0556 0 0 15.1611 -0.659225 0.214196 15.0556 0 0 15.1611 -0.693151 0 15.0556 0 0 15.1611 -0.659225 -0.214195 15.0556 0 0 15.1611 -0.560771 -0.407423 15.0556 0 0 15.1611 -0.407424 -0.56077 15.0556 0 0 15.1611 -0.214196 -0.659225 15.0556 0 0 15.1611 0 -0.69315 15.0556 0 0 15.1611 0 -0.69315 15.0556 0.214195 -0.659225 15.0556 0 0 15.1611 0.407423 -0.56077 15.0556 0 0 15.1611 0.56077 -0.407423 15.0556 0 0 15.1611 0.659224 -0.214195 15.0556 0 0 15.1611 0.69315 0 15.0556 0 0 15.1611 0 0 15.1611 3.34711 1.08754 2.595 2.84722 2.06862 2.595 2.91813 0.94816 2.91856 2.48231 1.80351 2.91856 2.85859 2.07689 5.29584 3.36048 1.09189 5.29584 2.47714 1.79975 4.82676 2.91206 0.946185 4.82676 2.06862 2.84722 2.595 1.80351 2.48231 2.91856 2.07689 2.85859 5.29584 1.79975 2.47714 4.82676 1.08754 3.3471 2.595 0.948159 2.91813 2.91856 1.09189 3.36048 5.29584 0.946185 2.91206 4.82676 0 3.51935 2.595 0 3.06831 2.91856 0 3.53341 5.29584 0 3.06192 4.82676 -1.08754 3.3471 2.595 -0.948159 2.91813 2.91856 -1.09189 3.36048 5.29584 -0.946184 2.91206 4.82676 -2.06862 2.84722 2.595 -1.80351 2.48231 2.91856 -2.07689 2.85859 5.29584 -1.79975 2.47714 4.82676 -2.84722 2.06862 2.595 -2.48231 1.80351 2.91856 -2.85859 2.07689 5.29584 -2.47714 1.79975 4.82676 -3.3471 1.08754 2.595 -2.91813 0.948159 2.91856 -3.36048 1.09188 5.29584 -2.91206 0.946184 4.82676 -3.51935 0 2.595 -3.06831 0 2.91856 -3.53341 0 5.29584 -3.06192 0 4.82676 -3.3471 -1.08754 2.595 -2.91813 -0.948159 2.91856 -3.36048 -1.09188 5.29584 -2.91206 -0.946184 4.82676 -2.84722 -2.06862 2.595 -2.48231 -1.80351 2.91856 -2.85859 -2.07689 5.29584 -2.47714 -1.79975 4.82676 -2.06862 -2.84722 2.595 -1.80351 -2.48231 2.91856 -2.07689 -2.85859 5.29584 -1.79975 -2.47714 4.82676 -1.08754 -3.3471 2.595 -0.948159 -2.91813 2.91856 -1.09188 -3.36048 5.29584 -0.946184 -2.91206 4.82676 0 -3.51935 2.595 0 -3.06831 2.91856 0 -3.53341 5.29584 0 -3.06192 4.82676 0 -3.51935 2.595 1.08754 -3.3471 2.595 0 -3.06831 2.91856 0.948159 -2.91813 2.91856 1.09188 -3.36048 5.29584 0 -3.53341 5.29584 0.946184 -2.91206 4.82676 0 -3.06192 4.82676 2.06862 -2.84722 2.595 1.80351 -2.48231 2.91856 2.07689 -2.85859 5.29584 1.79975 -2.47714 4.82676 2.84722 -2.06862 2.595 2.48231 -1.80351 2.91856 2.85859 -2.07689 5.29584 2.47714 -1.79975 4.82676 3.3471 -1.08754 2.595 2.91813 -0.948159 2.91856 3.36048 -1.09188 5.29584 2.91206 -0.946184 4.82676 3.51935 0 2.595 3.06831 0 2.91856 3.53341 0 5.29584 3.06192 0 4.82676 2.82664 2.05367 -0.0853624 3.32291 1.07968 -0.0853624 2.45576 1.78421 -0.0853624 2.88692 0.938016 -0.0853624 2.05367 2.82664 -0.0853624 1.78421 2.45576 -0.0853624 1.07968 3.32291 -0.0853624 0.938016 2.88692 -0.0853624 0 3.49392 -0.0853624 0 3.03548 -0.0853624 -1.07968 3.32291 -0.0853624 -0.938015 2.88692 -0.0853624 -2.05367 2.82664 -0.0853624 -1.78421 2.45576 -0.0853624 -2.82664 2.05367 -0.0853624 -2.45576 1.78421 -0.0853624 -3.32291 1.07968 -0.0853624 -2.88691 0.938015 -0.0853624 -3.49392 0 -0.0853624 -3.03548 0 -0.0853624 -3.32291 -1.07968 -0.0853624 -2.88691 -0.938015 -0.0853624 -2.82664 -2.05367 -0.0853624 -2.45576 -1.78421 -0.0853624 -2.05367 -2.82664 -0.0853624 -1.78421 -2.45575 -0.0853624 -1.07968 -3.32291 -0.0853624 -0.938015 -2.88691 -0.0853624 0 -3.49392 -0.0853624 0 -3.03548 -0.0853624 1.07968 -3.32291 -0.0853624 0 -3.49392 -0.0853624 0.938015 -2.88691 -0.0853624 0 -3.03548 -0.0853624 2.05367 -2.82664 -0.0853624 1.78421 -2.45575 -0.0853624 2.82664 -2.05367 -0.0853624 2.45575 -1.78421 -0.0853624 3.32291 -1.07968 -0.0853624 2.88691 -0.938015 -0.0853624 3.49391 0 -0.0853624 3.03548 0 -0.0853624 2.31863 1.68458 0.0152227 2.72571 0.885638 0.0152227 2.12674 1.54517 0.449746 2.50014 0.812344 0.449746 1.68458 2.31863 0.0152227 1.54517 2.12674 0.449746 0.885638 2.72571 0.0152227 0.812344 2.50014 0.449746 0 2.86598 0.0152227 0 2.6288 0.449746 -0.885637 2.72571 0.0152227 -0.812343 2.50014 0.449746 -1.68458 2.31863 0.0152227 -1.54517 2.12674 0.449746 -2.31863 1.68458 0.0152227 -2.12674 1.54517 0.449746 -2.72571 0.885637 0.0152227 -2.50014 0.812343 0.449746 -2.86598 0 0.0152227 -2.6288 0 0.449746 -2.72571 -0.885637 0.0152227 -2.50014 -0.812343 0.449746 -2.31863 -1.68458 0.0152227 -2.12674 -1.54517 0.449746 -1.68458 -2.31863 0.0152227 -1.54517 -2.12674 0.449746 -0.885637 -2.72571 0.0152227 -0.812343 -2.50014 0.449746 0 -2.86598 0.0152227 0 -2.6288 0.449746 0.885637 -2.72571 0.0152227 0 -2.86598 0.0152227 0.812343 -2.50013 0.449746 0 -2.6288 0.449746 1.68458 -2.31863 0.0152227 1.54517 -2.12674 0.449746 2.31863 -1.68458 0.0152227 2.12674 -1.54517 0.449746 2.72571 -0.885637 0.0152227 2.50013 -0.812343 0.449746 2.86598 0 0.0152227 2.6288 0 0.449746 3.41417 1.10933 -0.045618 2.90427 2.11007 -0.045618 3.58987 0 -0.045618 2.11007 2.90427 -0.045618 1.10933 3.41417 -0.045618 0 3.58987 -0.045618 -1.10933 3.41417 -0.045618 -2.11007 2.90426 -0.045618 -2.90426 2.11007 -0.045618 -3.41417 1.10933 -0.0456179 -3.58987 0 -0.045618 -3.41417 -1.10933 -0.0456179 -2.90426 -2.11007 -0.045618 -2.11007 -2.90426 -0.045618 -1.10933 -3.41417 -0.045618 0 -3.58987 -0.045618 0 -3.58987 -0.045618 1.10933 -3.41417 -0.045618 2.11007 -2.90426 -0.045618 2.90426 -2.11007 -0.045618 3.41417 -1.10933 -0.0456179 3.42422 1.1126 2.50092 3.60044 0 2.50092 2.91282 2.11629 2.50092 2.11629 2.91282 2.50092 1.1126 3.42422 2.50092 0 3.60044 2.50092 -1.1126 3.42422 2.50092 -2.11628 2.91282 2.50092 -2.91282 2.11628 2.50092 -3.42422 1.1126 2.50092 -3.60044 0 2.50092 -3.42422 -1.1126 2.50092 -2.91281 -2.11628 2.50092 -2.11628 -2.91281 2.50092 -1.1126 -3.42422 2.50092 0 -3.60044 2.50092 0 -3.60044 2.50092 1.1126 -3.42422 2.50092 2.11628 -2.91281 2.50092 2.91281 -2.11628 2.50092 3.42422 -1.1126 2.50092 3.42818 1.11388 5.40194 2.91619 2.11873 5.40194 3.6046 0 5.40194 2.11873 2.91619 5.40194 1.11388 3.42818 5.40194 0 3.60461 5.40194 -1.11388 3.42818 5.40194 -2.11873 2.91619 5.40194 -2.91619 2.11873 5.40194 -3.42818 1.11388 5.40194 -3.6046 0 5.40194 -3.42818 -1.11388 5.40194 -2.91619 -2.11873 5.40194 -2.11873 -2.91619 5.40194 -1.11388 -3.42818 5.40194 0 -3.6046 5.40194 0 -3.6046 5.40194 1.11388 -3.42818 5.40194 2.11873 -2.91619 5.40194 2.91619 -2.11873 5.40194 3.42818 -1.11388 5.40194 3.22522 1.04794 7.88466 3.22167 1.04678 8.07618 3.3912 0 7.88466 3.38746 0 8.07618 2.74051 1.9911 8.07618 2.74354 1.9933 7.88466 1.9911 2.74051 8.07618 1.9933 2.74354 7.88466 1.04678 3.22167 8.07618 1.04794 3.22522 7.88466 0 3.38746 8.07618 0 3.3912 7.88466 -1.04678 3.22167 8.07618 -1.04794 3.22522 7.88466 -1.9911 2.74051 8.07618 -1.9933 2.74354 7.88466 -2.74051 1.9911 8.07618 -2.74354 1.9933 7.88466 -3.22166 1.04678 8.07618 -3.22522 1.04794 7.88466 -3.38746 0 8.07618 -3.3912 0 7.88466 -3.22166 -1.04678 8.07618 -3.22522 -1.04794 7.88466 -2.74051 -1.9911 8.07618 -2.74354 -1.9933 7.88466 -1.9911 -2.74051 8.07618 -1.9933 -2.74354 7.88466 -1.04678 -3.22166 8.07618 -1.04794 -3.22522 7.88466 0 -3.38746 8.07618 0 -3.3912 7.88466 0 -3.38746 8.07618 0 -3.3912 7.88466 1.04678 -3.22166 8.07618 1.04794 -3.22522 7.88466 1.9911 -2.74051 8.07618 1.99329 -2.74354 7.88466 2.74051 -1.9911 8.07618 2.74354 -1.99329 7.88466 3.22166 -1.04678 8.07618 3.22522 -1.04794 7.88466 3.31795 1.07807 8.07816 3.48869 0 8.07816 3.49243 0 7.88663 3.3215 1.07922 7.88663 3.3912 0 7.88466 3.22522 1.04794 7.88466 2.82544 2.0528 7.88663 2.74354 1.9933 7.88466 2.82242 2.0506 8.07816 2.0528 2.82544 7.88663 1.9933 2.74354 7.88466 2.05061 2.82241 8.07816 1.07922 3.3215 7.88663 1.04794 3.22522 7.88466 1.07807 3.31795 8.07816 0 3.49243 7.88663 0 3.3912 7.88466 0 3.4887 8.07816 -1.07922 3.3215 7.88663 -1.04794 3.22522 7.88466 -1.07807 3.31795 8.07816 -2.0528 2.82544 7.88663 -1.9933 2.74354 7.88466 -2.0506 2.82241 8.07816 -2.82544 2.0528 7.88663 -2.74354 1.9933 7.88466 -2.82241 2.0506 8.07816 -3.3215 1.07922 7.88663 -3.22522 1.04794 7.88466 -3.31795 1.07807 8.07816 -3.49243 0 7.88663 -3.3912 0 7.88466 -3.4887 0 8.07816 -3.3215 -1.07922 7.88663 -3.22522 -1.04794 7.88466 -3.31795 -1.07807 8.07816 -2.82544 -2.0528 7.88663 -2.74354 -1.9933 7.88466 -2.82241 -2.0506 8.07816 -2.0528 -2.82544 7.88663 -1.9933 -2.74354 7.88466 -2.0506 -2.82241 8.07816 -1.07922 -3.3215 7.88663 -1.04794 -3.22522 7.88466 -1.07807 -3.31795 8.07816 0 -3.49243 7.88663 0 -3.3912 7.88466 0 -3.4887 8.07816 0 -3.49243 7.88663 1.07922 -3.3215 7.88663 0 -3.3912 7.88466 1.04794 -3.22522 7.88466 1.07807 -3.31795 8.07816 0 -3.4887 8.07816 2.0528 -2.82544 7.88663 1.99329 -2.74354 7.88466 2.0506 -2.82241 8.07816 2.82544 -2.0528 7.88663 2.74354 -1.99329 7.88466 2.82241 -2.0506 8.07816 3.3215 -1.07922 7.88663 3.22522 -1.04794 7.88466 3.31795 -1.07807 8.07816 3.3215 1.07922 7.88663 3.49243 0 7.88663 2.82544 2.0528 7.88663 3.3215 -1.07922 7.88663 3.31795 1.07807 8.07816 2.82242 2.0506 8.07816 3.48869 0 8.07816 2.05061 2.82241 8.07816 2.0528 2.82544 7.88663 1.07807 3.31795 8.07816 1.07922 3.3215 7.88663 0 3.4887 8.07816 0 3.49243 7.88663 -1.07807 3.31795 8.07816 -1.07922 3.3215 7.88663 -2.0506 2.82241 8.07816 -2.0528 2.82544 7.88663 -2.82241 2.0506 8.07816 -2.82544 2.0528 7.88663 -3.31795 1.07807 8.07816 -3.3215 1.07922 7.88663 -3.4887 0 8.07816 -3.49243 0 7.88663 -3.31795 -1.07807 8.07816 -3.3215 -1.07922 7.88663 -2.82241 -2.0506 8.07816 -2.82544 -2.0528 7.88663 -2.0506 -2.82241 8.07816 -2.0528 -2.82544 7.88663 -1.07807 -3.31795 8.07816 -1.07922 -3.3215 7.88663 0 -3.4887 8.07816 0 -3.49243 7.88663 0 -3.4887 8.07816 1.07807 -3.31795 8.07816 0 -3.49243 7.88663 1.07922 -3.3215 7.88663 2.0506 -2.82241 8.07816 2.0528 -2.82544 7.88663 2.82241 -2.0506 8.07816 2.82544 -2.0528 7.88663 3.31795 -1.07807 8.07816 2.88309 0.936773 2.96131 2.4525 1.78185 2.96131 3.03146 0 2.96131 1.78185 2.4525 2.96131 2.45097 1.78073 4.77854 2.88129 0.936187 4.77854 1.78073 2.45097 4.77854 3.02956 0 4.77854 0.936772 2.88309 2.96131 0.936186 2.88129 4.77854 0 3.03146 2.96131 0 3.02956 4.77854 -0.936772 2.88309 2.96131 -0.936186 2.88129 4.77854 -1.78185 2.4525 2.96131 -1.78073 2.45097 4.77854 -2.4525 1.78185 2.96131 -2.45097 1.78073 4.77854 -2.88309 0.936771 2.96131 -2.88129 0.936186 4.77854 -3.03146 0 2.96131 -3.02956 0 4.77854 -2.88309 -0.936771 2.96131 -2.88129 -0.936186 4.77854 -2.4525 -1.78184 2.96131 -2.45097 -1.78073 4.77854 -1.78184 -2.4525 2.96131 -1.78073 -2.45097 4.77854 -0.936771 -2.88309 2.96131 -0.936186 -2.88128 4.77854 0 -3.03146 2.96131 0 -3.02956 4.77854 0 -3.03146 2.96131 0.936771 -2.88309 2.96131 0 -3.02956 4.77854 0.936186 -2.88128 4.77854 1.78184 -2.4525 2.96131 1.78073 -2.45097 4.77854 2.4525 -1.78184 2.96131 2.45097 -1.78073 4.77854 2.88309 -0.936771 2.96131 2.88128 -0.936186 4.77854</float_array>
          <technique_common>
            <accessor source="#geom-BulletMShape-positions-array" count="818" stride="3">
              <param name="X" type="float"/>
              <param name="Y" type="float"/>
              <param name="Z" type="float"/>
            </accessor>
          </technique_common>
        </source>
        <source id="geom-BulletMShape-normals">
          <float_array id="geom-BulletMShape-normals-array" count="2454">0.9691284 -3.13643e-5 -0.2465562 0.9467316 0.3075168 -0.09556469 0.9954247 -3.14214e-5 -0.09554953 0.9217157 0.2994233 -0.246548 0.8053322 0.5850746 -0.09553858 0.9978837 3.05275e-5 0.06502362 0.9490179 0.308443 0.06502214 0.3665975 -0.1191259 -0.9227217 0.385413 3.05302e-5 -0.9227442 0.9217157 -0.2994233 -0.246548 0.9467316 -0.3075168 -0.09556469 0.9490179 -0.308443 0.06502214 0.9598851 -3.19916e-5 0.2803939 0.912948 0.2965005 0.280381 0.7766175 0.5641466 0.2803638 0.8072994 0.5865496 0.06501617 0.7840607 0.5696042 -0.2465761 0.5850746 0.8053322 -0.09553858 0.3665975 0.1191259 -0.9227217 4.84943e-4 1.57595e-4 -0.9999999 5.09739e-4 3.05176e-5 -0.9999999 0.3118879 -0.2265279 -0.9227194 4.84943e-4 -1.57475e-4 -0.9999999 0.7840607 -0.5696042 -0.2465761 0.8053322 -0.5850746 -0.09553858 0.8072994 -0.5865496 0.06501617 0.912948 -0.2965005 0.280381 0.7107611 3.15447e-5 0.7034336 0.6760209 0.2196824 0.7033744 0.5749466 0.4178987 0.7034181 0.5641466 0.7766175 0.2803638 0.4176971 0.5750052 0.7034898 0.5865496 0.8072994 0.06501617 0.5696042 0.7840607 -0.2465761 0.3075168 0.9467316 -0.09556469 0.3118879 0.2265279 -0.9227194 4.12464e-4 2.99692e-4 -0.9999999 -0.491357 -0.1595934 -0.8562116 -0.5167205 3.12698e-5 -0.8561541 -0.491357 0.1595934 -0.8562116 -0.4178817 0.3035809 -0.8562788 4.12464e-4 -2.99692e-4 -0.9999999 0.2265279 -0.3118879 -0.9227194 0.5696042 -0.7840607 -0.2465761 0.5850746 -0.8053322 -0.09553858 0.5865496 -0.8072994 0.06501617 0.7766175 -0.5641466 0.2803638 0.6760209 -0.2196824 0.7033744 0.6213533 -3.30646e-5 0.7835305 0.5910274 -0.1919618 0.7834777 0.5910274 0.1919618 0.7834777 0.5026746 0.3651596 0.7835666 0.2196824 0.6760209 0.7033744 0.3651596 0.5026746 0.7835666 0.2965005 0.912948 0.280381 0.308443 0.9490179 0.06502214 0.2994233 0.9217157 -0.246548 3.23455e-5 0.9954247 -0.09554953 0.2265279 0.3118879 -0.9227194 2.99692e-4 4.12464e-4 -0.9999999 -0.4178817 -0.3035809 -0.8562788 -0.8380722 -0.2722758 -0.4727587 -0.7128272 -0.5178868 -0.4729382 -0.8811602 3.21081e-5 -0.4728177 -0.8380722 0.2722758 -0.4727587 -0.3035809 0.4178817 -0.8562788 -0.7128272 0.5178868 -0.4729382 2.99692e-4 -4.12464e-4 -0.9999999 0.1191259 -0.3665975 -0.9227217 0.2994233 -0.9217157 -0.246548 0.3075168 -0.9467316 -0.09556469 0.308443 -0.9490179 0.06502214 0.5641466 -0.7766175 0.2803638 0.5750052 -0.4176971 0.7034898 0.5026746 -0.3651596 0.7835666 0.7400064 3.05283e-5 0.6725999 0.7035908 -0.228667 0.6728087 0.7033594 0.2285918 0.6730759 0.5984699 0.435051 0.672729 0.435051 0.5984699 0.672729 0.2285918 0.7033594 0.6730759 0.1919618 0.5910274 0.7834777 3.16938e-5 0.7107611 0.7034336 3.17233e-5 0.9598851 0.2803939 3.10045e-5 0.9978837 0.06502362 -0.2967232 0.9128818 0.2803607 -0.2196824 0.6760209 0.7033744 3.05303e-5 0.6213533 0.7835305 3.05283e-5 0.7400064 0.6725999 -3.16639e-5 0.9975056 0.07058744 0.3082488 0.9486831 0.07058945 0.5862395 0.8070563 0.070593 0.8070563 0.5862395 0.070593 0.9486831 0.3082488 0.07058945 0.9975056 3.05309e-5 0.07058744 0.9486831 -0.3082488 0.07058945 0.5984699 -0.435051 0.672729 0.3651596 -0.5026746 0.7835666 0.4176971 -0.5750052 0.7034898 0.2965005 -0.912948 0.280381 -3.11536e-5 -0.9978837 0.06502362 0.2196824 -0.6760209 0.7033744 3.18127e-5 -0.9598851 0.2803939 0.1919618 -0.5910274 0.7834777 0.435051 -0.5984699 0.672729 0.8070563 -0.5862395 0.070593 0.9494627 -0.3084289 -0.0582425 0.8078066 -0.5865633 -0.05824119 0.9983026 3.05254e-5 -0.05824246 0.9494627 0.3084289 -0.0582425 0.8078066 0.5865633 -0.05824119 0.5865633 0.8078066 -0.05824119 0.3084289 0.9494627 -0.0582425 -0.3082488 0.9486831 0.07058945 3.13601e-5 0.9983026 -0.05824246 -0.228667 0.7035908 0.6728087 -0.1919618 0.5910274 0.7834777 -0.435051 0.5984699 0.672729 -0.5862395 0.8070563 0.070593 -0.3084289 0.9494627 -0.0582425 -0.2577226 0.7929551 -0.5520883 3.05305e-5 0.8338496 -0.5519918 0.2577226 0.7929551 -0.5520883 0.4901791 0.6745763 -0.5519705 0.6745763 0.4901791 -0.5519705 0.7929551 0.2577226 -0.5520883 0.8338496 3.05305e-5 -0.5519918 0.7929551 -0.2577226 -0.5520883 0.6745763 -0.4901791 -0.5519705 0.5865633 -0.8078066 -0.05824119 0.5862395 -0.8070563 0.070593 0.228667 -0.7035908 0.6728087 -3.15739e-5 -0.6213533 0.7835305 0.3082488 -0.9486831 0.07058945 -3.09951e-5 -0.7397633 0.6728672 0.3084289 -0.9494627 -0.0582425 0.4901791 -0.6745763 -0.5519705 0.7004097 -0.2276087 -0.6764765 0.5958937 -0.4327556 -0.6764859 0.736505 3.05249e-5 -0.676432 0.7004097 0.2276087 -0.6764765 0.5958937 0.4327556 -0.6764859 0.4327556 0.5958937 -0.6764859 0.2276087 0.7004097 -0.6764765 -3.14192e-5 0.736505 -0.676432 -0.2276087 0.7004097 -0.6764765 -0.4901791 0.6745763 -0.5519705 -0.4327556 0.5958937 -0.6764859 -0.5865633 0.8078066 -0.05824119 -0.6745763 0.4901791 -0.5519705 -0.5958937 0.4327556 -0.6764859 -0.463544 0.6379225 -0.6149651 -0.2437685 0.7498691 -0.6150392 -3.33358e-5 0.7884833 -0.6150561 0.2436537 0.7498915 -0.6150575 0.463544 0.6379225 -0.6149651 0.6379225 0.463544 -0.6149651 0.7498915 0.2436537 -0.6150575 0.7884833 3.12486e-5 -0.6150561 0.7498915 -0.2436537 -0.6150575 0.6379225 -0.463544 -0.6149651 0.4327556 -0.5958937 -0.6764859 0.463544 -0.6379225 -0.6149651 0.2577226 -0.7929551 -0.5520883 -3.13601e-5 -0.9983026 -0.05824246 0.2276087 -0.7004097 -0.6764765 3.10374e-5 -0.8338496 -0.5519918 0.2436537 -0.7498915 -0.6150575 0.7708378 -0.5602985 -0.3031083 0.5602985 -0.7708378 -0.3031083 0.9063514 -0.2944666 -0.3030124 0.9529642 -3.16013e-5 -0.3030827 0.9063514 0.2944666 -0.3030124 0.7708378 0.5602985 -0.3031083 0.5602985 0.7708378 -0.3031083 0.2944666 0.9063514 -0.3030124 3.16311e-5 0.9529642 -0.3030827 -0.2944666 0.9063514 -0.3030124 -0.5602985 0.7708378 -0.3031083 -0.5861911 0.8069897 -0.07174734 -0.3082233 0.9486049 -0.07174374 3.05284e-5 0.9974234 -0.0717417 0.3082233 0.9486049 -0.07174374 0.5861911 0.8069897 -0.07174734 0.8069897 0.5861911 -0.07174734 0.9486049 0.3082233 -0.07174374 0.9974234 3.05284e-5 -0.0717417 0.9486049 -0.3082233 -0.07174374 0.8069897 -0.5861911 -0.07174734 0.5861911 -0.8069897 -0.07174734 0.2944666 -0.9063514 -0.3030124 3.2322e-5 -0.7884833 -0.6150561 3.10317e-5 -0.736505 -0.676432 3.17206e-5 -0.9529642 -0.3030827 0.3082233 -0.9486049 -0.07174374 0.587698 -0.8090007 0.01135825 0.3089447 -0.9510123 0.01135646 0.8090007 -0.587698 0.01135825 0.9510123 -0.3089447 0.01135646 0.9999356 -3.16933e-5 0.01135735 0.9510123 0.3089447 0.01135646 0.8090007 0.587698 0.01135825 0.587698 0.8090007 0.01135825 0.3089447 0.9510123 0.01135646 3.10672e-5 0.9999356 0.01135735 -0.3089447 0.9510123 0.01135646 -0.8069897 0.5861911 -0.07174734 -0.587698 0.8090007 0.01135825 -0.7708378 0.5602985 -0.3031083 -0.9486049 0.3082233 -0.07174374 -0.8090007 0.587698 0.01135825 -0.7677282 0.5577262 0.3154913 -0.5577262 0.7677282 0.3154913 -0.2932578 0.9024819 0.315478 3.05239e-5 0.9489272 0.3154951 0.2932578 0.9024819 0.315478 0.5577262 0.7677282 0.3154913 0.7677282 0.5577262 0.3154913 0.9024819 0.2932578 0.315478 0.9489272 3.05239e-5 0.3154951 0.9024819 -0.2932578 0.315478 0.7677282 -0.5577262 0.3154913 0.5577262 -0.7677282 0.3154913 0.5885998 -0.191356 0.785451 0.5006668 -0.3638993 0.7854363 0.6188996 3.16925e-5 0.7854701 0.5885998 0.191356 0.785451 0.5006668 0.3638993 0.7854363 0.3638993 0.5006668 0.7854363 0.191356 0.5885998 0.785451 3.48528e-5 0.6188996 0.7854701 -0.191356 0.5885998 0.785451 -0.3638993 0.5006668 0.7854363 -0.5006668 0.3638993 0.7854363 -0.5885998 0.191356 0.785451 -0.9024819 0.2932578 0.315478 -0.9510123 0.3089447 0.01135646 -0.6188996 3.18416e-5 0.7854701 -0.9489272 -3.11499e-5 0.3154951 -0.9999356 3.17827e-5 0.01135735 -0.9974234 3.05284e-5 -0.0717417 -0.5885998 -0.191356 0.785451 -0.9024819 -0.2932578 0.315478 -0.9510123 -0.3089447 0.01135646 -0.9486049 -0.3082233 -0.07174374 -0.9529642 3.23765e-5 -0.3030827 -0.9063514 0.2944666 -0.3030124 -0.9063514 -0.2944666 -0.3030124 -0.8069897 -0.5861911 -0.07174734 -0.7677282 -0.5577262 0.3154913 -0.8090007 -0.587698 0.01135825 -0.5006668 -0.3638993 0.7854363 -0.3638993 -0.5006668 0.7854363 -0.5577262 -0.7677282 0.3154913 -0.587698 -0.8090007 0.01135825 -0.5861911 -0.8069897 -0.07174734 -0.7708378 -0.5602985 -0.3031083 -0.7498691 -0.2437685 -0.6150392 -0.7884833 -3.12188e-5 -0.6150561 -0.7498691 0.2437685 -0.6150392 -0.6379225 0.463544 -0.6149651 -0.736505 3.05249e-5 -0.676432 -0.7004097 0.2276087 -0.6764765 -0.7004097 -0.2276087 -0.6764765 -0.6379225 -0.463544 -0.6149651 -0.5958937 -0.4327556 -0.6764859 -0.5602985 -0.7708378 -0.3031083 -0.3082233 -0.9486049 -0.07174374 -0.2932578 -0.9024819 0.315478 -0.3089447 -0.9510123 0.01135646 -0.191356 -0.5885998 0.785451 3.15136e-5 -0.6188996 0.7854701 3.05239e-5 -0.9489272 0.3154951 -3.13653e-5 -0.9999356 0.01135735 3.12141e-5 -0.9974234 -0.0717417 -0.2944666 -0.9063514 -0.3030124 -0.463544 -0.6379225 -0.6149651 -0.4327556 -0.5958937 -0.6764859 -0.6745763 -0.4901791 -0.5519705 -0.7929551 -0.2577226 -0.5520883 -0.8338496 -3.11864e-5 -0.5519918 -0.7929551 0.2577226 -0.5520883 -0.8078066 0.5865633 -0.05824119 -0.9494627 0.3084289 -0.0582425 -0.9983026 3.05254e-5 -0.05824246 -0.9494627 -0.3084289 -0.0582425 -0.8078066 -0.5865633 -0.05824119 -0.4901791 -0.6745763 -0.5519705 -0.2276087 -0.7004097 -0.6764765 -0.2436537 -0.7498915 -0.6150575 3.17206e-5 -0.9529642 -0.3030827 3.2322e-5 -0.7884833 -0.6150561 3.10317e-5 -0.736505 -0.676432 -0.2577226 -0.7929551 -0.5520883 -0.5865633 -0.8078066 -0.05824119 -0.5862395 -0.8070563 0.070593 -0.8070563 -0.5862395 0.070593 -0.9486831 -0.3082488 0.07058945 -0.9975056 3.05309e-5 0.07058744 -0.9486831 0.3082488 0.07058945 -0.8070563 0.5862395 0.070593 -0.5984699 0.435051 0.672729 -0.7033594 0.2285918 0.6730759 -0.7400064 3.05283e-5 0.6725999 -0.7035908 -0.228667 0.6728087 -0.5982732 -0.434908 0.6729963 -0.435051 -0.5984699 0.672729 -0.3082488 -0.9486831 0.07058945 -0.3084289 -0.9494627 -0.0582425 3.10374e-5 -0.8338496 -0.5519918 -3.13601e-5 -0.9983026 -0.05824246 3.05309e-5 -0.9975056 0.07058744 -0.228667 -0.7035908 0.6728087 -0.3651596 -0.5026746 0.7835666 -0.5026746 -0.3651596 0.7835666 -0.5910274 -0.1919618 0.7834777 -0.6213533 3.20211e-5 0.7835305 -0.5910274 0.1919618 0.7834777 -0.5026746 0.3651596 0.7835666 -0.3651596 0.5026746 0.7835666 -0.5749466 0.4178987 0.7034181 -0.4176971 0.5750052 0.7034898 -0.6760209 0.2196824 0.7033744 -0.7107611 -3.12764e-5 0.7034336 -0.6760209 -0.2196824 0.7033744 -0.5750052 -0.4176971 0.7034898 -0.4178987 -0.5749466 0.7034181 -0.1919618 -0.5910274 0.7834777 -0.2196824 -0.6760209 0.7033744 -3.09951e-5 -0.7397633 0.6728672 -3.15739e-5 -0.6213533 0.7835305 -3.10975e-5 -0.7107611 0.7034336 -0.2965005 -0.912948 0.280381 -0.5641466 -0.7766175 0.2803638 -0.7766175 -0.5641466 0.2803638 -0.912948 -0.2965005 0.280381 -0.9598851 3.05307e-5 0.2803939 -0.912948 0.2965005 0.280381 -0.7766175 0.5641466 0.2803638 -0.5641466 0.7766175 0.2803638 -0.5865496 0.8072994 0.06501617 -0.308443 0.9490179 0.06502214 -0.8072994 0.5865496 0.06501617 -0.9490179 0.308443 0.06502214 -0.9978837 3.14815e-5 0.06502362 -0.9490179 -0.308443 0.06502214 -0.8072994 -0.5865496 0.06501617 -0.5865496 -0.8072994 0.06501617 -0.308443 -0.9490179 0.06502214 3.18127e-5 -0.9598851 0.2803939 -0.3075168 -0.9467316 -0.09556469 -0.5850746 -0.8053322 -0.09553858 -0.8053322 -0.5850746 -0.09553858 -0.9467316 -0.3075168 -0.09556469 -0.9954247 3.15704e-5 -0.09554953 -0.9467316 0.3075168 -0.09556469 -0.8053322 0.5850746 -0.09553858 -0.5850746 0.8053322 -0.09553858 -0.3075168 0.9467316 -0.09556469 -0.5696042 0.7840607 -0.2465761 -0.2994233 0.9217157 -0.246548 -0.7840607 0.5696042 -0.2465761 -0.9217157 0.2994233 -0.246548 -0.9691284 -3.18413e-5 -0.2465562 -0.9217157 -0.2994233 -0.246548 -0.7840607 -0.5696042 -0.2465761 -0.5696042 -0.7840607 -0.2465761 -0.2994233 -0.9217157 -0.246548 3.0527e-5 -0.9954247 -0.09554953 -3.11536e-5 -0.9978837 0.06502362 3.05295e-5 -0.9691284 -0.2465562 -0.1191259 -0.3665975 -0.9227217 -0.2265279 -0.3118879 -0.9227194 -0.3118879 -0.2265279 -0.9227194 -0.3665975 -0.1191259 -0.9227217 -0.385413 3.05302e-5 -0.9227442 -0.3665975 0.1191259 -0.9227217 -0.3118879 0.2265279 -0.9227194 -0.2265279 0.3118879 -0.9227194 -0.1191259 0.3665975 -0.9227217 3.05302e-5 0.385413 -0.9227442 3.05295e-5 0.9691284 -0.2465562 0.1191259 0.3665975 -0.9227217 -1.57595e-4 4.84943e-4 -0.9999999 3.05176e-5 5.09739e-4 -0.9999999 -2.99692e-4 4.12464e-4 -0.9999999 -4.12464e-4 2.99692e-4 -0.9999999 -4.84943e-4 1.57595e-4 -0.9999999 -5.09739e-4 3.05176e-5 -0.9999999 -4.84943e-4 -1.57595e-4 -0.9999999 -4.12464e-4 -2.99692e-4 -0.9999999 -2.99692e-4 -4.12464e-4 -0.9999999 -1.57475e-4 -4.84943e-4 -0.9999999 3.05302e-5 -0.385413 -0.9227442 3.05176e-5 -5.09739e-4 -0.9999999 0.1595934 0.491357 -0.8562116 0.3035809 0.4178817 -0.8562788 0.4178817 0.3035809 -0.8562788 0.491357 0.1595934 -0.8562116 0.5167205 3.05246e-5 -0.8561541 0.491357 -0.1595934 -0.8562116 0.4178817 -0.3035809 -0.8562788 0.3035809 -0.4178817 -0.8562788 0.1595934 -0.491357 -0.8562116 3.05246e-5 -0.5167205 -0.8561541 -0.1595934 -0.491357 -0.8562116 1.57595e-4 4.84943e-4 -0.9999999 -0.3035809 -0.4178817 -0.8562788 3.0528e-5 -0.8811602 -0.4728177 -0.2722758 -0.8380722 -0.4727587 0.2722758 -0.8380722 -0.4727587 0.5178868 -0.7128272 -0.4729382 0.7128272 -0.5178868 -0.4729382 0.8380722 -0.2722758 -0.4727587 0.8811602 3.0528e-5 -0.4728177 0.8380722 0.2722758 -0.4727587 0.7128272 0.5178868 -0.4729382 0.5178868 0.7128272 -0.4729382 0.2722758 0.8380722 -0.4727587 3.05246e-5 0.5167205 -0.8561541 -3.12733e-5 0.8811602 -0.4728177 -0.5178868 -0.7128272 -0.4729382 0.3638993 -0.5006668 0.7854363 0.2932578 -0.9024819 0.315478 0.191356 -0.5885998 0.785451 3.05239e-5 -0.9489272 0.3154951 -3.13653e-5 -0.9999356 0.01135735 3.15136e-5 -0.6188996 0.7854701 3.12141e-5 -0.9974234 -0.0717417 3.05309e-5 -0.9975056 0.07058744 -3.10975e-5 -0.7107611 0.7034336 3.0527e-5 -0.9954247 -0.09554953 3.05295e-5 -0.9691284 -0.2465562 3.05302e-5 -0.385413 -0.9227442 1.57595e-4 -4.84943e-4 -0.9999999 3.05176e-5 -5.09739e-4 -0.9999999 -0.1595934 0.491357 -0.8562116 3.05246e-5 0.5167205 -0.8561541 -0.5178868 0.7128272 -0.4729382 -0.2722758 0.8380722 -0.4727587 -3.12733e-5 0.8811602 -0.4728177 0.6468397 -3.33671e-5 -0.762626 0.9341953 0.3035036 -0.1875227 0.9822529 -3.16007e-5 -0.187561 0.6154177 0.1998886 -0.7624341 0.7946795 0.5773271 -0.187558 0.999483 3.05316e-5 0.03214979 0.9505354 0.3089484 0.03214651 0.6154177 -0.1998886 -0.7624341 0.9341953 -0.3035036 -0.1875227 0.9505354 -0.3089484 0.03214651 0.9928744 -3.19247e-5 0.1191645 0.9442862 -0.3067831 0.119196 0.9442862 0.3067831 0.119196 0.808635 0.5874323 0.03213665 0.5232287 0.3803301 -0.7626144 0.5773271 0.7946795 -0.187558 0.5874329 0.8086358 0.03210616 0.8032914 0.583546 0.1191508 0.9746702 -3.20395e-5 0.2236468 0.926986 0.3010995 0.2236879 0.926986 -0.3010995 0.2236879 0.7884259 -0.5730009 0.2237293 0.8032914 -0.583546 0.1191508 0.8086358 -0.5874329 0.03210616 0.5232287 -0.3803301 -0.7626144 0.7946795 -0.5773271 -0.187558 0.583546 -0.8032914 0.1191508 0.5874329 -0.8086358 0.03210616 0.5730009 -0.7884259 0.2237293 0.7629203 -0.5543627 0.3326176 0.5543627 -0.7629203 0.3326176 0.8968945 -0.291393 0.3326716 0.9430714 -3.20741e-5 0.3325902 0.8968945 0.291393 0.3326716 0.7884259 0.5730009 0.2237293 0.583546 0.8032914 0.1191508 0.3089484 0.9505354 0.03214651 0.3035036 0.9341953 -0.1875227 0.3802329 0.5235834 -0.7624195 0.1998886 0.6154177 -0.7624341 3.05275e-5 0.9822529 -0.187561 -3.24398e-5 0.999483 0.03214979 0.3067831 0.9442862 0.119196 0.5730009 0.7884259 0.2237293 0.7629203 0.5543627 0.3326176 0.8848546 -3.42463e-5 0.4658672 0.8415513 0.2732722 0.4659547 0.841495 -0.2734981 0.4659235 0.7158892 -0.5200695 0.4658651 0.5200695 -0.7158892 0.4658651 0.2732722 -0.8415513 0.4659547 0.291393 -0.8968945 0.3326716 0.3010995 -0.926986 0.2236879 0.3067831 -0.9442862 0.119196 0.3089484 -0.9505354 0.03214651 0.5773271 -0.7946795 -0.187558 3.32019e-5 -0.9746702 0.2236468 3.05237e-5 -0.9928744 0.1191645 3.11202e-5 -0.9430714 0.3325902 3.05206e-5 -0.8848546 0.4658672 0.2513058 -0.7732111 0.5822284 3.17441e-5 -0.8131061 0.5821155 0.4778726 -0.6578379 0.5821401 0.6578379 -0.4778726 0.5821401 0.7732111 -0.2513058 0.5822284 0.8131061 3.35623e-5 0.5821155 0.7732111 0.2513058 0.5822284 0.7158892 0.5200695 0.4658651 0.5543627 0.7629203 0.3326176 0.3010995 0.926986 0.2236879 3.05237e-5 0.9928744 0.1191645 -3.22183e-5 0.9746702 0.2236468 0.291393 0.8968945 0.3326716 0.5200695 0.7158892 0.4658651 0.6578379 0.4778726 0.5821401 0.7282717 -3.35091e-5 0.6852885 0.6926016 0.2251688 0.6852751 0.6926207 -0.2250529 0.685294 0.5890924 -0.4281422 0.6853207 0.4281422 -0.5890924 0.6853207 0.2250529 -0.6926207 0.685294 3.98591e-5 -0.7282717 0.6852885 0.1720333 -0.5294084 0.8307413 3.45761e-5 -0.5567271 0.8306954 0.3272233 -0.4502983 0.8307564 0.4502983 -0.3272233 0.8307564 0.5294195 -0.1719148 0.8307588 0.5567271 -4.48893e-5 0.8306954 0.5890924 0.4281422 0.6853207 0.5294195 0.1719148 0.8307588 0.4778726 0.6578379 0.5821401 0.2732722 0.8415513 0.4659547 3.05241e-5 0.9430714 0.3325902 -0.3010995 0.926986 0.2236879 -0.3067831 0.9442862 0.119196 -0.3089488 0.9505364 0.03211601 -0.583546 0.8032914 0.1191508 -0.5874329 0.8086358 0.03210616 -0.5730009 0.7884259 0.2237293 -0.291393 0.8968945 0.3326716 3.55876e-5 0.8848546 0.4658672 0.2513058 0.7732111 0.5822284 0.4281422 0.5890924 0.6853207 0.4502983 0.3272233 0.8307564 0.3125626 4.3699e-5 0.9498971 0.2971848 0.09664 0.9499168 0.2971865 -0.09657951 0.9499224 0.2527431 -0.1837576 0.9499232 0.1837463 -0.2529716 0.9498645 0.09664 -0.2971848 0.9499168 -4.57855e-5 -0.3125626 0.9498971 -3.31402e-5 -3.13818e-5 1 -3.31402e-5 -3.13818e-5 1 -3.31402e-5 -3.13818e-5 1 -3.31402e-5 -3.13818e-5 1 -3.31402e-5 -3.13818e-5 1 -3.31402e-5 -3.13818e-5 1 0.2527488 0.1836397 0.9499446 -3.31402e-5 -3.13818e-5 1 0.3272233 0.4502983 0.8307564 0.2250529 0.6926207 0.685294 3.0522e-5 0.8131061 0.5821155 -0.2732722 0.8415513 0.4659547 -0.5543627 0.7629203 0.3326176 -0.7884259 0.5730009 0.2237293 -0.8032914 0.583546 0.1191508 -0.808635 0.5874323 0.03213665 -0.9442862 0.3067831 0.119196 -0.9505354 0.3089484 0.03214651 -0.926986 0.3010995 0.2236879 -0.7629203 0.5543627 0.3326176 -0.5200695 0.7158892 0.4658651 -0.2513058 0.7732111 0.5822284 3.64008e-5 0.7282717 0.6852885 0.1720333 0.5294084 0.8307413 0.1837576 0.2527431 0.9499232 -3.31402e-5 -3.13818e-5 1 0.09651902 0.2971883 0.9499279 -3.31402e-5 -3.13818e-5 1 -3.41588e-5 0.5567271 0.8306954 -0.2250529 0.6926207 0.685294 -0.4778726 0.6578379 0.5821401 -0.7158892 0.5200695 0.4658651 -0.8968945 0.291393 0.3326716 -0.9746702 3.05195e-5 0.2236468 -0.9928744 3.12391e-5 0.1191645 -0.999483 3.18435e-5 0.03214979 -0.9822529 3.05275e-5 -0.187561 -0.9341953 0.3035036 -0.1875227 -0.7946795 0.5773271 -0.187558 -0.6154177 0.1998886 -0.7624341 -0.5235834 0.3802329 -0.7624195 -0.6471237 -3.25219e-5 -0.762385 -0.9341953 -0.3035036 -0.1875227 -0.9505354 -0.3089484 0.03214651 -0.9442862 -0.3067831 0.119196 -0.926986 -0.3010995 0.2236879 -0.9430714 3.21039e-5 0.3325902 -0.841495 0.2734981 0.4659235 -0.6578379 0.4778726 0.5821401 -0.4281422 0.5890924 0.6853207 -0.1720333 0.5294084 0.8307413 4.64413e-5 0.3125626 0.9498971 -3.31402e-5 -3.13818e-5 1 -0.09664 0.2971848 0.9499168 -3.31402e-5 -3.13818e-5 1 -0.3272233 0.4502983 0.8307564 -0.5890924 0.4281422 0.6853207 -0.7732111 0.2513058 0.5822284 -0.8848546 3.05206e-5 0.4658672 -0.8968945 -0.291393 0.3326716 -0.7884259 -0.5730009 0.2237293 -0.8032914 -0.583546 0.1191508 -0.808635 -0.5874323 0.03213665 -0.7946795 -0.5773271 -0.187558 -0.6154177 -0.1998886 -0.7624341 -0.5232287 -0.3803301 -0.7626144 -0.5773271 -0.7946795 -0.187558 -0.5874329 -0.8086358 0.03210616 -0.583546 -0.8032914 0.1191508 -0.5730009 -0.7884259 0.2237293 -0.7629203 -0.5543627 0.3326176 -0.8415513 -0.2732722 0.4659547 -0.8131061 -3.55593e-5 0.5821155 -0.6926016 0.2251688 0.6852751 -0.4502983 0.3272233 0.8307564 -0.1837576 0.2527431 0.9499232 -3.31402e-5 -3.13818e-5 1 -0.2527431 0.1837576 0.9499232 -3.31402e-5 -3.13818e-5 1 -0.5294084 0.1720333 0.8307413 -0.7282717 3.24656e-5 0.6852885 -0.7732111 -0.2513058 0.5822284 -0.7158892 -0.5200695 0.4658651 -0.5543627 -0.7629203 0.3326176 -0.3010995 -0.926986 0.2236879 -0.3067831 -0.9442862 0.119196 -0.3089484 -0.9505354 0.03214651 -0.3035036 -0.9341953 -0.1875227 -0.3803301 -0.5232287 -0.7626144 -0.1998886 -0.6154177 -0.7624341 3.05275e-5 -0.9822529 -0.187561 3.05316e-5 -0.999483 0.03214979 3.05237e-5 -0.9928744 0.1191645 3.32019e-5 -0.9746702 0.2236468 -0.291393 -0.8968945 0.3326716 -0.5200695 -0.7158892 0.4658651 -0.6578379 -0.4778726 0.5821401 -0.6926207 -0.2250529 0.685294 -0.5567271 4.28624e-5 0.8306954 -0.2971865 0.09657951 0.9499224 -3.31402e-5 -3.13818e-5 1 -0.3125626 -3.35343e-5 0.9498971 -3.31402e-5 -3.13818e-5 1 -0.5294084 -0.1720333 0.8307413 -0.5890924 -0.4281422 0.6853207 -0.4778726 -0.6578379 0.5821401 -0.2732722 -0.8415513 0.4659547 3.11202e-5 -0.9430714 0.3325902 3.05206e-5 -0.8848546 0.4658672 -0.2513058 -0.7732111 0.5822284 -0.4281422 -0.5890924 0.6853207 -0.4502983 -0.3272233 0.8307564 -0.2971865 -0.09657951 0.9499224 -3.31402e-5 -3.13818e-5 1 -0.2527431 -0.1837576 0.9499232 -3.31402e-5 -3.13818e-5 1 -0.3272233 -0.4502983 0.8307564 -0.2251688 -0.6926016 0.6852751 3.17441e-5 -0.8131061 0.5821155 3.98591e-5 -0.7282717 0.6852885 -0.1720333 -0.5294084 0.8307413 -0.1837576 -0.2527431 0.9499232 -3.31402e-5 -3.13818e-5 1 -0.09657951 -0.2971865 0.9499224 -3.31402e-5 -3.13818e-5 1 3.45761e-5 -0.5567271 0.8306954 -4.57855e-5 -0.3125626 0.9498971 -3.31402e-5 -3.13818e-5 1 -3.21344e-5 -0.6471237 -0.762385 -0.3803301 0.5232287 -0.7626144 -0.5773271 0.7946795 -0.187558 -0.1998886 0.6154177 -0.7624341 -0.3035036 0.9341953 -0.1875227 -3.282e-5 0.6471237 -0.762385 3.05316e-5 -0.999483 0.03214979 0.3035036 -0.9341953 -0.1875227 3.05275e-5 -0.9822529 -0.187561 0.1998886 -0.6154177 -0.7624341 -3.21344e-5 -0.6471237 -0.762385 0.3803301 -0.5232287 -0.7626144 -0.5178868 -0.7128272 -0.4729382 -0.7128272 -0.5178868 -0.4729382 3.05176e-5 3.05176e-5 -1 -0.8380722 -0.2722758 -0.4727587 -0.2722758 -0.8380722 -0.4727587 3.0528e-5 -0.8811602 -0.4728177 0.2722758 -0.8380722 -0.4727587 0.5178868 -0.7128272 -0.4729382 0.7128272 -0.5178868 -0.4729382 -0.8811602 3.21081e-5 -0.4728177 -0.8380722 0.2722758 -0.4727587 -0.7128272 0.5178868 -0.4729382 -0.5178868 0.7128272 -0.4729382 -0.2722758 0.8380722 -0.4727587 -3.12733e-5 0.8811602 -0.4728177 0.2722758 0.8380722 -0.4727587 0.5178868 0.7128272 -0.4729382 0.7128272 0.5178868 -0.4729382 0.8380722 0.2722758 -0.4727587 0.8811602 3.0528e-5 -0.4728177 0.8380722 -0.2722758 -0.4727587 0.1263959 0.09183546 -0.9877197 0.1202723 0.03907323 0.9919717 0.1023231 0.07430026 0.9919726 0.1486214 0.04826836 -0.9877154 0.1263788 3.20764e-5 0.9919821 0.09183546 0.1263959 -0.9877197 0.5232287 0.3803301 -0.7626144 0.6154177 0.1998886 -0.7624341 0.07436097 0.1023227 0.991968 0.04826925 0.148502 -0.9877335 0.3802329 0.5235834 -0.7624195 0.03910342 0.1203323 0.9919632 -3.15443e-5 0.1561946 -0.9877264 0.1998886 0.6154177 -0.7624341 3.22846e-5 0.126499 0.9919667 -0.04826925 0.148502 -0.9877335 -3.282e-5 0.6471237 -0.762385 -0.03907323 0.1202723 0.9919717 -0.09183546 0.1263959 -0.9877197 -0.1998886 0.6154177 -0.7624341 -0.07430026 0.1023231 0.9919726 -0.1262764 0.09177633 -0.9877405 -0.3803301 0.5232287 -0.7626144 -0.1023227 0.07436097 0.991968 -0.1485022 0.04823878 -0.9877349 -0.5235834 0.3802329 -0.7624195 -0.1203925 0.03910314 0.991956 -0.1561946 -3.31543e-5 -0.9877264 -0.6154177 0.1998886 -0.7624341 -0.126499 3.3328e-5 0.9919667 -0.1485022 -0.04823878 -0.9877349 -0.6471237 -3.25219e-5 -0.762385 -0.1202121 -0.03907352 0.9919791 -0.1263959 -0.09183546 -0.9877197 -0.6154177 -0.1998886 -0.7624341 -0.1023831 -0.0743605 0.9919618 -0.09177493 -0.1263966 -0.9877253 -0.5232287 -0.3803301 -0.7626144 -0.07430026 -0.1023231 0.9919726 -0.04826925 -0.148502 -0.9877335 -0.3803301 -0.5232287 -0.7626144 -0.03907323 -0.1202723 0.9919717 3.10971e-5 -0.1561946 -0.9877264 -0.1998886 -0.6154177 -0.7624341 -3.19865e-5 -0.126499 0.9919667 -3.21344e-5 -0.6471237 -0.762385 0.6468397 -3.33671e-5 -0.762626 0.6154177 -0.1998886 -0.7624341 0.1563137 3.42867e-5 -0.9877074 0.148502 -0.04826925 -0.9877335 0.1202723 -0.03907323 0.9919717 0.5232287 -0.3803301 -0.7626144 0.1262757 -0.09183688 -0.987735 0.1023831 -0.0743605 0.9919618 0.3803301 -0.5232287 -0.7626144 0.09183546 -0.1263959 -0.9877197 0.07430026 -0.1023231 0.9919726 0.1998886 -0.6154177 -0.7624341 0.04823878 -0.1485022 -0.9877349 0.03907323 -0.1202723 0.9919717 -3.21344e-5 -0.6471237 -0.762385 3.10971e-5 -0.1561946 -0.9877264 -3.19865e-5 -0.126499 0.9919667 0.1202723 -0.03907323 0.9919717 0.6188996 3.16925e-5 0.7854701 0.1263788 3.20764e-5 0.9919821 0.5885998 -0.191356 0.785451 0.5885998 0.191356 0.785451 0.1023831 -0.0743605 0.9919618 0.5006668 -0.3638993 0.7854363 0.07430026 -0.1023231 0.9919726 0.3638993 -0.5006668 0.7854363 0.03907323 -0.1202723 0.9919717 0.191356 -0.5885998 0.785451 -3.19865e-5 -0.126499 0.9919667 3.15136e-5 -0.6188996 0.7854701 0.5006668 0.3638993 0.7854363 0.1202723 0.03907323 0.9919717 0.3638993 0.5006668 0.7854363 0.1023231 0.07430026 0.9919726 0.191356 0.5885998 0.785451 0.07436097 0.1023227 0.991968 3.48528e-5 0.6188996 0.7854701 0.03910342 0.1203323 0.9919632 -0.191356 0.5885998 0.785451 3.22846e-5 0.126499 0.9919667 -0.3638993 0.5006668 0.7854363 -0.03907323 0.1202723 0.9919717 -0.5006668 0.3638993 0.7854363 -0.07430026 0.1023231 0.9919726 -0.5885998 0.191356 0.785451 -0.1023227 0.07436097 0.991968 -0.6188996 3.18416e-5 0.7854701 -0.1203925 0.03910314 0.991956 -0.5885998 -0.191356 0.785451 -0.126499 3.3328e-5 0.9919667 -0.5006668 -0.3638993 0.7854363 -0.1202121 -0.03907352 0.9919791 -0.3638993 -0.5006668 0.7854363 -0.1023831 -0.0743605 0.9919618 -0.191356 -0.5885998 0.785451 -0.07430026 -0.1023231 0.9919726 3.15136e-5 -0.6188996 0.7854701 -0.03907323 -0.1202723 0.9919717 -3.19865e-5 -0.126499 0.9919667</float_array>
          <technique_common>
            <accessor source="#geom-BulletMShape-normals-array" count="818" stride="3">
              <param name="X" type="float"/>
              <param name="Y" type="float"/>
              <param name="Z" type="float"/>
            </accessor>
          </technique_common>
        </source>
        <source id="geom-BulletMShape-map-2">
          <float_array id="geom-BulletMShape-map-2-array" count="2454">1 1 1 1 1 1 1 1 1 1 1 1 1 1 1 1 1 1 1 1 1 1 1 1 1 1 1 1 1 1 1 1 1 1 1 1 1 1 1 1 1 1 1 1 1 1 1 1 1 1 1 1 1 1 1 1 1 1 1 1 1 1 1 1 1 1 1 1 1 1 1 1 1 1 1 1 1 1 1 1 1 1 1 1 1 1 1 1 1 1 1 1 1 1 1 1 1 1 1 1 1 1 1 1 1 1 1 1 1 1 1 1 1 1 1 1 1 1 1 1 1 1 1 1 1 1 1 1 1 1 1 1 1 1 1 1 1 1 1 1 1 1 1 1 1 1 1 1 1 1 1 1 1 1 1 1 1 1 1 1 1 1 1 1 1 1 1 1 1 1 1 1 1 1 1 1 1 1 1 1 1 1 1 1 1 1 1 1 1 1 1 1 1 1 1 1 1 1 1 1 1 1 1 1 1 1 1 1 1 1 1 1 1 1 1 1 1 1 1 1 1 1 1 1 1 1 1 1 1 1 1 1 1 1 1 1 1 1 1 1 1 1 1 1 1 1 1 1 1 1 1 1 1 1 1 1 1 1 1 1 1 1 1 1 1 1 1 1 1 1 1 1 1 1 1 1 1 1 1 1 1 1 1 1 1 1 1 1 1 1 1 1 1 1 1 1 1 1 1 1 1 1 1 1 1 1 1 1 1 1 1 1 1 1 1 1 1 1 1 1 1 1 1 1 1 1 1 1 1 1 1 1 1 1 1 1 1 1 1 1 1 1 1 1 1 1 1 1 1 1 1 1 1 1 1 1 1 1 1 1 1 1 1 1 1 1 1 1 1 1 1 1 1 1 1 1 1 1 1 1 1 1 1 1 1 1 1 1 1 1 1 1 1 1 1 1 1 1 1 1 1 1 1 1 1 1 1 1 1 1 1 1 1 1 1 1 1 1 1 1 1 1 1 1 1 1 1 1 1 1 1 1 1 1 1 1 1 1 1 1 1 1 1 1 1 1 1 1 1 1 1 1 1 1 1 1 1 1 1 1 1 1 1 1 1 1 1 1 1 1 1 1 1 1 1 1 1 1 1 1 1 1 1 1 1 1 1 1 1 1 1 1 1 1 1 1 1 1 1 1 1 1 1 1 1 1 1 1 1 1 1 1 1 1 1 1 1 1 1 1 1 1 1 1 1 1 1 1 1 1 1 1 1 1 1 1 1 1 1 1 1 1 1 1 1 1 1 1 1 1 1 1 1 1 1 1 1 1 1 1 1 1 1 1 1 1 1 1 1 1 1 1 1 1 1 1 1 1 1 1 1 1 1 1 1 1 1 1 1 1 1 1 1 1 1 1 1 1 1 1 1 1 1 1 1 1 1 1 1 1 1 1 1 1 1 1 1 1 1 1 1 1 1 1 1 1 1 1 1 1 1 1 1 1 1 1 1 1 1 1 1 1 1 1 1 1 1 1 1 1 1 1 1 1 1 1 1 1 1 1 1 1 1 1 1 1 1 1 1 1 1 1 1 1 1 1 1 1 1 1 1 1 1 1 1 1 1 1 1 1 1 1 1 1 1 1 1 1 1 1 1 1 1 1 1 1 1 1 1 1 1 1 1 1 1 1 1 1 1 1 1 1 1 1 1 1 1 1 1 1 1 1 1 1 1 1 1 1 1 1 1 1 1 1 1 1 1 1 1 1 1 1 1 1 1 1 1 1 1 1 1 1 1 1 1 1 1 1 1 1 1 1 1 1 1 1 1 1 1 1 1 1 1 1 1 1 1 1 1 1 1 1 1 1 1 1 1 1 1 1 1 1 1 1 1 1 1 1 1 1 1 1 1 1 1 1 1 1 1 1 1 1 1 1 1 1 1 1 1 1 1 1 1 1 1 1 1 1 1 1 1 1 1 1 1 1 1 1 1 1 1 1 1 1 1 1 1 1 1 1 1 1 1 1 1 1 1 1 1 1 1 1 1 1 1 1 1 1 1 1 1 1 1 1 1 1 1 1 1 1 1 1 1 1 1 1 1 1 1 1 1 1 1 1 1 1 1 1 1 1 1 1 1 1 1 1 1 1 1 1 1 1 1 1 1 1 1 1 1 1 1 1 1 1 1 1 1 1 1 1 1 1 1 1 1 1 1 1 1 1 1 1 1 1 1 1 1 1 1 1 1 1 1 1 1 1 1 1 1 1 1 1 1 1 1 1 1 1 1 1 1 1 1 1 1 1 1 1 1 1 1 1 1 1 1 1 1 1 1 1 1 1 1 1 1 1 1 1 1 1 1 1 1 1 1 1 1 1 1 1 1 1 1 1 1 1 1 1 1 1 1 1 1 1 1 1 1 1 1 1 1 1 1 1 1 1 1 1 1 1 1 1 1 1 1 1 1 1 1 1 1 1 1 1 1 1 1 1 1 1 1 1 1 1 1 1 1 1 1 1 1 1 1 1 1 1 1 1 1 1 1 1 1 1 1 1 1 1 1 1 1 1 1 1 1 1 1 1 1 1 1 1 1 1 1 1 1 1 1 1 1 1 1 1 1 1 1 1 1 1 1 1 1 1 1 1 1 1 1 1 1 1 1 1 1 1 1 1 1 1 1 1 1 1 1 1 1 1 1 1 1 1 1 1 1 1 1 1 1 1 1 1 1 1 1 1 1 1 1 1 1 1 1 1 1 1 1 1 1 1 1 1 1 1 1 1 1 1 1 1 1 1 1 1 1 1 1 1 1 1 1 1 1 1 1 1 1 1 1 1 1 1 1 1 1 1 1 1 1 1 1 1 1 1 1 1 1 1 1 1 1 1 1 1 1 1 1 1 1 1 1 1 1 1 1 1 1 1 1 1 1 1 1 1 1 1 1 1 1 1 1 1 1 1 1 1 1 1 1 1 1 1 1 1 1 1 1 1 1 1 1 1 1 1 1 1 1 1 1 1 1 1 1 1 1 1 1 1 1 1 1 1 1 1 1 1 1 1 1 1 1 1 1 1 1 1 1 1 1 1 1 1 1 1 1 1 1 1 1 1 1 1 1 1 1 1 1 1 1 1 1 1 1 1 1 1 1 1 1 1 1 1 1 1 1 1 1 1 1 1 1 1 1 1 1 1 1 1 1 1 1 1 1 1 1 1 1 1 1 1 1 1 1 1 1 1 1 1 1 1 1 1 1 1 1 1 1 1 1 1 1 1 1 1 1 1 1 1 1 1 1 1 1 1 1 1 1 1 1 1 1 1 1 1 1 1 1 1 1 1 1 1 1 1 1 1 1 1 1 1 1 1 1 1 1 1 1 1 1 1 1 1 1 1 1 1 1 1 1 1 1 1 1 1 1 1 1 1 1 1 1 1 1 1 1 1 1 1 1 1 1 1 1 1 1 1 1 1 1 1 1 1 1 1 1 1 1 1 1 1 1 1 1 1 1 1 1 1 1 1 1 1 1 1 1 1 1 1 1 1 1 1 1 1 1 1 1 1 1 1 1 1 1 1 1 1 1 1 1 1 1 1 1 1 1 1 1 1 1 1 1 1 1 1 1 1 1 1 1 1 1 1 1 1 1 1 1 1 1 1 1 1 1 1 1 1 1 1 1 1 1 1 1 1 1 1 1 1 1 1 1 1 1 1 1 1 1 1 1 1 1 1 1 1 1 1 1 1 1 1 1 1 1 1 1 1 1 1 1 1 1 1 1 1 1 1 1 1 1 1 1 1 1 1 1 1 1 1 1 1 1 1 1 1 1 1 1 1 1 1 1 1 1 1 1 1 1 1 1 1 1 1 1 1 1 1 1 1 1 1 1 1 1 1 1 1 1 1 1 1 1 1 1 1 1 1 1 1 1 1 1 1 1 1 1 1 1 1 1 1 1 1 1 1 1 1 1 1 1 1 1 1 1 1 1 1 1 1 1 1 1 1 1 1 1 1 1 1 1 1 1 1 1 1 1 1 1 1 1 1 1 1 1 1 1 1 1 1 1 1 1 1 1 1 1 1 1 1 1 1 1 1 1 1 1 1 1 1 1 1 1 1 1 1 1 1 1 1 1 1 1 1 1 1 1 1 1 1 1 1 1 1 1 1 1 1 1 1 1 1 1 1 1 1 1 1 1 1 1 1 1 1 1 1 1 1 1 1 1 1 1 1 1 1 1 1 1 1 1 1 1 1 1 1 1 1 1 1 1 1 1 1 1 1 1 1 1 1 1 1 1 1 1 1 1 1 1 1 1 1 1 1 1 1 1 1 1 1 1 1 1 1 1 1 1 1 1 1 1 1 1 1 1 1 1 1 1 1 1 1 1 1 1 1 1 1 1 1 1 1 1 1 1 1 1 1 1 1 1 1 1 1 1 1 1 1 1 1 1 1 1 1 1 1 1 1 1 1 1 1 1 1 1 1 1 1 1 1 1 1 1 1 1 1 1 1 1 1 1 1 1 1 1 1 1 1 1 1 1 1 1 1 1 1 1 1 1 1 1 1 1 1 1 1 1 1 1 1 1 1 1 1 1 1 1 1 1 1 1 1 1 1 1 1 1 1 1 1 1 1 1 1 1 1 1 1 1 1 1 1 1 1 1 1 1 1 1 1 1 1 1 1 1 1 1 1 1 1 1 1 1 1 1 1 1 1 1 1 1 1 1 1 1 1 1 1 1 1 1 1 1 1 1 1 1 1 1 1 1 1 1 1 1 1 1 1 1 1 1 1 1 1 1 1 1 1 1 1 1 1 1 1 1 1 1 1 1 1 1 1 1 1 1 1 1 1 1 1 1 1 1 1 1 1 1 1 1 1 1 1 1 1 1 1 1 1 1 1 1 1 1 1 1 1 1 1 1 1 1 1 1 1 1 1 1 1 1 1 1 1 1 1 1 1 1 1 1 1 1 1 1 1 1 1 1 1 1 1 1 1 1 1 1 1 1 1 1 1 1 1 1 1 1 1 1 1 1 1 1 1 1 1 1 1 1 1 1 1 1 1 1 1 1 1 1 1 1 1 1 1 1 1 1 1 1 1 1 1 1 1 1 1 1 1 1 1 1 1 1 1 1 1 1 1 1 1 1 1 1 1 1 1 1 1 1 1 1 1 1 1 1 1 1 1 1 1 1 1 1 1 1 1 1 1 1 1 1 1 1 1 1 1 1 1 1 1 1 1 1 1 1 1 1 1 1 1 1 1 1 1 1 1 1 1 1 1 1 1 1 1 1 1 1 1 1 1 1 1 1 1 1 1 1 1 1 1 1 1 1 1 1 1 1 1 1 1 1 1 1 1 1 1 1 1 1 1 1 1 1 1 1 1 1 1 1 1 1 1 1 1 1 1 1 1 1 1 1 1 1 1 1 1 1 1 1 1 1 1 1 1 1 1 1 1 1 1 1 1 1 1 1 1 1 1 1 1 1 1 1 1 1 1 1 1 1 1 1 1 1 1 1 1 1 1 1 1 1 1 1 1 1 1 1 1 1 1 1 1 1 1 1 1 1 1 1 1 1 1 1 1 1 1 1 1 1 1 1 1 1 1 1 1 1 1 1 1 1 1 1 1 1 1 1 1</float_array>
          <technique_common>
            <accessor source="#geom-BulletMShape-map-2-array" count="818" stride="3">
              <param name="R" type="float"/>
              <param name="G" type="float"/>
              <param name="B" type="float"/>
            </accessor>
          </technique_common>
        </source>
        <source id="geom-BulletMShape-map0">
          <float_array id="geom-BulletMShape-map0-array" count="2454">0.5019608 0.5019608 0.5019608 0.5019608 0.5019608 0.5019608 0.5019608 0.5019608 0.5019608 0.5019608 0.5019608 0.5019608 0.5019608 0.5019608 0.5019608 0.5019608 0.5019608 0.5019608 0.5019608 0.5019608 0.5019608 0.5019608 0.5019608 0.5019608 0.5019608 0.5019608 0.5019608 0.5019608 0.5019608 0.5019608 0.5019608 0.5019608 0.5019608 0.5019608 0.5019608 0.5019608 0.5019608 0.5019608 0.5019608 0.5019608 0.5019608 0.5019608 0.5019608 0.5019608 0.5019608 0.5019608 0.5019608 0.5019608 0.5019608 0.5019608 0.5019608 0.5019608 0.5019608 0.5019608 0.5019608 0.5019608 0.5019608 0.5019608 0.5019608 0.5019608 0.5019608 0.5019608 0.5019608 0.5019608 0.5019608 0.5019608 0.5019608 0.5019608 0.5019608 0.5019608 0.5019608 0.5019608 0.5019608 0.5019608 0.5019608 0.5019608 0.5019608 0.5019608 0.5019608 0.5019608 0.5019608 0.5019608 0.5019608 0.5019608 0.5019608 0.5019608 0.5019608 0.5019608 0.5019608 0.5019608 0.5019608 0.5019608 0.5019608 0.5019608 0.5019608 0.5019608 0.5019608 0.5019608 0.5019608 0.5019608 0.5019608 0.5019608 0.5019608 0.5019608 0.5019608 0.5019608 0.5019608 0.5019608 0.5019608 0.5019608 0.5019608 0.5019608 0.5019608 0.5019608 0.5019608 0.5019608 0.5019608 0.5019608 0.5019608 0.5019608 0.5019608 0.5019608 0.5019608 0.5019608 0.5019608 0.5019608 0.5019608 0.5019608 0.5019608 0.5019608 0.5019608 0.5019608 0.5019608 0.5019608 0.5019608 0.5019608 0.5019608 0.5019608 0.5019608 0.5019608 0.5019608 0.5019608 0.5019608 0.5019608 0.5019608 0.5019608 0.5019608 0.5019608 0.5019608 0.5019608 0.5019608 0.5019608 0.5019608 0.5019608 0.5019608 0.5019608 0.5019608 0.5019608 0.5019608 0.5019608 0.5019608 0.5019608 0.5019608 0.5019608 0.5019608 0.5019608 0.5019608 0.5019608 0.5019608 0.5019608 0.5019608 0.5019608 0.5019608 0.5019608 0.5019608 0.5019608 0.5019608 0.5019608 0.5019608 0.5019608 0.5019608 0.5019608 0.5019608 0.5019608 0.5019608 0.5019608 0.5019608 0.5019608 0.5019608 0.5019608 0.5019608 0.5019608 0.5019608 0.5019608 0.5019608 0.5019608 0.5019608 0.5019608 0.5019608 0.5019608 0.5019608 0.5019608 0.5019608 0.5019608 0.5019608 0.5019608 0.5019608 0.5019608 0.5019608 0.5019608 0.5019608 0.5019608 0.5019608 0.5019608 0.5019608 0.5019608 0.5019608 0.5019608 0.5019608 0.5019608 0.5019608 0.5019608 0.5019608 0.5019608 0.5019608 0.5019608 0.5019608 0.5019608 0.5019608 0.5019608 0.5019608 0.5019608 0.5019608 0.5019608 0.5019608 0.5019608 0.5019608 0.5019608 0.5019608 0.5019608 0.5019608 0.5019608 0.5019608 0.5019608 0.5019608 0.5019608 0.5019608 0.5019608 0.5019608 0.5019608 0.5019608 0.5019608 0.5019608 0.5019608 0.5019608 0.5019608 0.5019608 0.5019608 0.5019608 0.5019608 0.5019608 0.5019608 0.5019608 0.5019608 0.5019608 0.5019608 0.5019608 0.5019608 0.5019608 0.5019608 0.5019608 0.5019608 0.5019608 0.5019608 0.5019608 0.5019608 0.5019608 0.5019608 0.5019608 0.5019608 0.5019608 0.5019608 0.5019608 0.5019608 0.5019608 0.5019608 0.5019608 0.5019608 0.5019608 0.5019608 0.5019608 0.5019608 0.5019608 0.5019608 0.5019608 0.5019608 0.5019608 0.5019608 0.5019608 0.5019608 0.5019608 0.5019608 0.5019608 0.5019608 0.5019608 0.5019608 0.5019608 0.5019608 0.5019608 0.5019608 0.5019608 0.5019608 0.5019608 0.5019608 0.5019608 0.5019608 0.5019608 0.5019608 0.5019608 0.5019608 0.5019608 0.5019608 0.5019608 0.5019608 0.5019608 0.5019608 0.5019608 0.5019608 0.5019608 0.5019608 0.5019608 0.5019608 0.5019608 0.5019608 0.5019608 0.5019608 0.5019608 0.5019608 0.5019608 0.5019608 0.5019608 0.5019608 0.5019608 0.5019608 0.5019608 0.5019608 0.5019608 0.5019608 0.5019608 0.5019608 0.5019608 0.5019608 0.5019608 0.5019608 0.5019608 0.5019608 0.5019608 0.5019608 0.5019608 0.5019608 0.5019608 0.5019608 0.5019608 0.5019608 0.5019608 0.5019608 0.5019608 0.5019608 0.5019608 0.5019608 0.5019608 0.5019608 0.5019608 0.5019608 0.5019608 0.5019608 0.5019608 0.5019608 0.5019608 0.5019608 0.5019608 0.5019608 0.5019608 0.5019608 0.5019608 0.5019608 0.5019608 0.5019608 0.5019608 0.5019608 0.5019608 0.5019608 0.5019608 0.5019608 0.5019608 0.5019608 0.5019608 0.5019608 0.5019608 0.5019608 0.5019608 0.5019608 0.5019608 0.5019608 0.5019608 0.5019608 0.5019608 0.5019608 0.5019608 0.5019608 0.5019608 0.5019608 0.5019608 0.5019608 0.5019608 0.5019608 0.5019608 0.5019608 0.5019608 0.5019608 0.5019608 0.5019608 0.5019608 0.5019608 0.5019608 0.5019608 0.5019608 0.5019608 0.5019608 0.5019608 0.5019608 0.5019608 0.5019608 0.5019608 0.5019608 0.5019608 0.5019608 0.5019608 0.5019608 0.5019608 0.5019608 0.5019608 0.5019608 0.5019608 0.5019608 0.5019608 0.5019608 0.5019608 0.5019608 0.5019608 0.5019608 0.5019608 0.5019608 0.5019608 0.5019608 0.5019608 0.5019608 0.5019608 0.5019608 0.5019608 0.5019608 0.5019608 0.5019608 0.5019608 0.5019608 0.5019608 0.5019608 0.5019608 0.5019608 0.5019608 0.5019608 0.5019608 0.5019608 0.5019608 0.5019608 0.5019608 0.5019608 0.5019608 0.5019608 0.5019608 0.5019608 0.5019608 0.5019608 0.5019608 0.5019608 0.5019608 0.5019608 0.5019608 0.5019608 0.5019608 0.5019608 0.5019608 0.5019608 0.5019608 0.5019608 0.5019608 0.5019608 0.5019608 0.5019608 0.5019608 0.5019608 0.5019608 0.5019608 0.5019608 0.5019608 0.5019608 0.5019608 0.5019608 0.5019608 0.5019608 0.5019608 0.5019608 0.5019608 0.5019608 0.5019608 0.5019608 0.5019608 0.5019608 0.5019608 0.5019608 0.5019608 0.5019608 0.5019608 0.5019608 0.5019608 0.5019608 0.5019608 0.5019608 0.5019608 0.5019608 0.5019608 0.5019608 0.5019608 0.5019608 0.5019608 0.5019608 0.5019608 0.5019608 0.5019608 0.5019608 0.5019608 0.5019608 0.5019608 0.5019608 0.5019608 0.5019608 0.5019608 0.5019608 0.5019608 0.5019608 0.5019608 0.5019608 0.5019608 0.5019608 0.5019608 0.5019608 0.5019608 0.5019608 0.5019608 0.5019608 0.5019608 0.5019608 0.5019608 0.5019608 0.5019608 0.5019608 0.5019608 0.5019608 0.5019608 0.5019608 0.5019608 0.5019608 0.5019608 0.5019608 0.5019608 0.5019608 0.5019608 0.5019608 0.5019608 0.5019608 0.5019608 0.5019608 0.5019608 0.5019608 0.5019608 0.5019608 0.5019608 0.5019608 0.5019608 0.5019608 0.5019608 0.5019608 0.5019608 0.5019608 0.5019608 0.5019608 0.5019608 0.5019608 0.5019608 0.5019608 0.5019608 0.5019608 0.5019608 0.5019608 0.5019608 0.5019608 0.5019608 0.5019608 0.5019608 0.5019608 0.5019608 0.5019608 0.5019608 0.5019608 0.5019608 0.5019608 0.5019608 0.5019608 0.5019608 0.5019608 0.5019608 0.5019608 0.5019608 0.5019608 0.5019608 0.5019608 0.5019608 0.5019608 0.5019608 0.5019608 0.5019608 0.5019608 0.5019608 0.5019608 0.5019608 0.5019608 0.5019608 0.5019608 0.5019608 0.5019608 0.5019608 0.5019608 0.5019608 0.5019608 0.5019608 0.5019608 0.5019608 0.5019608 0.5019608 0.5019608 0.5019608 0.5019608 0.5019608 0.5019608 0.5019608 0.5019608 0.5019608 0.5019608 0.5019608 0.5019608 0.5019608 0.5019608 0.5019608 0.5019608 0.5019608 0.5019608 0.5019608 0.5019608 0.5019608 0.5019608 0.5019608 0.5019608 0.5019608 0.5019608 0.5019608 0.5019608 0.5019608 0.5019608 0.5019608 0.5019608 0.5019608 0.5019608 0.5019608 0.5019608 0.5019608 0.5019608 0.5019608 0.5019608 0.5019608 0.5019608 0.5019608 0.5019608 0.5019608 0.5019608 0.5019608 0.5019608 0.5019608 0.5019608 0.5019608 0.5019608 0.5019608 0.5019608 0.5019608 0.5019608 0.5019608 0.5019608 0.5019608 0.5019608 0.5019608 0.5019608 0.5019608 0.5019608 0.5019608 0.5019608 0.5019608 0.5019608 0.5019608 0.5019608 0.5019608 0.5019608 0.5019608 0.5019608 0.5019608 0.5019608 0.5019608 0.5019608 0.5019608 0.5019608 0.5019608 0.5019608 0.5019608 0.5019608 0.5019608 0.5019608 0.5019608 0.5019608 0.5019608 0.5019608 0.5019608 0.5019608 0.5019608 0.5019608 0.5019608 0.5019608 0.5019608 0.5019608 0.5019608 0.5019608 0.5019608 0.5019608 0.5019608 0.5019608 0.5019608 0.5019608 0.5019608 0.5019608 0.5019608 0.5019608 0.5019608 0.5019608 0.5019608 0.5019608 0.5019608 0.5019608 0.5019608 0.5019608 0.5019608 0.5019608 0.5019608 0.5019608 0.5019608 0.5019608 0.5019608 0.5019608 0.5019608 0.5019608 0.5019608 0.5019608 0.5019608 0.5019608 0.5019608 0.5019608 0.5019608 0.5019608 0.5019608 0.5019608 0.5019608 0.5019608 0.5019608 0.5019608 0.5019608 0.5019608 0.5019608 0.5019608 0.5019608 0.5019608 0.5019608 0.5019608 0.5019608 0.5019608 0.5019608 0.5019608 0.5019608 0.5019608 0.5019608 0.5019608 0.5019608 0.5019608 0.5019608 0.5019608 0.5019608 0.5019608 0.5019608 0.5019608 0.5019608 0.5019608 0.5019608 0.5019608 0.5019608 0.5019608 0.5019608 0.5019608 0.5019608 0.5019608 0.5019608 0.5019608 0.5019608 0.5019608 0.5019608 0.5019608 0.5019608 0.5019608 0.5019608 0.5019608 0.5019608 0.5019608 0.5019608 0.5019608 0.5019608 0.5019608 0.5019608 0.5019608 0.5019608 0.5019608 0.5019608 0.5019608 0.5019608 0.5019608 0.5019608 0.5019608 0.5019608 0.5019608 0.5019608 0.5019608 0.5019608 0.5019608 0.5019608 0.5019608 0.5019608 0.5019608 0.5019608 0.5019608 0.5019608 0.5019608 0.5019608 0.5019608 0.5019608 0.5019608 0.5019608 0.5019608 0.5019608 0.5019608 0.5019608 0.5019608 0.5019608 0.5019608 0.5019608 0.5019608 0.5019608 0.5019608 0.5019608 0.5019608 0.5019608 0.5019608 0.5019608 0.5019608 0.5019608 0.5019608 0.5019608 0.5019608 0.5019608 0.5019608 0.5019608 0.5019608 0.5019608 0.5019608 0.5019608 0.5019608 0.5019608 0.5019608 0.5019608 0.5019608 0.5019608 0.5019608 0.5019608 0.5019608 0.5019608 0.5019608 0.5019608 0.5019608 0.5019608 0.5019608 0.5019608 0.5019608 0.5019608 0.5019608 0.5019608 0.5019608 0.5019608 0.5019608 0.5019608 0.5019608 0.5019608 0.5019608 0.5019608 0.5019608 0.5019608 0.5019608 0.5019608 0.5019608 0.5019608 0.5019608 0.5019608 0.5019608 0.5019608 0.5019608 0.5019608 0.5019608 0.5019608 0.5019608 0.5019608 0.5019608 0.5019608 0.5019608 0.5019608 0.5019608 0.5019608 0.5019608 0.5019608 0.5019608 0.5019608 0.5019608 0.5019608 0.5019608 0.5019608 0.5019608 0.5019608 0.5019608 0.5019608 0.5019608 0.5019608 0.5019608 0.5019608 0.5019608 0.5019608 0.5019608 0.5019608 0.5019608 0.5019608 0.5019608 0.5019608 0.5019608 0.5019608 0.5019608 0.5019608 0.5019608 0.5019608 0.5019608 0.5019608 0.5019608 0.5019608 0.5019608 0.5019608 0.5019608 0.5019608 0.5019608 0.5019608 0.5019608 0.5019608 0.5019608 0.5019608 0.5019608 0.5019608 0.5019608 0.5019608 0.5019608 0.5019608 0.5019608 0.5019608 0.5019608 0.5019608 0.5019608 0.5019608 0.5019608 0.5019608 0.5019608 0.5019608 0.5019608 0.5019608 0.5019608 0.5019608 0.5019608 0.5019608 0.5019608 0.5019608 0.5019608 0.5019608 0.5019608 0.5019608 0.5019608 0.5019608 0.5019608 0.5019608 0.5019608 0.5019608 0.5019608 0.5019608 0.5019608 0.5019608 0.5019608 0.5019608 0.5019608 0.5019608 0.5019608 0.5019608 0.5019608 0.5019608 0.5019608 0.5019608 0.5019608 0.5019608 0.5019608 0.5019608 0.5019608 0.5019608 0.5019608 0.5019608 0.5019608 0.5019608 0.5019608 0.5019608 0.5019608 0.5019608 0.5019608 0.5019608 0.5019608 0.5019608 0.5019608 0.5019608 0.5019608 0.5019608 0.5019608 0.5019608 0.5019608 0.5019608 0.5019608 0.5019608 0.5019608 0.5019608 0.5019608 0.5019608 0.5019608 0.5019608 0.5019608 0.5019608 0.5019608 0.5019608 0.5019608 0.5019608 0.5019608 0.5019608 0.5019608 0.5019608 0.5019608 0.5019608 0.5019608 0.5019608 0.5019608 0.5019608 0.5019608 0.5019608 0.5019608 0.5019608 0.5019608 0.5019608 0.5019608 0.5019608 0.5019608 0.5019608 0.5019608 0.5019608 0.5019608 0.5019608 0.5019608 0.5019608 0.5019608 0.5019608 0.5019608 0.5019608 0.5019608 0.5019608 0.5019608 0.5019608 0.5019608 0.5019608 0.5019608 0.5019608 0.5019608 0.5019608 0.5019608 0.5019608 0.5019608 0.5019608 0.5019608 0.5019608 0.5019608 0.5019608 0.5019608 0.5019608 0.5019608 0.5019608 0.5019608 0.5019608 0.5019608 0.5019608 0.5019608 0.5019608 0.5019608 0.5019608 0.5019608 0.5019608 0.5019608 0.5019608 0.5019608 0.5019608 0.5019608 0.5019608 0.5019608 0.5019608 0.5019608 0.5019608 0.5019608 0.5019608 0.5019608 0.5019608 0.5019608 0.5019608 0.5019608 0.5019608 0.5019608 0.5019608 0.5019608 0.5019608 0.5019608 0.5019608 0.5019608 0.5019608 0.5019608 0.5019608 0.5019608 0.5019608 0.5019608 0.5019608 0.5019608 0.5019608 0.5019608 0.5019608 0.5019608 0.5019608 0.5019608 0.5019608 0.5019608 0.5019608 0.5019608 0.5019608 0.5019608 0.5019608 0.5019608 0.5019608 0.5019608 0.5019608 0.5019608 0.5019608 0.5019608 0.5019608 0.5019608 0.5019608 0.5019608 0.5019608 0.5019608 0.5019608 0.5019608 0.5019608 0.5019608 0.5019608 0.5019608 0.5019608 0.5019608 0.5019608 0.5019608 0.5019608 0.5019608 0.5019608 0.5019608 0.5019608 0.5019608 0.5019608 0.5019608 0.5019608 0.5019608 0.5019608 0.5019608 0.5019608 0.5019608 0.5019608 0.5019608 0.5019608 0.5019608 0.5019608 0.5019608 0.5019608 0.5019608 0.5019608 0.5019608 0.5019608 0.5019608 0.5019608 0.5019608 0.5019608 0.5019608 0.5019608 0.5019608 0.5019608 0.5019608 0.5019608 0.5019608 0.5019608 0.5019608 0.5019608 0.5019608 0.5019608 0.5019608 0.5019608 0.5019608 0.5019608 0.5019608 0.5019608 0.5019608 0.5019608 0.5019608 0.5019608 0.5019608 0.5019608 0.5019608 0.5019608 0.5019608 0.5019608 0.5019608 0.5019608 0.5019608 0.5019608 0.5019608 0.5019608 0.5019608 0.5019608 0.5019608 0.5019608 0.5019608 0.5019608 0.5019608 0.5019608 0.5019608 0.5019608 0.5019608 0.5019608 0.5019608 0.5019608 0.5019608 0.5019608 0.5019608 0.5019608 0.5019608 0.5019608 0.5019608 0.5019608 0.5019608 0.5019608 0.5019608 0.5019608 0.5019608 0.5019608 0.5019608 0.5019608 0.5019608 0.5019608 0.5019608 0.5019608 0.5019608 0.5019608 0.5019608 0.5019608 0.5019608 0.5019608 0.5019608 0.5019608 0.5019608 0.5019608 0.5019608 0.5019608 0.5019608 0.5019608 0.5019608 0.5019608 0.5019608 0.5019608 0.5019608 0.5019608 0.5019608 0.5019608 0.5019608 0.5019608 0.5019608 0.5019608 0.5019608 0.5019608 0.5019608 0.5019608 0.5019608 0.5019608 0.5019608 0.5019608 0.5019608 0.5019608 0.5019608 0.5019608 0.5019608 0.5019608 0.5019608 0.5019608 0.5019608 0.5019608 0.5019608 0.5019608 0.5019608 0.5019608 0.5019608 0.5019608 0.5019608 0.5019608 0.5019608 0.5019608 0.5019608 0.5019608 0.5019608 0.5019608 0.5019608 0.5019608 0.5019608 0.5019608 0.5019608 0.5019608 0.5019608 0.5019608 0.5019608 0.5019608 0.5019608 0.5019608 0.5019608 0.5019608 0.5019608 0.5019608 0.5019608 0.5019608 0.5019608 0.5019608 0.5019608 0.5019608 0.5019608 0.5019608 0.5019608 0.5019608 0.5019608 0.5019608 0.5019608 0.5019608 0.5019608 0.5019608 0.5019608 0.5019608 0.5019608 0.5019608 0.5019608 0.5019608 0.5019608 0.5019608 0.5019608 0.5019608 0.5019608 0.5019608 0.5019608 0.5019608 0.5019608 0.5019608 0.5019608 0.5019608 0.5019608 0.5019608 0.5019608 0.5019608 0.5019608 0.5019608 0.5019608 0.5019608 0.5019608 0.5019608 0.5019608 0.5019608 0.5019608 0.5019608 0.5019608 0.5019608 0.5019608 0.5019608 0.5019608 0.5019608 0.5019608 0.5019608 0.5019608 0.5019608 0.5019608 0.5019608 0.5019608 0.5019608 0.5019608 0.5019608 0.5019608 0.5019608 0.5019608 0.5019608 0.5019608 0.5019608 0.5019608 0.5019608 0.5019608 0.5019608 0.5019608 0.5019608 0.5019608 0.5019608 0.5019608 0.5019608 0.5019608 0.5019608 0.5019608 0.5019608 0.5019608 0.5019608 0.5019608 0.5019608 0.5019608 0.5019608 0.5019608 0.5019608 0.5019608 0.5019608 0.5019608 0.5019608 0.5019608 0.5019608 0.5019608 0.5019608 0.5019608 0.5019608 0.5019608 0.5019608 0.5019608 0.5019608 0.5019608 0.5019608 0.5019608 0.5019608 0.5019608 0.5019608 0.5019608 0.5019608 0.5019608 0.5019608 0.5019608 0.5019608 0.5019608 0.5019608 0.5019608 0.5019608 0.5019608 0.5019608 0.5019608 0.5019608 0.5019608 0.5019608 0.5019608 0.5019608 0.5019608 0.5019608 0.5019608 0.5019608 0.5019608 0.5019608 0.5019608 0.5019608 0.5019608 0.5019608 0.5019608 0.5019608 0.5019608 0.5019608 0.5019608 0.5019608 0.5019608 0.5019608 0.5019608 0.5019608 0.5019608 0.5019608 0.5019608 0.5019608 0.5019608 0.5019608 0.5019608 0.5019608 0.5019608 0.5019608 0.5019608 0.5019608 0.5019608 0.5019608 0.5019608 0.5019608 0.5019608 0.5019608 0.5019608 0.5019608 0.5019608 0.5019608 0.5019608 0.5019608 0.5019608 0.5019608 0.5019608 0.5019608 0.5019608 0.5019608 0.5019608 0.5019608 0.5019608 0.5019608 0.5019608 0.5019608 0.5019608 0.5019608 0.5019608 0.5019608 0.5019608 0.5019608 0.5019608 0.5019608 0.5019608 0.5019608 0.5019608 0.5019608 0.5019608 0.5019608 0.5019608 0.5019608 0.5019608 0.5019608 0.5019608 0.5019608 0.5019608 0.5019608 0.5019608 0.5019608 0.5019608 0.5019608 0.5019608 0.5019608 0.5019608 0.5019608 0.5019608 0.5019608 0.5019608 0.5019608 0.5019608 0.5019608 0.5019608 0.5019608 0.5019608 0.5019608 0.5019608 0.5019608 0.5019608 0.5019608 0.5019608 0.5019608 0.5019608 0.5019608 0.5019608 0.5019608 0.5019608 0.5019608 0.5019608 0.5019608 0.5019608 0.5019608 0.5019608 0.5019608 0.5019608 0.5019608 0.5019608 0.5019608 0.5019608 0.5019608 0.5019608 0.5019608 0.5019608 0.5019608 0.5019608 0.5019608 0.5019608 0.5019608 0.5019608 0.5019608 0.5019608 0.5019608 0.5019608 0.5019608 0.5019608 0.5019608 0.5019608 0.5019608 0.5019608 0.5019608 0.5019608 0.5019608 0.5019608 0.5019608 0.5019608 0.5019608 0.5019608 0.5019608 0.5019608 0.5019608 0.5019608 0.5019608 0.5019608 0.5019608 0.5019608 0.5019608 0.5019608 0.5019608 0.5019608 0.5019608 0.5019608 0.5019608 0.5019608 0.5019608 0.5019608 0.5019608 0.5019608 0.5019608 0.5019608 0.5019608 0.5019608 0.5019608 0.5019608 0.5019608 0.5019608 0.5019608 0.5019608 0.5019608 0.5019608 0.5019608 0.5019608 0.5019608 0.5019608 0.5019608 0.5019608 0.5019608 0.5019608 0.5019608 0.5019608 0.5019608 0.5019608 0.5019608 0.5019608 0.5019608 0.5019608 0.5019608 0.5019608 0.5019608 0.5019608 0.5019608 0.5019608 0.5019608 0.5019608 0.5019608 0.5019608 0.5019608 0.5019608 0.5019608 0.5019608 0.5019608 0.5019608 0.5019608 0.5019608 0.5019608 0.5019608 0.5019608 0.5019608 0.5019608 0.5019608 0.5019608 0.5019608 0.5019608 0.5019608 0.5019608 0.5019608 0.5019608 0.5019608 0.5019608 0.5019608 0.5019608 0.5019608 0.5019608 0.5019608 0.5019608 0.5019608 0.5019608 0.5019608 0.5019608 0.5019608 0.5019608 0.5019608 0.5019608 0.5019608 0.5019608 0.5019608 0.5019608 0.5019608 0.5019608 0.5019608 0.5019608 0.5019608 0.5019608 0.5019608 0.5019608 0.5019608 0.5019608 0.5019608 0.5019608 0.5019608 0.5019608 0.5019608 0.5019608 0.5019608 0.5019608 0.5019608 0.5019608 0.5019608 0.5019608 0.5019608 0.5019608 0.5019608 0.5019608 0.5019608 0.5019608 0.5019608 0.5019608 0.5019608 0.5019608 0.5019608 0.5019608 0.5019608 0.5019608 0.5019608 0.5019608 0.5019608 0.5019608 0.5019608 0.5019608 0.5019608 0.5019608 0.5019608 0.5019608 0.5019608 0.5019608 0.5019608 0.5019608 0.5019608 0.5019608 0.5019608 0.5019608 0.5019608 0.5019608 0.5019608 0.5019608 0.5019608 0.5019608 0.5019608 0.5019608 0.5019608 0.5019608 0.5019608 0.5019608 0.5019608 0.5019608 0.5019608 0.5019608 0.5019608 0.5019608 0.5019608 0.5019608 0.5019608 0.5019608 0.5019608 0.5019608 0.5019608 0.5019608 0.5019608 0.5019608 0.5019608 0.5019608 0.5019608 0.5019608 0.5019608 0.5019608 0.5019608 0.5019608 0.5019608 0.5019608 0.5019608 0.5019608 0.5019608 0.5019608 0.5019608 0.5019608 0.5019608 0.5019608 0.5019608 0.5019608 0.5019608 0.5019608 0.5019608 0.5019608 0.5019608 0.5019608 0.5019608 0.5019608 0.5019608 0.5019608 0.5019608 0.5019608 0.5019608 0.5019608 0.5019608 0.5019608 0.5019608 0.5019608 0.5019608 0.5019608 0.5019608 0.5019608 0.5019608 0.5019608 0.5019608 0.5019608 0.5019608 0.5019608 0.2509804 0.2509804 0.2509804 0.2509804 0.2509804 0.2509804 0.2509804 0.2509804 0.2509804 0.2509804 0.2509804 0.2509804 0.2509804 0.2509804 0.2509804 0.2509804 0.2509804 0.2509804 0.2509804 0.2509804 0.2509804 0.2509804 0.2509804 0.2509804 0.2509804 0.2509804 0.2509804 0.2509804 0.2509804 0.2509804 0.2509804 0.2509804 0.2509804 0.2509804 0.2509804 0.2509804 0.2509804 0.2509804 0.2509804 0.2509804 0.2509804 0.2509804 0.2509804 0.2509804 0.2509804 0.2509804 0.2509804 0.2509804 0.2509804 0.2509804 0.2509804 0.2509804 0.2509804 0.2509804 0.2509804 0.2509804 0.2509804 0.2509804 0.2509804 0.2509804 0.2509804 0.2509804 0.2509804 0.2509804 0.2509804 0.2509804 0.2509804 0.2509804 0.2509804 0.2509804 0.2509804 0.2509804 0.2509804 0.2509804 0.2509804 0.2509804 0.2509804 0.2509804 0.2509804 0.2509804 0.2509804 0.2509804 0.2509804 0.2509804 0.2509804 0.2509804 0.2509804 0.2509804 0.2509804 0.2509804 0.2509804 0.2509804 0.2509804 0.2509804 0.2509804 0.2509804 0.2509804 0.2509804 0.2509804 0.2509804 0.2509804 0.2509804 0.2509804 0.2509804 0.2509804 0.2509804 0.2509804 0.2509804 0.2509804 0.2509804 0.2509804 0.2509804 0.2509804 0.2509804 0.2509804 0.2509804 0.2509804 0.2509804 0.2509804 0.2509804 0.2509804 0.2509804 0.2509804 0.2509804 0.2509804 0.2509804 0.2509804 0.2509804 0.2509804 0.2509804 0.2509804 0.2509804 0.2509804 0.2509804 0.2509804 0.2509804 0.2509804 0.2509804 0.2509804 0.2509804 0.2509804 0.2509804 0.2509804 0.2509804 0.2509804 0.2509804 0.2509804 0.2509804 0.2509804 0.2509804 0.2509804 0.2509804 0.2509804 0.2509804 0.2509804 0.2509804 0.2509804 0.2509804 0.2509804 0.2509804 0.2509804 0.2509804 0.2509804 0.2509804 0.2509804 0.2509804 0.2509804 0.2509804 0.2509804 0.2509804 0.2509804 0.2509804 0.2509804 0.2509804 0.2509804 0.2509804 0.2509804 0.2509804 0.2509804 0.2509804 0.2509804 0.2509804 0.2509804 0.2509804 0.2509804 0.2509804 0.2509804 0.2509804 0.2509804 0.2509804 0.2509804 0.2509804 0.2509804 0.2509804 0.2509804 0.2509804 0.2509804 0.2509804 0.2509804 0.2509804 0.2509804 0.2509804 0.2509804 0.2509804 0.2509804 0.2509804 0.2509804 0.2509804 0.2509804 0.2509804 0.2509804 0.2509804 0.2509804 0.2509804 0.2509804 0.2509804 0.2509804 0.2509804 0.2509804 0.2509804 0.2509804 0.2509804 0.2509804 0.2509804 0.2509804 0.2509804 0.2509804 0.2509804 0.2509804 0.2509804 0.2509804 0.2509804 0.2509804 0.2509804 0.2509804 0.2509804 0.2509804 0.2509804 0.2509804 0.2509804 0.2509804 0.2509804 0.2509804 0.2509804 0.2509804 0.2509804 0.2509804 0.2509804 0.2509804 0.2509804 0.2509804 0.2509804 0.2509804 0.2509804 0.2509804 0.2509804 0.2509804 0.2509804 0.2509804 0.2509804 0.2509804 0.2509804 0.2509804 0.2509804 0.2509804 0.2509804 0.2509804 0.2509804 0.2509804 0.2509804 0.2509804 0.2509804 0.2509804 0.2509804 0.2509804 0.2509804 0.2509804 0.2509804 0.2509804 0.2509804 0.2509804 0.2509804 0.2509804 0.2509804 0.2509804 0.2509804 0.2509804 0.2509804 0.2509804 0.2509804 0.2509804 0.2509804 0.2509804 0.2509804 0.2509804 0.2509804 0.2509804 0.2509804 0.2509804 0.2509804 0.2509804 0.2509804 0.2509804 0.2509804 0.2509804 0.2509804 0.2509804 0.2509804 0.2509804 0.2509804 0.2509804 0.2509804 0.2509804 0.2509804 0.2509804 0.5019608 0.5019608 0.5019608 0.5019608 0.5019608 0.5019608 0.5019608 0.5019608 0.5019608 0.5019608 0.5019608 0.5019608 0.5019608 0.5019608 0.5019608 0.5019608 0.5019608 0.5019608 0.5019608 0.5019608 0.5019608 0.5019608 0.5019608 0.5019608 0.5019608 0.5019608 0.5019608 0.5019608 0.5019608 0.5019608 0.5019608 0.5019608 0.5019608 0.5019608 0.5019608 0.5019608 0.5019608 0.5019608 0.5019608 0.5019608 0.5019608 0.5019608 0.5019608 0.5019608 0.5019608 0.5019608 0.5019608 0.5019608 0.5019608 0.5019608 0.5019608 0.5019608 0.5019608 0.5019608 0.5019608 0.5019608 0.5019608 0.5019608 0.5019608 0.5019608 0.5019608 0.5019608 0.5019608 0.5019608 0.5019608 0.5019608 0.5019608 0.5019608 0.5019608 0.5019608 0.5019608 0.5019608 0.5019608 0.5019608 0.5019608 0.5019608 0.5019608 0.5019608 0.5019608 0.5019608 0.5019608 0.5019608 0.5019608 0.5019608 0.5019608 0.5019608 0.5019608 0.5019608 0.5019608 0.5019608 0.5019608 0.5019608 0.5019608 0.5019608 0.5019608 0.5019608 0.5019608 0.5019608 0.5019608 0.5019608 0.5019608 0.5019608 0.5019608 0.5019608 0.5019608 0.5019608 0.5019608 0.5019608 0.5019608 0.5019608 0.5019608 0.5019608 0.5019608 0.5019608 0.5019608 0.5019608 0.5019608 0.5019608 0.5019608 0.5019608 0.5019608 0.5019608 0.5019608 0.5019608 0.5019608 0.5019608 0.5019608 0.5019608 0.5019608 0.5019608 0.5019608 0.5019608 0.5019608 0.5019608 0.5019608 0.5019608 0.5019608 0.5019608 0.5019608 0.5019608 0.5019608 0.5019608 0.5019608 0.5019608 0.5019608 0.5019608 0.5019608 0.5019608 0.5019608 0.5019608 0.5019608 0.5019608 0.5019608 0.5019608 0.5019608 0.5019608 0.5019608 0.5019608 0.5019608 0.5019608 0.5019608 0.5019608 0.5019608 0.5019608 0.5019608 0.5019608 0.5019608 0.5019608 0.5019608 0.5019608 0.5019608 0.5019608 0.5019608 0.5019608 0.5019608 0.5019608 0.5019608 0.5019608 0.5019608 0.5019608 0.5019608 0.5019608 0.5019608 0.5019608 0.5019608 0.5019608 0.5019608 0.5019608 0.5019608 0.5019608 0.5019608 0.5019608 0.5019608 0.5019608 0.5019608 0.5019608 0.5019608 0.5019608 0.5019608 0.5019608 0.5019608 0.5019608 0.5019608 0.5019608 0.5019608 0.5019608 0.5019608 0.5019608 0.5019608 0.5019608 0.5019608 0.5019608 0.5019608 0.5019608 0.5019608 0.5019608 0.5019608 0.5019608 0.5019608 0.5019608 0.5019608 0.5019608 0.5019608 0.5019608 0.5019608 0.5019608 0.5019608 0.5019608 0.5019608 0.5019608 0.5019608 0.5019608 0.5019608 0.5019608 0.5019608 0.5019608 0.5019608 0.5019608 0.5019608 0.5019608 0.5019608 0.5019608 0.5019608 0.5019608 0.5019608 0.5019608 0.5019608 0.5019608 0.5019608 0.5019608 0.5019608 0.5019608</float_array>
          <technique_common>
            <accessor source="#geom-BulletMShape-map0-array" count="818" stride="3">
              <param name="R" type="float"/>
              <param name="G" type="float"/>
              <param name="B" type="float"/>
            </accessor>
          </technique_common>
        </source>
        <source id="geom-BulletMShape-map1">
          <float_array id="geom-BulletMShape-map1-array" count="2454">0.7797852 0.9213867 0 0.7441406 0.9213867 0 0.7797852 0.8126221 0 0.7441406 0.8126221 0 0.7084961 0.9213867 0 0.7080078 0.8126221 0 0.6723633 0.9213867 0 0.6723633 0.8126221 0 0.6367188 0.9213867 0 0.6367188 0.8126221 0 0.6010742 0.9213867 0 0.6010742 0.8126221 0 0.5654297 0.9213867 0 0.5654297 0.8126221 0 0.5292969 0.9213867 0 0.5297852 0.8126221 0 0.4938965 0.9213867 0 0.4941406 0.8126221 0 0.458252 0.9213867 0 0.4584961 0.8126221 0 0.4228516 0.9213867 0 0.4228516 0.8126221 0 0.387207 0.9213867 0 0.387207 0.8126221 0 0.3513184 0.9213867 0 0.3513184 0.8126221 0 0.3156738 0.9213867 0 0.3156738 0.8126221 0 0.2814941 0.9213867 0 0.2814941 0.8126221 0 0.9921875 0.9213867 0 0.9580078 0.9213867 0 0.9921875 0.8126221 0 0.9580078 0.8126221 0 0.9223633 0.9213867 0 0.9223633 0.8126221 0 0.8862305 0.9213867 0 0.8867188 0.8126221 0 0.8510742 0.9213867 0 0.8510742 0.8126221 0 0.8154297 0.9213867 0 0.8154297 0.8126221 0 0.7797852 0.7711182 0 0.7441406 0.7711182 0 0.7797852 0.6977539 0 0.7441406 0.6977539 0 0.7080078 0.7711182 0 0.7080078 0.6977539 0 0.6723633 0.7711182 0 0.6723633 0.6977539 0 0.6367188 0.7711182 0 0.6367188 0.6977539 0 0.6010742 0.7709961 0 0.6010742 0.6977539 0 0.5654297 0.7709961 0 0.5654297 0.6977539 0 0.5297852 0.7709961 0 0.5297852 0.6977539 0 0.4941406 0.7709961 0 0.4941406 0.6977539 0 0.4584961 0.7709961 0 0.4584961 0.6977539 0 0.4228516 0.7709961 0 0.4228516 0.6977539 0 0.387207 0.7709961 0 0.387207 0.6977539 0 0.3513184 0.7709961 0 0.3513184 0.6977539 0 0.3156738 0.7709961 0 0.3156738 0.6977539 0 0.2814941 0.7709961 0 0.2814941 0.6977539 0 0.9921875 0.7709961 0 0.9580078 0.7711182 0 0.9921875 0.6977539 0 0.9580078 0.6977539 0 0.9223633 0.7711182 0 0.9223633 0.6977539 0 0.8867188 0.7711182 0 0.8867188 0.6977539 0 0.8510742 0.7711182 0 0.8510742 0.6977539 0 0.8154297 0.7711182 0 0.8154297 0.6977539 0 0.7797852 0.6484375 0 0.7441406 0.6484375 0 0.7797852 0.6225586 0 0.7441406 0.6225586 0 0.7080078 0.6484375 0 0.7080078 0.6225586 0 0.6723633 0.6484375 0 0.6723633 0.6225586 0 0.6367188 0.6484375 0 0.6367188 0.6225586 0 0.6010742 0.6484375 0 0.6010742 0.6225586 0 0.5654297 0.6484375 0 0.5654297 0.6223145 0 0.5297852 0.6484375 0 0.5297852 0.6223145 0 0.4941406 0.6484375 0 0.4941406 0.6223145 0 0.4584961 0.6484375 0 0.4584961 0.6223145 0 0.4228516 0.6484375 0 0.4228516 0.6223145 0 0.387207 0.6484375 0 0.387207 0.6223145 0 0.3513184 0.6484375 0 0.3513184 0.6223145 0 0.3156738 0.6484375 0 0.3156738 0.6225586 0 0.2814941 0.6484375 0 0.2814941 0.6225586 0 0.9921875 0.6484375 0 0.9580078 0.6484375 0 0.9921875 0.6225586 0 0.9580078 0.6225586 0 0.9223633 0.6484375 0 0.9223633 0.6225586 0 0.8867188 0.6484375 0 0.8867188 0.6225586 0 0.8510742 0.6484375 0 0.8510742 0.6225586 0 0.8154297 0.6484375 0 0.8154297 0.6225586 0 0.7441406 0.5402832 0 0.7797852 0.5402832 0 0.7080078 0.5402832 0 0.6723633 0.5402832 0 0.6367188 0.5402832 0 0.6010742 0.5402832 0 0.5654297 0.5402832 0 0.5297852 0.5402832 0 0.4941406 0.5402832 0 0.4584961 0.5402832 0 0.4228516 0.5402832 0 0.387207 0.5402832 0 0.3513184 0.5402832 0 0.3156738 0.5402832 0 0.2814941 0.5402832 0 0.9580078 0.5402832 0 0.9921875 0.5402832 0 0.9223633 0.5402832 0 0.8867188 0.5402832 0 0.8510742 0.5402832 0 0.8154297 0.5402832 0 0.7797852 0.5212402 0 0.7441406 0.5212402 0 0.7797852 0.4848633 0 0.7441406 0.4848633 0 0.7080078 0.5212402 0 0.7080078 0.4848633 0 0.6723633 0.5212402 0 0.6723633 0.4848633 0 0.6367188 0.5212402 0 0.6367188 0.4848633 0 0.6010742 0.5212402 0 0.6010742 0.4848633 0 0.5654297 0.5212402 0 0.5654297 0.4848633 0 0.5297852 0.5212402 0 0.5297852 0.4848633 0 0.4941406 0.5212402 0 0.4941406 0.4848633 0 0.4584961 0.5212402 0 0.4584961 0.4848633 0 0.4228516 0.5212402 0 0.4228516 0.4848633 0 0.387207 0.5212402 0 0.387207 0.4848633 0 0.3513184 0.5212402 0 0.3513184 0.4848633 0 0.3156738 0.5212402 0 0.3156738 0.4848633 0 0.2814941 0.5212402 0 0.2814941 0.4848633 0 0.9921875 0.5212402 0 0.9580078 0.5212402 0 0.9921875 0.4848633 0 0.9580078 0.4848633 0 0.9223633 0.5212402 0 0.9223633 0.4848633 0 0.8867188 0.5212402 0 0.8867188 0.4848633 0 0.8510742 0.5212402 0 0.8510742 0.4848633 0 0.8154297 0.5212402 0 0.8154297 0.4848633 0 0.7797852 0.4404297 0 0.7441406 0.4404297 0 0.7080078 0.4404297 0 0.6723633 0.4404297 0 0.6367188 0.4404297 0 0.6010742 0.4404297 0 0.5654297 0.4404297 0 0.5297852 0.4404297 0 0.4941406 0.4404297 0 0.4584961 0.4404297 0 0.4228516 0.4404297 0 0.387207 0.4404297 0 0.3513184 0.4404297 0 0.3156738 0.4404297 0 0.2814941 0.4404297 0 0.9921875 0.4404297 0 0.9580078 0.4404297 0 0.9223633 0.4404297 0 0.8867188 0.4404297 0 0.8510742 0.4404297 0 0.8154297 0.4404297 0 0.7797852 0.3808594 0 0.7441406 0.3808594 0 0.7080078 0.3808594 0 0.6723633 0.3808594 0 0.6367188 0.3808594 0 0.6010742 0.3808594 0 0.5654297 0.3808594 0 0.5297852 0.3808594 0 0.4941406 0.3808594 0 0.4584961 0.3808594 0 0.4228516 0.3808594 0 0.387207 0.3808594 0 0.3513184 0.3808594 0 0.3156738 0.3808594 0 0.2814941 0.3808594 0 0.9921875 0.3808594 0 0.9580078 0.3808594 0 0.9223633 0.3808594 0 0.8867188 0.3808594 0 0.8510742 0.3808594 0 0.8154297 0.3808594 0 0.7797852 0.3291016 0 0.7441406 0.3291016 0 0.7084961 0.3291016 0 0.6723633 0.3291016 0 0.6367188 0.3291016 0 0.6010742 0.3291016 0 0.5654297 0.3291016 0 0.5297852 0.3291016 0 0.4941406 0.3291016 0 0.4584961 0.3291016 0 0.4228516 0.3291016 0 0.3869629 0.3291016 0 0.3513184 0.3291016 0 0.3156738 0.3291016 0 0.2814941 0.3291016 0 0.9921875 0.3291016 0 0.9580078 0.3291016 0 0.9223633 0.3291016 0 0.8867188 0.3291016 0 0.8510742 0.3291016 0 0.8154297 0.3291016 0 0.7797852 0.2729492 0 0.7441406 0.2729492 0 0.7084961 0.2729492 0 0.6723633 0.2729492 0 0.6367188 0.2729492 0 0.6010742 0.2729492 0 0.5654297 0.2729492 0 0.5297852 0.2729492 0 0.4941406 0.2729492 0 0.4584961 0.2729492 0 0.4228516 0.2729492 0 0.3869629 0.2729492 0 0.3513184 0.2729492 0 0.3156738 0.2729492 0 0.2814941 0.2729492 0 0.9921875 0.2729492 0 0.9580078 0.2729492 0 0.9223633 0.2729492 0 0.8867188 0.2729492 0 0.8510742 0.2729492 0 0.8154297 0.2729492 0 0.7797852 0.2480469 0 0.7441406 0.2480469 0 0.7084961 0.2480469 0 0.6723633 0.2480469 0 0.6367188 0.2480469 0 0.6010742 0.2480469 0 0.5654297 0.2480469 0 0.5297852 0.2480469 0 0.4941406 0.2480469 0 0.4584961 0.2480469 0 0.4228516 0.2480469 0 0.3869629 0.2480469 0 0.3513184 0.2480469 0 0.3156738 0.2480469 0 0.2814941 0.2480469 0 0.9921875 0.2480469 0 0.9580078 0.2480469 0 0.9223633 0.2480469 0 0.8867188 0.2480469 0 0.8510742 0.2480469 0 0.8154297 0.2480469 0 0.7797852 0.2143555 0 0.7441406 0.2143555 0 0.7797852 0.1831055 0 0.7441406 0.1831055 0 0.7084961 0.2143555 0 0.7084961 0.1831055 0 0.6723633 0.2143555 0 0.6723633 0.1831055 0 0.6367188 0.2143555 0 0.6367188 0.1831055 0 0.6010742 0.2143555 0 0.6010742 0.1831055 0 0.5654297 0.2143555 0 0.5654297 0.1831055 0 0.5297852 0.2143555 0 0.5297852 0.1831055 0 0.4941406 0.2143555 0 0.4941406 0.1831055 0 0.4584961 0.2143555 0 0.4584961 0.1831055 0 0.4228516 0.2143555 0 0.4228516 0.1831055 0 0.3869629 0.2143555 0 0.3869629 0.1831055 0 0.3513184 0.2143555 0 0.3513184 0.1831055 0 0.3156738 0.2143555 0 0.3156738 0.1831055 0 0.2814941 0.2143555 0 0.2814941 0.1831055 0 0.9921875 0.2143555 0 0.9580078 0.2143555 0 0.9921875 0.1831055 0 0.9580078 0.1831055 0 0.9223633 0.2143555 0 0.9223633 0.1831055 0 0.8867188 0.2143555 0 0.8867188 0.1831055 0 0.8510742 0.2143555 0 0.8510742 0.1831055 0 0.8154297 0.2143555 0 0.8154297 0.1831055 0 0.2489014 0.7868652 0 0.2666016 0.8244629 0 0.1384277 0.8604736 0 0.220459 0.7565918 0 0.1843262 0.7368164 0 0.1437988 0.7287598 0 0.1029053 0.7338867 0 0.06555176 0.7510986 0 0.03546143 0.7790527 0 0.01542664 0.8149414 0 0.007411957 0.8552246 0 0.01218414 0.8959961 0 0.02929687 0.9333496 0 0.05709839 0.9635925 0 0.09289551 0.9838562 0 0.1331787 0.9921036 0 0.1743164 0.9875183 0 0.2119141 0.9704895 0 0.2426758 0.9425964 0 0.2631836 0.9065552 0 0.2731934 0.8658447 0 0.7797852 0.1269531 0 0.7441406 0.1269531 0 0.7617188 0.01025391 0 0.7084961 0.1269531 0 0.7260742 0.01025391 0 0.6723633 0.1269531 0 0.6904297 0.01025391 0 0.6367188 0.1269531 0 0.6547852 0.01025391 0 0.6010742 0.1269531 0 0.6191406 0.009765625 0 0.5654297 0.1269531 0 0.5834961 0.01025391 0 0.5297852 0.1269531 0 0.5478516 0.01025391 0 0.4941406 0.1269531 0 0.5117188 0.01025391 0 0.4584961 0.1269531 0 0.4763184 0.01025391 0 0.4228516 0.1269531 0 0.4406738 0.01025391 0 0.3869629 0.1269531 0 0.4050293 0.01025391 0 0.3513184 0.1269531 0 0.3691406 0.01025391 0 0.3156738 0.1269531 0 0.3334961 0.01025391 0 0.2814941 0.1269531 0 0.2978516 0.01025391 0 0.9921875 0.1269531 0 0.9580078 0.1269531 0 0.9760742 0.01025391 0 0.9223633 0.1269531 0 0.9404297 0.01025391 0 0.8867188 0.1269531 0 0.9042969 0.01025391 0 0.8510742 0.1269531 0 0.8686523 0.01025391 0 0.8154297 0.1269531 0 0.8330078 0.01025391 0 0.7973633 0.01025391 0 0.7797852 0.8033447 0 0.7441406 0.8033447 0 0.7797852 0.7757568 0 0.7441406 0.7757568 0 0.7441406 0.6594238 0 0.7797852 0.6594238 0 0.7441406 0.6931152 0 0.7797852 0.6931152 0 0.7080078 0.8033447 0 0.7080078 0.7757568 0 0.7080078 0.6594238 0 0.7080078 0.6931152 0 0.6723633 0.8033447 0 0.6723633 0.7757568 0 0.6723633 0.6594238 0 0.6723633 0.6931152 0 0.6367188 0.8033447 0 0.6367188 0.7757568 0 0.6367188 0.6594238 0 0.6367188 0.6931152 0 0.6010742 0.8033447 0 0.6010742 0.7757568 0 0.6010742 0.6594238 0 0.6010742 0.6931152 0 0.5654297 0.8033447 0 0.5654297 0.7757568 0 0.5654297 0.6594238 0 0.5654297 0.6931152 0 0.5297852 0.8033447 0 0.5297852 0.7757568 0 0.5297852 0.6594238 0 0.5297852 0.6931152 0 0.4941406 0.8033447 0 0.4941406 0.7757568 0 0.4941406 0.6594238 0 0.4941406 0.6931152 0 0.4584961 0.8033447 0 0.4584961 0.7757568 0 0.4584961 0.6594238 0 0.4584961 0.6931152 0 0.4228516 0.8033447 0 0.4228516 0.7757568 0 0.4228516 0.6594238 0 0.4228516 0.6931152 0 0.387207 0.8033447 0 0.387207 0.7757568 0 0.387207 0.6594238 0 0.387207 0.6931152 0 0.3513184 0.8033447 0 0.3513184 0.7757568 0 0.3513184 0.6594238 0 0.3513184 0.6931152 0 0.3156738 0.8033447 0 0.3156738 0.7757568 0 0.3156738 0.6594238 0 0.3156738 0.6931152 0 0.2814941 0.8033447 0 0.2814941 0.7757568 0 0.2814941 0.6594238 0 0.2814941 0.6931152 0 0.9921875 0.8033447 0 0.9580078 0.8033447 0 0.9921875 0.7757568 0 0.9580078 0.7757568 0 0.9580078 0.6594238 0 0.9921875 0.6594238 0 0.9580078 0.6931152 0 0.9921875 0.6931152 0 0.9223633 0.8033447 0 0.9223633 0.7757568 0 0.9223633 0.6594238 0 0.9223633 0.6931152 0 0.8867188 0.8033447 0 0.8867188 0.7757568 0 0.8867188 0.6594238 0 0.8867188 0.6931152 0 0.8510742 0.8033447 0 0.8510742 0.7757568 0 0.8510742 0.6594238 0 0.8510742 0.6931152 0 0.8154297 0.8033447 0 0.8154297 0.7757568 0 0.8154297 0.6594238 0 0.8154297 0.6931152 0 0.7441406 0.9289551 0 0.7797852 0.9289551 0 0.7441406 0.9546814 0 0.7797852 0.9546814 0 0.7084961 0.9289551 0 0.7084961 0.9546814 0 0.6723633 0.9289551 0 0.6723633 0.9546814 0 0.6367188 0.9289551 0 0.6367188 0.9546814 0 0.6010742 0.9289551 0 0.6010742 0.9546814 0 0.5654297 0.9289551 0 0.5654297 0.9546814 0 0.5292969 0.9289551 0 0.5292969 0.9546814 0 0.4938965 0.9289551 0 0.4938965 0.9546814 0 0.458252 0.9289551 0 0.458252 0.9546814 0 0.4228516 0.9289551 0 0.4228516 0.9546814 0 0.387207 0.9289551 0 0.387207 0.9546814 0 0.3513184 0.9289551 0 0.3513184 0.9546814 0 0.3156738 0.9289551 0 0.3156738 0.9546814 0 0.2814941 0.9289551 0 0.2814941 0.9546814 0 0.9580078 0.9289551 0 0.9921875 0.9289551 0 0.9580078 0.9546814 0 0.9921875 0.9546814 0 0.9223633 0.9289551 0 0.9223633 0.9546814 0 0.8862305 0.9289551 0 0.8862305 0.9546814 0 0.8510742 0.9289551 0 0.8510742 0.9546814 0 0.8154297 0.9289551 0 0.8154297 0.9546814 0 0.7441406 0.9686584 0 0.7797852 0.9686584 0 0.7441406 0.9899979 0 0.7797852 0.9899979 0 0.7084961 0.9686584 0 0.7084961 0.9899979 0 0.6723633 0.9686584 0 0.6723633 0.9899979 0 0.6367188 0.9686584 0 0.6367188 0.9899979 0 0.6010742 0.9686584 0 0.6010742 0.9899979 0 0.5654297 0.9686584 0 0.5654297 0.9899979 0 0.5292969 0.9686584 0 0.5292969 0.9899979 0 0.4938965 0.9686584 0 0.4938965 0.9899979 0 0.458252 0.9686584 0 0.458252 0.9899979 0 0.4228516 0.9686584 0 0.4228516 0.9899979 0 0.387207 0.9686584 0 0.387207 0.9899979 0 0.3513184 0.9686584 0 0.3513184 0.9899979 0 0.3156738 0.9686584 0 0.3156738 0.9899979 0 0.2814941 0.9686584 0 0.2814941 0.9899979 0 0.9580078 0.9686584 0 0.9921875 0.9686584 0 0.9580078 0.9899979 0 0.9921875 0.9899979 0 0.9223633 0.9686584 0 0.9223633 0.9899979 0 0.8862305 0.9686584 0 0.8862305 0.9899979 0 0.8510742 0.9686584 0 0.8510742 0.9899979 0 0.8154297 0.9686584 0 0.8154297 0.9899979 0 0.7797852 0.9251709 0 0.7441406 0.9251709 0 0.8154297 0.9251709 0 0.7084961 0.9251709 0 0.6723633 0.9251709 0 0.6367188 0.9251709 0 0.6010742 0.9251709 0 0.5654297 0.9251709 0 0.5292969 0.9251709 0 0.4938965 0.9251709 0 0.458252 0.9251709 0 0.4228516 0.9251709 0 0.387207 0.9251709 0 0.3513184 0.9251709 0 0.3156738 0.9251709 0 0.2814941 0.9251709 0 0.9921875 0.9251709 0 0.9580078 0.9251709 0 0.9223633 0.9251709 0 0.8862305 0.9251709 0 0.8510742 0.9251709 0 0.7797852 0.807373 0 0.8154297 0.807373 0 0.7441406 0.807373 0 0.7080078 0.807373 0 0.6723633 0.807373 0 0.6367188 0.807373 0 0.6010742 0.807373 0 0.5654297 0.807373 0 0.5297852 0.807373 0 0.4941406 0.807373 0 0.4584961 0.807373 0 0.4228516 0.807373 0 0.387207 0.807373 0 0.3513184 0.807373 0 0.3156738 0.807373 0 0.2814941 0.807373 0 0.9921875 0.807373 0 0.9580078 0.807373 0 0.9223633 0.807373 0 0.8867188 0.807373 0 0.8510742 0.807373 0 0.7797852 0.654541 0 0.7441406 0.654541 0 0.8154297 0.654541 0 0.7080078 0.654541 0 0.6723633 0.654541 0 0.6367188 0.654541 0 0.6010742 0.654541 0 0.5654297 0.654541 0 0.5297852 0.654541 0 0.4941406 0.654541 0 0.4584961 0.654541 0 0.4228516 0.654541 0 0.387207 0.654541 0 0.3513184 0.654541 0 0.3156738 0.654541 0 0.2814941 0.654541 0 0.9921875 0.654541 0 0.9580078 0.654541 0 0.9223633 0.654541 0 0.8867188 0.654541 0 0.8510742 0.654541 0 0.7797852 0.5356445 0 0.7797852 0.5263672 0 0.8154297 0.5356445 0 0.8154297 0.5263672 0 0.7441406 0.5263672 0 0.7441406 0.5356445 0 0.7080078 0.5263672 0 0.7080078 0.5356445 0 0.6723633 0.5263672 0 0.6723633 0.5356445 0 0.6367188 0.5263672 0 0.6367188 0.5356445 0 0.6010742 0.5263672 0 0.6010742 0.5356445 0 0.5654297 0.5263672 0 0.5654297 0.5356445 0 0.5297852 0.5263672 0 0.5297852 0.5356445 0 0.4941406 0.5263672 0 0.4941406 0.5356445 0 0.4584961 0.5263672 0 0.4584961 0.5356445 0 0.4228516 0.5263672 0 0.4228516 0.5356445 0 0.387207 0.5263672 0 0.387207 0.5356445 0 0.3513184 0.5263672 0 0.3513184 0.5356445 0 0.3156738 0.5263672 0 0.3156738 0.5356445 0 0.2814941 0.5263672 0 0.2814941 0.5356445 0 0.9921875 0.5263672 0 0.9921875 0.5356445 0 0.9580078 0.5263672 0 0.9580078 0.5356445 0 0.9223633 0.5263672 0 0.9223633 0.5356445 0 0.8867188 0.5263672 0 0.8867188 0.5356445 0 0.8510742 0.5263672 0 0.8510742 0.5356445 0 0.7797852 0.5263672 0 0.8154297 0.5263672 0 0.8154297 0.5354004 0 0.7797852 0.5354004 0 0.8154297 0.5356445 0 0.7797852 0.5356445 0 0.7441406 0.5354004 0 0.7441406 0.5356445 0 0.7441406 0.5263672 0 0.7080078 0.5354004 0 0.7080078 0.5356445 0 0.7080078 0.5263672 0 0.6723633 0.5354004 0 0.6723633 0.5356445 0 0.6723633 0.5263672 0 0.6367188 0.5354004 0 0.6367188 0.5356445 0 0.6367188 0.5263672 0 0.6010742 0.5354004 0 0.6010742 0.5356445 0 0.6010742 0.5263672 0 0.5654297 0.5354004 0 0.5654297 0.5356445 0 0.5654297 0.5263672 0 0.5297852 0.5354004 0 0.5297852 0.5356445 0 0.5297852 0.5263672 0 0.4941406 0.5354004 0 0.4941406 0.5356445 0 0.4941406 0.5263672 0 0.4584961 0.5354004 0 0.4584961 0.5356445 0 0.4584961 0.5263672 0 0.4228516 0.5354004 0 0.4228516 0.5356445 0 0.4228516 0.5263672 0 0.387207 0.5354004 0 0.387207 0.5356445 0 0.387207 0.5263672 0 0.3513184 0.5354004 0 0.3513184 0.5356445 0 0.3513184 0.5263672 0 0.3156738 0.5354004 0 0.3156738 0.5356445 0 0.3156738 0.5263672 0 0.2814941 0.5354004 0 0.2814941 0.5356445 0 0.2814941 0.5263672 0 0.9921875 0.5354004 0 0.9580078 0.5354004 0 0.9921875 0.5356445 0 0.9580078 0.5356445 0 0.9580078 0.5263672 0 0.9921875 0.5263672 0 0.9223633 0.5354004 0 0.9223633 0.5356445 0 0.9223633 0.5263672 0 0.8867188 0.5354004 0 0.8867188 0.5356445 0 0.8867188 0.5263672 0 0.8510742 0.5354004 0 0.8510742 0.5356445 0 0.8510742 0.5263672 0 0.7797852 0.5354004 0 0.8154297 0.5354004 0 0.7441406 0.5354004 0 0.8510742 0.5354004 0 0.7797852 0.5263672 0 0.7441406 0.5263672 0 0.8154297 0.5263672 0 0.7080078 0.5263672 0 0.7080078 0.5354004 0 0.6723633 0.5263672 0 0.6723633 0.5354004 0 0.6367188 0.5263672 0 0.6367188 0.5354004 0 0.6010742 0.5263672 0 0.6010742 0.5354004 0 0.5654297 0.5263672 0 0.5654297 0.5354004 0 0.5297852 0.5263672 0 0.5297852 0.5354004 0 0.4941406 0.5263672 0 0.4941406 0.5354004 0 0.4584961 0.5263672 0 0.4584961 0.5354004 0 0.4228516 0.5263672 0 0.4228516 0.5354004 0 0.387207 0.5263672 0 0.387207 0.5354004 0 0.3513184 0.5263672 0 0.3513184 0.5354004 0 0.3156738 0.5263672 0 0.3156738 0.5354004 0 0.2814941 0.5263672 0 0.2814941 0.5354004 0 0.9921875 0.5263672 0 0.9580078 0.5263672 0 0.9921875 0.5354004 0 0.9580078 0.5354004 0 0.9223633 0.5263672 0 0.9223633 0.5354004 0 0.8867188 0.5263672 0 0.8867188 0.5354004 0 0.8510742 0.5263672 0 0.7797852 0.7736816 0 0.7441406 0.7736816 0 0.8154297 0.7736816 0 0.7080078 0.7736816 0 0.7441406 0.6953125 0 0.7797852 0.6953125 0 0.7080078 0.6953125 0 0.8154297 0.6953125 0 0.6723633 0.7736816 0 0.6723633 0.6953125 0 0.6367188 0.7736816 0 0.6367188 0.6953125 0 0.6010742 0.7736816 0 0.6010742 0.6953125 0 0.5654297 0.7736816 0 0.5654297 0.6953125 0 0.5297852 0.7736816 0 0.5297852 0.6953125 0 0.4941406 0.7736816 0 0.4941406 0.6953125 0 0.4584961 0.7736816 0 0.4584961 0.6953125 0 0.4228516 0.7736816 0 0.4228516 0.6953125 0 0.387207 0.7736816 0 0.387207 0.6953125 0 0.3513184 0.7736816 0 0.3513184 0.6953125 0 0.3156738 0.7736816 0 0.3156738 0.6953125 0 0.2814941 0.7736816 0 0.2814941 0.6953125 0 0.9921875 0.7736816 0 0.9580078 0.7736816 0 0.9921875 0.6953125 0 0.9580078 0.6953125 0 0.9223633 0.7736816 0 0.9223633 0.6953125 0 0.8867188 0.7736816 0 0.8867188 0.6953125 0 0.8510742 0.7736816 0 0.8510742 0.6953125 0</float_array>
          <technique_common>
            <accessor source="#geom-BulletMShape-map1-array" count="818" stride="3">
              <param name="S" type="float"/>
              <param name="T" type="float"/>
              <param name="P" type="float"/>
            </accessor>
          </technique_common>
        </source>
        <vertices id="geom-BulletMShape-vertices">
          <input semantic="POSITION" source="#geom-BulletMShape-positions"/>
        </vertices>
        <triangles material="bullet_mt" count="1360">
          <input semantic="VERTEX" source="#geom-BulletMShape-vertices" offset="0"/>
          <input semantic="NORMAL" source="#geom-BulletMShape-normals" offset="1"/>
          <input semantic="COLOR" source="#geom-BulletMShape-map0" offset="2" set="0"/>
          <input semantic="TEXCOORD" source="#geom-BulletMShape-map1" offset="3" set="0"/>
          <p>568 0 568 568 0 1 0 0 40 2 40 40 566 3 566 566 0 1 0 0 568 0 568 568 0 1 0 0 566 3 566 566 1 4 1 1 41 5 41 41 0 1 0 0 2 6 2 2 40 2 40 40 0 1 0 0 41 5 41 41 0 1 0 0 1 4 1 1 2 6 2 2 568 0 568 568 520 7 520 520 522 8 522 522 586 9 586 586 520 7 520 520 568 0 568 568 40 2 40 40 586 9 586 586 568 0 568 568 522 8 522 522 566 3 566 566 568 0 568 568 38 10 38 38 586 9 586 586 40 2 40 40 39 11 39 39 40 2 40 40 41 5 41 41 38 10 38 38 40 2 40 40 39 11 39 39 588 12 588 588 39 11 39 39 41 5 41 41 41 5 41 41 587 13 587 587 588 12 588 588 2 6 2 2 587 13 587 587 41 5 41 41 589 14 589 589 2 6 2 2 3 15 3 3 587 13 587 587 2 6 2 2 589 14 589 589 2 6 2 2 1 4 1 1 3 15 3 3 1 4 1 1 567 16 567 567 4 17 4 4 1 4 1 1 566 3 566 566 567 16 567 567 1 4 1 1 4 17 4 4 3 15 3 3 483 18 483 483 566 3 566 566 522 8 522 522 566 3 566 566 483 18 483 483 567 16 567 567 485 19 485 485 522 8 522 522 523 20 523 523 483 18 483 483 522 8 522 522 485 19 485 485 522 8 522 522 520 7 520 520 523 20 523 523 586 9 586 586 518 21 518 518 520 7 520 520 523 20 523 523 520 7 520 520 521 22 521 521 520 7 520 520 518 21 518 518 521 22 521 521 585 23 585 585 518 21 518 518 586 9 586 586 38 10 38 38 585 23 585 585 586 9 586 586 36 24 36 36 585 23 585 585 38 10 38 38 37 25 37 37 38 10 38 38 39 11 39 39 36 24 36 36 38 10 38 38 37 25 37 37 607 26 607 607 39 11 39 39 588 12 588 588 607 26 607 607 37 25 37 37 39 11 39 39 478 27 478 478 607 26 607 607 588 12 588 588 588 12 588 588 398 28 398 398 478 27 478 478 587 13 587 587 398 28 398 398 588 12 588 588 399 29 399 399 587 13 587 587 589 14 589 589 398 28 398 398 587 13 587 587 399 29 399 399 589 14 589 589 3 15 3 3 590 30 590 590 406 31 406 406 589 14 589 589 590 30 590 590 399 29 399 399 589 14 589 589 406 31 406 406 590 30 590 590 3 15 3 3 5 32 5 5 3 15 3 3 4 17 4 4 5 32 5 5 4 17 4 4 569 33 569 569 6 34 6 6 4 17 4 4 567 16 567 567 569 33 569 569 4 17 4 4 6 34 6 6 5 32 5 5 567 16 567 567 482 35 482 482 569 33 569 569 567 16 567 567 483 18 483 483 482 35 482 482 484 36 484 484 483 18 483 483 485 19 485 485 482 35 482 482 483 18 483 483 484 36 484 484 485 19 485 485 525 37 525 525 484 36 484 484 564 38 564 564 485 19 485 485 523 20 523 523 525 37 525 525 485 19 485 485 564 38 564 564 523 20 523 523 562 39 562 562 564 38 564 564 521 22 521 521 562 39 562 562 523 20 523 523 521 22 521 521 560 40 560 560 562 39 562 562 519 41 519 519 560 40 560 560 521 22 521 521 521 22 521 521 518 21 518 518 519 41 519 519 585 23 585 585 516 42 516 516 518 21 518 518 518 21 518 518 516 42 516 516 519 41 519 519 584 43 584 584 516 42 516 516 585 23 585 585 36 24 36 36 584 43 584 584 585 23 585 585 34 44 34 34 584 43 584 584 36 24 36 36 35 45 35 35 36 24 36 36 37 25 37 37 34 44 34 34 36 24 36 36 35 45 35 35 606 46 606 606 37 25 37 37 607 26 607 607 606 46 606 606 35 45 35 35 37 25 37 37 474 47 474 474 607 26 607 607 478 27 478 478 474 47 474 474 606 46 606 606 607 26 607 607 478 27 478 478 398 28 398 398 479 48 479 479 475 49 475 475 478 27 478 478 479 48 479 479 474 47 474 474 478 27 478 478 475 49 475 475 479 48 479 479 398 28 398 398 400 50 400 400 398 28 398 398 399 29 399 399 400 50 400 400 399 29 399 399 406 31 406 406 401 51 401 401 400 50 400 400 399 29 399 399 401 51 401 401 406 31 406 406 590 30 590 590 410 52 410 410 406 31 406 406 410 52 410 410 407 53 407 407 401 51 401 401 406 31 406 406 407 53 407 407 590 30 590 590 5 32 5 5 591 54 591 591 410 52 410 410 590 30 590 590 591 54 591 591 591 54 591 591 5 32 5 5 7 55 7 7 5 32 5 5 6 34 6 6 7 55 7 7 6 34 6 6 570 56 570 570 8 57 8 8 6 34 6 6 569 33 569 569 570 56 570 570 6 34 6 6 8 57 8 8 7 55 7 7 569 33 569 569 486 58 486 486 570 56 570 570 569 33 569 569 482 35 482 482 486 58 486 486 487 59 487 487 482 35 482 482 484 36 484 484 486 58 486 486 482 35 482 482 487 59 487 487 484 36 484 484 524 60 524 524 487 59 487 487 484 36 484 484 525 37 525 525 524 60 524 524 525 37 525 525 564 38 564 564 527 61 527 527 526 62 526 526 525 37 525 525 527 61 527 527 524 60 524 524 525 37 525 525 526 62 526 526 527 61 527 527 564 38 564 564 565 63 565 565 564 38 564 564 562 39 562 562 565 63 565 565 565 63 565 565 562 39 562 562 563 64 563 563 562 39 562 562 560 40 560 560 563 64 563 563 519 41 519 519 558 65 558 558 560 40 560 560 563 64 563 563 560 40 560 560 561 66 561 561 560 40 560 560 558 65 558 558 561 66 561 561 517 67 517 517 558 65 558 558 519 41 519 519 519 41 519 519 516 42 516 516 517 67 517 517 584 43 584 584 512 68 512 512 516 42 516 516 516 42 516 516 512 68 512 512 517 67 517 517 583 69 583 583 512 68 512 512 584 43 584 584 34 44 34 34 583 69 583 583 584 43 584 584 31 70 31 31 583 69 583 583 34 44 34 34 33 71 33 33 34 44 34 34 35 45 35 35 31 70 31 31 34 44 34 34 33 71 33 33 605 72 605 605 35 45 35 35 606 46 606 606 605 72 605 605 33 71 33 33 35 45 35 35 470 73 470 470 606 46 606 606 474 47 474 474 470 73 470 470 605 72 605 605 606 46 606 606 471 74 471 471 474 47 474 474 475 49 475 475 470 73 470 470 474 47 474 474 471 74 471 471 778 75 778 778 475 49 475 475 479 48 479 479 816 76 816 816 475 49 475 475 778 75 778 778 816 76 816 816 471 74 471 471 475 49 475 475 479 48 479 479 776 77 776 776 778 75 778 778 400 50 400 400 776 77 776 776 479 48 479 479 777 78 777 777 400 50 400 400 401 51 401 401 776 77 776 776 400 50 400 400 777 78 777 777 779 79 779 779 401 51 401 401 407 53 407 407 777 78 777 777 401 51 401 401 779 79 779 779 784 80 784 784 407 53 407 407 411 81 411 411 779 79 779 779 407 53 407 407 784 80 784 784 407 53 407 407 410 52 410 410 411 81 411 411 410 52 410 410 591 54 591 591 414 82 414 414 410 52 410 410 414 82 414 414 411 81 411 411 591 54 591 591 7 55 7 7 592 83 592 592 414 82 414 414 591 54 591 591 592 83 592 592 592 83 592 592 7 55 7 7 9 84 9 9 7 55 7 7 8 57 8 8 9 84 9 9 592 83 592 592 9 84 9 9 593 85 593 593 418 86 418 418 592 83 592 592 593 85 593 593 414 82 414 414 592 83 592 592 418 86 418 418 414 82 414 414 418 86 418 418 415 87 415 415 411 81 411 411 414 82 414 414 415 87 415 415 786 88 786 786 411 81 411 411 415 87 415 415 784 80 784 784 411 81 411 411 786 88 786 786 50 89 50 50 784 80 784 784 786 88 786 786 48 90 48 48 784 80 784 784 50 89 50 50 48 90 48 48 779 79 779 779 784 80 784 784 46 91 46 46 779 79 779 779 48 90 48 48 46 91 46 46 777 78 777 777 779 79 779 779 43 92 43 43 777 78 777 777 46 91 46 46 43 92 43 43 776 77 776 776 777 78 777 777 776 77 776 776 42 93 42 42 778 75 778 778 42 93 42 42 776 77 776 776 43 92 43 43 82 94 82 82 816 76 816 816 778 75 778 778 778 75 778 778 42 93 42 42 82 94 82 82 80 95 80 80 816 76 816 816 82 94 82 82 814 96 814 814 471 74 471 471 816 76 816 816 80 95 80 80 814 96 814 814 816 76 816 816 814 96 814 814 467 97 467 467 471 74 471 471 467 97 467 467 470 73 470 470 471 74 471 471 466 98 466 466 605 72 605 605 470 73 470 470 466 98 466 466 470 73 470 470 467 97 467 467 604 99 604 604 33 71 33 33 605 72 605 605 466 98 466 466 604 99 604 604 605 72 605 605 604 99 604 604 32 100 32 32 33 71 33 33 32 100 32 32 31 70 31 31 33 71 33 33 459 101 459 459 604 99 604 604 466 98 466 466 603 102 603 603 32 100 32 32 604 99 604 604 459 101 459 459 603 102 603 603 604 99 604 604 461 103 461 461 466 98 466 466 467 97 467 467 459 101 459 459 466 98 466 466 461 103 461 461 812 104 812 812 467 97 467 467 814 96 814 814 812 104 812 812 461 103 461 461 467 97 467 467 78 105 78 78 814 96 814 814 80 95 80 80 78 105 78 78 812 104 812 812 814 96 814 814 80 95 80 80 82 94 82 82 81 106 81 81 79 107 79 79 80 95 80 80 81 106 81 81 78 105 78 78 80 95 80 80 79 107 79 79 82 94 82 82 42 93 42 42 83 108 83 83 81 106 81 81 82 94 82 82 83 108 83 83 83 108 83 83 42 93 42 42 44 109 44 44 42 93 42 42 43 92 43 43 44 109 44 44 43 92 43 43 46 91 46 46 45 110 45 45 44 109 44 44 43 92 43 43 45 110 45 45 46 91 46 46 48 90 48 48 47 111 47 47 45 110 45 45 46 91 46 46 47 111 47 47 48 90 48 48 50 89 50 50 49 112 49 49 47 111 47 47 48 90 48 48 49 112 49 49 50 89 50 50 786 88 786 786 52 113 52 52 50 89 50 50 52 113 52 52 51 114 51 51 49 112 49 49 50 89 50 50 51 114 51 51 786 88 786 786 415 87 415 415 788 115 788 788 52 113 52 52 786 88 786 786 788 115 788 788 788 115 788 788 415 87 415 415 419 116 419 419 415 87 415 415 418 86 418 418 419 116 419 419 788 115 788 788 419 116 419 419 790 117 790 790 54 118 54 54 788 115 788 788 790 117 790 790 52 113 52 52 788 115 788 788 54 118 54 54 52 113 52 52 54 118 54 54 53 119 53 53 51 114 51 51 52 113 52 52 53 119 53 53 789 120 789 789 51 114 51 51 53 119 53 53 787 121 787 787 51 114 51 51 789 120 789 789 787 121 787 787 49 112 49 49 51 114 51 51 785 122 785 785 49 112 49 49 787 121 787 787 785 122 785 785 47 111 47 47 49 112 49 49 782 123 782 782 47 111 47 47 785 122 785 785 782 123 782 782 45 110 45 45 47 111 47 47 780 124 780 780 45 110 45 45 782 123 782 782 45 110 45 45 780 124 780 780 44 109 44 44 44 109 44 44 781 125 781 781 83 108 83 83 44 109 44 44 780 124 780 780 781 125 781 781 783 126 783 783 81 106 81 81 83 108 83 83 83 108 83 83 781 125 781 781 783 126 783 783 817 127 817 817 81 106 81 81 783 126 783 783 817 127 817 817 79 107 79 79 81 106 81 81 815 128 815 815 79 107 79 79 817 127 817 817 815 128 815 815 77 129 77 77 79 107 79 79 77 129 77 77 78 105 78 78 79 107 79 79 76 130 76 76 812 104 812 812 78 105 78 78 76 130 76 76 78 105 78 78 77 129 77 77 809 131 809 809 461 103 461 461 812 104 812 812 76 130 76 76 809 131 809 809 812 104 812 812 809 131 809 809 460 132 460 460 461 103 461 461 460 132 460 460 459 101 459 459 461 103 461 461 73 133 73 73 809 131 809 809 76 130 76 76 808 134 808 808 460 132 460 460 809 131 809 809 73 133 73 73 808 134 808 808 809 131 809 809 75 135 75 75 76 130 76 76 77 129 77 77 73 133 73 73 76 130 76 76 75 135 75 75 813 136 813 813 77 129 77 77 815 128 815 815 813 136 813 813 75 135 75 75 77 129 77 77 477 137 477 477 815 128 815 815 817 127 817 817 473 138 473 473 815 128 815 815 477 137 477 477 473 138 473 473 813 136 813 813 815 128 815 815 481 139 481 481 817 127 817 817 783 126 783 783 477 137 477 477 817 127 817 817 481 139 481 481 783 126 783 783 405 140 405 405 481 139 481 481 781 125 781 781 405 140 405 405 783 126 783 783 781 125 781 781 404 141 404 404 405 140 405 405 780 124 780 780 404 141 404 404 781 125 781 781 409 142 409 409 780 124 780 780 782 123 782 782 404 141 404 404 780 124 780 780 409 142 409 409 413 143 413 413 782 123 782 782 785 122 785 785 409 142 409 409 782 123 782 782 413 143 413 413 417 144 417 417 785 122 785 785 787 121 787 787 413 143 413 413 785 122 785 785 417 144 417 417 421 145 421 421 787 121 787 787 789 120 789 789 417 144 417 417 787 121 787 787 421 145 421 421 789 120 789 789 53 119 53 53 791 146 791 791 425 147 425 425 789 120 789 789 791 146 791 791 421 145 421 421 789 120 789 789 425 147 425 425 791 146 791 791 53 119 53 53 55 148 55 55 53 119 53 53 54 118 54 54 55 148 55 55 791 146 791 791 55 148 55 55 793 149 793 793 429 150 429 429 791 146 791 791 793 149 793 793 425 147 425 425 791 146 791 791 429 150 429 429 429 150 429 429 424 151 424 424 425 147 425 425 425 147 425 425 420 152 420 420 421 145 421 421 424 151 424 424 420 152 420 420 425 147 425 425 421 145 421 421 416 153 416 416 417 144 417 417 420 152 420 420 416 153 416 416 421 145 421 421 417 144 417 417 412 154 412 412 413 143 413 413 416 153 416 416 412 154 412 412 417 144 417 417 413 143 413 413 408 155 408 408 409 142 409 409 412 154 412 412 408 155 408 408 413 143 413 413 409 142 409 409 402 156 402 402 404 141 404 404 408 155 408 408 402 156 402 402 409 142 409 409 404 141 404 404 403 157 403 403 405 140 405 405 402 156 402 402 403 157 403 403 404 141 404 404 405 140 405 405 480 158 480 480 481 139 481 481 403 157 403 403 480 158 480 480 405 140 405 405 481 139 481 481 476 159 476 476 477 137 477 477 480 158 480 480 476 159 476 476 481 139 481 481 477 137 477 477 472 160 472 472 473 138 473 473 476 159 476 476 472 160 472 472 477 137 477 477 469 161 469 469 813 136 813 813 473 138 473 473 473 138 473 473 468 162 468 468 469 161 469 469 472 160 472 472 468 162 468 468 473 138 473 473 811 163 811 811 75 135 75 75 813 136 813 813 469 161 469 469 811 163 811 811 813 136 813 813 811 163 811 811 74 164 74 74 75 135 75 75 74 164 74 74 73 133 73 73 75 135 75 75 464 165 464 464 811 163 811 811 469 161 469 469 810 166 810 810 74 164 74 74 811 163 811 811 464 165 464 464 810 166 810 810 811 163 811 811 469 161 469 469 462 167 462 462 464 165 464 464 468 162 468 468 462 167 462 462 469 161 469 469 627 168 627 627 468 162 468 468 472 160 472 472 626 169 626 626 468 162 468 468 627 168 627 627 626 169 626 626 462 167 462 462 468 162 468 468 628 170 628 628 472 160 472 472 476 159 476 476 627 168 627 627 472 160 472 472 628 170 628 628 610 171 610 610 476 159 476 476 480 158 480 480 628 170 628 628 476 159 476 476 610 171 610 610 480 158 480 480 608 172 608 608 610 171 610 610 403 157 403 403 608 172 608 608 480 158 480 480 609 173 609 609 403 157 403 403 402 156 402 402 608 172 608 608 403 157 403 403 609 173 609 609 611 174 611 611 402 156 402 402 408 155 408 408 609 173 609 609 402 156 402 402 611 174 611 611 612 175 612 612 408 155 408 408 412 154 412 412 611 174 611 611 408 155 408 408 612 175 612 612 613 176 613 613 412 154 412 412 416 153 416 416 612 175 612 612 412 154 412 412 613 176 613 613 614 177 614 614 416 153 416 416 420 152 420 420 613 176 613 613 416 153 416 416 614 177 614 614 615 178 615 615 420 152 420 420 424 151 424 424 614 177 614 614 420 152 420 420 615 178 615 615 96 179 96 96 614 177 614 614 615 178 615 615 94 180 94 94 614 177 614 614 96 179 96 96 94 180 94 94 613 176 613 613 614 177 614 614 92 181 92 92 613 176 613 613 94 180 94 94 92 181 92 92 612 175 612 612 613 176 613 613 90 182 90 90 612 175 612 612 92 181 92 92 90 182 90 90 611 174 611 611 612 175 612 612 88 183 88 88 611 174 611 611 90 182 90 90 88 183 88 88 609 173 609 609 611 174 611 611 85 184 85 85 609 173 609 609 88 183 88 88 85 184 85 85 608 172 608 608 609 173 609 609 608 172 608 608 84 185 84 84 610 171 610 610 84 185 84 84 608 172 608 608 85 184 85 85 124 186 124 124 628 170 628 628 610 171 610 610 610 171 610 610 84 185 84 84 124 186 124 124 122 187 122 122 628 170 628 628 124 186 124 124 122 187 122 122 627 168 627 627 628 170 628 628 120 188 120 120 627 168 627 627 122 187 122 122 120 188 120 120 626 169 626 626 627 168 627 627 118 189 118 118 626 169 626 626 120 188 120 120 625 190 625 625 462 167 462 462 626 169 626 626 118 189 118 118 625 190 625 625 626 169 626 626 625 190 625 625 463 191 463 463 462 167 462 462 462 167 462 462 463 191 463 463 464 165 464 464 465 192 465 465 810 166 810 810 464 165 464 464 464 165 464 464 463 191 463 463 465 192 465 465 624 193 624 624 463 191 463 463 625 190 625 625 115 194 115 115 625 190 625 625 118 189 118 118 115 194 115 115 624 193 624 624 625 190 625 625 118 189 118 118 120 188 120 120 119 195 119 119 117 196 117 117 118 189 118 118 119 195 119 119 115 194 115 115 118 189 118 118 117 196 117 117 120 188 120 120 122 187 122 122 121 197 121 121 119 195 119 119 120 188 120 120 121 197 121 121 122 187 122 122 124 186 124 124 123 198 123 123 121 197 121 121 122 187 122 122 123 198 123 123 124 186 124 124 84 185 84 84 125 199 125 125 123 198 123 123 124 186 124 124 125 199 125 125 125 199 125 125 84 185 84 84 86 200 86 86 84 185 84 84 85 184 85 85 86 200 86 86 85 184 85 85 88 183 88 88 87 201 87 87 86 200 86 86 85 184 85 85 87 201 87 87 88 183 88 88 90 182 90 90 89 202 89 89 87 201 87 87 88 183 88 88 89 202 89 89 90 182 90 90 92 181 92 92 91 203 91 91 89 202 89 89 90 182 90 90 91 203 91 91 92 181 92 92 94 180 94 94 93 204 93 93 91 203 91 91 92 181 92 92 93 204 93 93 94 180 94 94 96 179 96 96 95 205 95 95 93 204 93 93 94 180 94 94 95 205 95 95 96 179 96 96 615 178 615 615 98 206 98 98 96 179 96 96 98 206 98 98 97 207 97 97 95 205 95 95 96 179 96 96 97 207 97 97 615 178 615 615 424 151 424 424 616 208 616 616 98 206 98 98 615 178 615 615 616 208 616 616 98 206 98 98 616 208 616 616 100 209 100 100 98 206 98 98 100 209 100 100 99 210 99 99 97 207 97 97 98 206 98 98 99 210 99 99 97 207 97 97 133 211 133 133 132 212 132 132 99 210 99 99 133 211 133 133 97 207 97 97 97 207 97 97 132 212 132 132 95 205 95 95 95 205 95 95 132 212 132 132 131 213 131 131 95 205 95 95 131 213 131 131 93 204 93 93 93 204 93 93 131 213 131 131 130 214 130 130 93 204 93 93 130 214 130 130 91 203 91 91 91 203 91 91 130 214 130 130 129 215 129 129 91 203 91 91 129 215 129 129 89 202 89 89 89 202 89 89 129 215 129 129 128 216 128 128 89 202 89 89 128 216 128 128 87 201 87 87 87 201 87 87 128 216 128 128 126 217 126 126 87 201 87 87 126 217 126 126 86 200 86 86 86 200 86 86 127 218 127 127 125 199 125 125 86 200 86 86 126 217 126 126 127 218 127 127 125 199 125 125 127 218 127 127 146 219 146 146 125 199 125 125 146 219 146 146 123 198 123 123 123 198 123 123 146 219 146 146 145 220 145 145 123 198 123 123 145 220 145 145 121 197 121 121 121 197 121 121 145 220 145 145 144 221 144 144 121 197 121 121 144 221 144 144 119 195 119 119 119 195 119 119 144 221 144 144 143 222 143 143 119 195 119 119 143 222 143 143 117 196 117 117 737 223 737 737 144 221 144 144 145 220 145 145 774 224 774 774 144 221 144 144 737 223 737 737 774 224 774 774 143 222 143 143 144 221 144 144 145 220 145 145 735 225 735 735 737 223 737 737 146 219 146 146 735 225 735 735 145 220 145 145 146 219 146 146 734 226 734 734 735 225 735 735 127 218 127 127 734 226 734 734 146 219 146 146 736 227 736 736 127 218 127 127 126 217 126 126 734 226 734 734 127 218 127 127 736 227 736 736 742 228 742 742 126 217 126 126 128 216 128 128 736 227 736 736 126 217 126 126 742 228 742 742 744 229 744 744 128 216 128 128 129 215 129 129 742 228 742 742 128 216 128 128 744 229 744 744 746 230 746 746 129 215 129 129 130 214 130 130 744 229 744 744 129 215 129 129 746 230 746 746 748 231 748 748 130 214 130 130 131 213 131 131 746 230 746 746 130 214 130 130 748 231 748 748 750 232 750 750 131 213 131 131 132 212 132 132 748 231 748 748 131 213 131 131 750 232 750 750 752 233 752 752 132 212 132 132 133 211 133 133 750 232 750 750 132 212 132 132 752 233 752 752 754 234 754 754 133 211 133 133 134 235 134 134 752 233 752 752 133 211 133 133 754 234 754 754 99 210 99 99 134 235 134 134 133 211 133 133 101 236 101 101 134 235 134 134 99 210 99 99 99 210 99 99 100 209 100 100 101 236 101 101 756 237 756 756 134 235 134 134 135 238 135 135 754 234 754 754 134 235 134 134 756 237 756 756 101 236 101 101 135 238 135 135 134 235 134 134 103 239 103 103 135 238 135 135 101 236 101 101 101 236 101 101 102 240 102 102 103 239 103 103 100 209 100 100 102 240 102 102 101 236 101 101 758 241 758 758 135 238 135 135 136 242 136 136 756 237 756 756 135 238 135 135 758 241 758 758 103 239 103 103 136 242 136 136 135 238 135 135 105 243 105 105 136 242 136 136 103 239 103 103 103 239 103 103 104 244 104 104 105 243 105 105 102 240 102 102 104 244 104 104 103 239 103 103 102 240 102 102 618 245 618 618 104 244 104 104 102 240 102 102 617 246 617 617 618 245 618 618 100 209 100 100 617 246 617 617 102 240 102 102 104 244 104 104 619 247 619 619 106 248 106 106 104 244 104 104 618 245 618 618 619 247 619 619 104 244 104 104 106 248 106 106 105 243 105 105 105 243 105 105 137 249 137 137 136 242 136 136 107 250 107 107 137 249 137 137 105 243 105 105 105 243 105 105 106 248 106 106 107 250 107 107 760 251 760 760 136 242 136 136 137 249 137 137 758 241 758 758 136 242 136 136 760 251 760 760 762 252 762 762 137 249 137 137 138 253 138 138 760 251 760 760 137 249 137 137 762 252 762 762 107 250 107 107 138 253 138 138 137 249 137 137 109 254 109 109 138 253 138 138 107 250 107 107 107 250 107 107 108 255 108 108 109 254 109 109 106 248 106 106 108 255 108 108 107 250 107 107 106 248 106 106 620 256 620 620 108 255 108 108 106 248 106 106 619 247 619 619 620 256 620 620 619 247 619 619 440 257 440 440 620 256 620 620 619 247 619 619 436 258 436 436 440 257 440 440 618 245 618 618 436 258 436 436 619 247 619 619 618 245 618 618 432 259 432 432 436 258 436 436 617 246 617 617 432 259 432 432 618 245 618 618 617 246 617 617 428 260 428 428 432 259 432 432 616 208 616 616 428 260 428 428 617 246 617 617 100 209 100 100 616 208 616 616 617 246 617 617 437 261 437 437 432 259 432 432 433 262 433 433 436 258 436 436 432 259 432 432 437 261 437 437 432 259 432 432 428 260 428 428 433 262 433 433 441 263 441 441 436 258 436 436 437 261 437 437 440 257 440 440 436 258 436 436 441 263 441 441 620 256 620 620 440 257 440 440 444 264 444 444 445 265 445 445 440 257 440 440 441 263 441 441 444 264 444 444 440 257 440 440 445 265 445 445 620 256 620 620 444 264 444 444 621 266 621 621 108 255 108 108 620 256 620 620 621 266 621 621 108 255 108 108 621 266 621 621 110 267 110 110 108 255 108 108 110 267 110 110 109 254 109 109 109 254 109 109 139 268 139 139 138 253 138 138 111 269 111 111 139 268 139 139 109 254 109 109 109 254 109 109 110 267 110 110 111 269 111 111 764 270 764 764 138 253 138 138 139 268 139 139 762 252 762 762 138 253 138 138 764 270 764 764 766 271 766 766 139 268 139 139 140 272 140 140 764 270 764 764 139 268 139 139 766 271 766 766 111 269 111 111 140 272 140 140 139 268 139 139 113 273 113 113 140 272 140 140 111 269 111 111 111 269 111 111 112 274 112 112 113 273 113 113 110 267 110 110 112 274 112 112 111 269 111 111 110 267 110 110 622 275 622 622 112 274 112 112 110 267 110 110 621 266 621 621 622 275 622 622 621 266 621 621 448 276 448 448 622 275 622 622 621 266 621 621 444 264 444 444 448 276 448 448 449 277 449 449 444 264 444 444 445 265 445 445 448 276 448 448 444 264 444 444 449 277 449 449 445 265 445 445 801 278 801 801 449 277 449 449 445 265 445 445 799 279 799 799 801 278 801 801 441 263 441 441 799 279 799 799 445 265 445 445 441 263 441 441 797 280 797 797 799 279 799 799 437 261 437 437 797 280 797 797 441 263 441 441 437 261 437 437 795 281 795 795 797 280 797 797 433 262 433 433 795 281 795 795 437 261 437 437 433 262 433 433 793 149 793 793 795 281 795 795 429 150 429 429 793 149 793 793 433 262 433 433 433 262 433 433 428 260 428 428 429 150 429 429 616 208 616 616 424 151 424 424 428 260 428 428 428 260 428 428 424 151 424 424 429 150 429 429 793 149 793 793 57 282 57 57 795 281 795 795 793 149 793 793 55 148 55 55 57 282 57 57 795 281 795 795 59 283 59 59 797 280 797 797 795 281 795 795 57 282 57 57 59 283 59 59 797 280 797 797 61 284 61 61 799 279 799 799 797 280 797 797 59 283 59 59 61 284 61 61 799 279 799 799 63 285 63 63 801 278 801 801 799 279 799 799 61 284 61 61 63 285 63 63 801 278 801 801 65 286 65 65 803 287 803 803 449 277 449 449 801 278 801 801 803 287 803 803 801 278 801 801 63 285 63 63 65 286 65 65 449 277 449 449 803 287 803 803 453 288 453 453 453 288 453 453 448 276 448 448 449 277 449 449 622 275 622 622 448 276 448 448 452 289 452 452 452 289 452 452 448 276 448 448 453 288 453 453 622 275 622 622 452 289 452 452 623 290 623 623 112 274 112 112 622 275 622 622 623 290 623 623 623 290 623 623 452 289 452 452 456 291 456 456 457 292 457 457 452 289 452 452 453 288 453 453 456 291 456 456 452 289 452 452 457 292 457 457 453 288 453 453 805 293 805 805 457 292 457 457 453 288 453 453 803 287 803 803 805 293 805 805 803 287 803 803 67 294 67 67 805 293 805 805 803 287 803 803 65 286 65 65 67 294 67 67 65 286 65 65 66 295 66 66 67 294 67 67 64 296 64 64 66 295 66 66 65 286 65 65 63 285 63 63 64 296 64 64 65 286 65 65 62 297 62 62 64 296 64 64 63 285 63 63 61 284 61 61 62 297 62 62 63 285 63 63 60 298 60 60 62 297 62 62 61 284 61 61 59 283 59 59 60 298 60 60 61 284 61 61 58 299 58 58 60 298 60 60 59 283 59 59 57 282 57 57 58 299 58 58 59 283 59 59 56 300 56 56 58 299 58 58 57 282 57 57 55 148 55 55 56 300 56 56 57 282 57 57 54 118 54 54 56 300 56 56 55 148 55 55 56 300 56 56 792 301 792 792 58 299 58 58 56 300 56 56 790 117 790 790 792 301 792 792 54 118 54 54 790 117 790 790 56 300 56 56 58 299 58 58 794 302 794 794 60 298 60 60 58 299 58 58 792 301 792 792 794 302 794 794 60 298 60 60 796 303 796 796 62 297 62 62 60 298 60 60 794 302 794 794 796 303 796 796 62 297 62 62 798 304 798 798 64 296 64 64 62 297 62 62 796 303 796 796 798 304 798 798 64 296 64 64 800 305 800 800 66 295 66 66 64 296 64 64 798 304 798 798 800 305 800 800 66 295 66 66 802 306 802 802 68 307 68 68 66 295 66 66 800 305 800 800 802 306 802 802 66 295 66 66 68 307 68 68 67 294 67 67 805 293 805 805 67 294 67 67 69 308 69 69 67 294 67 67 68 307 68 68 69 308 69 69 805 293 805 805 69 308 69 69 807 309 807 807 457 292 457 457 805 293 805 805 807 309 807 807 807 309 807 807 69 308 69 69 71 310 71 71 69 308 69 69 70 311 70 70 71 310 71 71 68 307 68 68 70 311 70 70 69 308 69 69 68 307 68 68 804 312 804 804 70 311 70 70 68 307 68 68 802 306 802 802 804 312 804 804 802 306 802 802 447 313 447 447 804 312 804 804 802 306 802 802 443 314 443 443 447 313 447 447 800 305 800 800 443 314 443 443 802 306 802 802 800 305 800 800 439 315 439 439 443 314 443 443 798 304 798 798 439 315 439 439 800 305 800 800 798 304 798 798 435 316 435 435 439 315 439 439 796 303 796 796 435 316 435 435 798 304 798 798 796 303 796 796 431 317 431 431 435 316 435 435 794 302 794 794 431 317 431 431 796 303 796 796 794 302 794 794 427 318 427 427 431 317 431 431 792 301 792 792 427 318 427 427 794 302 794 794 792 301 792 792 423 319 423 423 427 318 427 427 790 117 790 790 423 319 423 423 792 301 792 792 790 117 790 790 419 116 419 419 423 319 423 423 423 319 423 423 426 320 426 426 427 318 427 427 422 321 422 422 426 320 426 426 423 319 423 423 419 116 419 419 422 321 422 422 423 319 423 423 427 318 427 427 430 322 430 430 431 317 431 431 426 320 426 426 430 322 430 430 427 318 427 427 431 317 431 431 434 323 434 434 435 316 435 435 430 322 430 430 434 323 434 434 431 317 431 431 435 316 435 435 438 324 438 438 439 315 439 439 434 323 434 434 438 324 438 438 435 316 435 435 439 315 439 439 442 325 442 442 443 314 443 443 438 324 438 438 442 325 442 442 439 315 439 439 443 314 443 443 446 326 446 446 447 313 447 447 442 325 442 442 446 326 446 446 443 314 443 443 804 312 804 804 447 313 447 447 451 327 451 451 447 313 447 447 450 328 450 450 451 327 451 451 446 326 446 446 450 328 450 450 447 313 447 447 804 312 804 804 451 327 451 451 806 329 806 806 70 311 70 70 804 312 804 804 806 329 806 806 806 329 806 806 451 327 451 451 455 330 455 455 451 327 451 451 454 331 454 454 455 330 455 455 450 328 450 450 454 331 454 454 451 327 451 451 450 328 450 450 601 332 601 601 454 331 454 454 450 328 450 450 600 333 600 600 601 332 601 601 446 326 446 446 600 333 600 600 450 328 450 450 446 326 446 446 599 334 599 599 600 333 600 600 442 325 442 442 599 334 599 599 446 326 446 446 442 325 442 442 598 335 598 598 599 334 599 599 438 324 438 438 598 335 598 598 442 325 442 442 438 324 438 438 597 336 597 597 598 335 598 598 434 323 434 434 597 336 597 597 438 324 438 438 434 323 434 434 596 337 596 596 597 336 597 597 430 322 430 430 596 337 596 596 434 323 434 434 430 322 430 430 595 338 595 595 596 337 596 596 426 320 426 426 595 338 595 595 430 322 430 430 426 320 426 426 594 339 594 594 595 338 595 595 422 321 422 422 594 339 594 594 426 320 426 426 422 321 422 422 593 85 593 593 594 339 594 594 418 86 418 418 593 85 593 593 422 321 422 422 418 86 418 418 422 321 422 422 419 116 419 419 594 339 594 594 13 340 13 13 595 338 595 595 594 339 594 594 11 341 11 11 13 340 13 13 593 85 593 593 11 341 11 11 594 339 594 594 595 338 595 595 15 342 15 15 596 337 596 596 595 338 595 595 13 340 13 13 15 342 15 15 596 337 596 596 17 343 17 17 597 336 597 597 596 337 596 596 15 342 15 15 17 343 17 17 597 336 597 597 19 344 19 19 598 335 598 598 597 336 597 597 17 343 17 17 19 344 19 19 598 335 598 598 21 345 21 21 599 334 599 599 598 335 598 598 19 344 19 19 21 345 21 21 599 334 599 599 23 346 23 23 600 333 600 600 599 334 599 599 21 345 21 21 23 346 23 23 600 333 600 600 25 347 25 25 601 332 601 601 600 333 600 600 23 346 23 23 25 347 25 25 601 332 601 601 27 348 27 27 602 349 602 602 454 331 454 454 601 332 601 601 602 349 602 602 601 332 601 601 25 347 25 25 27 348 27 27 25 347 25 25 26 350 26 26 27 348 27 27 24 351 24 24 26 350 26 26 25 347 25 25 23 346 23 23 24 351 24 24 25 347 25 25 22 352 22 22 24 351 24 24 23 346 23 23 21 345 21 21 22 352 22 22 23 346 23 23 20 353 20 20 22 352 22 22 21 345 21 21 19 344 19 19 20 353 20 20 21 345 21 21 18 354 18 18 20 353 20 20 19 344 19 19 17 343 17 17 18 354 18 18 19 344 19 19 16 355 16 16 18 354 18 18 17 343 17 17 15 342 15 15 16 355 16 16 17 343 17 17 14 356 14 14 16 355 16 16 15 342 15 15 13 340 13 13 14 356 14 14 15 342 15 15 12 357 12 12 14 356 14 14 13 340 13 13 11 341 11 11 12 357 12 12 13 340 13 13 593 85 593 593 9 84 9 9 11 341 11 11 10 358 10 10 12 357 12 12 11 341 11 11 9 84 9 9 10 358 10 10 11 341 11 11 12 357 12 12 573 359 573 573 14 356 14 14 12 357 12 12 572 360 572 572 573 359 573 573 10 358 10 10 572 360 572 572 12 357 12 12 14 356 14 14 574 361 574 574 16 355 16 16 14 356 14 14 573 359 573 573 574 361 574 574 16 355 16 16 575 362 575 575 18 354 18 18 16 355 16 16 574 361 574 574 575 362 575 575 18 354 18 18 576 363 576 576 20 353 20 20 18 354 18 18 575 362 575 575 576 363 576 576 20 353 20 20 577 364 577 577 22 352 22 22 20 353 20 20 576 363 576 576 577 364 577 577 22 352 22 22 578 365 578 578 24 351 24 24 22 352 22 22 577 364 577 577 578 365 578 578 24 351 24 24 579 366 579 579 26 350 26 26 24 351 24 24 578 365 578 578 579 366 579 579 26 350 26 26 580 367 580 580 28 368 28 28 26 350 26 26 579 366 579 579 580 367 580 580 26 350 26 26 28 368 28 28 27 348 27 27 602 349 602 602 27 348 27 27 29 369 29 29 27 348 27 27 28 368 28 28 29 369 29 29 28 368 28 28 580 367 580 580 581 370 581 581 580 367 580 580 508 371 508 508 581 370 581 581 580 367 580 580 506 372 506 506 508 371 508 508 579 366 579 579 506 372 506 506 580 367 580 580 579 366 579 579 504 373 504 504 506 372 506 506 578 365 578 578 504 373 504 504 579 366 579 579 578 365 578 578 502 374 502 502 504 373 504 504 577 364 577 577 502 374 502 502 578 365 578 578 577 364 577 577 500 375 500 500 502 374 502 502 576 363 576 576 500 375 500 500 577 364 577 577 576 363 576 576 498 376 498 498 500 375 500 500 575 362 575 575 498 376 498 498 576 363 576 576 575 362 575 575 496 377 496 496 498 376 498 498 574 361 574 574 496 377 496 496 575 362 575 575 574 361 574 574 494 378 494 494 496 377 496 496 573 359 573 573 494 378 494 494 574 361 574 574 573 359 573 573 492 379 492 492 494 378 494 494 572 360 572 572 492 379 492 492 573 359 573 573 572 360 572 572 490 380 490 490 492 379 492 492 571 381 571 571 490 380 490 490 572 360 572 572 10 358 10 10 571 381 571 571 572 360 572 572 8 57 8 8 571 381 571 571 10 358 10 10 8 57 8 8 10 358 10 10 9 84 9 9 571 381 571 571 488 382 488 488 490 380 490 490 570 56 570 570 488 382 488 488 571 381 571 571 8 57 8 8 570 56 570 570 571 381 571 571 493 383 493 493 490 380 490 490 491 384 491 491 492 379 492 492 490 380 490 490 493 383 493 493 490 380 490 490 488 382 488 488 491 384 491 491 495 385 495 495 492 379 492 492 493 383 493 493 494 378 494 494 492 379 492 492 495 385 495 495 497 386 497 497 494 378 494 494 495 385 495 495 496 377 496 496 494 378 494 494 497 386 497 497 499 387 499 499 496 377 496 496 497 386 497 497 498 376 498 498 496 377 496 496 499 387 499 499 501 388 501 501 498 376 498 498 499 387 499 499 500 375 500 500 498 376 498 498 501 388 501 501 503 389 503 503 500 375 500 500 501 388 501 501 502 374 502 502 500 375 500 500 503 389 503 503 505 390 505 505 502 374 502 502 503 389 503 503 504 373 504 504 502 374 502 502 505 390 505 505 507 391 507 507 504 373 504 504 505 390 505 505 506 372 506 506 504 373 504 504 507 391 507 507 509 392 509 509 506 372 506 506 507 391 507 507 508 371 508 508 506 372 506 506 509 392 509 509 581 370 581 581 508 371 508 508 510 393 510 510 511 394 511 511 508 371 508 508 509 392 509 509 510 393 510 510 508 371 508 508 511 394 511 511 509 392 509 509 550 395 550 550 511 394 511 511 509 392 509 509 548 396 548 548 550 395 550 550 507 391 507 507 548 396 548 548 509 392 509 509 507 391 507 507 546 397 546 546 548 396 548 548 505 390 505 505 546 397 546 546 507 391 507 507 505 390 505 505 544 398 544 544 546 397 546 546 503 389 503 503 544 398 544 544 505 390 505 505 503 389 503 503 542 399 542 542 544 398 544 544 501 388 501 501 542 399 542 542 503 389 503 503 501 388 501 501 540 400 540 540 542 399 542 542 499 387 499 499 540 400 540 540 501 388 501 501 499 387 499 499 538 401 538 538 540 400 540 540 497 386 497 497 538 401 538 538 499 387 499 499 497 386 497 497 536 402 536 536 538 401 538 538 495 385 495 495 536 402 536 536 497 386 497 497 495 385 495 495 534 403 534 534 536 402 536 536 493 383 493 493 534 403 534 534 495 385 495 495 493 383 493 493 532 404 532 532 534 403 534 534 491 384 491 491 532 404 532 532 493 383 493 493 491 384 491 491 530 405 530 530 532 404 532 532 489 406 489 489 530 405 530 530 491 384 491 491 491 384 491 491 488 382 488 488 489 406 489 489 570 56 570 570 486 58 486 486 488 382 488 488 488 382 488 488 486 58 486 486 489 406 489 489 489 406 489 489 528 407 528 528 530 405 530 530 487 59 487 487 528 407 528 528 489 406 489 489 489 406 489 489 486 58 486 486 487 59 487 487 533 408 533 533 530 405 530 530 531 409 531 531 532 404 532 532 530 405 530 530 533 408 533 533 530 405 530 530 528 407 528 528 531 409 531 531 535 410 535 535 532 404 532 532 533 408 533 533 534 403 534 534 532 404 532 532 535 410 535 535 537 411 537 537 534 403 534 534 535 410 535 535 536 402 536 536 534 403 534 534 537 411 537 537 539 412 539 539 536 402 536 536 537 411 537 537 538 401 538 538 536 402 536 536 539 412 539 539 541 413 541 541 538 401 538 538 539 412 539 539 540 400 540 540 538 401 538 538 541 413 541 541 543 414 543 543 540 400 540 540 541 413 541 541 542 399 542 542 540 400 540 540 543 414 543 543 545 415 545 545 542 399 542 542 543 414 543 543 544 398 544 544 542 399 542 542 545 415 545 545 547 416 547 547 544 398 544 544 545 415 545 545 546 397 546 546 544 398 544 544 547 416 547 547 549 417 549 549 546 397 546 546 547 416 547 547 548 396 548 548 546 397 546 546 549 417 549 549 551 418 551 551 548 396 548 548 549 417 549 549 550 395 550 550 548 396 548 548 551 418 551 551 511 394 511 511 550 395 550 550 552 419 552 552 553 420 553 553 550 395 550 550 551 418 551 551 552 419 552 552 550 395 550 550 553 420 553 553 531 409 531 531 528 407 528 528 529 421 529 529 487 59 487 487 524 60 524 524 528 407 528 528 528 407 528 528 524 60 524 524 529 421 529 529 529 421 529 529 524 60 524 524 526 62 526 526 772 422 772 772 143 222 143 143 774 224 774 774 772 422 772 772 141 423 141 141 143 222 143 143 770 424 770 770 141 423 141 141 772 422 772 772 117 196 117 117 143 222 143 143 141 423 141 141 770 424 770 770 142 425 142 142 141 423 141 141 116 426 116 116 141 423 141 141 142 425 142 142 117 196 117 117 141 423 141 141 116 426 116 116 769 427 769 769 142 425 142 142 770 424 770 770 116 426 116 116 115 194 115 115 117 196 117 117 114 428 114 114 115 194 115 115 116 426 116 116 114 428 114 114 624 193 624 624 115 194 115 115 72 429 72 72 73 133 73 73 74 164 74 74 72 429 72 72 808 134 808 808 73 133 73 73 458 430 458 458 459 101 459 459 460 132 460 460 458 430 458 458 603 102 603 603 459 101 459 459 30 431 30 30 31 70 31 31 32 100 32 32 30 431 30 30 582 432 582 582 31 70 31 31 31 70 31 31 582 432 582 582 583 69 583 583 582 432 582 582 513 433 513 513 583 69 583 583 583 69 583 583 513 433 513 513 512 68 512 512 514 434 514 514 513 433 513 513 515 435 515 515 512 68 512 512 513 433 513 513 514 434 514 514 517 67 517 517 512 68 512 512 514 434 514 514 514 434 514 514 554 436 554 554 517 67 517 517 514 434 514 514 555 437 555 555 554 436 554 554 515 435 515 515 555 437 555 555 514 434 514 514 517 67 517 517 554 436 554 554 558 65 558 558 559 438 559 559 554 436 554 554 556 439 556 556 558 65 558 558 554 436 554 554 559 438 559 559 554 436 554 554 555 437 555 555 556 439 556 556 556 439 556 556 555 437 555 555 557 440 557 557 561 66 561 561 558 65 558 558 559 438 559 559 740 441 740 740 147 442 147 147 187 443 187 187 738 444 738 738 147 442 147 147 740 441 740 740 147 442 147 147 738 444 738 738 148 445 148 148 188 446 188 188 147 442 147 147 149 447 149 149 187 443 187 187 147 442 147 147 188 446 188 188 147 442 147 147 148 445 148 148 149 447 149 149 187 443 187 187 775 448 775 775 740 441 740 740 185 449 185 185 775 448 775 775 187 443 187 187 186 450 186 186 187 443 187 187 188 446 188 188 185 449 185 185 187 443 187 187 186 450 186 186 188 446 188 188 149 447 149 149 209 451 209 209 208 452 208 208 188 446 188 188 209 451 209 209 186 450 186 186 188 446 188 188 208 452 208 208 209 451 209 209 149 447 149 149 189 453 189 189 149 447 149 149 150 454 150 150 189 453 189 189 149 447 149 149 148 445 148 148 150 454 150 150 148 445 148 148 739 455 739 739 151 456 151 151 148 445 148 148 738 444 738 738 739 455 739 739 148 445 148 148 151 456 151 151 150 454 150 150 150 454 150 150 152 457 152 152 190 458 190 190 189 453 189 189 150 454 150 150 190 458 190 190 150 454 150 150 151 456 151 151 152 457 152 152 230 459 230 230 189 453 189 189 210 460 210 210 209 451 209 209 189 453 189 189 230 459 230 230 189 453 189 189 190 458 190 190 210 460 210 210 229 461 229 229 209 451 209 209 230 459 230 230 208 452 208 208 209 451 209 209 229 461 229 229 228 462 228 228 208 452 208 208 229 461 229 229 207 463 207 207 208 452 208 208 228 462 228 228 207 463 207 207 186 450 186 186 208 452 208 208 184 464 184 184 186 450 186 186 207 463 207 207 184 464 184 184 185 449 185 185 186 450 186 186 185 449 185 185 773 465 773 773 775 448 775 775 183 466 183 183 773 465 773 773 185 449 185 185 183 466 183 183 185 449 185 185 184 464 184 184 206 467 206 206 184 464 184 184 207 463 207 207 182 468 182 182 184 464 184 184 206 467 206 206 182 468 182 182 183 466 183 183 184 464 184 184 227 469 227 227 207 463 207 207 228 462 228 228 206 467 206 206 207 463 207 207 227 469 227 227 228 462 228 228 229 461 229 229 249 470 249 249 248 471 248 248 228 462 228 228 249 470 249 249 227 469 227 227 228 462 228 228 248 471 248 248 229 461 229 229 230 459 230 230 250 472 250 250 249 470 249 249 229 461 229 229 250 472 250 250 230 459 230 230 210 460 210 210 251 473 251 251 250 472 250 250 230 459 230 230 251 473 251 251 251 473 251 251 210 460 210 210 231 474 231 231 210 460 210 210 211 475 211 211 231 474 231 231 210 460 210 210 190 458 190 190 211 475 211 211 190 458 190 190 191 476 191 191 211 475 211 211 190 458 190 190 152 457 152 152 191 476 191 191 152 457 152 152 154 477 154 154 191 476 191 191 152 457 152 152 153 478 153 153 154 477 154 154 151 456 151 151 153 478 153 153 152 457 152 152 151 456 151 151 741 479 741 741 153 478 153 153 151 456 151 151 739 455 739 739 741 479 741 741 153 478 153 153 743 480 743 743 155 481 155 155 153 478 153 153 741 479 741 741 743 480 743 743 153 478 153 153 155 481 155 155 154 477 154 154 154 477 154 154 156 482 156 156 192 483 192 192 191 476 191 191 154 477 154 154 192 483 192 192 154 477 154 154 155 481 155 155 156 482 156 156 191 476 191 191 192 483 192 192 212 484 212 212 211 475 211 211 191 476 191 191 212 484 212 212 211 475 211 211 212 484 212 212 232 485 232 232 231 474 231 231 211 475 211 211 232 485 232 232 272 486 272 272 231 474 231 231 252 487 252 252 251 473 251 251 231 474 231 231 272 486 272 272 231 474 231 231 232 485 232 232 252 487 252 252 271 488 271 271 251 473 251 251 272 486 272 272 250 472 250 250 251 473 251 251 271 488 271 271 270 489 270 270 250 472 250 250 271 488 271 271 249 470 249 249 250 472 250 250 270 489 270 270 269 490 269 269 249 470 249 249 270 489 270 270 248 471 248 248 249 470 249 249 269 490 269 269 268 491 268 268 248 471 248 248 269 490 269 269 247 492 247 247 248 471 248 248 268 491 268 268 247 492 247 247 227 469 227 227 248 471 248 248 226 493 226 226 227 469 227 227 247 492 247 247 226 493 226 226 206 467 206 206 227 469 227 227 205 494 205 205 206 467 206 206 226 493 226 226 205 494 205 205 182 468 182 182 206 467 206 206 180 495 180 180 182 468 182 182 205 494 205 205 181 496 181 181 183 466 183 183 182 468 182 182 180 495 180 180 181 496 181 181 182 468 182 182 225 497 225 225 205 494 205 205 226 493 226 226 204 498 204 204 205 494 205 205 225 497 225 225 204 498 204 204 180 495 180 180 205 494 205 205 246 499 246 246 226 493 226 226 247 492 247 247 225 497 225 225 226 493 226 226 246 499 246 246 267 500 267 267 247 492 247 247 268 491 268 268 246 499 246 246 247 492 247 247 267 500 267 267 268 491 268 268 269 490 269 269 289 501 289 289 288 502 288 288 268 491 268 268 289 501 289 289 267 500 267 267 268 491 268 268 288 502 288 288 269 490 269 269 270 489 270 270 290 503 290 290 289 501 289 289 269 490 269 269 290 503 290 290 270 489 270 270 271 488 271 271 291 504 291 291 290 503 290 290 270 489 270 270 291 504 291 291 271 488 271 271 272 486 272 272 292 505 292 292 291 504 291 291 271 488 271 271 292 505 292 292 272 486 272 272 252 487 252 252 293 506 293 293 292 505 292 292 272 486 272 272 293 506 293 293 293 506 293 293 252 487 252 252 273 507 273 273 252 487 252 252 253 508 253 253 273 507 273 273 252 487 252 252 232 485 232 232 253 508 253 253 232 485 232 232 233 509 233 233 253 508 253 253 232 485 232 232 212 484 212 212 233 509 233 233 212 484 212 212 213 510 213 213 233 509 233 233 212 484 212 212 192 483 192 192 213 510 213 213 192 483 192 192 193 511 193 193 213 510 213 213 192 483 192 192 156 482 156 156 193 511 193 193 213 510 213 213 214 512 214 214 234 513 234 234 233 509 233 233 213 510 213 213 234 513 234 234 213 510 213 213 193 511 193 193 214 512 214 214 233 509 233 233 234 513 234 234 254 514 254 254 253 508 253 253 233 509 233 233 254 514 254 254 253 508 253 253 254 514 254 254 274 515 274 274 273 507 273 273 253 508 253 253 274 515 274 274 334 516 334 334 273 507 273 273 294 517 294 294 293 506 293 293 273 507 273 273 334 516 334 334 273 507 273 273 274 515 274 274 294 517 294 294 332 518 332 332 293 506 293 293 334 516 334 334 292 505 292 292 293 506 293 293 332 518 332 332 330 519 330 330 292 505 292 292 332 518 332 332 291 504 291 291 292 505 292 292 330 519 330 330 328 520 328 328 291 504 291 291 330 519 330 330 290 503 290 290 291 504 291 291 328 520 328 328 325 521 325 325 290 503 290 290 328 520 328 328 289 501 289 289 290 503 290 290 325 521 325 325 324 522 324 324 289 501 289 289 325 521 325 325 288 502 288 288 289 501 289 289 324 522 324 324 325 521 325 325 328 520 328 328 327 523 327 327 326 524 326 326 325 521 325 325 327 523 327 327 324 522 324 324 325 521 325 325 326 524 326 326 328 520 328 328 330 519 330 330 329 525 329 329 327 523 327 327 328 520 328 328 329 525 329 329 330 519 330 330 332 518 332 332 331 526 331 331 329 525 329 329 330 519 330 330 331 526 331 331 332 518 332 332 334 516 334 334 333 527 333 333 331 526 331 331 332 518 332 332 333 527 333 333 334 516 334 334 294 517 294 294 335 528 335 335 333 527 333 333 334 516 334 334 335 528 335 335 294 517 294 294 274 515 274 274 295 529 295 295 335 528 335 335 294 517 294 294 296 530 296 296 294 517 294 294 295 529 295 295 296 530 296 296 274 515 274 274 275 531 275 275 295 529 295 295 274 515 274 274 254 514 254 254 275 531 275 275 254 514 254 254 255 532 255 255 275 531 275 275 254 514 254 254 234 513 234 234 255 532 255 255 234 513 234 234 235 533 235 235 255 532 255 255 234 513 234 234 214 512 214 214 235 533 235 235 214 512 214 214 215 534 215 215 235 533 235 235 214 512 214 214 194 535 194 194 215 534 215 215 193 511 193 193 194 535 194 194 214 512 214 214 193 511 193 193 158 536 158 158 194 535 194 194 156 482 156 156 158 536 158 158 193 511 193 193 194 535 194 194 195 537 195 195 215 534 215 215 194 535 194 194 160 538 160 160 195 537 195 195 158 536 158 158 160 538 160 160 194 535 194 194 215 534 215 215 216 539 216 216 236 540 236 236 235 533 235 235 215 534 215 215 236 540 236 236 215 534 215 215 195 537 195 195 216 539 216 216 235 533 235 235 236 540 236 236 256 541 256 256 255 532 255 255 235 533 235 235 256 541 256 256 255 532 255 255 256 541 256 256 276 542 276 276 275 531 275 275 255 532 255 255 276 542 276 276 295 529 295 295 275 531 275 275 298 543 298 298 275 531 275 275 276 542 276 276 298 543 298 298 295 529 295 295 298 543 298 298 297 544 297 297 296 530 296 296 295 529 295 295 297 544 297 297 395 545 395 395 296 530 296 296 357 546 357 357 335 528 335 335 296 530 296 296 395 545 395 395 296 530 296 296 297 544 297 297 357 546 357 357 393 547 393 393 335 528 335 335 395 545 395 395 333 527 333 333 335 528 335 335 393 547 393 393 391 548 391 391 333 527 333 333 393 547 393 393 331 526 331 331 333 527 333 333 391 548 391 391 389 549 389 389 331 526 331 331 391 548 391 391 329 525 329 329 331 526 331 331 389 549 389 389 387 550 387 387 329 525 329 329 389 549 389 389 327 523 327 327 329 525 329 329 387 550 387 387 386 551 386 386 327 523 327 327 387 550 387 387 326 524 326 326 327 523 327 327 386 551 386 386 387 550 387 387 389 549 389 389 390 552 390 390 386 551 386 386 387 550 387 387 388 553 388 388 389 549 389 389 391 548 391 391 392 554 392 392 391 548 391 391 393 547 393 393 394 555 394 394 393 547 393 393 395 545 395 395 396 556 396 396 395 545 395 395 357 546 357 357 397 557 397 397 357 546 357 357 297 544 297 297 358 558 358 358 357 546 357 357 358 558 358 358 359 559 359 359 297 544 297 297 299 560 299 299 358 558 358 358 297 544 297 297 298 543 298 298 299 560 299 299 298 543 298 298 276 542 276 276 300 561 300 300 298 543 298 298 300 561 300 300 299 560 299 299 276 542 276 276 277 562 277 277 300 561 300 300 276 542 276 276 256 541 256 256 277 562 277 277 256 541 256 256 257 563 257 257 277 562 277 277 256 541 256 256 236 540 236 236 257 563 257 257 236 540 236 236 237 564 237 237 257 563 257 257 236 540 236 236 216 539 216 216 237 564 237 237 216 539 216 216 217 565 217 217 237 564 237 237 216 539 216 216 196 566 196 196 217 565 217 217 195 537 195 195 196 566 196 196 216 539 216 216 195 537 195 195 162 567 162 162 196 566 196 196 160 538 160 160 162 567 162 162 195 537 195 195 196 566 196 196 197 568 197 197 217 565 217 217 196 566 196 196 164 569 164 164 197 568 197 197 162 567 162 162 164 569 164 164 196 566 196 196 217 565 217 217 218 570 218 218 238 571 238 238 237 564 237 237 217 565 217 217 238 571 238 238 217 565 217 217 197 568 197 197 218 570 218 218 237 564 237 237 238 571 238 238 258 572 258 258 257 563 257 257 237 564 237 237 258 572 258 258 257 563 257 257 258 572 258 258 278 573 278 278 277 562 277 277 257 563 257 257 278 573 278 278 300 561 300 300 277 562 277 277 302 574 302 302 277 562 277 277 278 573 278 278 302 574 302 302 300 561 300 300 302 574 302 302 301 575 301 301 299 560 299 299 300 561 300 300 301 575 301 301 358 558 358 358 299 560 299 299 360 576 360 360 299 560 299 299 301 575 301 301 360 576 360 360 358 558 358 358 360 576 360 360 361 577 361 361 360 576 360 360 301 575 301 301 362 578 362 362 360 576 360 360 362 578 362 362 363 579 363 363 301 575 301 301 303 580 303 303 362 578 362 362 301 575 301 301 302 574 302 302 303 580 303 303 302 574 302 302 278 573 278 278 304 581 304 304 302 574 302 302 304 581 304 304 303 580 303 303 278 573 278 278 279 582 279 279 304 581 304 304 278 573 278 278 258 572 258 258 279 582 279 279 258 572 258 258 259 583 259 259 279 582 279 279 258 572 258 258 238 571 238 238 259 583 259 259 238 571 238 238 239 584 239 239 259 583 259 259 238 571 238 238 218 570 218 218 239 584 239 239 218 570 218 218 219 585 219 219 239 584 239 239 218 570 218 218 198 586 198 198 219 585 219 219 197 568 197 197 198 586 198 198 218 570 218 218 197 568 197 197 166 587 166 166 198 586 198 198 164 569 164 164 166 587 166 166 197 568 197 197 164 569 164 164 165 588 165 165 166 587 166 166 163 589 163 163 165 588 165 165 164 569 164 164 162 567 162 162 163 589 163 163 164 569 164 164 161 590 161 161 163 589 163 163 162 567 162 162 160 538 160 160 161 590 161 161 162 567 162 162 163 589 163 163 753 591 753 753 165 588 165 165 163 589 163 163 751 592 751 751 753 591 753 753 161 590 161 161 751 592 751 751 163 589 163 163 165 588 165 165 755 593 755 755 167 594 167 167 165 588 165 165 753 591 753 753 755 593 755 755 165 588 165 165 167 594 167 167 166 587 166 166 166 587 166 166 168 595 168 168 198 586 198 198 166 587 166 166 167 594 167 167 168 595 168 168 198 586 198 198 199 596 199 199 219 585 219 219 198 586 198 198 168 595 168 168 199 596 199 199 219 585 219 219 220 597 220 220 240 598 240 240 239 584 239 239 219 585 219 219 240 598 240 240 219 585 219 219 199 596 199 199 220 597 220 220 239 584 239 239 240 598 240 240 260 599 260 260 259 583 259 259 239 584 239 239 260 599 260 260 259 583 259 259 260 599 260 260 280 600 280 280 279 582 279 279 259 583 259 259 280 600 280 280 304 581 304 304 279 582 279 279 306 601 306 306 279 582 279 279 280 600 280 280 306 601 306 306 304 581 304 304 306 601 306 306 305 602 305 305 303 580 303 303 304 581 304 304 305 602 305 305 362 578 362 362 303 580 303 303 364 603 364 364 303 580 303 303 305 602 305 305 364 603 364 364 362 578 362 362 364 603 364 364 365 604 365 365 364 603 364 364 305 602 305 305 366 605 366 366 364 603 364 364 366 605 366 366 367 606 367 367 305 602 305 305 307 607 307 307 366 605 366 366 305 602 305 305 306 601 306 306 307 607 307 307 306 601 306 306 280 600 280 280 308 608 308 308 306 601 306 306 308 608 308 308 307 607 307 307 280 600 280 280 281 609 281 281 308 608 308 308 280 600 280 280 260 599 260 260 281 609 281 281 260 599 260 260 261 610 261 261 281 609 281 281 260 599 260 260 240 598 240 240 261 610 261 261 240 598 240 240 241 611 241 241 261 610 261 261 240 598 240 240 220 597 220 220 241 611 241 241 220 597 220 220 221 612 221 221 241 611 241 241 220 597 220 220 200 613 200 200 221 612 221 221 199 596 199 199 200 613 200 200 220 597 220 220 199 596 199 199 170 614 170 170 200 613 200 200 168 595 168 168 170 614 170 170 199 596 199 199 168 595 168 168 169 615 169 169 170 614 170 170 167 594 167 167 169 615 169 169 168 595 168 168 167 594 167 167 757 616 757 757 169 615 169 169 167 594 167 167 755 593 755 755 757 616 757 757 169 615 169 169 759 617 759 759 171 618 171 171 169 615 169 169 757 616 757 757 759 617 759 759 169 615 169 169 171 618 171 171 170 614 170 170 170 614 170 170 172 619 172 172 200 613 200 200 170 614 170 170 171 618 171 171 172 619 172 172 200 613 200 200 201 620 201 201 221 612 221 221 200 613 200 200 172 619 172 172 201 620 201 201 221 612 221 221 222 621 222 222 242 622 242 242 241 611 241 241 221 612 221 221 242 622 242 242 221 612 221 221 201 620 201 201 222 621 222 222 241 611 241 241 242 622 242 242 262 623 262 262 261 610 261 261 241 611 241 241 262 623 262 262 261 610 261 261 262 623 262 262 282 624 282 282 281 609 281 281 261 610 261 261 282 624 282 282 308 608 308 308 281 609 281 281 310 625 310 310 281 609 281 281 282 624 282 282 310 625 310 310 308 608 308 308 310 625 310 310 309 626 309 309 307 607 307 307 308 608 308 308 309 626 309 309 366 605 366 366 307 607 307 307 368 627 368 368 307 607 307 307 309 626 309 309 368 627 368 368 366 605 366 366 368 627 368 368 369 628 369 369 368 627 368 368 309 626 309 309 370 629 370 370 368 627 368 368 370 629 370 370 371 630 371 371 309 626 309 309 311 631 311 311 370 629 370 370 309 626 309 309 310 625 310 310 311 631 311 311 310 625 310 310 282 624 282 282 312 632 312 312 310 625 310 310 312 632 312 312 311 631 311 311 282 624 282 282 283 633 283 283 312 632 312 312 282 624 282 282 262 623 262 262 283 633 283 283 262 623 262 262 263 634 263 263 283 633 283 283 262 623 262 262 242 622 242 242 263 634 263 263 242 622 242 242 243 635 243 243 263 634 263 263 242 622 242 242 222 621 222 222 243 635 243 243 222 621 222 222 223 636 223 223 243 635 243 243 222 621 222 222 202 637 202 202 223 636 223 223 201 620 201 201 202 637 202 202 222 621 222 222 201 620 201 201 174 638 174 174 202 637 202 202 172 619 172 172 174 638 174 174 201 620 201 201 172 619 172 172 173 639 173 173 174 638 174 174 171 618 171 171 173 639 173 173 172 619 172 172 171 618 171 171 761 640 761 761 173 639 173 173 171 618 171 171 759 617 759 759 761 640 761 761 173 639 173 173 763 641 763 763 175 642 175 175 173 639 173 173 761 640 761 761 763 641 763 763 173 639 173 173 175 642 175 175 174 638 174 174 174 638 174 174 176 643 176 176 202 637 202 202 174 638 174 174 175 642 175 175 176 643 176 176 202 637 202 202 203 644 203 203 223 636 223 223 202 637 202 202 176 643 176 176 203 644 203 203 223 636 223 223 224 645 224 224 244 646 244 244 243 635 243 243 223 636 223 223 244 646 244 244 223 636 223 223 203 644 203 203 224 645 224 224 243 635 243 243 244 646 244 244 264 647 264 264 263 634 263 263 243 635 243 243 264 647 264 264 263 634 263 263 264 647 264 264 284 648 284 284 283 633 283 283 263 634 263 263 284 648 284 284 312 632 312 312 283 633 283 283 314 649 314 314 283 633 283 283 284 648 284 284 314 649 314 314 312 632 312 312 314 649 314 314 313 650 313 313 311 631 311 311 312 632 312 312 313 650 313 313 370 629 370 370 311 631 311 311 372 651 372 372 311 631 311 311 313 650 313 313 372 651 372 372 370 629 370 370 372 651 372 372 373 652 373 373 372 651 372 372 313 650 313 313 374 653 374 374 372 651 372 372 374 653 374 374 375 654 375 375 313 650 313 313 315 655 315 315 374 653 374 374 313 650 313 313 314 649 314 314 315 655 315 315 314 649 314 314 284 648 284 284 316 656 316 316 314 649 314 314 316 656 316 316 315 655 315 315 284 648 284 284 285 657 285 285 316 656 316 316 284 648 284 284 264 647 264 264 285 657 285 285 264 647 264 264 265 658 265 265 285 657 285 285 264 647 264 264 244 646 244 244 265 658 265 265 244 646 244 244 245 659 245 245 265 658 265 265 244 646 244 244 224 645 224 224 245 659 245 245 265 658 265 265 266 660 266 266 286 661 286 286 285 657 285 285 265 658 265 265 286 661 286 286 265 658 265 265 245 659 245 245 266 660 266 266 316 656 316 316 285 657 285 285 318 662 318 318 285 657 285 285 286 661 286 286 318 662 318 318 316 656 316 316 318 662 318 318 317 663 317 317 315 655 315 315 316 656 316 316 317 663 317 317 374 653 374 374 315 655 315 315 376 664 376 376 315 655 315 315 317 663 317 317 376 664 376 376 374 653 374 374 376 664 376 376 377 665 377 377 376 664 376 376 317 663 317 317 378 666 378 378 376 664 376 376 378 666 378 378 379 667 379 379 317 663 317 317 319 668 319 319 378 666 378 378 317 663 317 317 318 662 318 318 319 668 319 319 318 662 318 318 286 661 286 286 320 669 320 320 318 662 318 318 320 669 320 320 319 668 319 319 286 661 286 286 287 670 287 287 320 669 320 320 286 661 286 286 266 660 266 266 287 670 287 287 320 669 320 320 287 670 287 287 322 671 322 322 320 669 320 320 322 671 322 322 321 672 321 321 319 668 319 319 320 669 320 320 321 672 321 321 378 666 378 378 319 668 319 319 380 673 380 380 319 668 319 319 321 672 321 321 380 673 380 380 378 666 378 378 380 673 380 380 381 674 381 381 380 673 380 380 321 672 321 321 382 675 382 382 380 673 380 380 382 675 382 382 383 676 383 383 321 672 321 321 323 677 323 323 382 675 382 382 321 672 321 321 322 671 322 322 323 677 323 323 382 675 382 382 323 677 323 323 384 678 384 384 382 675 382 382 384 678 384 384 385 679 385 385 175 642 175 175 763 641 763 763 765 680 765 765 161 590 161 161 749 681 749 749 751 592 751 751 159 682 159 159 749 681 749 749 161 590 161 161 159 682 159 159 161 590 161 161 160 538 160 160 159 682 159 159 747 683 747 747 749 681 749 749 157 684 157 157 747 683 747 747 159 682 159 159 158 536 158 158 159 682 159 159 160 538 160 160 157 684 157 157 159 682 159 159 158 536 158 158 157 684 157 157 745 685 745 745 747 683 747 747 155 481 155 155 745 685 745 745 157 684 157 157 156 482 156 156 157 684 157 157 158 536 158 158 155 481 155 155 157 684 157 157 156 482 156 156 155 481 155 155 743 480 743 743 745 685 745 745 179 686 179 179 180 495 180 180 204 498 204 204 179 686 179 179 178 687 178 178 180 495 180 180 177 688 177 177 178 687 178 178 179 686 179 179 178 687 178 178 181 496 181 181 180 495 180 180 178 687 178 178 768 689 768 768 181 496 181 181 178 687 178 178 767 690 767 767 768 689 768 768 177 688 177 177 767 690 767 767 178 687 178 178 181 496 181 181 771 691 771 771 183 466 183 183 181 496 181 181 768 689 768 768 771 691 771 771 183 466 183 183 771 691 771 771 773 465 773 773 339 692 339 339 336 693 336 336 338 694 338 338 336 693 336 336 337 695 337 337 338 694 338 338 340 696 340 340 339 692 339 339 338 694 338 338 341 697 341 341 340 696 340 340 338 694 338 338 342 698 342 342 341 697 341 341 338 694 338 338 343 699 343 343 342 698 342 342 338 694 338 338 344 700 344 344 343 699 343 343 338 694 338 338 337 695 337 337 356 701 356 356 338 694 338 338 356 701 356 356 355 702 355 355 338 694 338 338 355 702 355 355 354 703 354 354 338 694 338 338 354 703 354 354 353 704 353 353 338 694 338 338 353 704 353 353 352 705 352 352 338 694 338 338 352 705 352 352 351 706 351 351 338 694 338 338 351 706 351 351 350 707 350 350 338 694 338 338 350 707 350 350 349 708 349 349 338 694 338 338 349 708 349 349 348 709 348 348 338 694 338 338 348 709 348 348 347 710 347 347 338 694 338 338 347 710 347 347 346 711 346 346 338 694 338 338 346 711 346 346 345 712 345 345 338 694 338 338 345 712 345 345 344 700 344 344 338 694 338 338 633 713 633 633 629 714 629 629 634 715 634 634 630 716 630 630 629 714 629 629 633 713 633 633 629 714 629 629 630 716 630 630 631 717 631 631 635 718 635 635 679 719 679 679 633 713 633 633 633 713 633 633 671 720 671 671 630 716 630 630 679 719 679 679 671 720 671 671 633 713 633 633 633 713 633 633 634 715 634 634 635 718 635 635 635 718 635 635 634 715 634 634 636 721 636 636 637 722 637 637 682 723 682 682 635 718 635 635 682 723 682 682 679 719 679 679 635 718 635 635 635 718 635 635 636 721 636 636 637 722 637 637 637 722 637 637 636 721 636 636 638 724 638 638 639 725 639 639 685 726 685 685 637 722 637 637 685 726 685 685 682 723 682 682 637 722 637 637 637 722 637 637 638 724 638 638 639 725 639 639 639 725 639 639 638 724 638 638 640 727 640 640 641 728 641 641 688 729 688 688 639 725 639 639 688 729 688 688 685 726 685 685 639 725 639 639 639 725 639 639 640 727 640 640 641 728 641 641 641 728 641 641 640 727 640 640 642 730 642 642 643 731 643 643 691 732 691 691 641 728 641 641 691 732 691 691 688 729 688 688 641 728 641 641 641 728 641 641 642 730 642 642 643 731 643 643 643 731 643 643 642 730 642 642 644 733 644 644 645 734 645 645 694 735 694 694 643 731 643 643 694 735 694 694 691 732 691 691 643 731 643 643 643 731 643 643 644 733 644 644 645 734 645 645 645 734 645 645 644 733 644 644 646 736 646 646 647 737 647 647 697 738 697 697 645 734 645 645 697 738 697 697 694 735 694 694 645 734 645 645 645 734 645 645 646 736 646 646 647 737 647 647 647 737 647 647 646 736 646 646 648 739 648 648 649 740 649 649 700 741 700 700 647 737 647 647 700 741 700 700 697 738 697 697 647 737 647 647 647 737 647 647 648 739 648 648 649 740 649 649 649 740 649 649 648 739 648 648 650 742 650 650 651 743 651 651 703 744 703 703 649 740 649 649 703 744 703 703 700 741 700 700 649 740 649 649 649 740 649 649 650 742 650 650 651 743 651 651 651 743 651 651 650 742 650 650 652 745 652 652 653 746 653 653 706 747 706 706 651 743 651 651 706 747 706 706 703 744 703 703 651 743 651 651 651 743 651 651 652 745 652 652 653 746 653 653 653 746 653 653 652 745 652 652 654 748 654 654 655 749 655 655 709 750 709 709 653 746 653 653 709 750 709 709 706 747 706 706 653 746 653 653 653 746 653 653 654 748 654 654 655 749 655 655 655 749 655 655 654 748 654 654 656 751 656 656 657 752 657 657 712 753 712 712 655 749 655 655 712 753 712 712 709 750 709 709 655 749 655 655 655 749 655 655 656 751 656 656 657 752 657 657 657 752 657 657 656 751 656 656 658 754 658 658 659 755 659 659 715 756 715 715 657 752 657 657 715 756 715 715 712 753 712 712 657 752 657 657 657 752 657 657 658 754 658 658 659 755 659 659 659 755 659 659 658 754 658 658 660 757 660 660 718 758 718 718 715 756 715 715 659 755 659 659 671 720 671 671 672 759 672 672 630 716 630 630 672 759 672 672 733 760 733 733 632 761 632 632 630 716 630 630 672 759 672 672 632 761 632 632 631 717 631 631 630 716 630 630 632 761 632 632 632 761 632 632 733 760 733 733 669 762 669 669 632 761 632 632 670 763 670 670 631 717 631 631 669 762 669 669 670 763 670 670 632 761 632 632 733 760 733 733 730 764 730 730 669 762 669 669 669 762 669 669 730 764 730 730 667 765 667 667 669 762 669 669 668 766 668 668 670 763 670 670 667 765 667 667 668 766 668 668 669 762 669 669 730 764 730 730 727 767 727 727 667 765 667 667 667 765 667 667 727 767 727 727 665 768 665 665 667 765 667 667 666 769 666 666 668 766 668 668 665 768 665 665 666 769 666 666 667 765 667 667 727 767 727 727 723 770 723 723 665 768 665 665 665 768 665 665 723 770 723 723 663 771 663 663 665 768 665 665 664 772 664 664 666 769 666 666 663 771 663 663 664 772 664 664 665 768 665 665 723 770 723 723 724 773 724 724 663 771 663 663 663 771 663 663 724 773 724 724 661 774 661 661 663 771 663 663 662 775 662 662 664 772 664 664 661 774 661 661 662 775 662 662 663 771 663 663 732 776 732 732 673 777 673 673 675 778 675 675 731 779 731 731 673 777 673 673 732 776 732 732 673 777 673 673 674 780 674 674 675 778 675 675 729 781 729 729 731 779 731 731 732 776 732 732 728 782 728 728 731 779 731 731 729 781 729 729 726 783 726 726 728 782 728 728 729 781 729 729 725 784 725 725 728 782 728 728 726 783 726 726 722 785 722 722 725 784 725 725 726 783 726 726 720 786 720 720 725 784 725 725 722 785 722 722 721 787 721 721 720 786 720 720 722 785 722 722 719 788 719 719 720 786 720 720 721 787 721 721 674 780 674 674 677 789 677 677 676 790 676 676 675 778 675 675 674 780 674 674 676 790 676 676 677 789 677 677 680 791 680 680 678 792 678 678 676 790 676 676 677 789 677 677 678 792 678 678 680 791 680 680 683 793 683 683 681 794 681 681 678 792 678 678 680 791 680 680 681 794 681 681 683 793 683 683 686 795 686 686 684 796 684 684 681 794 681 681 683 793 683 683 684 796 684 684 686 795 686 686 689 797 689 689 687 798 687 687 684 796 684 684 686 795 686 686 687 798 687 687 689 797 689 689 692 799 692 692 690 800 690 690 687 798 687 687 689 797 689 689 690 800 690 690 692 799 692 692 695 801 695 695 693 802 693 693 690 800 690 690 692 799 692 692 693 802 693 693 695 801 695 695 698 803 698 698 696 804 696 696 693 802 693 693 695 801 695 695 696 804 696 696 698 803 698 698 701 805 701 701 699 806 699 699 696 804 696 696 698 803 698 698 699 806 699 699 701 805 701 701 704 807 704 704 702 808 702 702 699 806 699 699 701 805 701 701 702 808 702 702 704 807 704 704 707 809 707 707 705 810 705 705 702 808 702 702 704 807 704 704 705 810 705 705 707 809 707 707 710 811 710 710 708 812 708 708 705 810 705 705 707 809 707 707 708 812 708 708 710 811 710 710 713 813 713 713 711 814 711 711 708 812 708 708 710 811 710 710 711 814 711 711 713 813 713 713 716 815 716 716 714 816 714 714 711 814 711 711 713 813 713 713 714 816 714 714 714 816 714 714 716 815 716 716 717 817 717 717</p>
        </triangles>
      </mesh>
    </geometry>
  </library_geometries>
  <library_controllers>
    <controller id="geom-BulletMShape-skin1">
      <skin source="#geom-BulletMShape">
        <bind_shape_matrix>1 0 0 0 0 1 0 0 0 0 1 0 0 0 0 1</bind_shape_matrix>
        <source id="geom-BulletMShape-skin1-joints">
          <Name_array id="geom-BulletMShape-skin1-joints-array" count="3">joint0 joint1 joint2</Name_array>
          <technique_common>
            <accessor source="#geom-BulletMShape-skin1-joints-array" count="3" stride="1">
              <param name="JOINT" type="name"/>
            </accessor>
          </technique_common>
        </source>
        <source id="geom-BulletMShape-skin1-bind_poses">
          <float_array id="geom-BulletMShape-skin1-bind_poses-array" count="48">1 0 0 0 0 1 0 0 0 0 1 0 0 0 0 1 1 0 0 0 0 1 0 0 0 0 1 0 0 0 0 1 1 0 0 0 0 1 0 0 0 0 1 0 0 0 0 1</float_array>
          <technique_common>
            <accessor source="#geom-BulletMShape-skin1-bind_poses-array" count="3" stride="16">
              <param name="TRANSFORM" type="float4x4"/>
            </accessor>
          </technique_common>
        </source>
        <source id="geom-BulletMShape-skin1-weights">
          <float_array id="geom-BulletMShape-skin1-weights-array" count="1">1</float_array>
          <technique_common>
            <accessor source="#geom-BulletMShape-skin1-weights-array" count="1" stride="1">
              <param name="WEIGHT" type="float"/>
            </accessor>
          </technique_common>
        </source>
        <joints>
          <input semantic="JOINT" source="#geom-BulletMShape-skin1-joints"/>
          <input semantic="INV_BIND_MATRIX" source="#geom-BulletMShape-skin1-bind_poses"/>
        </joints>
        <vertex_weights count="818">
          <input semantic="JOINT" source="#geom-BulletMShape-skin1-joints" offset="0"/>
          <input semantic="WEIGHT" source="#geom-BulletMShape-skin1-weights" offset="1"/>
          <vcount>1 1 1 1 1 1 1 1 1 1 1 1 1 1 1 1 1 1 1 1 1 1 1 1 1 1 1 1 1 1 1 1 1 1 1 1 1 1 1 1 1 1 1 1 1 1 1 1 1 1 1 1 1 1 1 1 1 1 1 1 1 1 1 1 1 1 1 1 1 1 1 1 1 1 1 1 1 1 1 1 1 1 1 1 1 1 1 1 1 1 1 1 1 1 1 1 1 1 1 1 1 1 1 1 1 1 1 1 1 1 1 1 1 1 1 1 1 1 1 1 1 1 1 1 1 1 1 1 1 1 1 1 1 1 1 1 1 1 1 1 1 1 1 1 1 1 1 1 1 1 1 1 1 1 1 1 1 1 1 1 1 1 1 1 1 1 1 1 1 1 1 1 1 1 1 1 1 1 1 1 1 1 1 1 1 1 1 1 1 1 1 1 1 1 1 1 1 1 1 1 1 1 1 1 1 1 1 1 1 1 1 1 1 1 1 1 1 1 1 1 1 1 1 1 1 1 1 1 1 1 1 1 1 1 1 1 1 1 1 1 1 1 1 1 1 1 1 1 1 1 1 1 1 1 1 1 1 1 1 1 1 1 1 1 1 1 1 1 1 1 1 1 1 1 1 1 1 1 1 1 1 1 1 1 1 1 1 1 1 1 1 1 1 1 1 1 1 1 1 1 1 1 1 1 1 1 1 1 1 1 1 1 1 1 1 1 1 1 1 1 1 1 1 1 1 1 1 1 1 1 1 1 1 1 1 1 1 1 1 1 1 1 1 1 1 1 1 1 1 1 1 1 1 1 1 1 1 1 1 1 1 1 1 1 1 1 1 1 1 1 1 1 1 1 1 1 1 1 1 1 1 1 1 1 1 1 1 1 1 1 1 1 1 1 1 1 1 1 1 1 1 1 1 1 1 1 1 1 1 1 1 1 1 1 1 1 1 1 1 1 1 1 1 1 1 1 1 1 1 1 1 1 1 1 1 1 1 1 1 1 1 1 1 1 1 1 1 1 1 1 1 1 1 1 1 1 1 1 1 1 1 1 1 1 1 1 1 1 1 1 1 1 1 1 1 1 1 1 1 1 1 1 1 1 1 1 1 1 1 1 1 1 1 1 1 1 1 1 1 1 1 1 1 1 1 1 1 1 1 1 1 1 1 1 1 1 1 1 1 1 1 1 1 1 1 1 1 1 1 1 1 1 1 1 1 1 1 1 1 1 1 1 1 1 1 1 1 1 1 1 1 1 1 1 1 1 1 1 1 1 1 1 1 1 1 1 1 1 1 1 1 1 1 1 1 1 1 1 1 1 1 1 1 1 1 1 1 1 1 1 1 1 1 1 1 1 1 1 1 1 1 1 1 1 1 1 1 1 1 1 1 1 1 1 1 1 1 1 1 1 1 1 1 1 1 1 1 1 1 1 1 1 1 1 1 1 1 1 1 1 1 1 1 1 1 1 1 1 1 1 1 1 1 1 1 1 1 1 1 1 1 1 1 1 1 1 1 1 1 1 1 1 1 1 1 1 1 1 1 1 1 1 1 1 1 1 1 1 1 1 1 1 1 1 1 1 1 1 1 1 1 1 1 1 1 1 1 1 1 1 1 1 1 1 1 1 1 1 1 1 1 1 1 1 1 1 1 1 1 1 1 1 1 1 1 1 1 1 1 1 1 1 1 1 1 1 1 1 1 1 1 1 1 1 1 1 1 1 1 1 1 1 1 1 1 1 1 1 1 1 1 1 1 1 1 1 1 1 1 1 1 1 1 1 1 1 1 1 1 1 1 1 1 1 1 1 1 1 1 1 1 1 1 1 1 1 1 1 1 1 1 1 1 1 1 1 1 1</vcount>
          <v>1 0 1 0 1 0 1 0 1 0 1 0 1 0 1 0 1 0 1 0 1 0 1 0 1 0 1 0 1 0 1 0 1 0 1 0 1 0 1 0 1 0 1 0 1 0 1 0 1 0 1 0 1 0 1 0 1 0 1 0 1 0 1 0 1 0 1 0 1 0 1 0 1 0 1 0 1 0 1 0 1 0 1 0 1 0 1 0 1 0 1 0 1 0 1 0 1 0 1 0 1 0 1 0 1 0 1 0 1 0 1 0 1 0 1 0 1 0 1 0 1 0 1 0 1 0 1 0 1 0 1 0 1 0 1 0 1 0 1 0 1 0 1 0 1 0 1 0 1 0 1 0 1 0 1 0 1 0 1 0 1 0 1 0 1 0 1 0 1 0 1 0 1 0 1 0 1 0 1 0 1 0 1 0 1 0 1 0 1 0 1 0 1 0 1 0 1 0 1 0 1 0 1 0 1 0 1 0 1 0 1 0 1 0 1 0 1 0 1 0 1 0 1 0 1 0 1 0 1 0 1 0 1 0 1 0 1 0 1 0 1 0 1 0 1 0 1 0 1 0 1 0 1 0 1 0 1 0 1 0 1 0 1 0 1 0 1 0 1 0 1 0 1 0 1 0 1 0 1 0 1 0 1 0 1 0 1 0 1 0 1 0 1 0 1 0 1 0 1 0 1 0 1 0 1 0 1 0 1 0 1 0 1 0 1 0 1 0 1 0 1 0 1 0 1 0 1 0 1 0 1 0 1 0 1 0 1 0 1 0 1 0 1 0 1 0 1 0 1 0 1 0 1 0 1 0 1 0 1 0 1 0 1 0 1 0 1 0 1 0 1 0 1 0 1 0 1 0 1 0 1 0 1 0 1 0 1 0 1 0 1 0 1 0 1 0 1 0 1 0 1 0 1 0 1 0 1 0 1 0 1 0 1 0 1 0 1 0 1 0 1 0 1 0 1 0 1 0 1 0 1 0 1 0 1 0 1 0 1 0 1 0 1 0 1 0 1 0 1 0 1 0 1 0 1 0 1 0 1 0 1 0 1 0 1 0 1 0 1 0 1 0 1 0 1 0 1 0 1 0 1 0 1 0 1 0 1 0 1 0 1 0 1 0 1 0 1 0 1 0 1 0 1 0 1 0 1 0 1 0 1 0 1 0 1 0 1 0 1 0 1 0 1 0 1 0 1 0 1 0 1 0 1 0 1 0 1 0 1 0 1 0 1 0 1 0 1 0 1 0 1 0 1 0 1 0 1 0 1 0 1 0 1 0 1 0 1 0 1 0 1 0 1 0 1 0 1 0 1 0 1 0 1 0 1 0 1 0 1 0 1 0 1 0 1 0 1 0 1 0 1 0 1 0 1 0 1 0 1 0 1 0 1 0 1 0 1 0 1 0 1 0 1 0 1 0 1 0 1 0 1 0 1 0 1 0 1 0 1 0 1 0 1 0 1 0 1 0 1 0 1 0 1 0 1 0 1 0 1 0 1 0 1 0 1 0 1 0 1 0 1 0 1 0 1 0 1 0 1 0 1 0 1 0 1 0 1 0 1 0 1 0 1 0 1 0 1 0 1 0 1 0 1 0 1 0 1 0 1 0 1 0 1 0 1 0 1 0 1 0 1 0 1 0 1 0 1 0 1 0 1 0 1 0 1 0 1 0 1 0 1 0 1 0 1 0 1 0 1 0 1 0 1 0 1 0 1 0 1 0 1 0 1 0 1 0 1 0 1 0 1 0 1 0 1 0 1 0 1 0 1 0 1 0 1 0 1 0 1 0 1 0 1 0 1 0 1 0 1 0 1 0 1 0 1 0 1 0 1 0 1 0 1 0 1 0 1 0 1 0 1 0 1 0 1 0 1 0 1 0 1 0 1 0 1 0 1 0 1 0 1 0 1 0 1 0 1 0 1 0 1 0 1 0 1 0 1 0 1 0 1 0 1 0 1 0 1 0 1 0 1 0 1 0 1 0 1 0 1 0 1 0 1 0 1 0 1 0 1 0 1 0 1 0 1 0 1 0 1 0 1 0 1 0 1 0 1 0 1 0 1 0 1 0 1 0 1 0 1 0 1 0 1 0 1 0 1 0 1 0 1 0 1 0 1 0 1 0 1 0 1 0 1 0 1 0 1 0 1 0 1 0 1 0 1 0 1 0 1 0 1 0 1 0 1 0 1 0 1 0 1 0 1 0 1 0 1 0 1 0 1 0 1 0 1 0 1 0 1 0 1 0 1 0 1 0 1 0 1 0 1 0 1 0 1 0 1 0 1 0 1 0 1 0 1 0 1 0 1 0 1 0 1 0 1 0 1 0 1 0 1 0 1 0 1 0 1 0 1 0 1 0 1 0 1 0 1 0 1 0 1 0 1 0 1 0 1 0 1 0 1 0 1 0 1 0 1 0 1 0 1 0 1 0 1 0 1 0 1 0 1 0 1 0 1 0 1 0 1 0 1 0 1 0 1 0 1 0 1 0 1 0 1 0 1 0 1 0 1 0 1 0 1 0 1 0 1 0 1 0 1 0 1 0 1 0 1 0 1 0 1 0 1 0 1 0 1 0 1 0 1 0 1 0 1 0 1 0 1 0 1 0 1 0 1 0 1 0 1 0 1 0 1 0 1 0 1 0 1 0 1 0 1 0 1 0 1 0 1 0 1 0 1 0 1 0 1 0 1 0 1 0 1 0 1 0 1 0 1 0 1 0 1 0 1 0 1 0 1 0 1 0 1 0 1 0 1 0 1 0 1 0 1 0 1 0 1 0 1 0 1 0 1 0 1 0 1 0 1 0 1 0 1 0 1 0 1 0 1 0 1 0 1 0 1 0 1 0 1 0 1 0 1 0 1 0 1 0 1 0 1 0 1 0 1 0 1 0 1 0 1 0 1 0 1 0 1 0 1 0 1 0 1 0 1 0 1 0 1 0 1 0 1 0 1 0 1 0 1 0 1 0 1 0 1 0 1 0 1 0 1 0 1 0 1 0 1 0 1 0 1 0 1 0 1 0 1 0 1 0 1 0 1 0 1 0 1 0 1 0 1 0 1 0 1 0 1 0 1 0 1 0 1 0 1 0 1 0 1 0 1 0 1 0 1 0 1 0 1 0 1 0 1 0 1 0 1 0 1 0 1 0 1 0 1 0 1 0 1 0 1 0 1 0 1 0 1 0 1 0 1 0 1 0 1 0 1 0 1 0 1 0 1 0 1 0 1 0 1 0 1 0 1 0 1 0 1 0 1 0 1 0 1 0 1 0 1 0 1 0 1 0 1 0 1 0 1 0 1 0 1 0 1 0 1 0 1 0 1 0 1 0 1 0 1 0 1 0 1 0 1 0 1 0 1 0 1 0 1 0 1 0 1 0 1 0 1 0 1 0 1 0 1 0 1 0 1 0 1 0 1 0 1 0 1 0 1 0 1 0 1 0 1 0 1 0 1 0 1 0 1 0 1 0 1 0 1 0 1 0 1 0 1 0 1 0 1 0 1 0 1 0 1 0 1 0 1 0 1 0 1 0 1 0 1 0 1 0 1 0 1 0 1 0 1 0 1 0 1 0 1 0 1 0 1 0 1 0 1 0 1 0 1 0 1 0 1 0 1 0 1 0 1 0 1 0 1 0 1 0 1 0 1 0 1 0 1 0 1 0 1 0 1 0 1 0 1 0 1 0 1 0 1 0 1 0</v>
        </vertex_weights>
      </skin>
    </controller>
  </library_controllers>
  <library_lights>
    <light id="EnvironmentAmbientLight" name="EnvironmentAmbientLight">
      <technique_common>
        <ambient>
          <color>0 0 0</color>
        </ambient>
      </technique_common>
    </light>
  </library_lights>
  <library_images>
    <image id="masterhandbullet_col_png">
      <init_from>./images/Masterhandbullet/masterhandbullet_col.png</init_from>
    </image>
  </library_images>
  <library_visual_scenes>
    <visual_scene id="MaxScene">
      <node name="EnvironmentAmbientLight">
        <instance_light url="#EnvironmentAmbientLight"/>
      </node>
      <node id="node-Trans" name="Trans" sid="joint0" type="JOINT">
        <node id="node-Rot" name="Rot" sid="joint1" type="JOINT">
          <node id="node-Effect1" name="Effect1" sid="joint2" type="JOINT">
            <extra>
              <technique profile="OpenCOLLADA">
                <cast_shadows sid="cast_shadows" type="bool">1</cast_shadows>
                <receive_shadows sid="receive_shadows" type="bool">1</receive_shadows>
                <primary_visibility sid="primary_visibility" type="bool">1</primary_visibility>
                <secondary_visibility sid="secondary_visibility" type="bool">1</secondary_visibility>
              </technique>
            </extra>
          </node>
          <extra>
            <technique profile="OpenCOLLADA">
              <cast_shadows sid="cast_shadows" type="bool">1</cast_shadows>
              <receive_shadows sid="receive_shadows" type="bool">1</receive_shadows>
              <primary_visibility sid="primary_visibility" type="bool">1</primary_visibility>
              <secondary_visibility sid="secondary_visibility" type="bool">1</secondary_visibility>
            </technique>
          </extra>
        </node>
        <extra>
          <technique profile="OpenCOLLADA">
            <cast_shadows sid="cast_shadows" type="bool">1</cast_shadows>
            <receive_shadows sid="receive_shadows" type="bool">1</receive_shadows>
            <primary_visibility sid="primary_visibility" type="bool">1</primary_visibility>
            <secondary_visibility sid="secondary_visibility" type="bool">1</secondary_visibility>
          </technique>
        </extra>
      </node>
      <node id="node-BulletMShape" name="BulletMShape">
        <instance_controller url="#geom-BulletMShape-skin1">
          <skeleton>#node-Trans</skeleton>
          <bind_material>
            <technique_common>
              <instance_material symbol="bullet_mt" target="#bullet_mt-material">
                <bind_vertex_input semantic="CHANNEL1" input_semantic="TEXCOORD" input_set="0"/>
                <bind_vertex_input semantic="CHANNEL1" input_semantic="TEXCOORD" input_set="0"/>
              </instance_material>
            </technique_common>
          </bind_material>
        </instance_controller>
        <extra>
          <technique profile="OpenCOLLADA">
            <cast_shadows sid="cast_shadows" type="bool">1</cast_shadows>
            <receive_shadows sid="receive_shadows" type="bool">1</receive_shadows>
            <primary_visibility sid="primary_visibility" type="bool">1</primary_visibility>
            <secondary_visibility sid="secondary_visibility" type="bool">1</secondary_visibility>
          </technique>
        </extra>
      </node>
    </visual_scene>
  </library_visual_scenes>
  <scene>
    <instance_visual_scene url="#MaxScene"/>
  </scene>
</COLLADA>