<?xml version="1.0" encoding="utf-8"?>
<COLLADA xmlns="http://www.collada.org/2005/11/COLLADASchema" version="1.4.1" xmlns:xsi="http://www.w3.org/2001/XMLSchema-instance">
  <asset>
    <contributor>
      <author>Blender User</author>
      <authoring_tool>Blender 2.80.75 commit date:2019-07-29, commit time:14:47, hash:f6cb5f54494e</authoring_tool>
    </contributor>
    <created>2019-11-15T01:11:46</created>
    <modified>2019-11-15T01:11:46</modified>
    <unit name="meter" meter="1"/>
    <up_axis>Z_UP</up_axis>
  </asset>
  <library_effects>
    <effect id="met_supermissile_001-effect">
      <profile_COMMON>
        <newparam sid="met_supermissile_001_col_png-surface">
          <surface type="2D">
            <init_from>met_supermissile_001_col_png</init_from>
          </surface>
        </newparam>
        <newparam sid="met_supermissile_001_col_png-sampler">
          <sampler2D>
            <source>met_supermissile_001_col_png-surface</source>
          </sampler2D>
        </newparam>
        <technique sid="common">
          <lambert>
            <emission>
              <color sid="emission">0 0 0 1</color>
            </emission>
            <diffuse>
              <texture texture="met_supermissile_001_col_png-sampler" texcoord="supermissileShape-mesh-map-0"/>
            </diffuse>
            <index_of_refraction>
              <float sid="ior">1.45</float>
            </index_of_refraction>
          </lambert>
        </technique>
      </profile_COMMON>
    </effect>
  </library_effects>
  <library_images>
    <image id="met_supermissile_001_col_png" name="met_supermissile_001_col_png">
      <init_from>met_supermissile_001_col.png</init_from>
    </image>
  </library_images>
  <library_materials>
    <material id="met_supermissile_001-material" name="met_supermissile_001">
      <instance_effect url="#met_supermissile_001-effect"/>
    </material>
  </library_materials>
  <library_geometries>
    <geometry id="supermissileShape-mesh" name="supermissileShape">
      <mesh>
        <source id="supermissileShape-mesh-positions">
          <float_array id="supermissileShape-mesh-positions-array" count="1083">0.467233 0.470495 2.47266 0.701511 0.883605 2.60923 0.352889 0.981144 2.16915 0.647617 0.971022 2.06592 0.863259 0.442068 2.29663 -0.15122 0.825171 2.43298 -0.301088 1.17599 2.50071 -0.03239178 0.455762 3.02786 0.313013 0.17624 2.5925 0.00530225 -0.112124 2.60192 1.10276 -0.309465 2.12045 1.1631 0.119363 2.09334 1.63511 -0.05593055 2.10077 1.31178 -0.161269 1.38391 1.1047 -0.692899 1.92801 0.814874 -0.504138 2.33719 0.287426 -0.146073 2.61862 0.51359 -0.554123 2.84003 0.2017019 -0.455738 2.57669 -0.379071 -0.265228 2.54876 -0.557706 -0.791562 2.80292 -0.24849 -0.42681 2.56334 -0.568774 -0.337573 2.51436 -0.386076 0.420662 2.51267 -0.88803 0.06988328 2.34386 -1.33177 0.03751945 2.52681 -1.13658 0.42851 2.01128 -1.10318 0.981079 2.24717 -0.914072 0.939772 1.64751 -1.0073 0.635235 1.01495 -1.50154 0.506635 1.48351 -1.29108 0.408457 1.52387 -1.29446 0.373443 1.39445 -1.25006 0.438529 0.904764 -0.97016 0.708945 0.599937 -1.12791 0.42608 0.513082 -1.00002 0.369976 0.1073729 -0.836636 0.594584 0.14761 -0.795569 0.805228 0.06408035 -0.804071 0.928841 0.309149 -0.686786 1.07793 0.576411 -0.640309 1.04715 0.873581 -0.859071 1.02576 1.10958 -0.879688 1.12122 1.3771 -0.903296 0.866656 1.16573 -0.849445 0.945448 1.42452 -0.483521 1.03351 2.09606 -0.548039 1.15457 1.86735 -0.635058 1.36105 1.84229 -0.646229 1.04242 1.17614 -0.340027 1.24706 1.36359 -0.320535 1.36686 1.31229 -0.1946 1.22762 0.978454 -0.04839575 1.163 1.16385 0.11299 1.31589 1.17065 0.02193379 1.14923 1.02631 0.1691769 1.55717 1.59975 -0.821816 0.485652 2.28513 0.195672 1.15338 1.99156 0.698825 1.09982 1.78653 0.874561 0.985757 1.63382 0.867424 1.18827 1.99979 0.976888 0.837298 1.82945 1.32948 0.664305 1.82761 1.07378 0.729309 1.80073 0.708125 0.984205 1.97392 1.0453 0.672994 1.12921 1.03235 1.10743 1.21923 0.538688 1.07638 1.13098 0.29672 1.27216 1.4323 0.580649 1.1324 1.64539 0.2222329 1.17602 1.23083 0.511248 1.10741 0.830302 0.668581 0.925003 0.841652 0.842768 0.936508 1.31882 0.931876 0.936276 0.842131 1.06881 0.623345 0.702469 1.0152 0.80466 0.741849 1.14467 0.773085 0.873173 0.710769 0.909289 0.611158 0.89556 0.874869 0.487531 1.0332 0.737528 0.453515 1.2767 0.492163 0.458411 1.1229 0.495882 0.121791 1.3401 0.267978 0.710315 1.18523 0.435727 0.954802 0.822134 0.672394 0.1327019 1.44067 0.133406 1.47149 1.16999 0.495531 1.28988 1.53838 0.361673 1.32257 1.35242 0.2343699 1.21037 0.607334 0.998067 0.496921 0.554477 1.14647 0.467767 0.511699 1.20124 0.750021 0.348533 1.22152 0.616904 0.367807 1.19449 0.450025 0.125786 1.22113 0.605454 -0.125009 1.22382 0.649951 -0.326243 1.16873 0.676682 -0.459429 1.28172 0.620621 -0.664455 1.02572 0.34723 -0.423785 1.13229 0.393193 -0.637909 0.91902 0.06532227 -0.632322 0.688428 -0.225037 -0.449782 0.727531 -0.849668 -0.830546 0.356353 -0.293355 -0.557206 0.579246 -1.14149 -0.214649 0.896032 -0.223868 -0.352405 0.961219 0.129244 -0.218519 0.92814 0.204068 -0.288916 1.13459 0.437098 -0.136212 1.24127 0.392201 -0.08801227 1.05423 0.161884 0.08316856 1.18992 0.445889 0.03983527 1.06456 0.146327 0.287186 1.33914 0.672416 0.27949 1.31148 0.527828 -0.005990505 0.972595 0.146853 -0.01992201 0.990994 0.442564 0.116662 0.991872 0.497685 -0.04637509 0.907893 -0.250205 0.439876 0.873881 0.08067655 -0.0979008 0.947756 0.151585 0.492257 1.13827 0.303175 0.453438 0.975141 0.180927 0.588594 0.982467 0.2411029 0.25641 0.959337 0.348115 0.53471 0.830705 0.09793555 0.617943 0.836113 0.587607 0.503385 0.89231 0.502912 0.474431 0.882924 0.254142 0.725247 0.743902 0.460739 0.771953 0.655698 0.117296 0.735792 0.638142 -0.231375 0.432257 0.727765 -1.09155 0.377193 0.831228 -1.39871 0.165426 0.889045 -1.39587 0.491302 0.716218 -1.59319 0.464544 0.934617 -1.75293 0.735137 0.515382 -1.24097 0.20059 0.801997 -1.09614 0.941973 0.392856 -0.121583 1.05136 0.04586786 -0.216818 -1.37565 0.1643379 1.53315 -1.31477 -0.313039 1.65433 -1.27214 0.202232 1.99215 -1.31203 -0.543356 1.11754 -1.25708 -0.609081 0.591645 -1.3985 -0.830615 1.23165 -0.776505 -1.1261 0.937586 -1.03833 -0.893125 0.629896 -0.730882 -1.16033 0.720981 -0.766599 -1.22974 0.910632 -0.629021 -1.19558 0.959736 -0.848478 -1.23193 1.47129 -0.622947 -1.1961 1.28703 -0.845379 -1.1089 1.21635 -1.08506 -0.844342 1.23458 -1.44176 -0.919667 2.01593 -1.16905 -0.807707 1.47889 -1.10588 -0.551986 2.00313 -0.805024 -0.851446 2.13925 -0.930148 -1.00594 1.47041 -0.414513 -1.34972 1.75614 0.137132 -1.55717 1.1221 0.235851 -1.32614 1.143 -0.290677 -1.35019 0.757698 -0.01113039 -1.36298 1.20101 -0.197293 -1.52452 2.22617 -0.03666335 -1.37224 1.76599 -0.391242 -0.950341 0.09167325 -0.801785 -0.620832 0.1608729 -0.417826 -0.91309 -0.240307 -1.03912 -0.620584 0.247539 -0.839356 -0.539756 -0.144304 -0.805286 -0.970341 0.355142 -1.17627 -0.280534 0.244436 -1.40615 -0.397483 0.584655 0.008820593 -1.01152 -0.252177 -0.1029379 -1.43549 0.667099 -0.01741182 -1.0401 0.06805986 0.33435 -1.29322 0.620105 -0.406809 -0.825437 -0.888577 -0.168985 -0.902898 -1.0632 -0.700247 -0.528102 -1.01143 -0.194813 -1.13869 -1.60875 -0.373637 -0.947182 -1.42623 -0.743524 -0.610262 -1.49924 -1.21834 -0.787835 1.26731 -1.63511 -0.335939 0.968798 -1.14136 0.226604 0.507617 -1.17275 -0.06578105 0.297265 -1.36848 -0.1785629 0.691862 -1.27757 0.12642 0.802427 -1.37249 0.1055 1.17825 -1.49426 0.137474 1.62318 -1.44941 -0.422078 0.89221 -1.42389 -0.2046 0.871253 -0.988773 -0.254175 -0.156215 -1.04558 0.06403917 0.01705378 -0.831596 -0.173453 -1.10298 -0.81871 -0.158656 -1.64975 -1.18535 0.05997747 -1.65354 -0.857126 0.05028486 -1.18492 -0.995454 -0.344393 -2.06693 -1.04654 -0.03525066 -2.3165 -0.99525 0.152243 -1.73513 -0.64077 0.607543 -1.52185 -0.740633 0.590362 -1.79813 -0.923424 0.432368 -1.9098 -0.264577 0.771225 -1.48097 -1.22596 -0.200616 2.03737 -0.878828 -0.181809 2.36714 -1.4214 -0.165718 1.32039 1.34358 -0.07584476 0.572255 1.53646 -0.02623367 0.722658 1.36326 0.141655 0.618376 1.45362 0.03850698 0.505448 1.31312 0.1389639 0.258474 1.24291 -0.294346 0.231224 1.17879 -0.622958 0.359937 0.920273 -1.08969 0.97973 1.03051 -0.944254 0.794922 0.916772 -1.09692 0.566826 0.818837 -1.03231 0.06632328 0.944229 -1.21878 0.582171 0.805571 -1.13873 0.542687 1.39054 -0.38735 1.1805 1.2916 -0.658405 0.686273 1.54886 -0.582389 1.39603 1.29496 -0.589542 1.08888 1.18619 -0.694777 1.58199 1.00287 -0.835517 1.21461 1.02526 -1.3855 1.43699 0.739223 -1.23271 1.5859 0.801823 -1.40602 2.16796 0.896892 -1.12941 1.63219 0.88562 -1.03149 1.95709 0.335882 -1.21468 2.18361 1.05262 -0.864947 1.86532 1.11382 -0.896141 2.20699 0.696459 -0.837016 -0.187745 0.290167 -0.885445 -1.21448 0.79762 -0.536082 -1.16269 0.739517 -0.715673 -1.77093 0.290248 -1.10462 -1.85129 0.989791 -0.315503 -0.321273 0.926138 -0.546078 0.111899 0.816343 -0.728355 0.106995 0.930758 -0.547733 -1.89992 0.950483 -0.254709 -1.87645 0.613044 -0.677176 -2.24727 0.882161 -0.406486 -2.2812 0.249287 -0.928966 -2.11465 0.664573 -0.767556 -2.4031 0.258133 -1.06453 -2.31238 -0.03555238 -0.953969 -2.03762 0.385502 -0.968797 -0.204508 0.54159 -1.22376 0.560671 0.688341 -1.22423 1.09514 1.00734 0.08798456 -1.71692 0.933909 0.451982 -2.13999 1.20733 0.08006906 -1.75602 0.681125 0.82981 -2.38532 0.573174 0.619002 -2.21635 0.191846 0.523849 -2.70762 0.893584 0.395901 -2.42406 0.203517 0.69408 -2.82768 -0.09436315 0.39989 -3.35459 -0.22373 0.548464 -3.10459 0.376504 0.568494 -2.98923 0.40557 0.2076269 -3.33457 -0.288221 0.217783 -3.365 -0.510112 0.373511 -3.13842 -0.44622 -0.03239387 -3.31387 -0.698672 0.160499 -3.02077 -0.713449 0.347149 -2.77067 -0.408185 -0.311405 -2.99059 -0.637275 -0.02041333 -2.78594 -0.923613 0.08958286 -2.61674 -0.92768 -0.432591 -2.39878 -0.682249 -0.349269 -2.45479 -0.375459 -0.538254 -3.09459 -0.15755 -0.272731 -3.60644 0.04219853 -0.110855 -3.82662 0.150833 -0.231508 -3.70899 -0.08517777 -0.01212686 -3.68497 0.08434188 -0.557858 -3.2692 0.440024 -0.470024 -3.2273 0.03814333 -0.802543 -2.70554 -0.1966159 -0.810502 -2.84576 0.09628617 -0.618549 -2.87456 0.17649 0.106869 -3.68274 0.320548 -0.06706047 -3.64168 0.51581 -0.252654 -3.18401 0.452157 -0.124593 -3.10127 0.501513 -0.5282 -2.89909 0.558414 0.02172791 -3.22559 0.751199 0.07949918 -2.99533 0.640807 -0.165195 -2.72072 0.439983 0.266662 -2.85736 -0.361718 0.628689 -2.82878 -0.519231 0.574638 -2.59093 -0.595889 0.706229 -2.39845 -0.15223 0.73302 -2.40384 -0.239915 0.953638 -2.29585 0.08751916 0.856829 -2.08341 -0.03563416 0.690149 -2.64006 0.417159 0.962903 -2.28274 0.372457 0.656963 -2.23333 -0.524279 0.561287 -2.254 -0.876227 0.377461 -2.36819 -0.813466 0.343294 -2.27503 -0.796405 0.31061 -2.62236 0.05286407 0.980764 -1.75161 0.123118 0.785258 -2.04242 -0.2062709 0.817934 -2.02206 -0.301445 0.971965 -1.87779 -0.108949 0.882777 -1.59059 0.238059 1.01438 -1.6587 0.354976 0.974946 -1.95595 -0.636843 0.658326 -2.11166 -0.317218 0.729472 -1.71832 -0.618432 0.527091 -2.01241 -0.830061 0.332907 -2.20115 0.651028 0.255837 -2.49484 0.80138 -0.018197 -2.46787 1.00593 -0.01322549 -2.43553 1.03971 -0.107632 -2.28076 1.10497 -0.11704 -1.89626 0.962883 -0.117871 -1.26501 0.908122 -0.264657 -2.69012 0.691833 -0.282378 -2.78146 0.546076 -0.613993 -2.80321 0.904953 -0.405563 -2.3132 0.92452 -0.160028 -2.23508 0.536448 0.752797 -2.08315 0.636948 0.629035 -1.78142 0.470229 0.805782 -2.0832 0.750617 0.428753 -1.98917 -0.05814623 0.812541 -1.04678 -0.747289 -0.516448 -1.95314 -0.530172 -0.939952 -1.80292 -0.346551 -1.07286 -1.97526 -0.240873 -0.809851 -2.17302 -0.386613 -1.0874 -2.29116 -0.755173 -0.83929 -2.4181 -0.221832 -0.625707 -2.66645 -0.54355 -0.736648 -2.21535 -0.871832 -0.573151 -2.076 -0.05586552 -0.950032 -2.37605 0.44967 -0.918311 2.30443 -0.494606 -1.04983 2.19325 0.188011 1.31884 1.59776 0.284709 1.38295 1.99162 1.10461 0.472912 1.9967 0.2362869 1.42422 1.34551 0.988436 -0.654044 2.14187 0.551276 -0.712862 2.48531 -0.791459 0.298452 -2.14134 -0.904046 0.04912179 -2.21077</float_array>
          <technique_common>
            <accessor source="#supermissileShape-mesh-positions-array" count="361" stride="3">
              <param name="X" type="float"/>
              <param name="Y" type="float"/>
              <param name="Z" type="float"/>
            </accessor>
          </technique_common>
        </source>
        <source id="supermissileShape-mesh-normals">
          <float_array id="supermissileShape-mesh-normals-array" count="1389">-0.7428315 0.2112491 0.6352757 0.3326821 -0.4606928 0.8228515 0.1791799 0.7720516 0.6097794 0.289264 0.4726558 0.8324199 0.4352323 0.8563038 0.2780591 0.9305234 0.3646855 -0.03362715 0.2615181 0.649477 0.7139943 0.6727973 0.1320568 0.7279456 0.4470371 0.8940436 0.02905374 0.02389657 0.8958926 0.4436278 -0.1366341 0.9862559 0.09290015 0.7868671 0.5021569 0.3587183 0.5718376 0.2931976 0.7661835 0.7768707 0.322956 0.5405287 0.5242876 -0.1271731 0.8419914 0.3220335 0.1929698 0.9268534 0.6290232 0.7358696 0.250651 0.6592173 0.7254136 -0.1980093 0.9893544 0.1286972 -0.06793457 0.7203778 0.6934292 0.01455765 0.6840676 -0.241502 0.6882793 0.1553136 0.1216506 0.9803463 -0.09552407 -0.168159 0.9811207 0.6501504 -0.1478655 0.7452787 0.6106527 -0.184212 0.7701749 0.9694614 -0.1216786 0.2129299 0.8434001 -0.4857447 0.229627 0.9797682 -0.1995671 0.01507663 -0.2911807 -0.3641514 0.8846511 0.9193413 -0.3801824 -0.1013555 0.994454 0.09805679 0.03802633 0.9451451 0.3151094 0.08606374 0.9396043 0.3342192 0.07376563 0.9004625 -0.2175698 -0.3766042 0.8539347 -0.5200822 -0.01760971 0.7856306 -0.6176823 0.03540247 0.864661 -0.482412 0.1401427 0.7799133 -0.4254655 0.4590364 0.7568485 -0.6505803 -0.06265616 0.8053259 -0.5898867 -0.05902528 0.7883388 -0.5982354 -0.1436533 0.9281739 -0.3650986 0.07208579 0.08017325 -0.996779 -0.001953184 0.1954116 -0.9678112 -0.158606 0.8568288 -0.4797936 -0.1887922 0.8762398 -0.3348273 -0.3465467 0.7055428 -0.5686032 -0.4229655 0.88946 -0.2899046 -0.3532936 0.9307758 0.1495442 -0.3336058 0.555089 -0.6358742 -0.536228 0.6602838 -0.7012711 -0.2687829 0.7289915 -0.5149574 -0.4509883 0.9389853 0.1225957 -0.3213675 0.9182813 -0.3545678 -0.1761852 0.6865736 0.5391934 -0.487737 0.8878107 0.4455229 -0.115333 0.7909967 0.6091328 -0.05728453 0.9370449 0.3276284 0.1208578 0.6790154 0.6911314 -0.2475389 0.7635675 0.5176718 -0.3859801 0.1492389 0.9164918 -0.3711746 0.2015197 0.9214726 -0.3320817 0.6295151 0.7769829 -0.002899289 0.6711841 0.7303003 -0.1271746 -0.01174992 0.9095361 -0.4154592 0.1341 0.9830441 -0.1250664 0.3497852 0.8055649 -0.4782422 0.2690055 0.9533952 0.1366523 0.4704461 0.7036049 -0.5325605 0.525149 0.7856329 -0.327108 0.9039692 0.4254332 0.04297053 0.5349712 0.8349445 0.1291267 0.3807288 0.9222945 -0.06647109 0.4626098 0.8792271 -0.113806 0.5333221 0.8245968 0.1886999 0.4634935 0.7453984 -0.4791193 0.3784689 0.4401178 -0.8142835 0.9703081 0.01556444 -0.2413715 -0.1654441 0.9744758 0.1517411 0.1236934 0.9860379 -0.1114858 0.3604639 0.8686414 0.3398939 -0.4736957 0.573862 0.668053 0.3779758 0.7936729 0.4766737 0.8997003 0.01919645 -0.4360861 0.6969332 0.7091408 -0.1067861 0.9000403 0.03848463 -0.4341044 -0.04518115 -0.4455513 0.8941156 0.1376717 0.8558173 -0.4986215 -0.05795669 0.8319033 -0.551886 0.1735622 0.6806987 0.7117061 0.4736009 0.636941 -0.6082832 -0.09643912 0.9953374 0.001709043 0.01733499 0.9945648 -0.1026671 -0.09647005 0.9953112 -0.007019281 -0.2184574 0.9307484 -0.2932298 -0.1463705 0.8859751 -0.4400271 -0.1365745 0.9852283 0.1033083 0.04617494 0.5717093 -0.819156 0.8089503 0.3862245 -0.4432044 0.8247232 0.3993756 -0.4004133 -0.2519083 0.8598882 -0.4439983 0.1455761 0.7996308 -0.582579 0.9950585 0.01138341 0.09863603 0.6213095 0.7579744 -0.1986188 -0.1330333 0.6606191 -0.7388399 0.2326512 0.9063116 -0.3528072 -0.005401849 0.9882034 -0.1530525 -0.4972292 0.6312419 -0.5952285 0.891305 0.4421886 -0.1002241 -0.1063594 0.8707435 -0.4800976 -0.9850612 0.1047093 -0.136713 -0.6638809 0.5791905 -0.4730758 0.2515428 -0.9437585 -0.2145835 0.2325554 -0.9489606 -0.2130537 -0.3002271 -0.8206546 -0.4861992 0.1827506 -0.4385954 0.879907 0.3018991 -0.7765084 0.5530749 -0.7623621 -0.420627 0.4918099 0.457733 0.02395302 0.888767 -0.3824076 0.5487991 0.74336 -0.2984425 0.8367926 0.4590319 -0.724406 -0.4437677 0.5275475 -0.07333755 0.1669398 0.9832359 -0.1567179 0.4049335 0.9008154 -0.5525775 0.2082923 0.8070146 0.4273858 -0.902062 -0.06021368 0.8558545 -0.01791483 0.5169064 0.3405105 0.924214 0.172862 0.007338345 0.06206285 0.9980453 -0.6305913 0.06990355 0.7729607 0.6534091 0.6073446 0.451873 0.1803695 -0.2574615 0.9493053 -0.5111741 -0.8034487 0.3052395 -0.164161 0.1839678 0.9691269 -0.1348332 0.2812333 0.9501199 -0.3578383 -0.2525774 0.8989753 -0.5154407 0.2251104 0.8268291 0.1814973 -0.1654137 0.9693797 -0.3904641 -0.707346 0.5892363 0.01590025 -0.7321147 0.6809958 -0.5676335 -0.6094758 0.5534723 -0.7897256 -0.06277883 0.6102397 -0.8744001 -0.3474589 0.3386694 -0.9419821 -0.2369833 0.2377158 -0.8570434 -0.504881 -0.1028196 -0.9636211 0.2385095 0.1206129 -0.8858615 0.384089 0.2602405 -0.9863288 -0.1220474 0.1107247 -0.9635967 -0.1998057 0.1776492 -0.5896004 -0.7172622 0.3713576 -0.5595483 -0.8287016 -0.01263511 -0.5646703 -0.8191108 0.1010193 -0.7342866 -0.6470023 0.2054538 -0.7735178 -0.5141932 -0.3705072 -0.8589322 0.510342 0.04226905 -0.4681345 0.2291079 0.8534399 -0.9562813 0.2596859 -0.1344971 -0.8684827 -0.2083235 -0.4498213 -0.8683555 -0.1145375 -0.482535 -0.6508485 -0.5435131 -0.5300847 -0.6502724 -0.7149425 -0.2569105 -0.9023386 0.2311239 -0.3638226 -0.8536149 0.4007748 -0.3327481 -0.9383459 0.1808267 -0.2946332 -0.9265326 -0.2409186 -0.2889559 -0.7294477 -0.6435657 -0.2317959 -0.4158239 -0.7692056 -0.485194 -0.4660893 -0.7045359 -0.5351542 -0.09057468 -0.9652128 -0.2452762 -0.5120796 -0.8041472 -0.3018642 -0.7123221 -0.6948955 0.09857755 -0.6198728 -0.7708202 -0.1469493 -0.9789877 -0.04165726 -0.1996191 -0.2496777 -0.908374 0.3354367 -0.2646704 -0.2663404 0.9268293 -0.4024582 -0.8516719 -0.3356819 -0.4248924 -0.8983107 -0.1118234 -0.6949544 -0.6525936 0.3019272 -0.1712104 -0.9222779 -0.3465409 -0.1017496 -0.9385136 -0.329908 -0.1950792 -0.9446935 0.2636255 -0.01249915 -0.8040797 0.5943902 -0.3198381 -0.9471846 0.02334696 0.4399395 -0.8746297 0.203657 0.1412442 -0.9877632 -0.0661357 -0.5489866 -0.8357794 0.009308457 0.1031846 -0.9899132 0.09708082 0.2666173 -0.9232419 -0.2766582 -0.8545925 0.4030336 -0.3274686 -0.8372607 0.5006961 -0.2197679 -0.9232356 0.1937052 -0.331835 -0.8565251 0.3937909 -0.3336068 -0.880921 0.339074 -0.3301622 -0.6729493 0.6521046 -0.3491401 -0.8188675 0.3944334 -0.4169873 -0.7554189 0.6064837 -0.248032 -0.8024085 0.5839832 -0.1229004 -0.925413 0.2694569 -0.2664659 -0.8649815 0.450955 -0.2201061 -0.9642072 -0.2611789 -0.04571694 -0.7047157 0.703617 -0.09109938 -0.508721 0.8607576 -0.01730424 -0.6047298 0.7962658 0.01620543 -0.3335787 0.8362051 -0.4353003 -0.3706619 0.8660883 -0.3354116 -0.1783862 0.9624922 -0.2044193 0.1135304 0.9481012 -0.2970103 -0.08618682 0.8379414 -0.5389121 -0.1647097 0.9321953 0.3223085 -0.2945426 0.123014 0.9476879 -0.291059 0.9526787 -0.08768087 0.648708 0.7610017 -0.007372438 -0.8570195 0.4345984 0.2768428 -0.3301568 0.9307368 -0.1572442 -0.8305305 0.3971824 0.3904681 -0.6614997 0.7461595 -0.07525986 -0.9199126 0.3893041 0.04693865 -0.6411524 0.5885967 0.4924201 -0.5850813 0.8096712 0.04596173 -0.1703247 0.8286125 0.5332833 -0.4242749 0.1804587 0.88737 -0.139657 -0.3797537 0.9144852 0.3058553 0.3278276 0.8938578 -0.9260578 0.1860978 0.3283057 0.8156502 -0.4975672 0.2951977 0.2099797 0.7390879 0.6400451 0.3731177 0.09896647 0.9224905 -0.5927658 0.02044755 0.8051153 -0.2985695 -0.8820038 0.3645898 -0.1086286 0.9887974 -0.102369 0.2165998 0.1962868 0.9563243 -0.9330049 0.1875158 -0.3071479 -0.6150922 0.5685803 0.54624 -0.8249936 0.2225762 0.5194665 0.2787512 0.8097854 0.5162805 -0.6683029 0.698242 -0.2565724 -0.4212324 0.7235907 0.5467904 -0.6880531 0.4067742 -0.6009308 0.6785335 0.2978938 0.6714548 -0.9129788 -0.3618986 0.1884119 0.8208624 0.3959037 0.4116373 -0.3245339 0.855394 -0.4037062 -0.6551989 0.3849522 0.6500203 -0.5053718 0.7119395 -0.4875875 0.5943398 0.2329146 0.7697474 0.09372562 0.8598892 0.5018029 -0.04632753 0.920539 0.3878941 -0.3158392 0.798647 0.5122584 -0.8646509 -0.07247996 0.4971172 0.04309278 0.6987327 -0.7140838 -0.04254335 0.8018538 0.5960038 0.02737569 0.71363 0.6999879 -0.08703333 0.8731704 -0.4795818 0.6012309 0.6704792 -0.4347174 0.7228034 0.6803825 -0.1209759 0.8420918 0.0620734 0.5357504 0.6401452 -0.2484653 0.7269658 0.2884991 0.7460141 0.6001928 0.2930383 -0.3419443 0.8928622 0.6638972 -0.7468826 0.0375086 0.0725094 0.611148 0.7881881 0.2652314 0.8946689 -0.3594717 0.5632889 -0.1515162 0.812249 0.9516013 0.08930188 -0.2940753 0.4989222 0.785891 0.3653107 -0.5964907 0.7775597 0.1989974 0.4635322 0.1985302 0.8635531 -0.7087776 -0.3434007 0.6162064 0.94845 -0.2139638 -0.2337993 0.1095218 0.5098012 0.8532923 0.3493594 0.9250325 -0.1492081 0.9401007 0.3177006 0.123601 -0.5088458 0.8451668 -0.1636131 -0.1840288 0.9828906 -0.007721245 -0.6831437 0.730235 0.008453786 -0.9876019 0.1480182 0.05227941 -0.4768349 0.8760895 0.07138484 -0.6230138 0.763523 0.16996 -0.7075608 0.706218 0.0247817 -0.7987511 -0.5400695 0.2651822 -0.9692707 -0.2320023 -0.08178979 -0.6147927 0.750301 0.2430604 -0.5592957 0.8263697 -0.06558585 -0.8500803 0.4568316 -0.2620465 -0.8825263 -0.06419813 -0.4658605 -0.8416273 0.5052755 -0.1906838 -0.7231217 0.6842402 0.09439581 -0.9174839 0.3786761 0.1217696 -0.835443 -0.549566 -0.0035097 -0.88509 -0.4598037 0.07208657 -0.7641658 -0.5740323 0.2941728 -0.731577 -0.681678 -0.01049858 -0.572364 -0.7776082 0.2602404 -0.5199511 -0.854164 -0.007416069 -0.4634017 -0.8799872 -0.1043142 -0.1198778 -0.9845666 0.1275075 -0.05331718 -0.9934641 -0.1009273 -0.170572 -0.9770123 0.1278756 -0.2431502 -0.8799432 -0.4081396 -0.5398648 -0.7575627 0.3669397 -0.03598183 -0.9764843 -0.2125645 0.3397068 -0.9206053 -0.1925748 0.3624136 -0.9258866 0.106725 0.6243265 -0.7811635 -1.22076e-4 0.7934955 -0.6085196 0.008301138 0.4332173 -0.900738 0.03152608 -0.4809505 -0.8573731 0.1832977 0.6425185 -0.7446659 0.180673 0.8688367 -0.4857965 -0.09552347 0.9967268 -0.03466981 0.07303243 0.4996333 0.7690891 0.3985835 0.7785668 0.6273763 -0.01525938 0.9148165 -0.399681 -0.05801719 0.8677533 -0.4564151 0.1966964 0.7628106 -0.5493249 -0.3411192 0.8154315 0.5783005 0.02530002 0.4685307 0.8834391 0.003814876 0.7637693 0.6043379 0.2267869 0.6524388 0.7252576 0.2198296 0.184243 0.9789264 0.08807772 0.5576174 0.786817 0.2645409 0.6805482 0.7232751 0.1171633 0.07260423 0.9780972 0.1950762 0.03689759 0.9528684 0.3011323 -0.3942836 0.8734424 0.2857252 0.1767681 0.860951 -0.476987 -0.1767973 0.978596 -0.1053215 0.6640721 0.6289138 -0.4043213 0.3380944 0.7120797 -0.615333 0.3185566 0.8562392 0.4066648 0.4866061 0.768425 0.4156173 0.1787219 0.9751575 -0.1308674 -0.1593726 0.9544656 -0.2521823 -0.406399 0.9103386 -0.07825225 -0.7137883 0.6858326 -0.1419153 -0.6243554 0.7751187 0.09680587 -0.8893253 0.4200032 0.1808254 -0.6007441 0.7991223 -0.02258932 -0.9507389 0.253893 -0.1778595 -0.7355017 0.6670787 0.1185042 -0.2717971 0.4248329 0.8635064 -0.9624929 0.237964 -0.1303095 0.1860852 -0.9595967 0.2110608 -0.702375 -0.4604166 0.5428498 -0.2055476 -0.7149761 0.668251 0.5963466 0.21852 0.7724117 0.06312763 -0.9749263 0.2133864 -0.8673217 -0.3117219 0.38805 -0.2083567 0.2234847 0.9521775 -0.7223498 0.6518338 -0.2309188 0.2183632 -0.8666471 0.4485983 0.9049916 -0.3998471 0.145302 0.2515736 -0.1932883 0.9483409 -0.1251897 -0.8048829 0.5800784 -0.8369813 -0.5105705 0.1969269 -0.7929476 -0.04318451 0.6077576 -0.5426955 0.8386746 -0.0459004 0.397413 0.04170173 0.9166919 -0.9354389 0.178048 0.3053734 -0.9701807 0.1654151 -0.177165 -0.8637992 -0.4720482 0.1761292 -0.8177924 0.5640253 0.1144164 -0.7664632 0.5583822 -0.3174014 -0.8216384 0.04861706 -0.5679321 -0.7344096 -0.3369299 -0.5891696 -0.6441394 -0.6257973 0.4398435 -0.4359315 -0.3381186 -0.8340502 -0.6487429 -0.6838703 -0.3338476 -0.7961274 -0.3966903 -0.456966 -0.6570201 -0.6765219 -0.3326302 -0.2683539 -0.9572603 0.1078848 -0.09662359 -0.9142926 -0.3933613 0.3760357 -0.9260052 -0.03334277 -0.4981947 0.7834573 -0.3714792 -0.7405478 0.5877993 0.3257007 -0.5902179 0.8066017 -0.03219813 -0.00476104 0.8637969 -0.5038179 -0.1460345 0.9517119 -0.2700342 -0.02519303 0.8944615 0.4464348 0.5657925 0.5328734 -0.6292256 0.2013943 0.8647228 0.460103 -0.003631711 0.9632295 -0.2686557 0.1047697 0.5329777 0.8396179 0.5006089 0.06625199 0.8631346 0.6592186 0.5928251 0.4625899 0.2319147 0.9485034 0.2157701 0.7255284 0.6788954 -0.1127372 0.6094593 0.7695606 -0.19062 -0.05179297 0.1665927 0.9846646 0.559078 0.4169509 -0.7166477 0.7273638 0.6598248 0.1886085 0.6724272 0.2812029 -0.6846654 0.6238205 -0.2705867 -0.7332332 0.9096027 0.284411 0.3028753 0.7683282 0.07965582 -0.6350801 0.807334 -0.5857315 -0.0716294 0.7449777 -0.5711393 -0.3446857 0.5942485 -0.492336 0.6359828 0.661869 -0.2625868 0.7021237 0.8940336 -0.03552448 -0.4465895 -0.592154 -0.1155311 0.7975001 -0.4442431 -0.8716418 -0.2070965 0.4988114 -0.7007897 0.5099815 -0.2362732 0.06881529 0.9692469 0.9357785 -0.02581918 0.3516418 0.4905886 -0.7805615 -0.3873584 0.0861299 0.7693767 0.6329622 0.7693798 -0.07631552 -0.6342165 0.1864789 -0.8048177 -0.5634661 0.9094044 0.4118962 0.05766367 -0.4578537 -0.8884472 0.0321182 0.126806 -0.5603293 0.8185056 0.642066 0.262 0.7204911 0.4329748 -0.7576678 0.4883365 -0.3764712 -0.8981996 -0.2269518 0.981477 -0.1713474 0.0856927 0.5825571 -0.7597267 -0.2888644 0.4713079 -0.3774919 0.7971003 0.7943914 0.5030066 0.3404801 -0.6832653 -0.1623847 0.7118846 0.6574227 -0.7534984 -0.005981802 0.9306302 -0.3223161 0.1733201 0.8308717 0.1294908 -0.5411881 0.4551686 -0.6513788 -0.6070644 -0.0254532 -0.8735587 -0.486053 0.2508388 -0.966976 -0.04513812 0.8981975 0.06666535 -0.4345076 0.9459677 0.3010422 0.1204934 0.1788441 -0.8361115 -0.5185869 -0.3617517 -0.6741687 0.6439195 -0.3628064 -0.9151341 -0.1757878 0.5576428 -0.6467887 -0.5202875 0.644023 0.1736255 -0.7450426 0.8130312 0.09906524 -0.5737303 -0.2413169 0.8389785 -0.4877306 0.4263784 0.8964597 0.1206713 0.7095478 0.691114 -0.1374903 -0.3751998 0.8750389 -0.3058302 -0.7893772 0.5023449 -0.3528926 -0.5839869 0.5898466 -0.5577098 -0.5516092 0.4398163 -0.7087236 -0.1485065 0.7429599 -0.6526535 -0.528339 -0.07435679 -0.8457713 -0.9738648 -0.2058153 0.09606027 -0.9281371 -0.0668056 -0.3661948 -0.8161919 -0.09433323 -0.5700281 -0.5634472 0.3445018 -0.7508967 0.2685974 0.5975614 -0.755497 0.676578 0.5722027 -0.4634936 0.7165963 0.6832386 -0.1402673 0.8635407 0.1737152 -0.4734138 0.8973214 -0.06833213 -0.4360563 0.7478373 0.001800596 -0.6638796 -0.1054123 -0.05340802 -0.9929934 -0.5200518 -0.4978031 -0.6940737 -0.741217 -0.6384593 -0.2072856 -0.9098394 -0.3894254 -0.1433183 0.04211682 -0.9198866 -0.3899164 0.3108107 -0.6116416 -0.7275242 0.6399923 -0.6620273 -0.3900382 0.9373464 0.1026372 -0.3329375 0.9289574 -0.09845316 -0.3568546 0.8764556 0.4814479 0.005790352</float_array>
          <technique_common>
            <accessor source="#supermissileShape-mesh-normals-array" count="463" stride="3">
              <param name="X" type="float"/>
              <param name="Y" type="float"/>
              <param name="Z" type="float"/>
            </accessor>
          </technique_common>
        </source>
        <source id="supermissileShape-mesh-map-0">
          <float_array id="supermissileShape-mesh-map-0-array" count="4308">0.009994506 0.2543945 0.02568054 0.2060546 0.07122802 0.2426757 0.009994506 0.1572265 0.0546875 0.1552734 0.02568054 0.2060546 0.07122802 0.2426757 0.02568054 0.2060546 0.08221435 0.2124023 0.0546875 0.1552734 0.08221435 0.2124023 0.02568054 0.2060546 0.7719727 0.7843018 0.7734375 0.7723389 0.7958984 0.8059082 0.7719727 0.7843018 0.7055664 0.7961426 0.7734375 0.7723389 0.7734375 0.7723389 0.8032227 0.7382813 0.8232422 0.7926025 0.7871094 0.7507324 0.8032227 0.7382813 0.7734375 0.7723389 0.7958984 0.8059082 0.7734375 0.7723389 0.8232422 0.7926025 0.7055664 0.7961426 0.7504883 0.7473145 0.7734375 0.7723389 0.7055664 0.7961426 0.6694336 0.7608643 0.7075195 0.7558594 0.7055664 0.7961426 0.7075195 0.7558594 0.7504883 0.7473145 0.7055664 0.7961426 0.6782227 0.8637695 0.6694336 0.7608643 0.7084961 0.841919 0.6782227 0.8637695 0.7055664 0.7961426 0.7504883 0.7473145 0.7075195 0.7558594 0.7363281 0.7412109 0.7504883 0.7473145 0.7363281 0.7412109 0.7719727 0.7292481 0.7075195 0.7558594 0.6738281 0.6994629 0.7182617 0.6938477 0.6694336 0.7608643 0.6738281 0.6994629 0.7075195 0.7558594 0.6782227 0.8637695 0.6235352 0.7711182 0.6694336 0.7608643 0.6445313 0.8692627 0.6235352 0.7711182 0.6782227 0.8637695 0.6494141 0.8980103 0.6445313 0.8692627 0.6782227 0.8637695 0.6445313 0.8692627 0.6030274 0.8084717 0.6235352 0.7711182 0.6235352 0.7711182 0.6030274 0.8084717 0.5878906 0.7799072 0.6235352 0.7711182 0.5878906 0.7799072 0.5849609 0.7532959 0.6235352 0.7711182 0.5849609 0.7532959 0.5878906 0.7177734 0.6235352 0.7711182 0.5878906 0.7177734 0.6425781 0.7009277 0.6445313 0.8692627 0.6494141 0.8980103 0.612793 0.8795776 0.6586914 0.6191406 0.6425781 0.7009277 0.6201172 0.6787109 0.6201172 0.6787109 0.6425781 0.7009277 0.5878906 0.7177734 0.6816406 0.6245117 0.6943359 0.6342774 0.6425781 0.7009277 0.6586914 0.6191406 0.6816406 0.6245117 0.6425781 0.7009277 0.6577149 0.7158203 0.6425781 0.7009277 0.6831055 0.6843262 0.6943359 0.6342774 0.6831055 0.6843262 0.6425781 0.7009277 0.5644531 0.7460938 0.5878906 0.7177734 0.5849609 0.7532959 0.5654297 0.6779785 0.5878906 0.7177734 0.5644531 0.7460938 0.5654297 0.6779785 0.5644531 0.7460938 0.5332031 0.7207031 0.5332031 0.7207031 0.5644531 0.7460938 0.5400391 0.7553711 0.5405274 0.6508789 0.5654297 0.6779785 0.5332031 0.7207031 0.5605469 0.6328125 0.6010742 0.6667481 0.5654297 0.6779785 0.5605469 0.6328125 0.5654297 0.6779785 0.5405274 0.6508789 0.5424805 0.6074219 0.5405274 0.6508789 0.5302734 0.6044922 0.5605469 0.6328125 0.5405274 0.6508789 0.5424805 0.6074219 0.5405274 0.6508789 0.5117188 0.6608887 0.5302734 0.6044922 0.6000977 0.6276856 0.6010742 0.6667481 0.5605469 0.6328125 0.5776367 0.5546875 0.6000977 0.6276856 0.5605469 0.6328125 0.5605469 0.6328125 0.5424805 0.6074219 0.5776367 0.5546875 0.6000977 0.6276856 0.6201172 0.6787109 0.6010742 0.6667481 0.6586914 0.6191406 0.6201172 0.6787109 0.6000977 0.6276856 0.6586914 0.6191406 0.6040039 0.5932617 0.6381836 0.5822754 0.6040039 0.5932617 0.6586914 0.6191406 0.6000977 0.6276856 0.6831055 0.5895996 0.6586914 0.6191406 0.6381836 0.5822754 0.6000977 0.6276856 0.5776367 0.5546875 0.6040039 0.5932617 0.5424805 0.6074219 0.5458984 0.5529785 0.5776367 0.5546875 0.5458984 0.5529785 0.5649414 0.5224609 0.5776367 0.5546875 0.5776367 0.5546875 0.6015625 0.5561524 0.6040039 0.5932617 0.6381836 0.5822754 0.6040039 0.5932617 0.6015625 0.5561524 0.6777344 0.5336914 0.6381836 0.5822754 0.6391602 0.5192871 0.6831055 0.5895996 0.6381836 0.5822754 0.6777344 0.5336914 0.6391602 0.5192871 0.6381836 0.5822754 0.6015625 0.5561524 0.7236328 0.5732422 0.6816406 0.6245117 0.6831055 0.5895996 0.6831055 0.5895996 0.6777344 0.5336914 0.7236328 0.5732422 0.6943359 0.6342774 0.6816406 0.6245117 0.71875 0.6086426 0.6816406 0.6245117 0.7236328 0.5732422 0.71875 0.6086426 0.6831055 0.6843262 0.6943359 0.6342774 0.7192383 0.6589356 0.7441406 0.6315918 0.6943359 0.6342774 0.71875 0.6086426 0.7192383 0.6589356 0.6943359 0.6342774 0.7441406 0.6315918 0.71875 0.6086426 0.7236328 0.5732422 0.7543945 0.6049805 0.7543945 0.6049805 0.7441406 0.6315918 0.71875 0.6086426 0.7236328 0.5732422 0.6777344 0.5336914 0.71875 0.5432129 0.71875 0.5432129 0.7583008 0.5649414 0.7236328 0.5732422 0.7543945 0.6049805 0.7236328 0.5732422 0.7583008 0.5649414 0.7583008 0.5649414 0.7744141 0.607666 0.7543945 0.6049805 0.7543945 0.6049805 0.7744141 0.607666 0.7646484 0.6340332 0.71875 0.5432129 0.7470703 0.5268555 0.7583008 0.5649414 0.7583008 0.5649414 0.7861328 0.5915527 0.7744141 0.607666 0.7617188 0.560791 0.7861328 0.5915527 0.7583008 0.5649414 0.7617188 0.560791 0.7583008 0.5649414 0.7470703 0.5268555 0.7861328 0.5915527 0.7983399 0.6149902 0.7744141 0.607666 0.7983399 0.6149902 0.7646484 0.6340332 0.7744141 0.607666 0.7788086 0.6442871 0.7646484 0.6340332 0.7983399 0.6149902 0.7788086 0.6442871 0.7475586 0.6740723 0.7646484 0.6340332 0.7441406 0.6315918 0.7646484 0.6340332 0.7475586 0.6740723 0.7441406 0.6315918 0.7475586 0.6740723 0.7192383 0.6589356 0.7475586 0.6740723 0.7211914 0.6870117 0.7192383 0.6589356 0.7475586 0.6740723 0.7773438 0.6958008 0.7211914 0.6870117 0.7211914 0.6870117 0.7773438 0.6958008 0.7719727 0.7292481 0.7719727 0.7292481 0.7363281 0.7412109 0.7211914 0.6870117 0.7998047 0.6416016 0.8100586 0.677002 0.7773438 0.6958008 0.8100586 0.677002 0.8032227 0.7382813 0.7773438 0.6958008 0.7773438 0.6958008 0.8032227 0.7382813 0.7719727 0.7292481 0.7719727 0.7292481 0.8032227 0.7382813 0.7871094 0.7507324 0.7998047 0.6416016 0.8217774 0.6469727 0.8100586 0.677002 0.8100586 0.677002 0.8217774 0.6469727 0.8286133 0.7016602 0.7788086 0.6442871 0.7983399 0.6149902 0.7998047 0.6416016 0.7998047 0.6416016 0.7983399 0.6149902 0.8217774 0.6469727 0.800293 0.6030274 0.7983399 0.6149902 0.7861328 0.5915527 0.7983399 0.6149902 0.800293 0.6030274 0.8188477 0.6081543 0.8217774 0.6469727 0.7983399 0.6149902 0.8188477 0.6081543 0.8217774 0.6469727 0.8769531 0.6523438 0.8510742 0.690918 0.8525391 0.6379395 0.8769531 0.6523438 0.8217774 0.6469727 0.8217774 0.6469727 0.8310547 0.6403809 0.8525391 0.6379395 0.8188477 0.6081543 0.8310547 0.6403809 0.8217774 0.6469727 0.8286133 0.7016602 0.8217774 0.6469727 0.8510742 0.690918 0.8188477 0.6081543 0.8388672 0.5869141 0.8364258 0.614502 0.8188477 0.6081543 0.8110352 0.59375 0.8388672 0.5869141 0.8188477 0.6081543 0.800293 0.6030274 0.8110352 0.59375 0.8364258 0.614502 0.8310547 0.6403809 0.8188477 0.6081543 0.8310547 0.6403809 0.8364258 0.614502 0.8525391 0.6379395 0.8525391 0.6379395 0.8623047 0.6433106 0.8769531 0.6523438 0.8681641 0.6335449 0.8525391 0.6379395 0.8583984 0.6203613 0.8623047 0.6433106 0.8525391 0.6379395 0.8681641 0.6335449 0.8525391 0.6379395 0.8364258 0.614502 0.8583984 0.6203613 0.8769531 0.6523438 0.894043 0.640625 0.8886719 0.6743164 0.8769531 0.6523438 0.8681641 0.6335449 0.894043 0.640625 0.8623047 0.6433106 0.8681641 0.6335449 0.8769531 0.6523438 0.8769531 0.6523438 0.8886719 0.6743164 0.8510742 0.690918 0.8510742 0.690918 0.8886719 0.6743164 0.8691406 0.704834 0.84375 0.7053223 0.8510742 0.690918 0.8691406 0.704834 0.8886719 0.6743164 0.894043 0.640625 0.9086914 0.6601563 0.9155274 0.6789551 0.8886719 0.6743164 0.9086914 0.6601563 0.8989258 0.6948242 0.8886719 0.6743164 0.9155274 0.6789551 0.8886719 0.6743164 0.8989258 0.6948242 0.8691406 0.704834 0.8930664 0.6157227 0.894043 0.640625 0.8681641 0.6335449 0.9057617 0.6193848 0.894043 0.640625 0.8930664 0.6157227 0.9057617 0.6193848 0.9306641 0.637207 0.894043 0.640625 0.894043 0.640625 0.9306641 0.637207 0.9086914 0.6601563 0.8583984 0.6203613 0.8930664 0.6157227 0.8681641 0.6335449 0.8779297 0.5979004 0.8930664 0.6157227 0.8583984 0.6203613 0.8583984 0.6203613 0.8486328 0.6030274 0.8779297 0.5979004 0.8364258 0.614502 0.8486328 0.6030274 0.8583984 0.6203613 0.8486328 0.6030274 0.8364258 0.614502 0.8388672 0.5869141 0.8388672 0.5869141 0.8110352 0.59375 0.8295899 0.574707 0.8388672 0.5869141 0.8295899 0.574707 0.8457031 0.565918 0.8388672 0.5869141 0.8457031 0.565918 0.8544922 0.583252 0.8544922 0.583252 0.8486328 0.6030274 0.8388672 0.5869141 0.8544922 0.583252 0.8779297 0.5979004 0.8486328 0.6030274 0.8779297 0.5979004 0.8544922 0.583252 0.8564453 0.5688477 0.8544922 0.583252 0.8457031 0.565918 0.8564453 0.5688477 0.9755859 0.628418 0.9350586 0.6489258 0.9306641 0.637207 0.9755859 0.628418 0.9306641 0.637207 0.934082 0.6271973 0.934082 0.6271973 0.9306641 0.637207 0.9057617 0.6193848 0.9086914 0.6601563 0.9306641 0.637207 0.9350586 0.6489258 0.9155274 0.6789551 0.9086914 0.6601563 0.9350586 0.6489258 0.9155274 0.6789551 0.9350586 0.6489258 0.9423828 0.6672363 0.9755859 0.628418 0.9448242 0.654541 0.9350586 0.6489258 0.9423828 0.6672363 0.9350586 0.6489258 0.9448242 0.654541 0.5302734 0.6044922 0.5117188 0.6608887 0.5014649 0.6042481 0.5302734 0.6044922 0.5014649 0.6042481 0.5385742 0.5544434 0.4948731 0.5192871 0.5297852 0.5200195 0.5014649 0.6042481 0.5297852 0.5200195 0.5385742 0.5544434 0.5014649 0.6042481 0.5878906 0.7799072 0.6030274 0.8084717 0.5507813 0.8331299 0.5507813 0.8331299 0.5439453 0.7744141 0.5878906 0.7799072 0.5507813 0.8331299 0.6030274 0.8084717 0.5805664 0.8394775 0.2839356 0.9447937 0.2502442 0.9660645 0.2370605 0.9199219 0.2839356 0.9447937 0.324707 0.9900055 0.2502442 0.9660645 0.1759033 0.9900055 0.177246 0.9598389 0.2502442 0.9660645 0.2370605 0.9199219 0.2502442 0.9660645 0.177246 0.9598389 0.05603027 0.9244995 0.09649658 0.980011 0.02326965 0.980011 0.02326965 0.980011 0.009994506 0.9080811 0.05603027 0.9244995 0.894043 0.9393311 0.8305664 0.8961792 0.8979492 0.866333 0.8305664 0.8961792 0.894043 0.9393311 0.8305664 0.9325562 0.894043 0.9393311 0.8310547 0.9760132 0.8305664 0.9325562 0.4804688 0.512207 0.4689942 0.5915527 0.4211426 0.5253906 0.4348145 0.5947266 0.4211426 0.5253906 0.4689942 0.5915527 0.3776856 0.5539551 0.4211426 0.5253906 0.4348145 0.5947266 0.3776856 0.5539551 0.3618164 0.512207 0.4211426 0.5253906 0.4562988 0.644043 0.4897461 0.644043 0.4873047 0.6872559 0.4562988 0.644043 0.4873047 0.6872559 0.4318848 0.7116699 0.4318848 0.7116699 0.4873047 0.6872559 0.4680176 0.7226563 0.4873047 0.6872559 0.5136719 0.7216797 0.4680176 0.7226563 0.2054443 0.5878906 0.2026367 0.5449219 0.2700195 0.5588379 0.2054443 0.5878906 0.2700195 0.5588379 0.2612305 0.6237793 0.2054443 0.5878906 0.2371826 0.6337891 0.2070312 0.6091309 0.2612305 0.6237793 0.2371826 0.6337891 0.2054443 0.5878906 0.2054443 0.5878906 0.1845703 0.5827637 0.2026367 0.5449219 0.2026367 0.5449219 0.1845703 0.5827637 0.1618652 0.5419922 0.10083 0.5444336 0.1845703 0.5827637 0.1293945 0.6394043 0.10083 0.5444336 0.1618652 0.5419922 0.1845703 0.5827637 0.1207885 0.5217285 0.1618652 0.5419922 0.10083 0.5444336 0.10083 0.5444336 0.1293945 0.6394043 0.07653808 0.5698242 0.2371826 0.6337891 0.1740722 0.6711426 0.2070312 0.6091309 0.2166748 0.689209 0.1740722 0.6711426 0.2371826 0.6337891 0.2166748 0.689209 0.2371826 0.6337891 0.253418 0.6791992 0.2166748 0.689209 0.253418 0.6791992 0.2539063 0.7211914 0.2166748 0.689209 0.2539063 0.7211914 0.2097167 0.7537842 0.2927246 0.6708984 0.2539063 0.7211914 0.253418 0.6791992 0.3059082 0.7172852 0.2785645 0.7518311 0.2539063 0.7211914 0.2539063 0.7211914 0.2473144 0.7835693 0.2097167 0.7537842 0.2473144 0.7835693 0.2539063 0.7211914 0.2785645 0.7518311 0.3059082 0.7172852 0.2539063 0.7211914 0.2927246 0.6708984 0.2097167 0.7537842 0.2473144 0.7835693 0.2202148 0.7739258 0.2078857 0.7817383 0.2097167 0.7537842 0.2202148 0.7739258 0.2097167 0.7537842 0.2078857 0.7817383 0.1798095 0.7642822 0.2727051 0.7988281 0.2473144 0.7835693 0.2785645 0.7518311 0.2473144 0.7835693 0.2727051 0.7988281 0.2609863 0.8366699 0.2727051 0.7988281 0.2785645 0.7518311 0.2944336 0.7946777 0.2990723 0.7260742 0.3178711 0.7564697 0.2785645 0.7518311 0.3178711 0.7564697 0.2944336 0.7946777 0.2785645 0.7518311 0.2609863 0.8366699 0.2727051 0.7988281 0.2844238 0.8258057 0.3059082 0.8615723 0.2609863 0.8366699 0.2844238 0.8258057 0.2675781 0.8757324 0.2609863 0.8366699 0.3059082 0.8615723 0.2609863 0.8366699 0.2675781 0.8757324 0.2279052 0.8427734 0.2844238 0.8258057 0.3271484 0.8500977 0.3059082 0.8615723 0.3032227 0.8110352 0.3271484 0.8500977 0.2844238 0.8258057 0.3059082 0.8615723 0.3500977 0.8750001 0.3190918 0.90271 0.3271484 0.8500977 0.3500977 0.8750001 0.3059082 0.8615723 0.3059082 0.8615723 0.3190918 0.90271 0.2675781 0.8757324 0.2675781 0.8757324 0.3190918 0.90271 0.2871094 0.9163818 0.2565918 0.8999024 0.2211914 0.8787232 0.2675781 0.8757324 0.2279052 0.8427734 0.2675781 0.8757324 0.2211914 0.8787232 0.2675781 0.8757324 0.2871094 0.9163818 0.2565918 0.8999024 0.2078857 0.7817383 0.2202148 0.7739258 0.2279052 0.8427734 0.2211914 0.8787232 0.1872557 0.8502197 0.2279052 0.8427734 0.180664 0.8260498 0.2078857 0.7817383 0.2279052 0.8427734 0.180664 0.8260498 0.2279052 0.8427734 0.1872557 0.8502197 0.1746826 0.7956543 0.1798095 0.7642822 0.2078857 0.7817383 0.1746826 0.7956543 0.2078857 0.7817383 0.180664 0.8260498 0.1757812 0.8348389 0.180664 0.8260498 0.1872557 0.8502197 0.180664 0.8260498 0.1627197 0.8292236 0.1746826 0.7956543 0.180664 0.8260498 0.1757812 0.8348389 0.1627197 0.8292236 0.2020263 0.9239502 0.1872557 0.8502197 0.2211914 0.8787232 0.2020263 0.9239502 0.1409912 0.8691406 0.1872557 0.8502197 0.1409912 0.8691406 0.1757812 0.8348389 0.1872557 0.8502197 0.2020263 0.9239502 0.2211914 0.8787232 0.2565918 0.8999024 0.1252441 0.8830567 0.1409912 0.8691406 0.2020263 0.9239502 0.1252441 0.8830567 0.2020263 0.9239502 0.1662597 0.9428406 0.09484863 0.8410645 0.1627197 0.8292236 0.1409912 0.8691406 0.1627197 0.8292236 0.1757812 0.8348389 0.1409912 0.8691406 0.1746826 0.7956543 0.1627197 0.8292236 0.1486816 0.7998047 0.1486816 0.7998047 0.1627197 0.8292236 0.09484863 0.8410645 0.07794189 0.8621826 0.06915283 0.7906494 0.09484863 0.8410645 0.1029052 0.7698975 0.09484863 0.8410645 0.06915283 0.7906494 0.1486816 0.7998047 0.09484863 0.8410645 0.1029052 0.7698975 0.1486816 0.7998047 0.1029052 0.7698975 0.1093139 0.7136231 0.1093139 0.7136231 0.1765136 0.769165 0.1486816 0.7998047 0.1466064 0.7038574 0.1765136 0.769165 0.1093139 0.7136231 0.009994506 0.8499756 0.01193237 0.7750244 0.06915283 0.7906494 0.07794189 0.8621826 0.009994506 0.8499756 0.06915283 0.7906494 0.04067993 0.8930664 0.009994506 0.8499756 0.07794189 0.8621826 0.09686279 0.9171143 0.04067993 0.8930664 0.07794189 0.8621826 0.08221435 0.9352417 0.04067993 0.8930664 0.09686279 0.9171143 0.08221435 0.9352417 0.09686279 0.9171143 0.1510009 0.9900055 0.09686279 0.9171143 0.1662597 0.9428406 0.1510009 0.9900055 0.09686279 0.9171143 0.1252441 0.8830567 0.1662597 0.9428406 0.3798828 0.8562012 0.395752 0.8972168 0.3500977 0.8750001 0.3527832 0.8203125 0.3798828 0.8562012 0.3500977 0.8750001 0.3527832 0.8203125 0.3500977 0.8750001 0.3271484 0.8500977 0.3798828 0.8562012 0.407959 0.8468018 0.395752 0.8972168 0.3718262 0.8120117 0.3798828 0.8562012 0.3527832 0.8203125 0.3798828 0.8562012 0.3718262 0.8120117 0.407959 0.8468018 0.395752 0.8972168 0.407959 0.8468018 0.4355469 0.8824463 0.4355469 0.8824463 0.407959 0.8468018 0.4311524 0.8470459 0.4360352 0.8197022 0.407959 0.8468018 0.4030762 0.7961426 0.4311524 0.8470459 0.407959 0.8468018 0.4360352 0.8197022 0.407959 0.8468018 0.3718262 0.8120117 0.4030762 0.7961426 0.3325195 0.7927246 0.3718262 0.8120117 0.3527832 0.8203125 0.3591309 0.7709961 0.3718262 0.8120117 0.3325195 0.7927246 0.3591309 0.7709961 0.4030762 0.7961426 0.3718262 0.8120117 0.3527832 0.8203125 0.3032227 0.8110352 0.3325195 0.7927246 0.3527832 0.8203125 0.3271484 0.8500977 0.3032227 0.8110352 0.3591309 0.7709961 0.3325195 0.7927246 0.3178711 0.7564697 0.3325195 0.7927246 0.3032227 0.8110352 0.2944336 0.7946777 0.3325195 0.7927246 0.2944336 0.7946777 0.3178711 0.7564697 0.3591309 0.7709961 0.3178711 0.7564697 0.3322754 0.7199707 0.3869629 0.755127 0.4030762 0.7961426 0.3591309 0.7709961 0.4030762 0.7961426 0.4438477 0.7589111 0.4521484 0.789917 0.3869629 0.755127 0.4438477 0.7589111 0.4030762 0.7961426 0.4521484 0.789917 0.4360352 0.8197022 0.4030762 0.7961426 0.4360352 0.8197022 0.4506836 0.8461914 0.4311524 0.8470459 0.4533692 0.8148193 0.4506836 0.8461914 0.4360352 0.8197022 0.4360352 0.8197022 0.4521484 0.789917 0.4533692 0.8148193 0.4355469 0.8824463 0.4311524 0.8470459 0.4506836 0.8461914 0.4506836 0.8461914 0.4848633 0.8845215 0.4355469 0.8824463 0.4533692 0.8148193 0.480957 0.8441162 0.4506836 0.8461914 0.480957 0.8441162 0.4848633 0.8845215 0.4506836 0.8461914 0.4799805 0.8103027 0.480957 0.8441162 0.4533692 0.8148193 0.4533692 0.8148193 0.4521484 0.789917 0.4799805 0.8103027 0.4799805 0.8103027 0.4521484 0.789917 0.4829102 0.7822266 0.4829102 0.763794 0.4829102 0.7822266 0.4521484 0.789917 0.4829102 0.763794 0.4521484 0.789917 0.4438477 0.7589111 0.4829102 0.763794 0.4438477 0.7589111 0.4851074 0.7292481 0.4851074 0.7292481 0.4438477 0.7589111 0.4306641 0.7304688 0.4829102 0.7822266 0.4948731 0.8093262 0.4799805 0.8103027 0.5014649 0.7850342 0.4948731 0.8093262 0.4829102 0.7822266 0.4799805 0.8103027 0.4948731 0.8093262 0.4968262 0.8417969 0.4799805 0.8103027 0.4968262 0.8417969 0.480957 0.8441162 0.4848633 0.8845215 0.480957 0.8441162 0.4968262 0.8417969 0.3059082 0.7172852 0.3322754 0.7199707 0.3178711 0.7564697 0.3300781 0.7053223 0.3322754 0.7199707 0.3059082 0.7172852 0.3059082 0.7172852 0.3178711 0.7564697 0.2990723 0.7260742 0.2927246 0.6708984 0.3300781 0.7053223 0.3059082 0.7172852 0.3127442 0.6542969 0.3300781 0.7053223 0.2927246 0.6708984 0.380127 0.6572266 0.3300781 0.7053223 0.3127442 0.6542969 0.3903809 0.7294922 0.3300781 0.7053223 0.380127 0.6572266 0.3903809 0.7294922 0.380127 0.6572266 0.4035645 0.7019043 0.3913574 0.5932617 0.4069824 0.6159668 0.380127 0.6572266 0.3967285 0.6743164 0.380127 0.6572266 0.4069824 0.6159668 0.4035645 0.7019043 0.380127 0.6572266 0.3967285 0.6743164 0.3913574 0.5932617 0.4963379 0.6152344 0.4069824 0.6159668 0.4294434 0.6853027 0.3967285 0.6743164 0.4069824 0.6159668 0.3151856 0.6416016 0.2612305 0.6237793 0.2988281 0.6010742 0.2612305 0.6237793 0.2700195 0.5588379 0.2988281 0.6010742 0.3469238 0.5512695 0.2988281 0.6010742 0.2700195 0.5588379 0.3022461 0.5217285 0.3469238 0.5512695 0.2700195 0.5588379 0.6083984 0.2885742 0.5874024 0.2832031 0.5908203 0.2280273 0.6083984 0.2885742 0.5908203 0.2280273 0.6230469 0.2729492 0.5234375 0.2558594 0.5908203 0.2280273 0.5874024 0.2832031 0.5908203 0.2280273 0.5234375 0.2558594 0.5234375 0.217285 0.6538086 0.2001953 0.6230469 0.2729492 0.5908203 0.2280273 0.7666016 0.234375 0.8217774 0.246582 0.7631836 0.2841797 0.7666016 0.234375 0.7631836 0.2841797 0.7402344 0.234375 0.7631836 0.2841797 0.8217774 0.246582 0.8203125 0.2739258 0.8110352 0.3149414 0.7675781 0.3383789 0.7631836 0.2841797 0.8203125 0.2739258 0.8110352 0.3149414 0.7631836 0.2841797 0.07904052 0.4702149 0.1005859 0.53125 0.03655999 0.5205078 0.07904052 0.4702149 0.03655999 0.5205078 0.009994506 0.4682617 0.1005859 0.53125 0.05273437 0.5803223 0.03655999 0.5205078 0.05273437 0.5803223 0.009994506 0.5729981 0.03655999 0.5205078 0.8696289 0.3666992 0.8027344 0.390625 0.8051758 0.3564453 0.8027344 0.390625 0.8696289 0.3666992 0.8671875 0.390625 0.8051758 0.3564453 0.8544922 0.3442383 0.8696289 0.3666992 0.8696289 0.3666992 0.8544922 0.3442383 0.8681641 0.3422852 0.8276367 0.7711182 0.8535156 0.75 0.8564453 0.7677002 0.8564453 0.7677002 0.8535156 0.75 0.8789063 0.7879639 0.824707 0.7520752 0.8535156 0.75 0.8276367 0.7711182 0.847168 0.7280274 0.8789063 0.7290039 0.8535156 0.75 0.824707 0.7520752 0.847168 0.7280274 0.8535156 0.75 0.8789063 0.7879639 0.8535156 0.75 0.8789063 0.7290039 0.847168 0.7280274 0.824707 0.7520752 0.8139649 0.7363281 0.8740234 0.1499023 0.8735352 0.1728515 0.8012695 0.1499023 0.8735352 0.196289 0.8168945 0.1894531 0.8735352 0.1728515 0.8168945 0.1894531 0.8012695 0.1499023 0.8735352 0.1728515 0.7988281 0.186035 0.8012695 0.1499023 0.8168945 0.1894531 0.7988281 0.186035 0.7548828 0.1513671 0.8012695 0.1499023 0.8168945 0.1894531 0.796875 0.2255859 0.8007813 0.1914062 0.796875 0.2255859 0.8168945 0.1894531 0.8735352 0.196289 0.8007813 0.1914062 0.796875 0.2255859 0.7705078 0.2207031 0.8818359 0.5742188 0.8222656 0.5334473 0.8818359 0.4672852 0.05340576 0.7094727 0.1073608 0.7043457 0.02767944 0.7458496 0.04370117 0.6862793 0.1073608 0.7043457 0.05340576 0.7094727 0.09417724 0.6860352 0.1073608 0.7043457 0.04370117 0.6862793 0.1073608 0.7043457 0.09417724 0.6860352 0.1176147 0.6911621 0.02767944 0.7458496 0.01343536 0.7243652 0.05340576 0.7094727 0.09417724 0.6860352 0.09680175 0.6669922 0.1176147 0.6911621 0.09417724 0.6860352 0.04370117 0.6862793 0.0715332 0.6784668 0.0715332 0.6784668 0.09680175 0.6669922 0.09417724 0.6860352 0.0715332 0.6784668 0.04370117 0.6862793 0.07183837 0.659668 0.05032342 0.6623535 0.07183837 0.659668 0.04370117 0.6862793 0.0715332 0.6784668 0.07183837 0.659668 0.09680175 0.6669922 0.1120605 0.6362305 0.09680175 0.6669922 0.07183837 0.659668 0.07183837 0.659668 0.05032342 0.6623535 0.06341552 0.6198731 0.1120605 0.6362305 0.07183837 0.659668 0.06341552 0.6198731 0.06341552 0.6198731 0.05032342 0.6623535 0.01343536 0.6396484 0.06341552 0.6198731 0.01343536 0.6396484 0.009994506 0.6140137 0.3100586 0.605957 0.3698731 0.5881348 0.3698731 0.6489258 0.3879395 0.9640198 0.3879395 0.9371948 0.4094238 0.9571838 0.4230957 0.9147339 0.4309082 0.94104 0.3879395 0.9371948 0.4230957 0.9147339 0.3879395 0.9371948 0.3884277 0.9104004 0.3879395 0.9371948 0.4309082 0.94104 0.4094238 0.9571838 0.1486816 0.2954102 0.1199951 0.3154297 0.1199951 0.2421875 0.1818847 0.3061524 0.1486816 0.2954102 0.1679687 0.2758789 0.1486816 0.2954102 0.1199951 0.2421875 0.1679687 0.2758789 0.5996094 0.1264648 0.6391602 0.1240234 0.6044922 0.1542968 0.6391602 0.1240234 0.6469727 0.1655273 0.6044922 0.1542968 0.6469727 0.1655273 0.6469727 0.1923828 0.6044922 0.1542968 0.5957031 0.1811523 0.6044922 0.1542968 0.6469727 0.1923828 0.04608154 0.7613525 0.05484002 0.7784424 0.01599121 0.7561035 0.04608154 0.7613525 0.06524658 0.7561035 0.05484002 0.7784424 0.06524658 0.7561035 0.09375 0.7561035 0.05484002 0.7784424 0.7070313 0.5280762 0.7163086 0.5 0.7548828 0.5131836 0.7548828 0.5131836 0.7163086 0.5 0.765625 0.4799805 0.6977539 0.4765625 0.7280274 0.4765625 0.7163086 0.5 0.7163086 0.5 0.7280274 0.4765625 0.765625 0.4799805 0.5961914 0.2958984 0.6435547 0.3022461 0.6049805 0.362793 0.5961914 0.2958984 0.6049805 0.362793 0.5566406 0.300293 0.6435547 0.3022461 0.659668 0.3085938 0.6049805 0.362793 0.6435547 0.3022461 0.6630859 0.2666016 0.659668 0.3085938 0.6518555 0.2592774 0.6630859 0.2666016 0.6435547 0.3022461 0.6049805 0.362793 0.6425781 0.3886719 0.5844727 0.3916016 0.659668 0.3085938 0.6425781 0.3886719 0.6049805 0.362793 0.5566406 0.300293 0.6049805 0.362793 0.5844727 0.3916016 0.5566406 0.300293 0.5205078 0.3891602 0.5239258 0.2641602 0.5566406 0.300293 0.5844727 0.3916016 0.5205078 0.3891602 0.5844727 0.3916016 0.6425781 0.3886719 0.6176758 0.4306641 0.6176758 0.4306641 0.5756836 0.4311524 0.5844727 0.3916016 0.5844727 0.3916016 0.5756836 0.4311524 0.5205078 0.3891602 0.5205078 0.3891602 0.5756836 0.4311524 0.5126953 0.4482422 0.5205078 0.3891602 0.5019531 0.4379883 0.4968262 0.3808594 0.4968262 0.3808594 0.4912109 0.2822266 0.5205078 0.3891602 0.4912109 0.2822266 0.5239258 0.2641602 0.5205078 0.3891602 0.6098633 0.4550781 0.5756836 0.4311524 0.6176758 0.4306641 0.6098633 0.4550781 0.5644531 0.4584961 0.5756836 0.4311524 0.5756836 0.4311524 0.5644531 0.4584961 0.5126953 0.4482422 0.5126953 0.4482422 0.5356445 0.4941406 0.5073242 0.5 0.5400391 0.4658203 0.5356445 0.4941406 0.5126953 0.4482422 0.5126953 0.4482422 0.5644531 0.4584961 0.5400391 0.4658203 0.5688477 0.484375 0.5400391 0.4658203 0.5644531 0.4584961 0.5688477 0.484375 0.5644531 0.4584961 0.6098633 0.4550781 0.5356445 0.4941406 0.5400391 0.4658203 0.5688477 0.484375 0.4553223 0.3725586 0.4912109 0.2822266 0.4968262 0.3808594 0.4584961 0.2827149 0.4912109 0.2822266 0.4553223 0.3725586 0.4558106 0.4238281 0.4968262 0.3808594 0.5019531 0.4379883 0.4553223 0.3725586 0.4968262 0.3808594 0.4558106 0.4238281 0.4665527 0.4726563 0.4558106 0.4238281 0.5019531 0.4379883 0.4204102 0.456543 0.4038086 0.4169922 0.4558106 0.4238281 0.4558106 0.4238281 0.4665527 0.4726563 0.4204102 0.456543 0.4038086 0.4169922 0.4553223 0.3725586 0.4558106 0.4238281 0.407959 0.3613281 0.4553223 0.3725586 0.4038086 0.4169922 0.407959 0.3613281 0.4584961 0.2827149 0.4553223 0.3725586 0.407959 0.3613281 0.4008789 0.2939453 0.4584961 0.2827149 0.4008789 0.2939453 0.449707 0.2514649 0.4584961 0.2827149 0.4038086 0.4169922 0.3796387 0.3793945 0.407959 0.3613281 0.355957 0.2973633 0.407959 0.3613281 0.3796387 0.3793945 0.4008789 0.2939453 0.407959 0.3613281 0.355957 0.2973633 0.4038086 0.4169922 0.4204102 0.456543 0.3813477 0.4389649 0.3813477 0.4389649 0.3796387 0.3793945 0.4038086 0.4169922 0.3813477 0.4389649 0.4204102 0.456543 0.3991699 0.4736328 0.4204102 0.456543 0.4333496 0.5031738 0.3991699 0.4736328 0.4665527 0.4726563 0.4333496 0.5031738 0.4204102 0.456543 0.3991699 0.4736328 0.3706055 0.4912109 0.3813477 0.4389649 0.3813477 0.4389649 0.3706055 0.4912109 0.3386231 0.4648438 0.3813477 0.4389649 0.3276367 0.3969727 0.3796387 0.3793945 0.3386231 0.4648438 0.3276367 0.3969727 0.3813477 0.4389649 0.355957 0.2973633 0.3796387 0.3793945 0.3276367 0.3969727 0.355957 0.2973633 0.3276367 0.3969727 0.315918 0.2939453 0.3564453 0.2641602 0.355957 0.2973633 0.315918 0.2939453 0.3564453 0.2641602 0.4008789 0.2939453 0.355957 0.2973633 0.3959961 0.2597656 0.4008789 0.2939453 0.3564453 0.2641602 0.3959961 0.2597656 0.449707 0.2514649 0.4008789 0.2939453 0.2797852 0.2954102 0.315918 0.2939453 0.3276367 0.3969727 0.282959 0.4614258 0.3276367 0.3969727 0.3386231 0.4648438 0.2607422 0.4003906 0.3276367 0.3969727 0.282959 0.4614258 0.3276367 0.3969727 0.2607422 0.4003906 0.2797852 0.2954102 0.3398438 0.496582 0.3386231 0.4648438 0.3706055 0.4912109 0.3398438 0.496582 0.282959 0.4614258 0.3386231 0.4648438 0.3977051 0.5078125 0.3706055 0.4912109 0.3991699 0.4736328 0.4333496 0.5031738 0.3977051 0.5078125 0.3991699 0.4736328 0.295166 0.512207 0.282959 0.4614258 0.3398438 0.496582 0.2607422 0.4003906 0.282959 0.4614258 0.2604981 0.4770508 0.282959 0.4614258 0.295166 0.512207 0.2604981 0.4770508 0.2607422 0.4003906 0.2604981 0.4770508 0.2160644 0.4169922 0.2200927 0.3178711 0.2797852 0.2954102 0.2607422 0.4003906 0.2607422 0.4003906 0.2160644 0.4169922 0.2200927 0.3178711 0.2797852 0.2954102 0.2376708 0.2700195 0.2592774 0.2670899 0.2200927 0.3178711 0.2376708 0.2700195 0.2797852 0.2954102 0.2200927 0.3178711 0.2160644 0.4169922 0.1807861 0.3139649 0.2160644 0.4169922 0.2097167 0.4672852 0.1478271 0.4306641 0.2160644 0.4169922 0.2604981 0.4770508 0.2318115 0.4785156 0.2160644 0.4169922 0.1478271 0.4306641 0.1807861 0.3139649 0.2548828 0.5180664 0.2318115 0.4785156 0.2604981 0.4770508 0.2604981 0.4770508 0.295166 0.512207 0.2548828 0.5180664 0.2287597 0.5168457 0.2318115 0.4785156 0.2548828 0.5180664 0.1478271 0.4306641 0.2097167 0.4672852 0.1456298 0.4887695 0.1807861 0.3139649 0.1478271 0.4306641 0.1423339 0.3125 0.1135864 0.331543 0.1423339 0.3125 0.1478271 0.4306641 0.1135864 0.331543 0.1478271 0.4306641 0.1068724 0.425293 0.1245727 0.4736328 0.1478271 0.4306641 0.1456298 0.4887695 0.1068724 0.425293 0.1478271 0.4306641 0.1245727 0.4736328 0.1456298 0.4887695 0.2097167 0.4672852 0.1733398 0.5043945 0.06787109 0.3100586 0.1068724 0.425293 0.08294677 0.4331055 0.07769775 0.3056641 0.1068724 0.425293 0.06787109 0.3100586 0.07769775 0.3056641 0.1135864 0.331543 0.1068724 0.425293 0.1135864 0.331543 0.07769775 0.3056641 0.1065673 0.2958984 0.07769775 0.3056641 0.06561279 0.2919922 0.1065673 0.2958984 0.1065673 0.2958984 0.06561279 0.2919922 0.08862304 0.2636719 0.0609436 0.2666016 0.08862304 0.2636719 0.06561279 0.2919922 0.07128906 0.2548828 0.08862304 0.2636719 0.0609436 0.2666016 0.03071594 0.3579102 0.08294677 0.4331055 0.05603027 0.4365234 0.06787109 0.3100586 0.08294677 0.4331055 0.03071594 0.3579102 0.06787109 0.3100586 0.02095025 0.3173828 0.0402221 0.2895508 0.03071594 0.3579102 0.02095025 0.3173828 0.06787109 0.3100586 0.02095025 0.3173828 0.009994506 0.2890625 0.0402221 0.2895508 0.0402221 0.2895508 0.009994506 0.2890625 0.02151489 0.2792969 0.5737305 0.8605957 0.5849609 0.9119263 0.5639649 0.8927002 0.5737305 0.8605957 0.5639649 0.8927002 0.5473633 0.8605957 0.6000977 0.9384461 0.565918 0.9307861 0.5849609 0.9119263 0.5639649 0.8927002 0.5849609 0.9119263 0.565918 0.9307861 0.5429688 0.9208374 0.5639649 0.8927002 0.565918 0.9307861 0.5395508 0.8921509 0.5639649 0.8927002 0.5429688 0.9208374 0.5473633 0.8605957 0.5639649 0.8927002 0.5395508 0.8921509 0.5473633 0.8605957 0.5395508 0.8921509 0.5200195 0.8543701 0.5200195 0.8543701 0.5395508 0.8921509 0.5078125 0.9100952 0.5395508 0.8921509 0.5429688 0.9208374 0.5078125 0.9100952 0.5546875 0.95047 0.5429688 0.9208374 0.565918 0.9307861 0.5078125 0.9100952 0.5429688 0.9208374 0.5249024 0.9308472 0.5429688 0.9208374 0.5546875 0.95047 0.5249024 0.9308472 0.578125 0.9680176 0.565918 0.9307861 0.6000977 0.9384461 0.5698242 0.9672546 0.5546875 0.95047 0.565918 0.9307861 0.5698242 0.9672546 0.565918 0.9307861 0.578125 0.9680176 0.6186524 0.9668884 0.578125 0.9680176 0.6000977 0.9384461 0.5654297 0.9900055 0.578125 0.9680176 0.5869141 0.9854202 0.5698242 0.9672546 0.578125 0.9680176 0.5654297 0.9900055 0.5869141 0.9854202 0.578125 0.9680176 0.6186524 0.9668884 0.5322266 0.9704743 0.5698242 0.9672546 0.5654297 0.9900055 0.5546875 0.95047 0.5698242 0.9672546 0.5322266 0.9704743 0.5249024 0.9308472 0.5546875 0.95047 0.5322266 0.9704743 0.5249024 0.9308472 0.4980469 0.9646607 0.4921875 0.9423828 0.5249024 0.9308472 0.4921875 0.9423828 0.5078125 0.9100952 0.5249024 0.9308472 0.5322266 0.9704743 0.4980469 0.9646607 0.5078125 0.9100952 0.4770508 0.9182739 0.4902344 0.895874 0.4921875 0.9423828 0.4770508 0.9182739 0.5078125 0.9100952 0.4902344 0.895874 0.5200195 0.8543701 0.5078125 0.9100952 0.4921875 0.9423828 0.4494629 0.9659424 0.4770508 0.9182739 0.4980469 0.9646607 0.4494629 0.9659424 0.4921875 0.9423828 0.4528809 0.9867859 0.4494629 0.9659424 0.4980469 0.9646607 0.4528809 0.9867859 0.4118652 0.9773254 0.4494629 0.9659424 0.4494629 0.9659424 0.4118652 0.9773254 0.4384766 0.9528198 0.4770508 0.9182739 0.4494629 0.9659424 0.4384766 0.9528198 0.4140625 0.9850617 0.4118652 0.9773254 0.4528809 0.9867859 0.4140625 0.9850617 0.3818359 0.9786224 0.4118652 0.9773254 0.4118652 0.9773254 0.3818359 0.9786224 0.4099121 0.9693451 0.4384766 0.9528198 0.4118652 0.9773254 0.4099121 0.9693451 0.298584 0.9255982 0.326416 0.9120483 0.3105469 0.940918 0.326416 0.9120483 0.3798828 0.9248047 0.3105469 0.940918 0.310791 0.9603577 0.3105469 0.940918 0.3798828 0.9619141 0.3798828 0.9619141 0.3105469 0.940918 0.3798828 0.9248047 0.1379394 0.6533203 0.1652832 0.6420899 0.156372 0.6699219 0.1379394 0.6533203 0.156372 0.6699219 0.1397705 0.6950684 0.1397705 0.6950684 0.156372 0.6699219 0.1652832 0.6977539 0.4802246 0.2124023 0.4577637 0.1440429 0.5249024 0.1489257 0.4802246 0.2124023 0.5249024 0.1489257 0.512207 0.2104492 0.5249024 0.1489257 0.5917969 0.1440429 0.5649414 0.1811523 0.5649414 0.1811523 0.512207 0.2104492 0.5249024 0.1489257 0.831543 0.09033203 0.7792969 0.1049804 0.828125 0.06738281 0.831543 0.1376953 0.7792969 0.1049804 0.831543 0.09033203 0.7792969 0.1049804 0.831543 0.1376953 0.7768555 0.1308593 0.828125 0.06738281 0.7792969 0.1049804 0.7749024 0.07861328 0.7792969 0.1049804 0.7768555 0.1308593 0.7548828 0.1162109 0.3637695 0.253418 0.3823242 0.168457 0.4152832 0.2158203 0.3823242 0.168457 0.4375 0.1640625 0.4152832 0.2158203 0.4628906 0.1938475 0.4665527 0.253418 0.4152832 0.2158203 0.4375 0.1640625 0.4628906 0.1938475 0.4152832 0.2158203 0.5161133 0.2583008 0.4960938 0.2685547 0.5151367 0.2260742 0.4829102 0.2446289 0.4899902 0.2260742 0.4960938 0.2685547 0.473877 0.2651367 0.4829102 0.2446289 0.4960938 0.2685547 0.5151367 0.2260742 0.4960938 0.2685547 0.4899902 0.2260742 0.6650391 0.3901367 0.6728516 0.4111328 0.6259766 0.4399414 0.6650391 0.3901367 0.7324219 0.3754883 0.6728516 0.4111328 0.7299805 0.4199219 0.6728516 0.4111328 0.7324219 0.3754883 0.684082 0.4501953 0.6728516 0.4111328 0.7299805 0.4199219 0.6728516 0.4111328 0.684082 0.4501953 0.6259766 0.4399414 0.7133789 0.3647461 0.7324219 0.3754883 0.6650391 0.3901367 0.7324219 0.3754883 0.7241211 0.3300781 0.7509766 0.3237305 0.7587891 0.3496094 0.7324219 0.3754883 0.7509766 0.3237305 0.7324219 0.3754883 0.7587891 0.3496094 0.7636719 0.4067383 0.7636719 0.4067383 0.7299805 0.4199219 0.7324219 0.3754883 0.7324219 0.3754883 0.7133789 0.3647461 0.7241211 0.3300781 0.7299805 0.4199219 0.7636719 0.4067383 0.7446289 0.4404297 0.7329102 0.4545899 0.7299805 0.4199219 0.7446289 0.4404297 0.684082 0.4501953 0.7299805 0.4199219 0.7329102 0.4545899 0.7636719 0.4067383 0.7905274 0.3955078 0.7871094 0.4443359 0.7446289 0.4404297 0.7636719 0.4067383 0.7871094 0.4443359 0.7587891 0.3496094 0.7905274 0.3955078 0.7636719 0.4067383 0.7954102 0.3481445 0.7905274 0.3955078 0.7587891 0.3496094 0.7871094 0.4443359 0.7905274 0.3955078 0.8496094 0.434082 0.7871094 0.4443359 0.8095703 0.4790039 0.7709961 0.4731445 0.7871094 0.4443359 0.7709961 0.4731445 0.7446289 0.4404297 0.7871094 0.4443359 0.8496094 0.434082 0.8095703 0.4790039 0.7446289 0.4404297 0.7709961 0.4731445 0.7329102 0.4545899 0.7709961 0.4731445 0.8095703 0.4790039 0.7900391 0.505127 0.8095703 0.4790039 0.8496094 0.434082 0.84375 0.4892578 0.8095703 0.4790039 0.84375 0.4892578 0.8193359 0.5209961 0.7900391 0.505127 0.8095703 0.4790039 0.8193359 0.5209961 0.7509766 0.3237305 0.7241211 0.3300781 0.7382813 0.2841797 0.7241211 0.3300781 0.7133789 0.3647461 0.7124024 0.3325195 0.7382813 0.2841797 0.7241211 0.3300781 0.7138672 0.2890625 0.6933594 0.2998047 0.7241211 0.3300781 0.7124024 0.3325195 0.7138672 0.2890625 0.7241211 0.3300781 0.6933594 0.2998047 0.7382813 0.2841797 0.7138672 0.2890625 0.7163086 0.2412109 0.6933594 0.2998047 0.6938477 0.2519531 0.7138672 0.2890625 0.7163086 0.2412109 0.7138672 0.2890625 0.6938477 0.2519531 0.6640625 0.2519531 0.6938477 0.2519531 0.6933594 0.2998047 0.6640625 0.2519531 0.671875 0.2207031 0.6938477 0.2519531 0.671875 0.2207031 0.7163086 0.2412109 0.6938477 0.2519531 0.7163086 0.2412109 0.671875 0.2207031 0.7421875 0.2221679 0.6640625 0.2519531 0.6630859 0.217285 0.671875 0.2207031 0.671875 0.2207031 0.6601563 0.180664 0.6899414 0.1870117 0.6630859 0.217285 0.6601563 0.180664 0.671875 0.2207031 0.7421875 0.2221679 0.671875 0.2207031 0.6899414 0.1870117 0.6899414 0.1870117 0.7553711 0.1894531 0.7421875 0.2221679 0.6899414 0.1870117 0.6645508 0.15625 0.6948242 0.1606445 0.6601563 0.180664 0.6645508 0.15625 0.6899414 0.1870117 0.6948242 0.1606445 0.7553711 0.1894531 0.6899414 0.1870117 0.7553711 0.1894531 0.6948242 0.1606445 0.7397461 0.1220703 0.6762695 0.1137695 0.7089844 0.118164 0.6948242 0.1606445 0.7397461 0.1220703 0.6948242 0.1606445 0.7089844 0.118164 0.6948242 0.1606445 0.6645508 0.15625 0.6762695 0.1137695 0.6762695 0.1137695 0.6645508 0.15625 0.6518555 0.1196289 0.6762695 0.1137695 0.7231445 0.08105468 0.7089844 0.118164 0.6586914 0.0546875 0.7231445 0.08105468 0.6762695 0.1137695 0.6762695 0.1137695 0.6411133 0.06445312 0.6586914 0.0546875 0.6518555 0.1196289 0.6411133 0.06445312 0.6762695 0.1137695 0.7416992 0.08642578 0.7089844 0.118164 0.7231445 0.08105468 0.7397461 0.1220703 0.7089844 0.118164 0.7416992 0.08642578 0.7231445 0.08105468 0.6835938 0.04443359 0.7158203 0.06542968 0.6586914 0.0546875 0.6835938 0.04443359 0.7231445 0.08105468 0.7231445 0.08105468 0.7241211 0.05419915 0.7416992 0.08642578 0.7158203 0.06542968 0.7241211 0.05419915 0.7231445 0.08105468 0.6586914 0.0546875 0.6411133 0.06445312 0.6259766 0.01025384 0.6259766 0.01025384 0.6835938 0.04443359 0.6586914 0.0546875 0.6259766 0.01025384 0.6938477 0.02636712 0.6835938 0.04443359 0.7241211 0.05419915 0.6835938 0.04443359 0.6938477 0.02636712 0.7158203 0.06542968 0.6835938 0.04443359 0.7241211 0.05419915 0.3059082 0.7172852 0.2990723 0.7260742 0.2785645 0.7518311 0.512207 0.7977295 0.5361328 0.8078613 0.5234375 0.8199463 0.5361328 0.8078613 0.5361328 0.8480225 0.5234375 0.8199463 0.5361328 0.8078613 0.512207 0.7977295 0.5361328 0.78479 0.5234375 0.8199463 0.5058594 0.8249512 0.512207 0.7977295 0.5361328 0.8480225 0.5058594 0.8249512 0.5234375 0.8199463 0.1779785 0.7520752 0.1922607 0.6960449 0.2033691 0.7087402 0.1779785 0.7520752 0.1796875 0.6992188 0.1922607 0.6960449 0.1796875 0.6992188 0.1779785 0.6867676 0.1922607 0.6960449 0.6567383 0.5043945 0.6147461 0.5161133 0.5996094 0.4741211 0.640625 0.4667969 0.6567383 0.5043945 0.5996094 0.4741211 0.6987305 0.5161133 0.6567383 0.5043945 0.6650391 0.4711914 0.6567383 0.5043945 0.640625 0.4667969 0.6650391 0.4711914 0.8759766 0.227539 0.8935547 0.2519531 0.8378906 0.2631836 0.8935547 0.2519531 0.8452149 0.2983399 0.8378906 0.2631836 0.8251953 0.2290039 0.8759766 0.227539 0.8378906 0.2631836 0.8251953 0.2978516 0.8378906 0.2631836 0.8452149 0.2983399 0.7963867 0.8231201 0.7905274 0.8679199 0.7368164 0.8446045 0.7460938 0.8109131 0.7963867 0.8231201 0.7368164 0.8446045 0.8398438 0.8687744 0.7963867 0.8231201 0.8398438 0.7944336 0.7905274 0.8679199 0.7963867 0.8231201 0.8232422 0.8800049 0.7963867 0.8231201 0.8398438 0.8687744 0.8232422 0.8800049 0.4084473 0.1455078 0.375 0.1323242 0.387207 0.1166992 0.375 0.1323242 0.4084473 0.1455078 0.3730469 0.1582031 0.387207 0.1166992 0.4125977 0.1166992 0.4084473 0.1455078 0.4125977 0.1166992 0.4458008 0.1464843 0.4084473 0.1455078 0.7382813 0.9107666 0.6933594 0.8988648 0.734375 0.8917236 0.684082 0.9351196 0.7382813 0.9107666 0.7319336 0.9564819 0.6933594 0.8988648 0.7382813 0.9107666 0.684082 0.9351196 0.7382813 0.9107666 0.7910156 0.9647827 0.7319336 0.9564819 0.7851563 0.9121094 0.7910156 0.9647827 0.7382813 0.9107666 0.7382813 0.9107666 0.734375 0.8917236 0.7851563 0.9121094 0.6933594 0.8988648 0.6533203 0.9229126 0.6674805 0.8917236 0.684082 0.9351196 0.6533203 0.9229126 0.6933594 0.8988648 0.6674805 0.8917236 0.6943359 0.8950806 0.6933594 0.8988648 0.734375 0.8917236 0.6933594 0.8988648 0.6943359 0.8950806 0.7851563 0.9121094 0.734375 0.8917236 0.784668 0.8873291 0.7910156 0.9647827 0.7851563 0.9121094 0.8125 0.9282227 0.8168945 0.8872681 0.8125 0.9282227 0.7851563 0.9121094 0.8168945 0.8872681 0.7851563 0.9121094 0.784668 0.8873291 0.7910156 0.9647827 0.8125 0.9282227 0.8237305 0.9721832 0.7910156 0.9647827 0.7695313 0.9834137 0.7319336 0.9564819 0.8041992 0.9900055 0.7910156 0.9647827 0.8237305 0.9721832 0.7695313 0.9834137 0.7910156 0.9647827 0.8041992 0.9900055 0.7319336 0.9564819 0.7695313 0.9834137 0.7260742 0.9692841 0.690918 0.9578858 0.7319336 0.9564819 0.7260742 0.9692841 0.684082 0.9351196 0.7319336 0.9564819 0.690918 0.9578858 0.684082 0.9351196 0.690918 0.9578858 0.6733399 0.9596863 0.6533203 0.9229126 0.684082 0.9351196 0.6733399 0.9596863 0.1723632 0.1884765 0.1182861 0.1992187 0.1236572 0.1699218 0.1029052 0.1655273 0.1307373 0.1455078 0.1236572 0.1699218 0.1307373 0.1455078 0.1723632 0.1884765 0.1236572 0.1699218 0.1236572 0.1699218 0.1182861 0.1992187 0.1029052 0.1655273 0.1582031 0.2163085 0.1723632 0.1884765 0.1972656 0.2480468 0.1582031 0.2163085 0.1182861 0.1992187 0.1723632 0.1884765 0.1992187 0.2050781 0.1972656 0.2480468 0.1723632 0.1884765 0.1723632 0.1884765 0.2127684 0.1713867 0.1992187 0.2050781 0.1883544 0.1606445 0.2127684 0.1713867 0.1723632 0.1884765 0.1883544 0.1606445 0.1723632 0.1884765 0.1307373 0.1455078 0.1582031 0.2163085 0.1101074 0.2270507 0.1182861 0.1992187 0.1582031 0.2163085 0.1972656 0.2480468 0.192871 0.265625 0.1582031 0.2163085 0.192871 0.265625 0.1549072 0.2460937 0.1549072 0.2460937 0.1101074 0.2270507 0.1582031 0.2163085 0.192871 0.265625 0.1972656 0.2480468 0.2182617 0.277832 0.2408447 0.2456054 0.2182617 0.277832 0.1972656 0.2480468 0.2408447 0.2456054 0.1972656 0.2480468 0.2200927 0.2255859 0.1992187 0.2050781 0.2200927 0.2255859 0.1972656 0.2480468 0.1992187 0.2050781 0.239746 0.1855468 0.2200927 0.2255859 0.2127684 0.1713867 0.239746 0.1855468 0.1992187 0.2050781 0.1883544 0.1606445 0.2310791 0.1298828 0.2127684 0.1713867 0.2127684 0.1713867 0.2310791 0.1298828 0.239746 0.1855468 0.2073974 0.1118164 0.1883544 0.1606445 0.1634521 0.1088867 0.2073974 0.1118164 0.2310791 0.1298828 0.1883544 0.1606445 0.1883544 0.1606445 0.1307373 0.1455078 0.1634521 0.1088867 0.1307373 0.1455078 0.1029052 0.1655273 0.1121826 0.1220703 0.1634521 0.1088867 0.1307373 0.1455078 0.1121826 0.1220703 0.1121826 0.1220703 0.1029052 0.1655273 0.06958007 0.1113281 0.1121826 0.1220703 0.06958007 0.1113281 0.1184692 0.0859375 0.1121826 0.1220703 0.1492919 0.0859375 0.1634521 0.1088867 0.1184692 0.0859375 0.1492919 0.0859375 0.1121826 0.1220703 0.2073974 0.1118164 0.1634521 0.1088867 0.2021484 0.08886718 0.1634521 0.1088867 0.1492919 0.0859375 0.2021484 0.08886718 0.2373046 0.1083984 0.2073974 0.1118164 0.2021484 0.08886718 0.2073974 0.1118164 0.2373046 0.1083984 0.2310791 0.1298828 0.2561035 0.1401367 0.239746 0.1855468 0.2310791 0.1298828 0.2310791 0.1298828 0.2373046 0.1083984 0.2561035 0.1401367 0.239746 0.1855468 0.2561035 0.1401367 0.295166 0.1914062 0.2756348 0.2109375 0.239746 0.1855468 0.295166 0.1914062 0.2408447 0.2456054 0.239746 0.1855468 0.2756348 0.2109375 0.2200927 0.2255859 0.239746 0.1855468 0.2408447 0.2456054 0.2756348 0.2109375 0.2822266 0.2719727 0.2408447 0.2456054 0.3237305 0.2265625 0.2756348 0.2109375 0.3349609 0.2001953 0.295166 0.1914062 0.3349609 0.2001953 0.2756348 0.2109375 0.3237305 0.2265625 0.2822266 0.2719727 0.2756348 0.2109375 0.295166 0.1914062 0.3422852 0.1601562 0.3349609 0.2001953 0.3059082 0.1420898 0.3422852 0.1601562 0.295166 0.1914062 0.2561035 0.1401367 0.3059082 0.1420898 0.295166 0.1914062 0.2561035 0.1401367 0.2583008 0.1079101 0.3059082 0.1420898 0.2561035 0.1401367 0.2373046 0.1083984 0.2583008 0.1079101 0.2583008 0.1079101 0.2373046 0.1083984 0.263916 0.08349609 0.2583008 0.1079101 0.263916 0.08349609 0.3203125 0.109375 0.3059082 0.1420898 0.2583008 0.1079101 0.3203125 0.109375 0.3059082 0.1420898 0.3203125 0.109375 0.3422852 0.1601562 0.3422852 0.1601562 0.3203125 0.109375 0.3540039 0.1127929 0.3203125 0.109375 0.3203125 0.0859375 0.3540039 0.1127929 0.3203125 0.109375 0.263916 0.08349609 0.3203125 0.0859375 0.263916 0.08349609 0.3210449 0.06884765 0.3203125 0.0859375 0.3540039 0.1127929 0.3203125 0.0859375 0.3649902 0.078125 0.3203125 0.0859375 0.3210449 0.06884765 0.3649902 0.078125 0.3649902 0.078125 0.3210449 0.06884765 0.3649902 0.06347656 0.1492919 0.0859375 0.1473388 0.0625 0.2021484 0.08886718 0.1492919 0.0859375 0.1184692 0.0859375 0.1473388 0.0625 0.1184692 0.0859375 0.065979 0.07519531 0.09802246 0.05419915 0.065979 0.07519531 0.1184692 0.0859375 0.06958007 0.1113281 0.1473388 0.0625 0.1184692 0.0859375 0.09802246 0.05419915</float_array>
          <technique_common>
            <accessor source="#supermissileShape-mesh-map-0-array" count="2154" stride="2">
              <param name="S" type="float"/>
              <param name="T" type="float"/>
            </accessor>
          </technique_common>
        </source>
        <vertices id="supermissileShape-mesh-vertices">
          <input semantic="POSITION" source="#supermissileShape-mesh-positions"/>
        </vertices>
        <triangles material="met_supermissile_001-material" count="718">
          <input semantic="VERTEX" source="#supermissileShape-mesh-vertices" offset="0"/>
          <input semantic="NORMAL" source="#supermissileShape-mesh-normals" offset="1"/>
          <input semantic="TEXCOORD" source="#supermissileShape-mesh-map-0" offset="2" set="0"/>
          <p>0 0 0 1 0 1 2 0 2 0 1 3 4 1 4 1 1 5 2 2 6 1 3 7 3 4 8 4 5 9 3 5 10 1 5 11 3 4 12 65 6 13 2 2 14 3 4 15 4 7 16 65 6 17 65 6 18 70 8 19 58 9 20 59 10 21 70 8 22 65 6 23 2 2 24 65 6 25 58 9 26 4 7 27 62 11 28 65 6 29 4 7 30 11 12 31 355 13 32 4 7 33 355 13 34 62 11 35 4 7 36 8 14 37 11 12 38 0 15 39 8 14 40 4 7 41 62 11 42 355 13 43 64 16 44 62 11 45 64 16 46 60 17 47 355 13 48 87 18 49 88 19 50 11 12 51 87 18 52 355 13 53 8 14 54 10 20 55 11 12 56 16 21 57 10 20 58 8 14 59 9 22 60 16 21 61 8 14 62 16 21 63 15 23 64 10 20 65 10 20 66 15 23 67 357 24 68 10 20 69 357 24 70 14 25 71 10 20 72 14 25 73 231 26 74 10 20 75 231 26 76 13 27 77 16 21 78 9 22 79 18 28 80 214 29 81 13 27 82 227 30 83 227 30 84 13 27 85 231 26 86 216 31 87 84 32 88 13 27 89 214 29 90 216 31 91 13 27 92 87 18 93 13 27 94 90 33 95 84 32 96 90 33 97 13 27 98 239 34 99 231 26 100 14 25 101 232 35 102 231 26 103 239 34 104 232 35 105 239 34 106 236 36 107 236 36 108 239 34 109 237 37 110 221 38 111 232 35 112 236 36 113 222 39 114 230 40 115 232 35 116 222 39 117 232 35 118 221 38 119 223 41 120 221 38 121 226 42 122 222 39 123 221 38 124 223 41 125 221 38 126 259 43 127 226 42 128 228 44 129 230 40 130 222 39 131 248 45 132 228 44 133 222 39 134 222 39 135 223 41 136 248 45 137 228 44 138 227 30 139 230 40 140 214 29 141 227 30 142 228 44 143 214 29 144 220 46 145 219 47 146 220 46 147 214 29 148 228 44 149 218 48 150 214 29 151 219 47 152 228 44 153 248 45 154 220 46 155 223 41 156 224 49 157 248 45 158 224 49 159 241 50 160 248 45 161 248 45 162 247 51 163 220 46 164 219 47 165 220 46 166 247 51 167 142 52 168 219 47 169 246 53 170 218 48 171 219 47 172 142 52 173 246 53 174 219 47 175 247 51 176 83 54 177 216 31 178 218 48 179 218 48 180 142 52 181 83 54 182 84 32 183 216 31 184 82 55 185 216 31 186 83 54 187 82 55 188 90 33 189 84 32 190 85 56 191 76 57 192 84 32 193 82 55 194 85 56 195 84 32 196 76 57 197 82 55 198 83 54 199 81 58 200 81 58 201 76 57 202 82 55 203 83 54 204 142 52 205 141 59 206 141 59 207 86 60 208 83 54 209 81 58 210 83 54 211 86 60 212 86 60 213 80 61 214 81 58 215 81 58 216 80 61 217 77 62 218 141 59 219 133 63 220 86 60 221 86 60 222 131 64 223 80 61 224 132 65 225 131 64 226 86 60 227 132 65 228 86 60 229 133 63 230 131 64 231 79 66 232 80 61 233 79 67 234 77 67 235 80 67 236 75 68 237 77 68 238 79 68 239 75 69 240 66 70 241 77 62 242 76 57 243 77 62 244 66 70 245 76 57 246 66 70 247 85 56 248 66 70 249 88 19 250 85 56 251 66 70 252 74 71 253 88 19 254 88 19 255 74 71 256 60 17 257 60 17 258 64 16 259 88 19 260 73 72 261 68 73 262 74 71 263 68 73 264 70 8 265 74 71 266 74 71 267 70 8 268 60 17 269 60 17 270 70 8 271 59 10 272 73 72 273 72 74 274 68 73 275 68 73 276 72 74 277 71 75 278 75 69 279 79 66 280 73 72 281 73 72 282 79 66 283 72 74 284 128 76 285 79 66 286 131 64 287 79 66 288 128 76 289 91 77 290 72 74 291 79 66 292 91 77 293 72 74 294 96 78 295 55 79 296 94 80 297 96 78 298 72 74 299 72 81 300 93 81 301 94 81 302 91 77 303 93 82 304 72 74 305 71 75 306 72 74 307 55 79 308 91 77 309 125 83 310 92 84 311 91 77 312 129 85 313 125 83 314 91 77 315 128 76 316 129 85 317 92 84 318 93 82 319 91 77 320 93 82 321 92 84 322 94 80 323 94 86 324 115 86 325 96 86 326 116 87 327 94 80 328 95 88 329 115 89 330 94 80 331 116 87 332 94 80 333 92 84 334 95 88 335 96 78 336 113 90 337 97 91 338 96 78 339 116 87 340 113 90 341 115 89 342 116 87 343 96 78 344 96 78 345 97 91 346 55 79 347 55 79 348 97 91 349 52 92 350 53 93 351 55 79 352 52 92 353 97 91 354 113 90 355 111 94 356 110 95 357 97 91 358 111 94 359 98 96 360 97 91 361 110 95 362 97 91 363 98 96 364 52 92 365 119 97 366 113 90 367 116 87 368 118 98 369 113 90 370 119 97 371 118 98 372 114 99 373 113 90 374 113 90 375 114 99 376 111 94 377 95 88 378 119 97 379 116 87 380 126 100 381 119 97 382 95 88 383 95 88 384 123 101 385 126 100 386 92 84 387 123 101 388 95 88 389 123 101 390 92 84 391 125 83 392 125 83 393 129 85 394 130 102 395 125 83 396 130 102 397 127 103 398 125 83 399 127 103 400 124 104 401 124 104 402 123 101 403 125 83 404 124 104 405 126 100 406 123 101 407 126 100 408 124 104 409 121 105 410 124 104 411 127 103 412 121 105 413 120 106 414 112 107 415 114 99 416 120 106 417 114 99 418 117 108 419 117 108 420 114 99 421 118 98 422 111 94 423 114 99 424 112 107 425 110 95 426 111 94 427 112 107 428 110 95 429 112 107 430 109 109 431 120 110 432 122 110 433 112 110 434 109 109 435 112 107 436 122 111 437 226 42 438 259 43 439 258 112 440 226 42 441 258 112 442 224 49 443 257 113 444 241 50 445 258 112 446 241 114 447 224 114 448 258 114 449 357 24 450 15 23 451 351 115 452 351 115 453 237 37 454 357 24 455 351 115 456 15 23 457 358 116 458 5 117 459 6 117 460 46 117 461 5 118 462 2 118 463 6 118 464 2 2 465 58 9 466 6 119 467 46 120 468 6 119 469 58 9 470 23 121 471 9 121 472 7 121 473 7 122 474 5 123 475 23 124 476 7 122 477 0 15 478 5 123 479 0 15 480 7 122 481 8 14 482 7 122 483 9 22 484 8 14 485 10 125 486 13 125 487 12 125 488 87 18 489 12 126 490 13 27 491 11 127 492 12 127 493 87 127 494 11 128 495 10 128 496 12 128 497 16 129 498 18 129 499 17 129 500 16 130 501 17 130 502 15 130 503 15 23 504 17 131 505 358 116 506 17 132 507 18 132 508 358 132 509 19 133 510 9 22 511 23 124 512 19 133 513 23 124 514 24 134 515 19 133 516 212 135 517 22 136 518 24 134 519 212 135 520 19 133 521 19 133 522 21 137 523 9 22 524 9 22 525 21 137 526 18 28 527 351 115 528 21 137 529 352 138 530 351 115 531 18 28 532 21 137 533 358 116 534 18 28 535 351 115 536 351 115 537 352 138 538 238 139 539 212 135 540 161 140 541 22 136 542 160 141 543 161 140 544 212 135 545 160 141 546 212 135 547 211 142 548 160 141 549 211 142 550 144 143 551 160 141 552 144 143 553 159 144 554 145 145 555 144 143 556 211 142 557 143 146 558 213 147 559 144 143 560 144 143 561 146 148 562 159 144 563 146 148 564 144 143 565 213 147 566 143 146 567 144 143 568 145 145 569 159 144 570 146 148 571 188 149 572 157 150 573 159 144 574 188 149 575 159 144 576 157 150 577 162 151 578 196 152 579 146 148 580 213 147 581 146 148 582 196 152 583 147 153 584 196 152 585 213 147 586 197 154 587 195 155 588 194 156 589 213 147 590 194 156 591 197 154 592 213 147 593 147 153 594 196 152 595 177 157 596 176 158 597 147 153 598 177 157 599 173 159 600 147 153 601 176 158 602 147 153 603 173 159 604 150 160 605 177 157 606 191 161 607 176 158 608 192 162 609 191 161 610 177 157 611 176 158 612 199 163 613 198 164 614 191 161 615 199 163 616 176 158 617 176 158 618 198 164 619 173 159 620 173 159 621 198 164 622 174 165 623 171 166 624 175 167 625 173 159 626 150 160 627 173 159 628 175 167 629 173 168 630 174 168 631 171 168 632 157 150 633 188 149 634 150 160 635 175 167 636 151 169 637 150 160 638 149 170 639 157 150 640 150 160 641 149 170 642 150 160 643 151 169 644 156 171 645 162 151 646 157 150 647 156 171 648 157 150 649 149 170 650 152 172 651 149 172 652 151 172 653 149 170 654 153 173 655 156 171 656 149 174 657 152 174 658 153 174 659 170 175 660 151 169 661 175 167 662 170 175 663 166 176 664 151 169 665 166 176 666 152 177 667 151 169 668 170 175 669 175 167 670 171 166 671 179 178 672 166 176 673 170 175 674 179 178 675 170 175 676 180 179 677 167 180 678 153 173 679 166 176 680 153 181 681 152 181 682 166 181 683 156 171 684 153 173 685 155 182 686 155 182 687 153 173 688 167 180 689 165 183 690 169 184 691 167 180 692 163 185 693 167 180 694 169 184 695 155 182 696 167 180 697 163 185 698 155 182 699 163 185 700 352 138 701 352 138 702 162 151 703 155 182 704 161 140 705 162 151 706 352 138 707 234 186 708 238 139 709 169 184 710 165 183 711 234 186 712 169 184 713 259 43 714 234 186 715 165 183 716 181 187 717 259 43 718 165 183 719 258 112 720 259 43 721 181 187 722 258 112 723 181 187 724 257 113 725 181 187 726 180 179 727 257 113 728 181 187 729 179 178 730 180 179 731 36 188 732 105 189 733 199 163 734 190 190 735 36 188 736 199 163 737 190 190 738 199 163 739 191 161 740 36 188 741 37 191 742 105 189 743 35 192 744 36 188 745 190 190 746 36 188 747 35 192 748 37 191 749 105 189 750 37 191 751 103 193 752 103 193 753 37 191 754 38 194 755 39 195 756 37 191 757 34 196 758 38 194 759 37 191 760 39 195 761 37 191 762 35 192 763 34 196 764 193 197 765 35 192 766 190 190 767 33 198 768 35 192 769 193 197 770 33 198 771 34 196 772 35 192 773 190 190 774 192 162 775 193 197 776 190 190 777 191 161 778 192 162 779 33 198 780 193 197 781 194 156 782 193 197 783 192 162 784 197 154 785 193 197 786 197 154 787 194 156 788 33 198 789 194 156 790 32 199 791 29 200 792 34 196 793 33 198 794 34 196 795 41 201 796 40 202 797 29 200 798 41 201 799 34 196 800 40 202 801 39 195 802 34 196 803 39 195 804 102 203 805 38 194 806 100 204 807 102 203 808 39 195 809 39 195 810 40 202 811 100 204 812 103 193 813 38 194 814 102 203 815 102 203 816 107 205 817 103 193 818 100 204 819 108 206 820 102 203 821 108 206 822 107 205 823 102 203 824 101 207 825 108 206 826 100 204 827 100 204 828 40 202 829 101 207 830 101 207 831 40 202 832 99 208 833 98 209 834 99 209 835 40 209 836 98 96 837 40 202 838 41 201 839 98 96 840 41 201 841 52 92 842 52 92 843 41 201 844 49 210 845 99 208 846 110 95 847 101 207 848 98 211 849 110 211 850 99 211 851 101 207 852 110 95 853 109 109 854 101 207 855 109 109 856 108 206 857 107 205 858 108 206 859 109 109 860 143 146 861 32 199 862 194 156 863 31 212 864 32 199 865 143 146 866 143 213 867 194 213 868 195 213 869 145 145 870 31 212 871 143 146 872 26 214 873 31 212 874 145 145 875 28 215 876 31 212 877 26 214 878 29 200 879 31 212 880 28 215 881 29 200 882 28 215 883 44 216 884 46 217 885 47 217 886 28 217 887 45 218 888 28 215 889 47 219 890 44 216 891 28 215 892 45 218 893 46 120 894 53 93 895 47 219 896 49 210 897 45 218 898 47 219 899 26 214 900 24 134 901 57 220 902 24 134 903 23 124 904 57 220 905 46 120 906 57 220 907 23 124 908 5 123 909 46 120 910 23 124 911 19 133 912 22 136 913 20 221 914 19 222 915 20 222 916 21 222 917 161 223 918 20 223 919 22 223 920 20 221 921 161 140 922 352 138 923 352 224 924 21 224 925 20 224 926 24 225 927 26 225 928 25 225 929 24 226 930 25 226 931 212 226 932 25 227 933 26 214 934 145 145 935 211 228 936 212 228 937 25 228 938 145 145 939 211 142 940 25 227 941 46 229 942 28 229 943 27 229 944 46 230 945 27 230 946 57 230 947 28 231 948 26 231 949 27 231 950 26 214 951 57 220 952 27 232 953 30 233 954 29 200 955 33 198 956 29 234 957 30 234 958 31 234 959 33 198 960 32 199 961 30 233 962 30 233 963 32 199 964 31 212 965 45 218 966 42 235 967 44 216 968 44 216 969 42 235 970 29 200 971 43 236 972 42 235 973 45 218 974 49 210 975 41 201 976 42 235 977 43 236 978 49 210 979 42 235 980 29 237 981 42 237 982 41 237 983 49 238 984 43 238 985 45 238 986 47 239 987 48 239 988 49 239 989 47 240 990 50 240 991 48 240 992 50 241 993 49 241 994 48 241 995 51 242 996 49 242 997 50 242 998 51 243 999 52 243 1000 49 243 1001 50 244 1002 53 244 1003 51 244 1004 53 93 1005 50 245 1006 47 219 1007 51 246 1008 53 93 1009 52 92 1010 46 120 1011 58 9 1012 53 93 1013 353 247 1014 53 93 1015 58 9 1016 56 248 1017 53 248 1018 353 248 1019 54 249 1020 53 93 1021 56 250 1022 53 93 1023 54 249 1024 55 79 1025 58 9 1026 354 251 1027 353 247 1028 54 249 1029 71 75 1030 55 79 1031 54 252 1032 56 252 1033 356 252 1034 356 253 1035 71 75 1036 54 249 1037 356 253 1038 56 250 1039 69 254 1040 353 255 1041 69 255 1042 56 255 1043 356 253 1044 69 254 1045 71 75 1046 68 73 1047 71 75 1048 69 254 1049 69 254 1050 353 247 1051 70 8 1052 68 73 1053 69 254 1054 70 8 1055 70 8 1056 353 247 1057 354 251 1058 70 256 1059 354 256 1060 58 256 1061 0 15 1062 2 2 1063 5 123 1064 65 6 1065 61 257 1066 59 10 1067 62 11 1068 60 17 1069 61 257 1070 62 258 1071 61 258 1072 65 258 1073 61 257 1074 60 17 1075 59 10 1076 63 259 1077 355 259 1078 88 259 1079 355 260 1080 63 260 1081 64 260 1082 63 261 1083 88 261 1084 64 261 1085 74 262 1086 66 262 1087 67 262 1088 66 263 1089 75 263 1090 67 263 1091 75 69 1092 73 72 1093 67 264 1094 74 265 1095 67 265 1096 73 265 1097 77 62 1098 78 266 1099 81 58 1100 77 267 1101 76 267 1102 78 267 1103 76 268 1104 81 268 1105 78 268 1106 87 269 1107 89 269 1108 88 269 1109 88 270 1110 89 270 1111 85 270 1112 87 18 1113 90 33 1114 89 271 1115 89 271 1116 90 33 1117 85 56 1118 103 193 1119 107 205 1120 104 272 1121 103 193 1122 104 272 1123 105 189 1124 107 205 1125 120 106 1126 104 272 1127 107 205 1128 122 111 1129 120 106 1130 109 109 1131 122 111 1132 107 205 1133 104 272 1134 340 273 1135 106 274 1136 120 106 1137 340 273 1138 104 272 1139 105 189 1140 104 272 1141 106 274 1142 105 189 1143 203 275 1144 199 163 1145 105 189 1146 106 274 1147 203 275 1148 106 274 1149 340 273 1150 210 276 1151 210 276 1152 207 277 1153 106 274 1154 106 274 1155 207 277 1156 203 275 1157 203 275 1158 207 277 1159 206 278 1160 203 275 1161 201 279 1162 200 280 1163 200 280 1164 198 164 1165 203 275 1166 198 164 1167 199 163 1168 203 275 1169 322 281 1170 207 277 1171 210 276 1172 322 281 1173 208 282 1174 207 277 1175 207 277 1176 208 282 1177 206 278 1178 206 283 1179 359 283 1180 360 283 1181 209 284 1182 359 284 1183 206 284 1184 206 278 1185 208 282 1186 209 285 1187 323 286 1188 209 285 1189 208 282 1190 323 286 1191 208 282 1192 322 281 1193 359 287 1194 209 285 1195 323 286 1196 184 288 1197 198 164 1198 200 280 1199 174 165 1200 198 164 1201 184 288 1202 187 289 1203 200 280 1204 201 279 1205 184 288 1206 200 280 1207 187 289 1208 341 290 1209 187 289 1210 201 279 1211 342 291 1212 186 292 1213 187 289 1214 187 289 1215 341 290 1216 342 291 1217 186 292 1218 184 288 1219 187 289 1220 182 293 1221 184 288 1222 186 292 1223 182 293 1224 174 165 1225 184 288 1226 182 293 1227 172 294 1228 174 165 1229 172 294 1230 171 166 1231 174 165 1232 186 292 1233 183 295 1234 182 293 1235 178 296 1236 182 293 1237 183 295 1238 172 294 1239 182 293 1240 178 296 1241 186 292 1242 342 291 1243 185 297 1244 185 297 1245 183 295 1246 186 292 1247 185 297 1248 342 291 1249 343 298 1250 342 291 1251 348 299 1252 343 298 1253 341 290 1254 348 299 1255 342 291 1256 343 298 1257 256 300 1258 185 297 1259 185 297 1260 256 300 1261 245 301 1262 185 297 1263 242 302 1264 183 295 1265 245 301 1266 242 302 1267 185 297 1268 178 296 1269 183 295 1270 242 302 1271 178 296 1272 242 302 1273 257 113 1274 180 179 1275 178 296 1276 257 113 1277 180 179 1278 172 294 1279 178 296 1280 170 175 1281 172 294 1282 180 179 1283 170 175 1284 171 166 1285 172 294 1286 241 50 1287 257 113 1288 242 302 1289 244 303 1290 242 302 1291 245 301 1292 243 304 1293 242 302 1294 244 303 1295 242 302 1296 243 304 1297 241 50 1298 253 305 1299 245 301 1300 256 300 1301 253 305 1302 244 303 1303 245 301 1304 344 306 1305 256 300 1306 343 298 1307 348 299 1308 344 306 1309 343 298 1310 251 307 1311 244 303 1312 253 305 1313 243 304 1314 244 303 1315 249 308 1316 244 303 1317 251 307 1318 249 308 1319 243 304 1320 249 308 1321 330 309 1322 246 53 1323 241 50 1324 243 304 1325 243 304 1326 330 309 1327 246 53 1328 241 50 1329 247 51 1330 248 45 1331 246 53 1332 247 51 1333 241 50 1334 246 53 1335 330 309 1336 142 52 1337 330 309 1338 260 310 1339 139 311 1340 330 309 1341 249 308 1342 250 312 1343 330 309 1344 139 311 1345 142 52 1346 252 313 1347 250 312 1348 249 308 1349 249 308 1350 251 307 1351 252 313 1352 335 314 1353 250 312 1354 252 313 1355 139 311 1356 260 310 1357 337 315 1358 142 52 1359 139 311 1360 141 59 1361 133 63 1362 141 59 1363 139 311 1364 133 63 1365 139 311 1366 134 316 1367 137 317 1368 139 311 1369 337 315 1370 134 316 1371 139 311 1372 137 317 1373 337 315 1374 260 310 1375 339 318 1376 121 105 1377 134 316 1378 140 319 1379 127 103 1380 134 316 1381 121 105 1382 127 103 1383 133 63 1384 134 316 1385 133 63 1386 127 103 1387 132 65 1388 127 103 1389 130 102 1390 132 65 1391 132 65 1392 130 102 1393 131 64 1394 129 85 1395 131 64 1396 130 102 1397 128 76 1398 131 64 1399 129 85 1400 120 106 1401 140 319 1402 340 273 1403 121 105 1404 140 319 1405 120 106 1406 121 105 1407 117 108 1408 126 100 1409 120 106 1410 117 108 1411 121 105 1412 117 108 1413 118 98 1414 126 100 1415 126 100 1416 118 98 1417 119 97 1418 134 316 1419 137 317 1420 135 320 1421 134 316 1422 135 320 1423 140 319 1424 337 315 1425 138 321 1426 137 317 1427 135 320 1428 137 317 1429 138 321 1430 319 322 1431 135 320 1432 138 321 1433 136 323 1434 135 320 1435 319 322 1436 140 319 1437 135 320 1438 136 323 1439 140 319 1440 136 323 1441 340 273 1442 340 273 1443 136 323 1444 318 324 1445 136 323 1446 319 322 1447 318 324 1448 320 325 1449 319 322 1450 138 321 1451 318 324 1452 319 322 1453 314 326 1454 319 322 1455 320 325 1456 314 326 1457 336 327 1458 138 321 1459 337 315 1460 338 328 1461 320 325 1462 138 321 1463 338 328 1464 138 321 1465 336 327 1466 339 318 1467 336 327 1468 337 315 1469 309 329 1470 336 327 1471 264 330 1472 338 328 1473 336 327 1474 309 329 1475 264 330 1476 336 327 1477 339 318 1478 315 331 1479 338 328 1480 309 329 1481 320 325 1482 338 328 1483 315 331 1484 314 326 1485 320 325 1486 315 331 1487 314 326 1488 316 332 1489 317 333 1490 314 326 1491 317 333 1492 318 324 1493 314 326 1494 315 331 1495 316 332 1496 318 324 1497 322 281 1498 210 276 1499 317 333 1500 322 281 1501 318 324 1502 210 276 1503 340 273 1504 318 324 1505 317 333 1506 321 334 1507 322 281 1508 316 332 1509 321 334 1510 317 333 1511 310 335 1512 321 334 1513 316 332 1514 310 335 1515 324 336 1516 321 334 1517 321 334 1518 324 336 1519 323 286 1520 322 281 1521 321 334 1522 323 286 1523 312 337 1524 324 337 1525 310 337 1526 312 338 1527 360 338 1528 324 338 1529 324 336 1530 360 339 1531 359 287 1532 323 286 1533 324 336 1534 359 287 1535 188 340 1536 146 340 1537 148 340 1538 146 341 1539 147 341 1540 148 341 1541 188 342 1542 148 342 1543 150 342 1544 150 160 1545 148 343 1546 147 153 1547 162 151 1548 156 171 1549 154 344 1550 162 345 1551 154 345 1552 155 345 1553 155 182 1554 154 344 1555 156 171 1556 162 346 1557 161 346 1558 158 346 1559 162 151 1560 158 347 1561 159 144 1562 158 348 1563 161 348 1564 160 348 1565 160 349 1566 159 349 1567 158 349 1568 179 178 1569 164 350 1570 166 176 1571 181 187 1572 164 350 1573 179 178 1574 164 351 1575 181 351 1576 165 351 1577 166 176 1578 164 350 1579 167 180 1580 164 352 1581 165 352 1582 167 352 1583 238 139 1584 352 138 1585 168 353 1586 352 354 1587 163 354 1588 168 354 1589 169 184 1590 238 139 1591 168 353 1592 163 185 1593 169 184 1594 168 353 1595 196 152 1596 189 355 1597 177 157 1598 197 356 1599 192 356 1600 189 356 1601 196 357 1602 197 357 1603 189 357 1604 177 157 1605 189 355 1606 192 162 1607 206 278 1608 202 358 1609 203 275 1610 206 278 1611 205 359 1612 202 358 1613 204 360 1614 202 358 1615 205 359 1616 201 279 1617 202 358 1618 204 360 1619 202 358 1620 201 279 1621 203 275 1622 360 339 1623 205 359 1624 206 278 1625 205 359 1626 311 361 1627 313 362 1628 279 363 1629 205 359 1630 313 362 1631 205 359 1632 279 363 1633 280 364 1634 280 364 1635 204 360 1636 205 359 1637 205 359 1638 360 339 1639 311 361 1640 204 360 1641 280 364 1642 349 365 1643 341 290 1644 204 360 1645 349 365 1646 201 279 1647 204 360 1648 341 290 1649 280 364 1650 281 366 1651 346 367 1652 349 365 1653 280 364 1654 346 367 1655 279 363 1656 281 366 1657 280 364 1658 278 368 1659 281 366 1660 279 363 1661 346 367 1662 281 366 1663 347 369 1664 346 367 1665 345 370 1666 348 299 1667 346 367 1668 348 299 1669 349 365 1670 346 367 1671 347 369 1672 345 370 1673 349 365 1674 348 299 1675 341 290 1676 348 299 1677 345 370 1678 344 306 1679 345 370 1680 347 369 1681 350 371 1682 345 372 1683 350 372 1684 256 372 1685 344 306 1686 345 370 1687 256 300 1688 313 362 1689 311 361 1690 302 373 1691 311 361 1692 360 339 1693 312 374 1694 302 373 1695 311 361 1696 303 375 1697 310 335 1698 311 361 1699 312 374 1700 303 375 1701 311 361 1702 310 335 1703 302 373 1704 303 375 1705 304 376 1706 310 335 1707 305 377 1708 303 375 1709 304 376 1710 303 375 1711 305 377 1712 316 332 1713 305 377 1714 310 335 1715 316 378 1716 306 378 1717 305 378 1718 306 379 1719 304 379 1720 305 379 1721 304 376 1722 306 380 1723 307 381 1724 316 382 1725 315 382 1726 306 382 1727 306 383 1728 309 383 1729 308 383 1730 315 384 1731 309 384 1732 306 384 1733 307 381 1734 306 380 1735 308 385 1736 308 385 1737 265 386 1738 307 381 1739 308 385 1740 264 330 1741 263 387 1742 309 388 1743 264 388 1744 308 388 1745 263 387 1746 265 386 1747 308 385 1748 265 386 1749 263 387 1750 325 389 1751 261 390 1752 266 391 1753 263 387 1754 325 389 1755 263 387 1756 266 391 1757 263 387 1758 264 330 1759 261 390 1760 261 390 1761 264 330 1762 339 318 1763 261 390 1764 327 392 1765 266 391 1766 262 393 1767 327 392 1768 261 390 1769 261 390 1770 260 310 1771 262 393 1772 339 318 1773 260 310 1774 261 390 1775 326 394 1776 266 391 1777 327 392 1778 325 389 1779 266 391 1780 326 394 1781 327 392 1782 329 395 1783 328 396 1784 262 393 1785 329 395 1786 327 392 1787 327 392 1788 335 314 1789 326 394 1790 328 396 1791 335 314 1792 327 392 1793 262 393 1794 260 310 1795 330 309 1796 330 309 1797 329 395 1798 262 393 1799 330 309 1800 250 312 1801 329 395 1802 335 314 1803 329 395 1804 250 312 1805 328 396 1806 329 395 1807 335 314 1808 143 397 1809 195 397 1810 213 397 1811 215 398 1812 214 29 1813 217 399 1814 214 29 1815 218 48 1816 217 399 1817 214 400 1818 215 400 1819 216 400 1820 217 399 1821 216 31 1822 215 398 1823 218 48 1824 216 31 1825 217 399 1826 224 401 1827 225 401 1828 226 401 1829 224 49 1830 223 41 1831 225 402 1832 223 403 1833 226 403 1834 225 403 1835 229 404 1836 231 26 1837 232 35 1838 230 405 1839 229 405 1840 232 405 1841 231 406 1842 229 406 1843 227 406 1844 229 407 1845 230 407 1846 227 407 1847 259 408 1848 221 408 1849 233 408 1850 221 409 1851 236 409 1852 233 409 1853 234 410 1854 259 410 1855 233 410 1856 234 411 1857 233 411 1858 236 411 1859 235 412 1860 237 412 1861 351 412 1862 238 139 1863 235 413 1864 351 115 1865 234 414 1866 235 414 1867 238 414 1868 237 415 1869 235 415 1870 236 415 1871 235 416 1872 234 416 1873 236 416 1874 240 417 1875 239 34 1876 14 25 1877 239 34 1878 240 417 1879 237 37 1880 14 418 1881 357 418 1882 240 418 1883 357 419 1884 237 419 1885 240 419 1886 254 420 1887 334 421 1888 251 307 1889 331 422 1890 254 420 1891 333 423 1892 334 421 1893 254 420 1894 331 422 1895 254 420 1896 289 424 1897 333 423 1898 255 425 1899 289 424 1900 254 420 1901 254 420 1902 251 307 1903 255 425 1904 334 426 1905 326 426 1906 335 426 1907 331 427 1908 326 427 1909 334 427 1910 335 314 1911 252 313 1912 334 421 1913 251 307 1914 334 421 1915 252 313 1916 255 425 1917 251 307 1918 253 305 1919 289 424 1920 255 425 1921 350 371 1922 256 300 1923 350 371 1924 255 425 1925 256 300 1926 255 425 1927 253 305 1928 289 424 1929 350 371 1930 347 369 1931 289 424 1932 291 428 1933 333 423 1934 290 429 1935 289 429 1936 347 429 1937 291 428 1938 289 424 1939 290 430 1940 333 423 1941 291 428 1942 296 431 1943 332 432 1944 333 423 1945 296 431 1946 331 422 1947 333 423 1948 332 432 1949 331 422 1950 332 432 1951 299 433 1952 326 394 1953 331 422 1954 299 433 1955 269 434 1956 307 381 1957 267 435 1958 265 386 1959 270 436 1960 267 435 1961 270 436 1962 269 434 1963 267 435 1964 267 435 1965 307 381 1966 265 386 1967 301 437 1968 269 434 1969 276 438 1970 301 437 1971 307 381 1972 269 434 1973 273 439 1974 276 438 1975 269 434 1976 269 434 1977 272 440 1978 273 439 1979 268 441 1980 272 440 1981 269 434 1982 268 441 1983 269 434 1984 270 436 1985 301 437 1986 304 376 1987 307 381 1988 301 437 1989 276 438 1990 313 362 1991 301 437 1992 313 362 1993 302 373 1994 302 373 1995 304 376 1996 301 437 1997 313 362 1998 276 438 1999 279 363 2000 278 442 2001 279 442 2002 276 442 2003 278 443 2004 276 443 2005 275 443 2006 273 439 2007 275 444 2008 276 438 2009 273 439 2010 274 445 2011 275 444 2012 272 440 2013 274 445 2014 273 439 2015 268 441 2016 286 446 2017 272 440 2018 272 440 2019 286 446 2020 274 445 2021 292 447 2022 268 441 2023 271 448 2024 292 447 2025 286 446 2026 268 441 2027 268 441 2028 270 436 2029 271 448 2030 270 436 2031 265 386 2032 300 449 2033 271 448 2034 270 436 2035 300 449 2036 300 449 2037 265 386 2038 325 389 2039 300 449 2040 325 389 2041 298 450 2042 300 449 2043 297 451 2044 271 448 2045 298 450 2046 297 451 2047 300 449 2048 292 447 2049 271 448 2050 293 452 2051 271 448 2052 297 451 2053 293 452 2054 284 453 2055 292 447 2056 293 452 2057 292 447 2058 284 453 2059 286 446 2060 283 454 2061 274 445 2062 286 446 2063 286 446 2064 284 453 2065 283 454 2066 274 445 2067 283 454 2068 282 455 2069 277 456 2070 274 445 2071 282 455 2072 278 368 2073 274 445 2074 277 456 2075 275 444 2076 274 445 2077 278 368 2078 277 456 2079 281 366 2080 278 368 2081 347 369 2082 277 456 2083 290 430 2084 282 455 2085 290 430 2086 277 456 2087 347 369 2088 281 366 2089 277 456 2090 282 455 2091 291 428 2092 290 430 2093 287 457 2094 291 428 2095 282 455 2096 283 454 2097 287 457 2098 282 455 2099 283 454 2100 285 458 2101 287 457 2102 283 454 2103 284 453 2104 285 458 2105 285 458 2106 284 453 2107 293 452 2108 285 458 2109 293 452 2110 288 459 2111 287 457 2112 285 458 2113 288 459 2114 287 457 2115 288 459 2116 291 428 2117 291 428 2118 288 459 2119 296 431 2120 288 459 2121 294 460 2122 296 431 2123 288 459 2124 293 452 2125 294 460 2126 293 452 2127 295 461 2128 294 460 2129 296 431 2130 294 460 2131 332 432 2132 294 460 2133 295 461 2134 332 432 2135 332 432 2136 295 461 2137 299 433 2138 297 451 2139 295 461 2140 293 452 2141 297 451 2142 298 450 2143 295 461 2144 298 450 2145 326 394 2146 299 433 2147 326 462 2148 298 462 2149 325 462 2150 295 461 2151 298 450 2152 299 433 2153</p>
        </triangles>
      </mesh>
    </geometry>
  </library_geometries>
  <library_controllers>
    <controller id="model-armature_supermissileShape-skin" name="model-armature">
      <skin source="#supermissileShape-mesh">
        <bind_shape_matrix>1 0 0 0 0 1 0 0 0 0 1 0 0 0 0 1</bind_shape_matrix>
        <source id="model-armature_supermissileShape-skin-joints">
          <Name_array id="model-armature_supermissileShape-skin-joints-array" count="2">Rot RotX</Name_array>
          <technique_common>
            <accessor source="#model-armature_supermissileShape-skin-joints-array" count="2" stride="1">
              <param name="JOINT" type="name"/>
            </accessor>
          </technique_common>
        </source>
        <source id="model-armature_supermissileShape-skin-bind_poses">
          <float_array id="model-armature_supermissileShape-skin-bind_poses-array" count="32">1 0 0 0 0 -1.62921e-7 1 0 0 -1 -1.62921e-7 0 0 0 0 1 1 0 0 0 0 -1.62921e-7 1 0 0 -1 -1.62921e-7 0 0 0 0 1</float_array>
          <technique_common>
            <accessor source="#model-armature_supermissileShape-skin-bind_poses-array" count="2" stride="16">
              <param name="TRANSFORM" type="float4x4"/>
            </accessor>
          </technique_common>
        </source>
        <source id="model-armature_supermissileShape-skin-weights">
          <float_array id="model-armature_supermissileShape-skin-weights-array" count="361">1 1 1 1 1 1 1 1 1 1 1 1 1 1 1 1 1 1 1 1 1 1 1 1 1 1 1 1 1 1 1 1 1 1 1 1 1 1 1 1 1 1 1 1 1 1 1 1 1 1 1 1 1 1 1 1 1 1 1 1 1 1 1 1 1 1 1 1 1 1 1 1 1 1 1 1 1 1 1 1 1 1 1 1 1 1 1 1 1 1 1 1 1 1 1 1 1 1 1 1 1 1 1 1 1 1 1 1 1 1 1 1 1 1 1 1 1 1 1 1 1 1 1 1 1 1 1 1 1 1 1 1 1 1 1 1 1 1 1 1 1 1 1 1 1 1 1 1 1 1 1 1 1 1 1 1 1 1 1 1 1 1 1 1 1 1 1 1 1 1 1 1 1 1 1 1 1 1 1 1 1 1 1 1 1 1 1 1 1 1 1 1 1 1 1 1 1 1 1 1 1 1 1 1 1 1 1 1 1 1 1 1 1 1 1 1 1 1 1 1 1 1 1 1 1 1 1 1 1 1 1 1 1 1 1 1 1 1 1 1 1 1 1 1 1 1 1 1 1 1 1 1 1 1 1 1 1 1 1 1 1 1 1 1 1 1 1 1 1 1 1 1 1 1 1 1 1 1 1 1 1 1 1 1 1 1 1 1 1 1 1 1 1 1 1 1 1 1 1 1 1 1 1 1 1 1 1 1 1 1 1 1 1 1 1 1 1 1 1 1 1 1 1 1 1 1 1 1 1 1 1 1 1 1 1 1 1 1 1 1 1 1 1 1 1 1 1 1 1 1 1 1 1 1 1 1 1 1 1 1 1</float_array>
          <technique_common>
            <accessor source="#model-armature_supermissileShape-skin-weights-array" count="361" stride="1">
              <param name="WEIGHT" type="float"/>
            </accessor>
          </technique_common>
        </source>
        <joints>
          <input semantic="JOINT" source="#model-armature_supermissileShape-skin-joints"/>
          <input semantic="INV_BIND_MATRIX" source="#model-armature_supermissileShape-skin-bind_poses"/>
        </joints>
        <vertex_weights count="361">
          <input semantic="JOINT" source="#model-armature_supermissileShape-skin-joints" offset="0"/>
          <input semantic="WEIGHT" source="#model-armature_supermissileShape-skin-weights" offset="1"/>
          <vcount>1 1 1 1 1 1 1 1 1 1 1 1 1 1 1 1 1 1 1 1 1 1 1 1 1 1 1 1 1 1 1 1 1 1 1 1 1 1 1 1 1 1 1 1 1 1 1 1 1 1 1 1 1 1 1 1 1 1 1 1 1 1 1 1 1 1 1 1 1 1 1 1 1 1 1 1 1 1 1 1 1 1 1 1 1 1 1 1 1 1 1 1 1 1 1 1 1 1 1 1 1 1 1 1 1 1 1 1 1 1 1 1 1 1 1 1 1 1 1 1 1 1 1 1 1 1 1 1 1 1 1 1 1 1 1 1 1 1 1 1 1 1 1 1 1 1 1 1 1 1 1 1 1 1 1 1 1 1 1 1 1 1 1 1 1 1 1 1 1 1 1 1 1 1 1 1 1 1 1 1 1 1 1 1 1 1 1 1 1 1 1 1 1 1 1 1 1 1 1 1 1 1 1 1 1 1 1 1 1 1 1 1 1 1 1 1 1 1 1 1 1 1 1 1 1 1 1 1 1 1 1 1 1 1 1 1 1 1 1 1 1 1 1 1 1 1 1 1 1 1 1 1 1 1 1 1 1 1 1 1 1 1 1 1 1 1 1 1 1 1 1 1 1 1 1 1 1 1 1 1 1 1 1 1 1 1 1 1 1 1 1 1 1 1 1 1 1 1 1 1 1 1 1 1 1 1 1 1 1 1 1 1 1 1 1 1 1 1 1 1 1 1 1 1 1 1 1 1 1 1 1 1 1 1 1 1 1 1 1 1 1 1 1 1 1 1 1 1 1 1 1 1 1 1 1 1 1 1 1 1 1 </vcount>
          <v>1 0 1 1 1 2 1 3 1 4 1 5 1 6 1 7 1 8 1 9 1 10 1 11 1 12 1 13 1 14 1 15 1 16 1 17 1 18 1 19 1 20 1 21 1 22 1 23 1 24 1 25 1 26 1 27 1 28 1 29 1 30 1 31 1 32 1 33 1 34 1 35 1 36 1 37 1 38 1 39 1 40 1 41 1 42 1 43 1 44 1 45 1 46 1 47 1 48 1 49 1 50 1 51 1 52 1 53 1 54 1 55 1 56 1 57 1 58 1 59 1 60 1 61 1 62 1 63 1 64 1 65 1 66 1 67 1 68 1 69 1 70 1 71 1 72 1 73 1 74 1 75 1 76 1 77 1 78 1 79 1 80 1 81 1 82 1 83 1 84 1 85 1 86 1 87 1 88 1 89 1 90 1 91 1 92 1 93 1 94 1 95 1 96 1 97 1 98 1 99 1 100 1 101 1 102 1 103 1 104 1 105 1 106 1 107 1 108 1 109 1 110 1 111 1 112 1 113 1 114 1 115 1 116 1 117 1 118 1 119 1 120 1 121 1 122 1 123 1 124 1 125 1 126 1 127 1 128 1 129 1 130 1 131 1 132 1 133 1 134 1 135 1 136 1 137 1 138 1 139 1 140 1 141 1 142 1 143 1 144 1 145 1 146 1 147 1 148 1 149 1 150 1 151 1 152 1 153 1 154 1 155 1 156 1 157 1 158 1 159 1 160 1 161 1 162 1 163 1 164 1 165 1 166 1 167 1 168 1 169 1 170 1 171 1 172 1 173 1 174 1 175 1 176 1 177 1 178 1 179 1 180 1 181 1 182 1 183 1 184 1 185 1 186 1 187 1 188 1 189 1 190 1 191 1 192 1 193 1 194 1 195 1 196 1 197 1 198 1 199 1 200 1 201 1 202 1 203 1 204 1 205 1 206 1 207 1 208 1 209 1 210 1 211 1 212 1 213 1 214 1 215 1 216 1 217 1 218 1 219 1 220 1 221 1 222 1 223 1 224 1 225 1 226 1 227 1 228 1 229 1 230 1 231 1 232 1 233 1 234 1 235 1 236 1 237 1 238 1 239 1 240 1 241 1 242 1 243 1 244 1 245 1 246 1 247 1 248 1 249 1 250 1 251 1 252 1 253 1 254 1 255 1 256 1 257 1 258 1 259 1 260 1 261 1 262 1 263 1 264 1 265 1 266 1 267 1 268 1 269 1 270 1 271 1 272 1 273 1 274 1 275 1 276 1 277 1 278 1 279 1 280 1 281 1 282 1 283 1 284 1 285 1 286 1 287 1 288 1 289 1 290 1 291 1 292 1 293 1 294 1 295 1 296 1 297 1 298 1 299 1 300 1 301 1 302 1 303 1 304 1 305 1 306 1 307 1 308 1 309 1 310 1 311 1 312 1 313 1 314 1 315 1 316 1 317 1 318 1 319 1 320 1 321 1 322 1 323 1 324 1 325 1 326 1 327 1 328 1 329 1 330 1 331 1 332 1 333 1 334 1 335 1 336 1 337 1 338 1 339 1 340 1 341 1 342 1 343 1 344 1 345 1 346 1 347 1 348 1 349 1 350 1 351 1 352 1 353 1 354 1 355 1 356 1 357 1 358 1 359 1 360</v>
        </vertex_weights>
      </skin>
    </controller>
  </library_controllers>
  <library_visual_scenes>
    <visual_scene id="Scene" name="Scene">
      <node id="model-armature" name="model-armature" type="NODE">
        <matrix sid="transform">1 0 0 0 0 -1.62921e-7 -1 0 0 1 -1.62921e-7 0 0 0 0 1</matrix>
        <node id="model-armature_Rot" name="Rot" sid="Rot" type="JOINT">
          <matrix sid="transform">1 0 0 0 0 1 0 0 0 0 1 0 0 0 0 1</matrix>
          <node id="model-armature_RotX" name="RotX" sid="RotX" type="JOINT">
            <matrix sid="transform">1 0 0 0 0 1 0 0 0 0 1 0 0 0 0 1</matrix>
            <extra>
              <technique profile="blender">
                <layer sid="layer" type="string">0</layer>
                <tip_x sid="tip_x" type="float">0</tip_x>
                <tip_y sid="tip_y" type="float">9.99987e-4</tip_y>
                <tip_z sid="tip_z" type="float">0</tip_z>
              </technique>
            </extra>
          </node>
          <extra>
            <technique profile="blender">
              <layer sid="layer" type="string">0</layer>
              <tip_x sid="tip_x" type="float">0</tip_x>
              <tip_y sid="tip_y" type="float">9.99987e-4</tip_y>
              <tip_z sid="tip_z" type="float">0</tip_z>
            </technique>
          </extra>
        </node>
        <node id="supermissileShape" name="supermissileShape" type="NODE">
          <matrix sid="transform">1 0 0 0 0 1 0 0 0 0 1 0 0 0 0 1</matrix>
          <instance_controller url="#model-armature_supermissileShape-skin">
            <skeleton>#model-armature_Rot</skeleton>
            <bind_material>
              <technique_common>
                <instance_material symbol="met_supermissile_001-material" target="#met_supermissile_001-material">
                  <bind_vertex_input semantic="supermissileShape-mesh-map-0" input_semantic="TEXCOORD" input_set="0"/>
                </instance_material>
              </technique_common>
            </bind_material>
          </instance_controller>
        </node>
      </node>
    </visual_scene>
  </library_visual_scenes>
  <scene>
    <instance_visual_scene url="#Scene"/>
  </scene>
</COLLADA>