<?xml version="1.0" encoding="utf-8"?>
<COLLADA xmlns="http://www.collada.org/2005/11/COLLADASchema" version="1.4.1" xmlns:xsi="http://www.w3.org/2001/XMLSchema-instance">
  <asset>
    <contributor>
      <author>Blender User</author>
      <authoring_tool>Blender 2.80.75 commit date:2019-07-29, commit time:14:47, hash:f6cb5f54494e</authoring_tool>
    </contributor>
    <created>2019-11-15T00:10:58</created>
    <modified>2019-11-15T00:10:58</modified>
    <unit name="meter" meter="1"/>
    <up_axis>Z_UP</up_axis>
  </asset>
  <library_effects>
    <effect id="met_bomb_001-effect">
      <profile_COMMON>
        <newparam sid="met_bomb_001_col-surface">
          <surface type="2D">
            <init_from>met_bomb_001_col</init_from>
          </surface>
        </newparam>
        <newparam sid="met_bomb_001_col-sampler">
          <sampler2D>
            <source>met_bomb_001_col-surface</source>
          </sampler2D>
        </newparam>
        <technique sid="common">
          <lambert>
            <emission>
              <color sid="emission">0 0 0 1</color>
            </emission>
            <diffuse>
              <texture texture="met_bomb_001_col-sampler" texcoord="bomb_PBR_CheckShape-mesh-map-0"/>
            </diffuse>
            <index_of_refraction>
              <float sid="ior">1.45</float>
            </index_of_refraction>
          </lambert>
        </technique>
      </profile_COMMON>
    </effect>
  </library_effects>
  <library_images>
    <image id="met_bomb_001_col" name="met_bomb_001_col">
      <init_from>met_bomb_001_col.png</init_from>
    </image>
  </library_images>
  <library_materials>
    <material id="met_bomb_001-material" name="met_bomb_001">
      <instance_effect url="#met_bomb_001-effect"/>
    </material>
  </library_materials>
  <library_geometries>
    <geometry id="bomb_PBR_CheckShape-mesh" name="bomb_PBR_CheckShape">
      <mesh>
        <source id="bomb_PBR_CheckShape-mesh-positions">
          <float_array id="bomb_PBR_CheckShape-mesh-positions-array" count="1335">2.09268 0 0.501324 2.02478 0.515744 0.501324 2.08677 0.532354 0 1.82571 0.996341 0.501324 1.55442 1.45442 0 1.50904 1.40904 0.501324 1.12843 1.78129 0 1.09634 1.72571 0.501324 0.627976 1.92317 0.501324 0.18498 1.9883 0.506735 0.187856 2.05491 0 1.88839 0 0.968484 1.82745 0.462869 0.968484 1.64879 0.894194 0.968484 1.36458 1.26458 0.968484 0.99419 1.54879 0.968484 0.573846 1.726 0.968484 0.176024 1.77988 0.97235 1.51191 0.378322 1.36879 1.5609 0 1.36983 1.36506 0.730326 1.36941 1.13304 1.03304 1.36954 0.830326 1.26516 1.3698 0.487265 1.41098 1.3704 0.162241 1.45511 1.36356 0.184392 1.10459 1.63697 0.384039 1.0205 1.68093 2.0295 -0.504342 0.501324 1.83168 -0.452636 0.968484 1.51514 -0.370004 1.37126 0.628713 0.909869 1.67726 0.848414 0.74048 1.67583 1.01342 0.521473 1.67481 1.12248 0.27115 1.67131 1.15282 -0.003555893 1.67773 1.12254 -0.271422 1.68623 1.10448 -0.490019 1.62844 1.39935 -0.678351 1.35408 1.68602 -0.827341 0.961576 1.86704 -0.921742 0.497809 0.136636 1.70937 0.475567 0.128617 1.29037 1.24391 1.01461 0.1380299 1.49038 1.00658 -0.105689 1.49057 0.155374 1.00389 1.49401 0.364141 0.903944 1.53073 1.00417 -0.487214 1.3908 1.20873 -0.615851 1.1284 1.49203 -0.773405 0 -0.99597 -1.87507 0.501234 -0.515552 -2.07407 0.501234 0 -2.20618 0 0 -2.14194 0.501234 0.515553 -2.07407 0.501234 1.02809 -1.93071 0 0.995972 -1.87507 0.501234 1.44607 -1.61419 0 1.40089 -1.56845 0.501234 1.74023 -1.25308 0 1.68592 -1.21867 0.498612 -0.893874 -1.69824 0.968311 -0.462703 -1.87683 0.968311 0 -1.93775 0.968311 0.462704 -1.87683 0.968311 0.893875 -1.69824 0.968311 1.25729 -1.42305 0.968311 1.51062 -1.10753 0.966868 -0.37819 -1.56142 1.36854 -0.730218 -1.41474 1.36959 0 -1.61024 1.36916 0.377987 -1.56066 1.36931 0.730246 -1.41463 1.36957 1.02788 -1.19062 1.37017 1.23116 -0.930473 1.36644 0.926428 -0.776404 1.634 0.741324 -0.904989 1.68602 -1.40089 -1.56845 0.501234 -1.25729 -1.42305 0.968311 -1.02757 -1.1903 1.37104 0.523494 -1.06133 1.68234 0.268721 -1.16669 1.68082 -0.004392981 -1.20047 1.67987 -0.270625 -1.17109 1.67631 -0.521551 -1.06279 1.68225 -0.73759 -0.904507 1.69094 -0.921603 -0.776028 1.63894 -1.22974 -0.929737 1.3683 -1.50835 -1.10592 0.971556 -1.68323 -1.21671 0.5092 -1.73997 -1.25276 0 1.35124 -0.950061 0.380135 1.25141 -0.896931 0.766656 -0.307511 -1.0138 1.47276 -0.501081 -0.912455 1.48719 -0.084921 -1.05135 1.46357 0.399727 -0.953547 1.45906 -1.11305 -0.825404 1.18823 -1.45126 -1.02672 0.409083 -1.09597 1.72507 0.501234 -1.50852 1.40851 0.501234 -1.82507 0.995971 0.501234 -2.08612 0.532179 0 -2.02407 0.515552 0.501234 -2.15618 0 0 -2.09194 0 0.501234 -2.02886 -0.503984 0.501234 -1.86521 -0.924171 0.508633 -1.92511 -0.955456 0 -0.993874 1.54824 0.968311 -1.36413 1.26413 0.968311 -1.64824 0.893874 0.968311 -1.82683 0.462703 0.968311 -1.88775 0 0.968311 -1.83113 -0.452321 0.968311 -1.68318 -0.82881 0.969141 -1.13323 1.03323 1.36854 -0.830186 1.26476 1.36959 -1.36458 0.730162 1.36916 -1.51066 0.377985 1.36931 -1.56032 0 1.36957 -1.51515 -0.369857 1.37017 -1.38955 -0.674773 1.36853 -1.10889 -0.49298 1.63102 -1.12411 -0.271476 1.6858 -0.627968 1.92243 0.501234 -0.644995 1.98443 0 -0.573846 1.72537 0.968311 -0.487142 1.41005 1.37104 -1.15056 -0.008127987 1.68221 -1.11669 0.267494 1.68039 -1.01225 0.520137 1.67979 -0.849695 0.743651 1.67611 -0.633997 0.90476 1.68158 -0.381886 1.01724 1.69083 -0.182609 1.11214 1.64082 -0.1603879 1.45703 1.36513 -0.174168 1.7941 0.954965 -0.182498 1.99607 0.490952 -0.904655 0.431363 1.48159 -0.987009 -0.460052 1.45011 -0.343968 0.89046 1.51713 -0.155643 0.998406 1.4846 -0.128153 1.29136 1.22634 -0.132888 1.55494 0.832061 0.133674 1.57748 0.820426 -0.133121 1.70101 0.43045 -1.56352 -0.810576 0.428225 -1.60595 -0.835635 0 -1.48614 -1.04543 0 -1.31904 -0.948433 0.814774 -1.43707 -0.738612 0.81775 -1.22655 -0.621766 1.18286 -0.854103 -0.695549 1.44783 1.46285 -0.763028 0.379016 1.38339 -0.716262 0.752804 1.05818 -0.784587 1.16913 0.794256 -0.678017 1.44382 -0.51034 -0.643364 1.61655 -0.610276 -0.519521 1.62642 -0.67856 -0.758867 1.50148 -0.735418 -0.377592 1.61382 -0.980842 -0.255647 1.49987 -0.747085 -0.254779 1.63175 -1.01464 -0.003222942 1.48901 -0.751959 -0.04183089 1.64559 -0.99134 0.2061499 1.48163 -0.741766 0.183055 1.63422 -0.391172 -0.736541 1.61009 -0.248323 -0.793171 1.61038 -0.733296 0.3733 1.59777 -0.777254 0.62626 1.48161 -0.589684 0.478687 1.63059 -0.558628 0.799389 1.4988 -0.460086 0.575438 1.6424 -0.279157 0.664457 1.65307 -0.09415096 0.714812 1.65742 0.1340489 0.73716 1.6493 0.346602 0.70496 1.63424 0.608925 0.787364 1.5215 0.517402 0.621702 1.62277 0.822223 0.591087 1.50968 0.687436 0.515152 1.59685 0.93968 0.395343 1.50116 0.690157 0.353521 1.63907 -0.537664 0.244563 1.70888 -0.363341 0.303455 1.74758 -0.214944 0.355413 1.76365 -0.0381639 0.38638 1.77093 0.137771 0.403896 1.7624 0.51553 0.390948 1.69385 0.329102 0.403984 1.73667 0.719054 0.09808897 1.65954 0.524556 0.08588695 1.73332 0.335463 0.06941497 1.78063 0.155212 0.05904597 1.80554 -0.00365597 0.03992789 1.81272 -0.169221 0.0248019 1.80519 -0.32431 0.01044899 1.78394 -0.52012 -0.02414995 1.7362 0.685524 -0.512428 1.57578 0.943315 -0.351575 1.47951 0.603498 -0.81829 1.46791 0.47664 -0.647389 1.60652 -0.525891 -0.299873 1.70926 -0.442458 -0.484604 1.69019 -0.04306691 -0.827026 1.60722 0.340919 -0.767737 1.5887 0.166113 -0.79979 1.60689 0.174966 -1.03596 1.46091 -0.27197 -0.517421 1.71649 -0.320956 -0.246286 1.76744 0.73267 -0.119978 1.64659 -0.149784 -0.219998 1.7935 -0.01035493 -0.204087 1.80166 0.143449 -0.188073 1.79779 0.332724 -0.1594949 1.77467 0.531845 -0.136089 1.72531 -0.134124 -0.535105 1.72715 0.05969697 -0.542599 1.72734 0.241696 -0.547515 1.70595 0.502828 -0.434344 1.6767 0.679776 -0.290596 1.64384 2.09268 0 -0.501324 2.02478 0.515744 -0.501324 2.15686 0 0 1.88129 1.02843 0 1.82571 0.996341 -0.501324 1.50904 1.40904 -0.501324 1.09634 1.72571 -0.501324 0.644979 1.9851 0 0.627976 1.92317 -0.501324 0.18498 1.9883 -0.506735 1.88839 0 -0.968484 1.82745 0.462869 -0.968484 1.64879 0.894194 -0.968484 1.36458 1.26458 -0.968484 0.99419 1.54879 -0.968484 0.573846 1.726 -0.968484 0.176024 1.77988 -0.97235 1.5609 0 -1.36983 1.51191 0.378322 -1.36879 1.36506 0.730326 -1.36941 1.13304 1.03304 -1.36954 0.830326 1.26516 -1.3698 0.487265 1.41098 -1.3704 0.162241 1.45511 -1.36356 0.384039 1.0205 -1.68093 0.184392 1.10459 -1.63697 2.0295 -0.504342 -0.501324 2.09164 -0.520585 0 1.83168 -0.452636 -0.968484 1.51514 -0.370004 -1.37126 0.628713 0.909869 -1.67726 0.848414 0.74048 -1.67583 1.01342 0.521473 -1.67481 1.12248 0.27115 -1.67131 1.15282 -0.003555893 -1.67773 1.12254 -0.271422 -1.68623 1.39935 -0.678351 -1.35408 1.10448 -0.490019 -1.62844 1.68602 -0.827341 -0.961576 1.86704 -0.921742 -0.497809 1.92385 -0.951389 0 0.137812 1.77235 0 0.133674 1.57748 -0.820426 1.01461 0.1380299 -1.49038 0.822223 0.591087 -1.50968 0.93968 0.395343 -1.50116 0.364141 0.903944 -1.53073 0.943315 -0.351575 -1.47951 1.20873 -0.615851 -1.1284 1.38339 -0.716262 -0.752804 -0.99597 -1.87507 -0.501234 -0.515552 -2.07407 -0.501234 -1.02809 -1.9307 0 -0.532179 -2.13612 0 0 -2.14194 -0.501234 0.53218 -2.13612 0 0.515553 -2.07407 -0.501234 0.995972 -1.87507 -0.501234 1.40089 -1.56845 -0.501234 1.68592 -1.21867 -0.498612 -0.893874 -1.69824 -0.968311 -0.462703 -1.87683 -0.968311 0 -1.93775 -0.968311 0.462704 -1.87683 -0.968311 0.893875 -1.69824 -0.968311 1.25729 -1.42305 -0.968311 1.51062 -1.10753 -0.966868 -0.730218 -1.41474 -1.36959 -0.37819 -1.56142 -1.36854 0 -1.61024 -1.36916 0.377987 -1.56066 -1.36931 0.730246 -1.41463 -1.36957 1.02788 -1.19062 -1.37017 1.23116 -0.930473 -1.36644 0.741324 -0.904989 -1.68602 0.926428 -0.776404 -1.634 -1.40089 -1.56845 -0.501234 -1.44607 -1.61419 0 -1.25729 -1.42305 -0.968311 -1.02757 -1.1903 -1.37104 0.523494 -1.06133 -1.68234 0.268721 -1.16669 -1.68082 -0.004392981 -1.20047 -1.67987 -0.270625 -1.17109 -1.67631 -0.521551 -1.06279 -1.68225 -0.73759 -0.904507 -1.69094 -1.22974 -0.929737 -1.3683 -0.921603 -0.776028 -1.63894 -1.50835 -1.10592 -0.971556 -1.68323 -1.21671 -0.5092 1.35124 -0.950061 -0.380135 1.39198 -0.973689 0 1.05818 -0.784587 -1.16913 -0.501081 -0.912455 -1.48719 0.174966 -1.03596 -1.46091 -0.084921 -1.05135 -1.46357 0.794256 -0.678017 -1.44382 0.603498 -0.81829 -1.46791 0.399727 -0.953547 -1.45906 -0.854103 -0.695549 -1.44783 -1.09597 1.72507 -0.501234 -1.50852 1.40851 -0.501234 -1.12809 1.7807 0 -1.55394 1.45394 0 -1.88071 1.02809 0 -1.82507 0.995971 -0.501234 -2.02407 0.515552 -0.501234 -2.09194 0 -0.501234 -2.09107 -0.520238 0 -2.02886 -0.503984 -0.501234 -1.86521 -0.924171 -0.508633 -0.993874 1.54824 -0.968311 -1.36413 1.26413 -0.968311 -1.64824 0.893874 -0.968311 -1.82683 0.462703 -0.968311 -1.88775 0 -0.968311 -1.83113 -0.452321 -0.968311 -1.68318 -0.82881 -0.969141 -0.830186 1.26476 -1.36959 -1.13323 1.03323 -1.36854 -1.36458 0.730162 -1.36916 -1.51066 0.377985 -1.36931 -1.56032 0 -1.36957 -1.51515 -0.369857 -1.37017 -1.38955 -0.674773 -1.36853 -1.12411 -0.271476 -1.6858 -1.10889 -0.49298 -1.63102 -0.627968 1.92243 -0.501234 -0.573846 1.72537 -0.968311 -0.487142 1.41005 -1.37104 -1.15056 -0.008127987 -1.68221 -1.11669 0.267494 -1.68039 -1.01225 0.520137 -1.67979 -0.849695 0.743651 -1.67611 -0.633997 0.90476 -1.68158 -0.381886 1.01724 -1.69083 -0.1603879 1.45703 -1.36513 -0.182609 1.11214 -1.64082 -0.174168 1.7941 -0.954965 -0.182498 1.99607 -0.490952 -0.185018 2.05789 0 -1.56352 -0.810576 -0.428225 -0.904655 0.431363 -1.48159 -0.987009 -0.460052 -1.45011 -0.343968 0.89046 -1.51713 -1.01464 -0.003222942 -1.48901 -0.128153 1.29136 -1.22634 -0.133121 1.70101 -0.43045 -0.132326 1.75012 0 0.155374 1.00389 -1.49401 -0.155643 0.998406 -1.4846 0.128617 1.29037 -1.24391 -0.132888 1.55494 -0.832061 0.136636 1.70937 -0.475567 -1.45126 -1.02672 -0.409083 -1.31904 -0.948433 -0.814774 -1.43707 -0.738612 -0.81775 -1.22655 -0.621766 -1.18286 -1.11305 -0.825404 -1.18823 1.46285 -0.763028 -0.379016 1.25141 -0.896931 -0.766656 1.00417 -0.487214 -1.3908 -0.610276 -0.519521 -1.62642 -0.67856 -0.758867 -1.50148 -0.51034 -0.643364 -1.61655 -0.735418 -0.377592 -1.61382 -0.980842 -0.255647 -1.49987 -0.747085 -0.254779 -1.63175 -0.751959 -0.04183089 -1.64559 -0.99134 0.2061499 -1.48163 -0.741766 0.183055 -1.63422 -0.391172 -0.736541 -1.61009 -0.307511 -1.0138 -1.47276 -0.248323 -0.793171 -1.61038 -0.733296 0.3733 -1.59777 -0.589684 0.478687 -1.63059 -0.777254 0.62626 -1.48161 -0.460086 0.575438 -1.6424 -0.558628 0.799389 -1.4988 -0.279157 0.664457 -1.65307 -0.09415096 0.714812 -1.65742 0.1340489 0.73716 -1.6493 0.346602 0.70496 -1.63424 0.517402 0.621702 -1.62277 0.608925 0.787364 -1.5215 0.687436 0.515152 -1.59685 0.690157 0.353521 -1.63907 -0.537664 0.244563 -1.70888 -0.363341 0.303455 -1.74758 -0.214944 0.355413 -1.76365 -0.0381639 0.38638 -1.77093 0.137771 0.403896 -1.7624 0.51553 0.390948 -1.69385 0.329102 0.403984 -1.73667 0.719054 0.09808897 -1.65954 0.524556 0.08588695 -1.73332 0.335463 0.06941497 -1.78063 0.155212 0.05904597 -1.80554 -0.00365597 0.03992789 -1.81272 -0.169221 0.0248019 -1.80519 -0.32431 0.01044899 -1.78394 -0.52012 -0.02414995 -1.7362 0.685524 -0.512428 -1.57578 0.47664 -0.647389 -1.60652 -0.525891 -0.299873 -1.70926 -0.442458 -0.484604 -1.69019 -0.04306691 -0.827026 -1.60722 0.340919 -0.767737 -1.5887 0.166113 -0.79979 -1.60689 -0.27197 -0.517421 -1.71649 -0.320956 -0.246286 -1.76744 1.00658 -0.105689 -1.49057 0.73267 -0.119978 -1.64659 -0.149784 -0.219998 -1.7935 -0.01035493 -0.204087 -1.80166 0.143449 -0.188073 -1.79779 0.332724 -0.1594949 -1.77467 0.531845 -0.136089 -1.72531 -0.134124 -0.535105 -1.72715 0.05969697 -0.542599 -1.72734 0.241696 -0.547515 -1.70595 0.502828 -0.434344 -1.6767 0.679776 -0.290596 -1.64384</float_array>
          <technique_common>
            <accessor source="#bomb_PBR_CheckShape-mesh-positions-array" count="445" stride="3">
              <param name="X" type="float"/>
              <param name="Y" type="float"/>
              <param name="Z" type="float"/>
            </accessor>
          </technique_common>
        </source>
        <source id="bomb_PBR_CheckShape-mesh-normals">
          <float_array id="bomb_PBR_CheckShape-mesh-normals-array" count="1335">0.9646285 0.002990901 0.2635965 0.8282492 -0.2150658 0.5174459 0.9345379 -0.2379911 0.2645736 0.8565182 0.002990841 0.5161083 0.9999954 0.003082394 0 0.9317862 0.2496482 0.2635346 0.3222477 -0.8522672 0.4120644 0.1843075 -0.8082794 0.5592094 0.6770156 -0.1820797 0.7130897 0.4065455 -0.8889006 0.2111314 0.9693439 -0.2457083 0 0.9659304 0.2588022 0 0.8354087 0.4823293 0.2635354 0.8272196 0.2216295 0.5163217 0.8660317 0.4999893 0 0.6981309 0.004791498 0.7159543 0.6736243 0.1810106 0.7165651 -0.2046927 -0.5867634 0.7834601 -0.1242127 -0.06155699 0.9903444 -0.09924906 0.02728432 0.9946885 0.1524437 -0.8993413 0.4098125 0.02884083 -0.7458342 0.665507 0.2205302 -0.9402595 0.2593809 0.2973803 -0.946435 0.1258007 0.4277597 -0.9038926 0 0.3243556 -0.9459353 0 -0.2455855 0.01901322 0.9691885 -0.2618221 -0.04571735 0.9640327 -0.08096796 -0.02130252 0.9964891 0.6038632 0.3484132 0.7169083 0.7415109 0.4282067 0.5165276 0.6821103 0.6821103 0.2635357 0.7071068 0.7071068 0 0.6055395 0.6054479 0.5164833 -0.08646154 -0.05951291 0.9944761 -0.05701011 -0.07013344 0.9959072 0.4939569 0.4931939 0.7160772 -0.2219351 -0.1427379 0.9645573 -0.1852818 -0.1941934 0.9633067 -0.1214047 -0.2393913 0.963303 -0.03164827 -0.08688777 0.9957153 0.3543583 0.6030591 0.7146678 0.4308143 0.7402218 0.5162081 0.4848892 0.8339068 0.2635944 0.5026751 0.8644755 0 0.2295044 0.8249343 0.5165376 0.2615191 0.9284554 0.2637775 0.2717088 0.9623795 0 0.1819579 0.6770472 0.7130908 -0.1339461 -0.08099633 0.9876731 -0.1446595 -0.1734387 0.9741626 -0.5828204 0.05502563 0.8107359 -0.6029102 0.5568259 0.5713531 -0.5710743 0.7059689 0.4189059 -0.5575929 0.8013834 0.216506 -0.5557562 0.8313453 0 -0.6932673 0.698364 0.1779556 -0.6972732 0.7168055 0 -0.6892415 0.6477966 0.3245087 -0.6795694 0.5351224 0.5018261 -0.4359947 0.2530942 0.8636272 -0.09378588 -0.2982043 0.9498835 -0.4796631 -0.8369154 0.2636209 -0.5966202 -0.6143214 0.5163851 -0.6704385 -0.6935413 0.2636525 -0.425626 -0.7433654 0.5159945 -0.4972527 -0.8676058 0 -0.2496462 -0.9317786 0.2635629 -0.9720969 0.08685755 0.2179069 -0.8970066 0.1479548 0.4165197 -0.4945663 -0.5018604 0.7096058 -0.9976186 0.06897383 0 -0.6948559 -0.7191491 0 -0.2588022 -0.9659304 0 0 -0.9646427 0.2635616 -0.2216578 -0.8272724 0.516225 0 -1 0 -0.3451724 -0.6113612 0.7121052 -0.1808875 -0.6761845 0.714181 -0.7837101 0.2519689 0.5677237 -0.3753239 0.4787532 0.7936798 0.01580864 0.1434072 0.9895376 -0.9104458 0.2576727 0.3235635 -0.8151174 0.3253389 0.4793103 -0.9570722 0.2397564 0.1628792 -0.9781441 0.2079281 0 -0.5155314 0.3111439 0.798384 -0.007568717 0.1744175 0.9846428 0.1862578 0.1758813 0.9666302 0.08340793 0.07889115 0.9933878 0.02493393 0.09408968 0.9952515 -3.05192e-5 -0.6997135 0.7144237 6.10384e-5 -0.8563382 0.5164154 0.2496462 -0.9317786 0.2635629 0.2588022 -0.9659304 0 0.2215701 -0.8271951 0.5163865 -0.009491384 0.1127676 0.9935761 -0.0328685 0.09842252 0.9946018 0.1807358 -0.676737 0.7136959 0.03122085 0.2420152 0.96977 0.1361459 0.2395448 0.9612922 -0.04355096 0.2537065 0.9663003 -0.118199 0.2007826 0.9724791 -0.06406027 0.08459985 0.9943537 0.3462365 -0.610591 0.7122493 0.4256185 -0.7432913 0.5161075 0.4796753 -0.8369063 0.2636276 0.4972757 -0.8675926 0 0.5980504 -0.6122112 0.5172361 0.6706264 -0.6929053 0.2648446 0.6946387 -0.7193589 0 0.4962802 -0.500675 0.7092465 -0.01043748 0.1704791 0.985306 -0.09439492 0.184853 0.9782224 0.4186961 0.2052127 0.8846363 0.3773432 0.4813842 0.7911267 0.7862427 0.2495577 0.5652817 0.8978655 0.1485659 0.4144464 0.9726084 0.08871859 0.2148534 0.9973521 0.07272613 0 0.9315476 0.2145217 0.2935979 0.9686682 0.2014854 0.1452087 0.8329344 0.2772989 0.4788793 0.9717961 0.2358227 0 -0.4849444 0.8338662 0.2636217 -0.2311844 0.8235051 0.5180668 -0.2650874 0.9271652 0.2647517 -0.4309321 0.7403059 0.5159893 -0.502734 0.8644412 0 -0.6821048 0.6821048 0.2635641 0.5714018 0.708797 0.4136506 0.6056284 0.5600019 0.5653427 -0.1856487 0.6818006 0.7075893 0.5571657 0.8030316 0.2114397 -0.2755917 0.9612748 0 -0.7071068 0.7071068 0 -0.835402 0.4823254 0.2635638 -0.6055985 0.6055985 0.5162374 -0.8660317 0.4999893 0 -0.3565925 0.604901 0.7119948 -0.495577 0.4945699 0.7140058 0.593318 0.08075302 0.8009076 0.139288 -0.08374369 0.9867047 0.6568726 0.6707285 0.3444439 0.6559545 0.5577124 0.5086066 0.6455769 0.7442767 0.1711223 0.6381229 0.7699346 0 0.5556084 0.8314442 0 0.4155536 0.2488255 0.8748721 0.1194834 -0.1527495 0.9810155 0.02240121 -0.1004698 0.9946879 0.05630785 -0.07077395 0.9959018 -0.6056846 0.3494756 0.7148519 -0.7416514 0.4280953 0.5164183 -0.9317786 0.2496462 0.2635629 -0.9659304 0.2588022 0 -0.8271631 0.2216917 0.5163856 0.09863901 -0.04553508 0.994081 -0.6757868 0.1817724 0.7143326 0.1761258 -0.1908666 0.9656861 0.07541334 -0.2568814 0.9634962 0.2103049 -0.1095929 0.9714738 0.09656333 -0.02328628 0.9950544 -0.7002618 0.004303157 0.7138732 -0.8565182 0.003021359 0.5161082 -0.9646206 0.003021359 0.2636249 -0.9999951 0.003143429 0 -0.8300993 -0.2098214 0.5166337 -0.9357247 -0.2341448 0.2638096 -0.9702573 -0.242076 0 -0.6803402 -0.175548 0.7115617 0.1024204 0.00979644 0.994693 0.2499526 -0.04620611 0.967155 0.2512312 0.03045779 0.9674478 0.1385857 -0.08349931 0.9868242 0.2238015 -0.5696517 0.7908285 -0.1756381 -0.8032966 0.569092 -0.3228626 -0.8495629 0.4171364 -0.4127407 -0.8844442 0.2177234 -0.4410626 -0.8974764 0 -0.2929225 -0.93947 0.1777433 -0.313553 -0.9495707 0 -0.1507054 -0.856378 0.493867 -0.2356953 -0.9144906 0.3288687 -0.01040703 -0.5537402 0.8326245 0.1820137 -0.08059996 0.9799872 0.0498991 0.4130184 0.9093547 -0.06833261 0.4131392 0.9081006 0.07364183 0.2285552 0.9707416 -0.02734529 0.2238592 0.9742379 -0.1801564 0.3862544 0.9046277 0.177742 0.3785259 0.9083645 0.1774091 0.21977 0.9592848 0.2767477 0.3323841 0.9016273 0.08691698 0.04861611 0.9950287 0.1865029 0.05096703 0.9811316 -0.1254348 0.2127508 0.9690219 -0.004791438 0.03854519 0.9992454 -0.2791556 0.3478534 0.8950253 -0.215922 0.1835718 0.958999 -0.09311383 0.02914571 0.9952288 0.09006118 -0.1250968 0.9880486 -0.00225836 -0.1277822 0.9917998 0.1922099 -0.1144164 0.9746611 0.3054019 -0.09515768 0.9474571 0.293715 0.05020374 0.9545738 0.2774794 0.2052407 0.9385529 0.3748097 0.2788259 0.8841798 0.3921737 0.1749674 0.9030982 0.4393876 -0.08740752 0.8940349 0.420253 0.04278826 0.9063977 0.2893802 -0.2590749 0.9214876 0.4111207 -0.1956875 0.8903293 0.1606518 -0.3079972 0.9377254 0.04580891 -0.3040604 0.9515508 -0.05994009 -0.2984493 0.9525415 -0.08377593 -0.1313253 0.9877932 -0.1866226 0.01733464 0.9822788 -0.3159049 0.1511924 0.936667 -0.3536308 0.298787 0.8863812 -0.4389263 0.2377441 0.8664996 -0.4396335 0.1224137 0.8897963 -0.2990535 -0.003296017 0.9542307 -0.1793322 -0.1369407 0.9742111 -0.1490865 -0.2838901 0.9471957 -0.114539 -0.4456737 0.8878377 -0.002960383 -0.4710993 0.8820752 0.118902 -0.4621493 0.8787949 0.2993066 -0.3862877 0.8724663 0.221877 -0.4547412 0.8625434 0.4209479 -0.3189535 0.8491593 -0.2107636 -0.4068172 0.8888636 -0.2383565 -0.2639318 0.9346262 -0.292464 -0.1543347 0.9437403 -0.4224444 -0.1183223 0.8986327 -0.4351976 -0.001281738 0.9003341 -0.4168668 -0.2171162 0.8826565 -0.3486531 -0.2858443 0.8925997 -0.281937 -0.3597 0.8894535 0.9646285 0.002990901 -0.2635965 0.8282492 -0.2150658 -0.5174459 0.8565182 0.002990841 -0.5161083 0.9345379 -0.2379911 -0.2645736 0.9317862 0.2496482 -0.2635346 0.3222477 -0.8522672 -0.4120644 0.1843075 -0.8082794 -0.5592094 0.6770156 -0.1820797 -0.7130897 0.6981309 0.004791498 -0.7159543 0.6736243 0.1810106 -0.7165651 0.8272196 0.2216295 -0.5163217 0.8354087 0.4823293 -0.2635354 0.4065455 -0.8889006 -0.2111314 0.2205302 -0.9402595 -0.2593809 0.1524437 -0.8993413 -0.4098125 0.02884083 -0.7458342 -0.665507 -0.2046927 -0.5867634 -0.7834601 -0.1242127 -0.06155699 -0.9903444 -0.09924906 0.02728432 -0.9946885 -0.08096796 -0.02130252 -0.9964891 0.6038632 0.3484132 -0.7169083 0.7415109 0.4282067 -0.5165276 0.6821103 0.6821103 -0.2635357 0.6055395 0.6054479 -0.5164833 -0.08646154 -0.05951291 -0.9944761 -0.05701011 -0.07013344 -0.9959072 0.4939569 0.4931939 -0.7160772 -0.2219351 -0.1427379 -0.9645573 -0.2618221 -0.04571735 -0.9640327 -0.2455855 0.01901322 -0.9691885 -0.09378588 -0.2982043 -0.9498835 -0.1852818 -0.1941934 -0.9633067 -0.1214047 -0.2393913 -0.963303 -0.03164827 -0.08688777 -0.9957153 0.3543583 0.6030591 -0.7146678 0.4308143 0.7402218 -0.5162081 0.4848892 0.8339068 -0.2635944 0.2295044 0.8249343 -0.5165376 0.2615191 0.9284554 -0.2637775 0.1819579 0.6770472 -0.7130908 -0.1339461 -0.08099633 -0.9876731 -0.1446595 -0.1734387 -0.9741626 -0.5828204 0.05502563 -0.8107359 -0.6029102 0.5568259 -0.5713531 -0.5710743 0.7059689 -0.4189059 -0.5575929 0.8013834 -0.216506 -0.6932673 0.698364 -0.1779556 -0.6892415 0.6477966 -0.3245087 -0.6795694 0.5351224 -0.5018261 -0.4359947 0.2530942 -0.8636272 0.2973803 -0.946435 -0.1258007 -0.4796631 -0.8369154 -0.2636209 -0.5966202 -0.6143214 -0.5163851 -0.425626 -0.7433654 -0.5159945 -0.6704385 -0.6935413 -0.2636525 -0.2496462 -0.9317786 -0.2635629 -0.9720969 0.08685755 -0.2179069 -0.8970066 0.1479548 -0.4165197 -0.4945663 -0.5018604 -0.7096058 -0.3451724 -0.6113612 -0.7121052 -0.1808875 -0.6761845 -0.714181 -0.2216578 -0.8272724 -0.516225 0 -0.9646427 -0.2635616 -0.9570722 0.2397564 -0.1628792 -0.9104458 0.2576727 -0.3235635 -0.8151174 0.3253389 -0.4793103 -0.7837101 0.2519689 -0.5677237 -0.3753239 0.4787532 -0.7936798 0.01580864 0.1434072 -0.9895376 0.08340793 0.07889115 -0.9933878 0.02493393 0.09408968 -0.9952515 -3.05192e-5 -0.6997135 -0.7144237 6.10384e-5 -0.8563382 -0.5164154 0.2496462 -0.9317786 -0.2635629 0.2215701 -0.8271951 -0.5163865 -0.009491384 0.1127676 -0.9935761 -0.0328685 0.09842252 -0.9946018 0.1807358 -0.676737 -0.7136959 0.03122085 0.2420152 -0.96977 0.1361459 0.2395448 -0.9612922 0.1862578 0.1758813 -0.9666302 -0.007568717 0.1744175 -0.9846428 -0.5155314 0.3111439 -0.798384 -0.04355096 0.2537065 -0.9663003 -0.118199 0.2007826 -0.9724791 -0.06406027 0.08459985 -0.9943537 0.3462365 -0.610591 -0.7122493 0.4256185 -0.7432913 -0.5161075 0.4796753 -0.8369063 -0.2636276 0.5980504 -0.6122112 -0.5172361 0.6706264 -0.6929053 -0.2648446 0.4962802 -0.500675 -0.7092465 -0.01043748 0.1704791 -0.985306 -0.09439492 0.184853 -0.9782224 0.4186961 0.2052127 -0.8846363 0.3773432 0.4813842 -0.7911267 0.7862427 0.2495577 -0.5652817 0.8978655 0.1485659 -0.4144464 0.9726084 0.08871859 -0.2148534 0.9315476 0.2145217 -0.2935979 0.9686682 0.2014854 -0.1452087 0.8329344 0.2772989 -0.4788793 -0.4849444 0.8338662 -0.2636217 -0.2311844 0.8235051 -0.5180668 -0.4309321 0.7403059 -0.5159893 -0.2650874 0.9271652 -0.2647517 -0.6821048 0.6821048 -0.2635641 0.5714018 0.708797 -0.4136506 0.6056284 0.5600019 -0.5653427 -0.1856487 0.6818006 -0.7075893 -0.3565925 0.604901 -0.7119948 -0.495577 0.4945699 -0.7140058 -0.6055985 0.6055985 -0.5162374 -0.835402 0.4823254 -0.2635638 0.5571657 0.8030316 -0.2114397 0.6455769 0.7442767 -0.1711223 0.6568726 0.6707285 -0.3444439 0.6559545 0.5577124 -0.5086066 0.593318 0.08075302 -0.8009076 0.139288 -0.08374369 -0.9867047 0.02240121 -0.1004698 -0.9946879 0.05630785 -0.07077395 -0.9959018 -0.6056846 0.3494756 -0.7148519 -0.7416514 0.4280953 -0.5164183 -0.9317786 0.2496462 -0.2635629 -0.8271631 0.2216917 -0.5163856 0.09863901 -0.04553508 -0.994081 -0.6757868 0.1817724 -0.7143326 0.1761258 -0.1908666 -0.9656861 0.07541334 -0.2568814 -0.9634962 0.1194834 -0.1527495 -0.9810155 0.4155536 0.2488255 -0.8748721 0.2103049 -0.1095929 -0.9714738 0.09656333 -0.02328628 -0.9950544 -0.7002618 0.004303157 -0.7138732 -0.8565182 0.003021359 -0.5161082 -0.9646206 0.003021359 -0.2636249 -0.8300993 -0.2098214 -0.5166337 -0.9357247 -0.2341448 -0.2638096 -0.6803402 -0.175548 -0.7115617 0.1024204 0.00979644 -0.994693 0.2499526 -0.04620611 -0.967155 0.2512312 0.03045779 -0.9674478 0.1385857 -0.08349931 -0.9868242 0.2238015 -0.5696517 -0.7908285 -0.1756381 -0.8032966 -0.569092 -0.3228626 -0.8495629 -0.4171364 -0.4127407 -0.8844442 -0.2177234 -0.2929225 -0.93947 -0.1777433 -0.1507054 -0.856378 -0.493867 -0.2356953 -0.9144906 -0.3288687 -0.01040703 -0.5537402 -0.8326245 0.1820137 -0.08059996 -0.9799872 0.0498991 0.4130184 -0.9093547 -0.06833261 0.4131392 -0.9081006 0.177742 0.3785259 -0.9083645 0.07364183 0.2285552 -0.9707416 -0.02734529 0.2238592 -0.9742379 -0.1801564 0.3862544 -0.9046277 -0.1254348 0.2127508 -0.9690219 -0.2791556 0.3478534 -0.8950253 -0.004791438 0.03854519 -0.9992454 0.08691698 0.04861611 -0.9950287 0.1865029 0.05096703 -0.9811316 0.1774091 0.21977 -0.9592848 0.2767477 0.3323841 -0.9016273 0.3748097 0.2788259 -0.8841798 0.2774794 0.2052407 -0.9385529 0.293715 0.05020374 -0.9545738 0.3054019 -0.09515768 -0.9474571 0.1922099 -0.1144164 -0.9746611 0.09006118 -0.1250968 -0.9880486 -0.00225836 -0.1277822 -0.9917998 -0.09311383 0.02914571 -0.9952288 -0.215922 0.1835718 -0.958999 -0.3536308 0.298787 -0.8863812 -0.3159049 0.1511924 -0.936667 -0.4389263 0.2377441 -0.8664996 -0.1866226 0.01733464 -0.9822788 -0.08377593 -0.1313253 -0.9877932 -0.05994009 -0.2984493 -0.9525415 0.04580891 -0.3040604 -0.9515508 0.1606518 -0.3079972 -0.9377254 0.2893802 -0.2590749 -0.9214876 0.4111207 -0.1956875 -0.8903293 0.4393876 -0.08740752 -0.8940349 0.420253 0.04278826 -0.9063977 0.3921737 0.1749674 -0.9030982 0.4209479 -0.3189535 -0.8491593 0.2993066 -0.3862877 -0.8724663 0.221877 -0.4547412 -0.8625434 0.118902 -0.4621493 -0.8787949 -0.002960383 -0.4710993 -0.8820752 -0.1490865 -0.2838901 -0.9471957 -0.114539 -0.4456737 -0.8878377 -0.1793322 -0.1369407 -0.9742111 -0.2990535 -0.003296017 -0.9542307 -0.4396335 0.1224137 -0.8897963 -0.4351976 -0.001281738 -0.9003341 -0.292464 -0.1543347 -0.9437403 -0.4224444 -0.1183223 -0.8986327 -0.2383565 -0.2639318 -0.9346262 -0.2107636 -0.4068172 -0.8888636 -0.281937 -0.3597 -0.8894535 -0.3486531 -0.2858443 -0.8925997 -0.4168668 -0.2171162 -0.8826565</float_array>
          <technique_common>
            <accessor source="#bomb_PBR_CheckShape-mesh-normals-array" count="445" stride="3">
              <param name="X" type="float"/>
              <param name="Y" type="float"/>
              <param name="Z" type="float"/>
            </accessor>
          </technique_common>
        </source>
        <source id="bomb_PBR_CheckShape-mesh-map-0">
          <float_array id="bomb_PBR_CheckShape-mesh-map-0-array" count="5316">0.9057617 0.6169434 0.8520508 0.5393067 0.9194336 0.5512695 0.8393555 0.5952149 0.8520508 0.5393067 0.9057617 0.6169434 0.9057617 0.6169434 0.9194336 0.5512695 0.9711914 0.6340332 0.9057617 0.6169434 0.8808594 0.6806641 0.8393555 0.5952149 0.9057617 0.6169434 0.9711914 0.6340332 0.8808594 0.6806641 0.8520508 0.5393067 0.8554688 0.4882813 0.9194336 0.5512695 0.8520508 0.5393067 0.7890625 0.4848633 0.8554688 0.4882813 0.7832031 0.5280762 0.7890625 0.4848633 0.8520508 0.5393067 0.8393555 0.5952149 0.7832031 0.5280762 0.8520508 0.5393067 0.9194336 0.5512695 0.9213867 0.4921875 0.9868164 0.5566406 0.9194336 0.5512695 0.8554688 0.4882813 0.9213867 0.4921875 0.9711914 0.6340332 0.9194336 0.5512695 0.9868164 0.5566406 0.8808594 0.6806641 0.9711914 0.6340332 0.9428711 0.7075195 0.8808594 0.6806641 0.8461914 0.7412109 0.8173828 0.6503906 0.8393555 0.5952149 0.8808594 0.6806641 0.8173828 0.6503906 0.8808594 0.6806641 0.9052734 0.7764893 0.8461914 0.7412109 0.9428711 0.7075195 0.9052734 0.7764893 0.8808594 0.6806641 0.7705078 0.5749512 0.7832031 0.5280762 0.8393555 0.5952149 0.8393555 0.5952149 0.7529297 0.6198731 0.7705078 0.5749512 0.8173828 0.6503906 0.7529297 0.6198731 0.8393555 0.5952149 0.7832031 0.5280762 0.7285156 0.4868164 0.7890625 0.4848633 0.7167969 0.5168457 0.7285156 0.4868164 0.7832031 0.5280762 0.7832031 0.5280762 0.7050781 0.5522461 0.7167969 0.5168457 0.7705078 0.5749512 0.7050781 0.5522461 0.7832031 0.5280762 0.7890625 0.4848633 0.796875 0.4443359 0.8554688 0.4882813 0.7890625 0.4848633 0.7436524 0.4501953 0.796875 0.4443359 0.7285156 0.4868164 0.7436524 0.4501953 0.7890625 0.4848633 0.8554688 0.4882813 0.8608399 0.4379883 0.9213867 0.4921875 0.8554688 0.4882813 0.796875 0.4443359 0.8608399 0.4379883 0.9213867 0.4921875 0.9169922 0.4331055 0.9868164 0.487793 0.9213867 0.4921875 0.8608399 0.4379883 0.9169922 0.4331055 0.9868164 0.5566406 0.9213867 0.4921875 0.9868164 0.487793 0.9868164 0.487793 0.9169922 0.4331055 0.96875 0.4257813 0.7050781 0.5522461 0.6806641 0.5261231 0.7167969 0.5168457 0.7050781 0.5522461 0.6694336 0.5612793 0.6806641 0.5261231 0.6904297 0.5888672 0.6694336 0.5612793 0.7050781 0.5522461 0.7050781 0.5522461 0.7705078 0.5749512 0.6904297 0.5888672 0.6904297 0.5888672 0.7705078 0.5749512 0.7529297 0.6198731 0.7529297 0.6198731 0.7290039 0.6618652 0.6904297 0.5888672 0.7529297 0.6198731 0.7880859 0.7023926 0.7290039 0.6618652 0.8173828 0.6503906 0.7880859 0.7023926 0.7529297 0.6198731 0.8173828 0.6503906 0.8461914 0.7412109 0.7880859 0.7023926 0.8461914 0.7412109 0.8041992 0.7966309 0.7880859 0.7023926 0.8461914 0.7412109 0.8574219 0.8395996 0.8041992 0.7966309 0.9052734 0.7764893 0.8574219 0.8395996 0.8461914 0.7412109 0.7880859 0.7023926 0.7529297 0.7497559 0.7290039 0.6618652 0.7880859 0.7023926 0.8041992 0.7966309 0.7529297 0.7497559 0.6904297 0.5888672 0.7290039 0.6618652 0.6708984 0.6228027 0.6479492 0.654541 0.7290039 0.6618652 0.7001953 0.701416 0.6708984 0.6228027 0.7290039 0.6618652 0.6479492 0.654541 0.7290039 0.6618652 0.7529297 0.7497559 0.7001953 0.701416 0.6904297 0.5888672 0.6533203 0.5974121 0.6694336 0.5612793 0.6708984 0.6228027 0.6533203 0.5974121 0.6904297 0.5888672 0.6708984 0.6228027 0.6357422 0.6262207 0.6533203 0.5974121 0.6479492 0.654541 0.6357422 0.6262207 0.6708984 0.6228027 0.6479492 0.654541 0.6083984 0.6589356 0.6357422 0.6262207 0.6206055 0.6831055 0.6083984 0.6589356 0.6479492 0.654541 0.7001953 0.701416 0.6206055 0.6831055 0.6479492 0.654541 0.6665039 0.7365723 0.6206055 0.6831055 0.7001953 0.701416 0.7001953 0.701416 0.7114258 0.7913818 0.6665039 0.7365723 0.7529297 0.7497559 0.7114258 0.7913818 0.7001953 0.701416 0.7529297 0.7497559 0.7548828 0.8452149 0.7114258 0.7913818 0.8041992 0.7966309 0.7548828 0.8452149 0.7529297 0.7497559 0.8041992 0.7966309 0.8007813 0.8956299 0.7548828 0.8452149 0.8574219 0.8395996 0.8007813 0.8956299 0.8041992 0.7966309 0.7548828 0.8452149 0.6635742 0.824707 0.7114258 0.7913818 0.6992188 0.8840942 0.6635742 0.824707 0.7548828 0.8452149 0.7548828 0.8452149 0.7363281 0.9411926 0.6992188 0.8840942 0.8007813 0.8956299 0.7363281 0.9411926 0.7548828 0.8452149 0.7114258 0.7913818 0.6274414 0.7646484 0.6665039 0.7365723 0.6635742 0.824707 0.6274414 0.7646484 0.7114258 0.7913818 0.5922852 0.7072754 0.6665039 0.7365723 0.6274414 0.7646484 0.6206055 0.6831055 0.6665039 0.7365723 0.5922852 0.7072754 0.6206055 0.6831055 0.5786133 0.6867676 0.6083984 0.6589356 0.5922852 0.7072754 0.5786133 0.6867676 0.6206055 0.6831055 0.5693359 0.7275391 0.5786133 0.6867676 0.5922852 0.7072754 0.6274414 0.7646484 0.5693359 0.7275391 0.5922852 0.7072754 0.5908203 0.7849121 0.5693359 0.7275391 0.6274414 0.7646484 0.6274414 0.7646484 0.6176758 0.8479004 0.5908203 0.7849121 0.6635742 0.824707 0.6176758 0.8479004 0.6274414 0.7646484 0.6635742 0.824707 0.6450195 0.90979 0.6176758 0.8479004 0.6992188 0.8840942 0.6450195 0.90979 0.6635742 0.824707 0.6728516 0.9721985 0.6992188 0.8840942 0.7363281 0.9411926 0.6450195 0.90979 0.6992188 0.8840942 0.6728516 0.9721985 0.6450195 0.90979 0.605957 0.9140625 0.6176758 0.8479004 0.6450195 0.90979 0.6303711 0.9792633 0.605957 0.9140625 0.6728516 0.9721985 0.6303711 0.9792633 0.6450195 0.90979 0.6176758 0.8479004 0.5869141 0.8623047 0.5908203 0.7849121 0.6176758 0.8479004 0.605957 0.9140625 0.5869141 0.8623047 0.5908203 0.7849121 0.5649414 0.7902832 0.5693359 0.7275391 0.5908203 0.7849121 0.5869141 0.8623047 0.5649414 0.7902832 0.5546875 0.7084961 0.5786133 0.6867676 0.5693359 0.7275391 0.5693359 0.7275391 0.5649414 0.7902832 0.5483399 0.7409668 0.7167969 0.5168457 0.6806641 0.5261231 0.6923828 0.4887695 0.7167969 0.5168457 0.6923828 0.4887695 0.7285156 0.4868164 0.7285156 0.4868164 0.6923828 0.4887695 0.7011719 0.4663086 0.364502 0.1113281 0.3303223 0.1992187 0.3012695 0.1362304 0.3840332 0.1782225 0.3303223 0.1992187 0.364502 0.1113281 0.364502 0.1113281 0.3012695 0.1362304 0.3427734 0.046875 0.364502 0.1113281 0.4311524 0.0961914 0.3840332 0.1782225 0.364502 0.1113281 0.3427734 0.046875 0.4311524 0.0961914 0.2492675 0.1660156 0.3303223 0.1992187 0.2839356 0.2231445 0.3012695 0.1362304 0.3303223 0.1992187 0.2492675 0.1660156 0.3303223 0.1992187 0.3588867 0.2631836 0.2839356 0.2231445 0.3840332 0.1782225 0.3588867 0.2631836 0.3303223 0.1992187 0.2106932 0.1113281 0.3012695 0.1362304 0.2492675 0.1660156 0.2705078 0.07617187 0.3012695 0.1362304 0.2106932 0.1113281 0.3427734 0.046875 0.3012695 0.1362304 0.2705078 0.07617187 0.4311524 0.0961914 0.3427734 0.046875 0.4194336 0.02929687 0.4311524 0.0961914 0.5 0.09082031 0.4414063 0.1655273 0.3840332 0.1782225 0.4311524 0.0961914 0.4414063 0.1655273 0.4311524 0.0961914 0.4973145 0.02197265 0.5 0.09082031 0.4194336 0.02929687 0.4973145 0.02197265 0.4311524 0.0961914 0.4047852 0.2460937 0.3588867 0.2631836 0.3840332 0.1782225 0.3840332 0.1782225 0.4523926 0.2363281 0.4047852 0.2460937 0.4414063 0.1655273 0.4523926 0.2363281 0.3840332 0.1782225 0.2839356 0.2231445 0.3588867 0.2631836 0.3203125 0.2822266 0.3588867 0.2631836 0.3557129 0.3320313 0.3203125 0.2822266 0.3876953 0.324707 0.3557129 0.3320313 0.3588867 0.2631836 0.3588867 0.2631836 0.4047852 0.2460937 0.3876953 0.324707 0.2839356 0.2231445 0.2498779 0.2416992 0.2492675 0.1660156 0.2839356 0.2231445 0.2900391 0.2949219 0.2498779 0.2416992 0.3203125 0.2822266 0.2900391 0.2949219 0.2839356 0.2231445 0.2492675 0.1660156 0.2150878 0.1889648 0.2106932 0.1113281 0.2492675 0.1660156 0.2498779 0.2416992 0.2150878 0.1889648 0.2106932 0.1113281 0.2150878 0.1889648 0.1802978 0.1450195 0.3203125 0.2822266 0.3237305 0.3408203 0.2900391 0.2949219 0.3557129 0.3320313 0.3237305 0.3408203 0.3203125 0.2822266 0.3557129 0.3320313 0.3869629 0.3569336 0.3605957 0.3608399 0.3876953 0.324707 0.3869629 0.3569336 0.3557129 0.3320313 0.3876953 0.324707 0.4223633 0.3481445 0.3869629 0.3569336 0.4243164 0.3139649 0.4223633 0.3481445 0.3876953 0.324707 0.3876953 0.324707 0.4047852 0.2460937 0.4243164 0.3139649 0.4626465 0.3056641 0.4047852 0.2460937 0.4523926 0.2363281 0.4243164 0.3139649 0.4047852 0.2460937 0.4626465 0.3056641 0.4523926 0.2363281 0.5009766 0.2324218 0.4626465 0.3056641 0.4523926 0.2363281 0.5004883 0.1606445 0.5009766 0.2324218 0.4414063 0.1655273 0.5004883 0.1606445 0.4523926 0.2363281 0.4414063 0.1655273 0.5 0.09082031 0.5004883 0.1606445 0.5 0.09082031 0.5688477 0.09375 0.5004883 0.1606445 0.5 0.09082031 0.5751953 0.02539062 0.5688477 0.09375 0.4973145 0.02197265 0.5751953 0.02539062 0.5 0.09082031 0.5004883 0.1606445 0.559082 0.1630859 0.5009766 0.2324218 0.5004883 0.1606445 0.5688477 0.09375 0.559082 0.1630859 0.4626465 0.3056641 0.5009766 0.2324218 0.5014649 0.3032227 0.5415039 0.3046875 0.5009766 0.2324218 0.5498047 0.2338867 0.5014649 0.3032227 0.5009766 0.2324218 0.5415039 0.3046875 0.5009766 0.2324218 0.559082 0.1630859 0.5498047 0.2338867 0.4626465 0.3056641 0.4887695 0.3383789 0.4550781 0.3408203 0.5014649 0.3032227 0.4887695 0.3383789 0.4626465 0.3056641 0.4626465 0.3056641 0.4550781 0.3408203 0.4243164 0.3139649 0.4243164 0.3139649 0.4550781 0.3408203 0.4223633 0.3481445 0.5014649 0.3032227 0.527832 0.3388672 0.4887695 0.3383789 0.5415039 0.3046875 0.527832 0.3388672 0.5014649 0.3032227 0.5415039 0.3046875 0.5634766 0.3442383 0.527832 0.3388672 0.5805664 0.3105469 0.5634766 0.3442383 0.5415039 0.3046875 0.5498047 0.2338867 0.5805664 0.3105469 0.5415039 0.3046875 0.5986328 0.2421875 0.5805664 0.3105469 0.5498047 0.2338867 0.5498047 0.2338867 0.6166992 0.1733398 0.5986328 0.2421875 0.559082 0.1630859 0.6166992 0.1733398 0.5498047 0.2338867 0.559082 0.1630859 0.6357422 0.105957 0.6166992 0.1733398 0.5688477 0.09375 0.6357422 0.105957 0.559082 0.1630859 0.5688477 0.09375 0.652832 0.04052734 0.6357422 0.105957 0.5751953 0.02539062 0.652832 0.04052734 0.5688477 0.09375 0.6357422 0.105957 0.6713867 0.192871 0.6166992 0.1733398 0.6972656 0.1289062 0.6713867 0.192871 0.6357422 0.105957 0.6357422 0.105957 0.7265625 0.06787109 0.6972656 0.1289062 0.652832 0.04052734 0.7265625 0.06787109 0.6357422 0.105957 0.6166992 0.1733398 0.6450195 0.2578125 0.5986328 0.2421875 0.6713867 0.192871 0.6450195 0.2578125 0.6166992 0.1733398 0.6176758 0.3198242 0.5986328 0.2421875 0.6450195 0.2578125 0.5805664 0.3105469 0.5986328 0.2421875 0.6176758 0.3198242 0.5805664 0.3105469 0.6000977 0.3520508 0.5634766 0.3442383 0.6176758 0.3198242 0.6000977 0.3520508 0.5805664 0.3105469 0.6176758 0.3198242 0.6357422 0.3588867 0.6000977 0.3520508 0.6508789 0.3261719 0.6357422 0.3588867 0.6176758 0.3198242 0.6450195 0.2578125 0.6508789 0.3261719 0.6176758 0.3198242 0.6831055 0.277832 0.6508789 0.3261719 0.6450195 0.2578125 0.6713867 0.192871 0.6831055 0.277832 0.6450195 0.2578125 0.7163086 0.2177734 0.6831055 0.277832 0.6713867 0.192871 0.6972656 0.1289062 0.7163086 0.2177734 0.6713867 0.192871 0.7480469 0.1591796 0.7163086 0.2177734 0.6972656 0.1289062 0.7265625 0.06787109 0.7480469 0.1591796 0.6972656 0.1289062 0.7861328 0.1054687 0.7480469 0.1591796 0.7265625 0.06787109 0.7480469 0.1591796 0.7607422 0.2426757 0.7163086 0.2177734 0.7944336 0.1938475 0.7607422 0.2426757 0.7480469 0.1591796 0.7861328 0.1054687 0.7944336 0.1938475 0.7480469 0.1591796 0.7163086 0.2177734 0.7163086 0.2978516 0.6831055 0.277832 0.7607422 0.2426757 0.7163086 0.2978516 0.7163086 0.2177734 0.6831055 0.277832 0.7163086 0.2978516 0.6508789 0.3261719 0.6508789 0.3261719 0.7163086 0.2978516 0.6826172 0.3408203 0.8266602 0.1523437 0.7944336 0.1938475 0.7861328 0.1054687 0.2409667 0.8438721 0.3334961 0.8272705 0.2949219 0.8839722 0.2878418 0.7927246 0.3334961 0.8272705 0.2409667 0.8438721 0.2409667 0.8438721 0.2949219 0.8839722 0.1972656 0.8955689 0.2409667 0.8438721 0.1933593 0.7947998 0.2878418 0.7927246 0.2409667 0.8438721 0.1972656 0.8955689 0.1933593 0.7947998 0.3334961 0.8272705 0.3786621 0.8526611 0.2949219 0.8839722 0.3334961 0.8272705 0.4104004 0.7900391 0.3786621 0.8526611 0.3735352 0.7696533 0.4104004 0.7900391 0.3334961 0.8272705 0.2878418 0.7927246 0.3735352 0.7696533 0.3334961 0.8272705 0.2949219 0.8839722 0.3481445 0.9119263 0.2612305 0.9425659 0.2949219 0.8839722 0.3786621 0.8526611 0.3481445 0.9119263 0.1972656 0.8955689 0.2949219 0.8839722 0.2612305 0.9425659 0.1933593 0.7947998 0.1972656 0.8955689 0.1420898 0.8386231 0.1933593 0.7947998 0.1529541 0.7380371 0.2474365 0.7502442 0.2878418 0.7927246 0.1933593 0.7947998 0.2474365 0.7502442 0.1933593 0.7947998 0.09588623 0.7751465 0.1529541 0.7380371 0.1420898 0.8386231 0.09588623 0.7751465 0.1933593 0.7947998 0.3352051 0.7404785 0.3735352 0.7696533 0.2878418 0.7927246 0.2878418 0.7927246 0.3022461 0.7045899 0.3352051 0.7404785 0.2474365 0.7502442 0.3022461 0.7045899 0.2878418 0.7927246 0.3735352 0.7696533 0.4335938 0.7351074 0.4104004 0.7900391 0.4111328 0.7131348 0.4335938 0.7351074 0.3735352 0.7696533 0.3735352 0.7696533 0.3352051 0.7404785 0.4111328 0.7131348 0.4104004 0.7900391 0.4125977 0.8651123 0.3786621 0.8526611 0.4362793 0.8001709 0.4125977 0.8651123 0.4104004 0.7900391 0.4335938 0.7351074 0.4362793 0.8001709 0.4104004 0.7900391 0.3786621 0.8526611 0.388916 0.9233399 0.3481445 0.9119263 0.4125977 0.8651123 0.388916 0.9233399 0.3786621 0.8526611 0.3481445 0.9119263 0.3679199 0.9815521 0.3232422 0.9730072 0.388916 0.9233399 0.3679199 0.9815521 0.3481445 0.9119263 0.2612305 0.9425659 0.3481445 0.9119263 0.3232422 0.9730072 0.4560547 0.7507324 0.4362793 0.8001709 0.4335938 0.7351074 0.4335938 0.7351074 0.4291992 0.6916504 0.449707 0.7143555 0.4111328 0.7131348 0.4291992 0.6916504 0.4335938 0.7351074 0.3823242 0.6877442 0.4291992 0.6916504 0.4111328 0.7131348 0.4111328 0.7131348 0.3352051 0.7404785 0.3823242 0.6877442 0.3352051 0.7404785 0.3022461 0.7045899 0.3823242 0.6877442 0.3823242 0.6877442 0.3022461 0.7045899 0.355957 0.6599121 0.3022461 0.7045899 0.2739258 0.6657715 0.355957 0.6599121 0.3022461 0.7045899 0.2126464 0.7023926 0.2739258 0.6657715 0.2474365 0.7502442 0.2126464 0.7023926 0.3022461 0.7045899 0.2474365 0.7502442 0.1529541 0.7380371 0.2126464 0.7023926 0.1529541 0.7380371 0.1204223 0.677002 0.2126464 0.7023926 0.1529541 0.7380371 0.05883789 0.7060547 0.1204223 0.677002 0.09588623 0.7751465 0.05883789 0.7060547 0.1529541 0.7380371 0.2126464 0.7023926 0.1846923 0.6503906 0.2739258 0.6657715 0.2126464 0.7023926 0.1204223 0.677002 0.1846923 0.6503906 0.355957 0.6599121 0.2739258 0.6657715 0.333252 0.6274414 0.2739258 0.6657715 0.2504883 0.6230469 0.333252 0.6274414 0.2739258 0.6657715 0.1846923 0.6503906 0.2504883 0.6230469 0.333252 0.6274414 0.3769531 0.6352539 0.355957 0.6599121 0.355957 0.6599121 0.4035645 0.6667481 0.3823242 0.6877442 0.3769531 0.6352539 0.4035645 0.6667481 0.355957 0.6599121 0.4035645 0.6667481 0.4291992 0.6916504 0.3823242 0.6877442 0.3581543 0.6062012 0.3769531 0.6352539 0.333252 0.6274414 0.3144531 0.5932617 0.3581543 0.6062012 0.333252 0.6274414 0.333252 0.6274414 0.2504883 0.6230469 0.3144531 0.5932617 0.2504883 0.6230469 0.2330322 0.5771484 0.3144531 0.5932617 0.2504883 0.6230469 0.1639404 0.595459 0.2330322 0.5771484 0.1846923 0.6503906 0.1639404 0.595459 0.2504883 0.6230469 0.1846923 0.6503906 0.09661865 0.6123047 0.1639404 0.595459 0.1204223 0.677002 0.09661865 0.6123047 0.1846923 0.6503906 0.1204223 0.677002 0.03170776 0.6315918 0.09661865 0.6123047 0.05883789 0.7060547 0.03170776 0.6315918 0.1204223 0.677002 0.09661865 0.6123047 0.1529541 0.5380859 0.1639404 0.595459 0.08428955 0.5454102 0.1529541 0.5380859 0.09661865 0.6123047 0.09661865 0.6123047 0.01707458 0.5546875 0.08428955 0.5454102 0.03170776 0.6315918 0.01707458 0.5546875 0.09661865 0.6123047 0.1639404 0.595459 0.2224121 0.5300293 0.2330322 0.5771484 0.1529541 0.5380859 0.2224121 0.5300293 0.1639404 0.595459 0.3144531 0.5932617 0.2330322 0.5771484 0.300293 0.5568848 0.2330322 0.5771484 0.2224121 0.5300293 0.300293 0.5568848 0.300293 0.5568848 0.3417969 0.5744629 0.3144531 0.5932617 0.3417969 0.5744629 0.3581543 0.6062012 0.3144531 0.5932617 0.3300781 0.545166 0.3417969 0.5744629 0.300293 0.5568848 0.2890625 0.5219727 0.3300781 0.545166 0.300293 0.5568848 0.300293 0.5568848 0.2224121 0.5300293 0.2890625 0.5219727 0.2224121 0.5300293 0.2783203 0.4916992 0.2890625 0.5219727 0.2194824 0.4873047 0.2783203 0.4916992 0.2224121 0.5300293 0.2224121 0.5300293 0.1496582 0.4858399 0.2194824 0.4873047 0.1529541 0.5380859 0.1496582 0.4858399 0.2224121 0.5300293 0.1529541 0.5380859 0.08294677 0.4853516 0.1496582 0.4858399 0.08428955 0.5454102 0.08294677 0.4853516 0.1529541 0.5380859 0.01480865 0.484375 0.08428955 0.5454102 0.01707458 0.5546875 0.08294677 0.4853516 0.08428955 0.5454102 0.01480865 0.484375 0.08294677 0.4853516 0.0906372 0.4404297 0.1496582 0.4858399 0.08294677 0.4853516 0.02841186 0.4350586 0.0906372 0.4404297 0.01480865 0.484375 0.02841186 0.4350586 0.08294677 0.4853516 0.1496582 0.4858399 0.2160644 0.453125 0.2194824 0.4873047 0.1518554 0.4458008 0.2160644 0.453125 0.1496582 0.4858399 0.1496582 0.4858399 0.0906372 0.4404297 0.1518554 0.4458008 0.2194824 0.4873047 0.2729492 0.4594727 0.2783203 0.4916992 0.2160644 0.453125 0.2729492 0.4594727 0.2194824 0.4873047 0.2783203 0.4916992 0.3171387 0.5092774 0.2890625 0.5219727 0.3066406 0.4824219 0.3171387 0.5092774 0.2783203 0.4916992 0.3171387 0.5092774 0.3300781 0.545166 0.2890625 0.5219727 0.4841309 0.7116699 0.5185547 0.7099609 0.4824219 0.7755127 0.4841309 0.7116699 0.4802246 0.6591797 0.5185547 0.7099609 0.4824219 0.7755127 0.5185547 0.7099609 0.5180664 0.7790527 0.5185547 0.7099609 0.4802246 0.6591797 0.5234375 0.6586914 0.4824219 0.7755127 0.5170899 0.8288574 0.4807129 0.8330078 0.5180664 0.7790527 0.5170899 0.8288574 0.4824219 0.7755127 0.5170899 0.8288574 0.5146484 0.8934326 0.4807129 0.8330078 0.4807129 0.8330078 0.5146484 0.8934326 0.4780274 0.8914185 0.5234375 0.6586914 0.5200195 0.6176758 0.5527344 0.6430664 0.5234375 0.6586914 0.4887695 0.6149902 0.5200195 0.6176758 0.4802246 0.6591797 0.4887695 0.6149902 0.5234375 0.6586914 0.4802246 0.6591797 0.453125 0.6435547 0.4887695 0.6149902 0.4887695 0.6149902 0.5195313 0.5705567 0.5200195 0.6176758 0.4963379 0.5688477 0.5195313 0.5705567 0.4887695 0.6149902 0.4887695 0.6149902 0.4631348 0.6086426 0.4963379 0.5688477 0.4887695 0.6149902 0.453125 0.6435547 0.4631348 0.6086426 0.5200195 0.6176758 0.5195313 0.5705567 0.5493164 0.6130371 0.5527344 0.6430664 0.5200195 0.6176758 0.5493164 0.6130371 0.5527344 0.6430664 0.5493164 0.6130371 0.5874024 0.6259766 0.5493164 0.6130371 0.5195313 0.5705567 0.5449219 0.5705567 0.5449219 0.5705567 0.5727539 0.6013184 0.5493164 0.6130371 0.5874024 0.6259766 0.5493164 0.6130371 0.5727539 0.6013184 0.4963379 0.5688477 0.5214844 0.5244141 0.5195313 0.5705567 0.5195313 0.5705567 0.5454102 0.5253906 0.5449219 0.5705567 0.5214844 0.5244141 0.5454102 0.5253906 0.5195313 0.5705567 0.4726563 0.5649414 0.5004883 0.5222168 0.4963379 0.5688477 0.5004883 0.5222168 0.5214844 0.5244141 0.4963379 0.5688477 0.4963379 0.5688477 0.4631348 0.6086426 0.4726563 0.5649414 0.4631348 0.6086426 0.4382324 0.5969238 0.4726563 0.5649414 0.4221192 0.6311035 0.4631348 0.6086426 0.453125 0.6435547 0.4382324 0.5969238 0.4631348 0.6086426 0.4221192 0.6311035 0.4528809 0.5583496 0.4790039 0.5205078 0.4726563 0.5649414 0.4790039 0.5205078 0.5004883 0.5222168 0.4726563 0.5649414 0.4726563 0.5649414 0.4382324 0.5969238 0.4528809 0.5583496 0.5004883 0.5222168 0.5200195 0.4916992 0.5214844 0.5244141 0.5 0.4897461 0.5200195 0.4916992 0.5004883 0.5222168 0.5004883 0.5222168 0.4790039 0.5205078 0.5 0.4897461 0.5454102 0.4951172 0.5214844 0.5244141 0.5200195 0.4916992 0.5454102 0.5253906 0.5214844 0.5244141 0.5454102 0.4951172 0.5722656 0.4975586 0.5454102 0.5253906 0.5454102 0.4951172 0.5712891 0.5270996 0.5454102 0.5253906 0.5722656 0.4975586 0.5712891 0.5270996 0.5449219 0.5705567 0.5454102 0.5253906 0.5708008 0.5688477 0.5449219 0.5705567 0.5712891 0.5270996 0.5708008 0.5688477 0.5727539 0.6013184 0.5449219 0.5705567 0.5727539 0.6013184 0.5708008 0.5688477 0.5961914 0.5866699 0.5961914 0.5866699 0.5874024 0.6259766 0.5727539 0.6013184 0.6166992 0.5981445 0.5874024 0.6259766 0.5961914 0.5866699 0.5961914 0.5866699 0.5708008 0.5688477 0.5952149 0.5639649 0.6333008 0.5708008 0.5961914 0.5866699 0.5952149 0.5639649 0.6166992 0.5981445 0.5961914 0.5866699 0.6333008 0.5708008 0.5708008 0.5688477 0.5712891 0.5270996 0.5952149 0.5639649 0.5712891 0.5270996 0.6010742 0.4990234 0.5986328 0.5288086 0.5722656 0.4975586 0.6010742 0.4990234 0.5712891 0.5270996 0.5952149 0.5639649 0.5712891 0.5270996 0.5986328 0.5288086 0.5722656 0.4975586 0.5454102 0.4951172 0.5688477 0.456543 0.59375 0.4755859 0.5722656 0.4975586 0.5688477 0.456543 0.6010742 0.4990234 0.5722656 0.4975586 0.59375 0.4755859 0.5454102 0.4951172 0.5200195 0.4916992 0.5332031 0.4418945 0.5688477 0.456543 0.5454102 0.4951172 0.5332031 0.4418945 0.5200195 0.4916992 0.5 0.4897461 0.5087891 0.4433594 0.5332031 0.4418945 0.5200195 0.4916992 0.5087891 0.4433594 0.4831543 0.4443359 0.5 0.4897461 0.4816895 0.487793 0.5087891 0.4433594 0.5 0.4897461 0.4831543 0.4443359 0.5 0.4897461 0.4790039 0.5205078 0.4816895 0.487793 0.4790039 0.5205078 0.4584961 0.5187988 0.4816895 0.487793 0.4584961 0.5187988 0.4790039 0.5205078 0.4528809 0.5583496 0.4528809 0.5583496 0.4289551 0.5507813 0.4584961 0.5187988 0.4528809 0.5583496 0.4204102 0.5837402 0.4289551 0.5507813 0.4382324 0.5969238 0.4204102 0.5837402 0.4528809 0.5583496 0.4221192 0.6311035 0.4204102 0.5837402 0.4382324 0.5969238 0.3908692 0.6066895 0.4204102 0.5837402 0.4221192 0.6311035 0.4001465 0.5695801 0.4289551 0.5507813 0.4204102 0.5837402 0.3908692 0.6066895 0.4001465 0.5695801 0.4204102 0.5837402 0.3999024 0.5427246 0.4318848 0.5141602 0.4289551 0.5507813 0.4584961 0.5187988 0.4289551 0.5507813 0.4318848 0.5141602 0.3999024 0.5427246 0.4289551 0.5507813 0.4001465 0.5695801 0.4816895 0.487793 0.4584961 0.5187988 0.4587402 0.484375 0.4318848 0.5141602 0.4587402 0.484375 0.4584961 0.5187988 0.4645996 0.4472656 0.4816895 0.487793 0.4587402 0.484375 0.4831543 0.4443359 0.4816895 0.487793 0.4645996 0.4472656 0.4645996 0.4472656 0.4665527 0.4072266 0.4831543 0.4443359 0.4831543 0.4443359 0.4948731 0.4023438 0.5087891 0.4433594 0.4665527 0.4072266 0.4948731 0.4023438 0.4831543 0.4443359 0.5087891 0.4433594 0.5239258 0.4057617 0.5332031 0.4418945 0.4948731 0.4023438 0.5239258 0.4057617 0.5087891 0.4433594 0.5332031 0.4418945 0.5664063 0.4262695 0.5688477 0.456543 0.5483399 0.409668 0.5332031 0.4418945 0.5239258 0.4057617 0.5664063 0.4262695 0.5332031 0.4418945 0.5483399 0.409668 0.5957031 0.4443359 0.59375 0.4755859 0.5688477 0.456543 0.5688477 0.456543 0.5664063 0.4262695 0.5957031 0.4443359 0.6342774 0.4643555 0.59375 0.4755859 0.5957031 0.4443359 0.6342774 0.4643555 0.6010742 0.4990234 0.59375 0.4755859 0.6430664 0.5 0.6010742 0.4990234 0.6342774 0.4643555 0.6430664 0.5 0.5986328 0.5288086 0.6010742 0.4990234 0.644043 0.5344238 0.5986328 0.5288086 0.6430664 0.5 0.6333008 0.5708008 0.5986328 0.5288086 0.644043 0.5344238 0.5952149 0.5639649 0.5986328 0.5288086 0.6333008 0.5708008 0.6342774 0.4643555 0.6142578 0.4189453 0.6450195 0.4433594 0.5957031 0.4443359 0.6142578 0.4189453 0.6342774 0.4643555 0.5869141 0.3994141 0.5957031 0.4443359 0.5664063 0.4262695 0.6142578 0.4189453 0.5957031 0.4443359 0.5869141 0.3994141 0.5664063 0.4262695 0.5483399 0.409668 0.5869141 0.3994141 0.5483399 0.409668 0.5239258 0.4057617 0.5576172 0.3798828 0.5869141 0.3994141 0.5483399 0.409668 0.5576172 0.3798828 0.4948731 0.4023438 0.5253906 0.3686524 0.5239258 0.4057617 0.5576172 0.3798828 0.5239258 0.4057617 0.5253906 0.3686524 0.4882813 0.3666992 0.5253906 0.3686524 0.4948731 0.4023438 0.4948731 0.4023438 0.4665527 0.4072266 0.4882813 0.3666992 0.4470215 0.4155274 0.4665527 0.4072266 0.4645996 0.4472656 0.4882813 0.3666992 0.4665527 0.4072266 0.4570313 0.3730469 0.4665527 0.4072266 0.4299317 0.3881836 0.4570313 0.3730469 0.4470215 0.4155274 0.4299317 0.3881836 0.4665527 0.4072266 0.4645996 0.4472656 0.4587402 0.484375 0.4414063 0.4516602 0.4414063 0.4516602 0.4470215 0.4155274 0.4645996 0.4472656 0.4306641 0.4770508 0.4587402 0.484375 0.4318848 0.5141602 0.4414063 0.4516602 0.4587402 0.484375 0.4306641 0.4770508 0.4318848 0.5141602 0.3989258 0.4829102 0.4306641 0.4770508 0.3986817 0.5119629 0.3989258 0.4829102 0.4318848 0.5141602 0.3986817 0.5119629 0.4318848 0.5141602 0.3999024 0.5427246 0.4001465 0.5695801 0.361084 0.5478516 0.3999024 0.5427246 0.3999024 0.5427246 0.3579102 0.5180664 0.3986817 0.5119629 0.361084 0.5478516 0.3579102 0.5180664 0.3999024 0.5427246 0.3730469 0.5793457 0.4001465 0.5695801 0.3908692 0.6066895 0.3730469 0.5793457 0.361084 0.5478516 0.4001465 0.5695801 0.3579102 0.5180664 0.3630371 0.4819336 0.3986817 0.5119629 0.3986817 0.5119629 0.3630371 0.4819336 0.3989258 0.4829102 0.3989258 0.4829102 0.4001465 0.4658203 0.4306641 0.4770508 0.3630371 0.4819336 0.4001465 0.4658203 0.3989258 0.4829102 0.4306641 0.4770508 0.4174805 0.4458008 0.4414063 0.4516602 0.4306641 0.4770508 0.4001465 0.4658203 0.4174805 0.4458008 0.4309082 0.4287109 0.4470215 0.4155274 0.4414063 0.4516602 0.4414063 0.4516602 0.4174805 0.4458008 0.4309082 0.4287109 0.4309082 0.4287109 0.4299317 0.3881836 0.4470215 0.4155274 0.4050293 0.4106445 0.4299317 0.3881836 0.4309082 0.4287109 0.4309082 0.4287109 0.4174805 0.4458008 0.4050293 0.4106445 0.4001465 0.4658203 0.3791504 0.4194336 0.4174805 0.4458008 0.4050293 0.4106445 0.4174805 0.4458008 0.3791504 0.4194336 0.361084 0.4521484 0.4001465 0.4658203 0.3630371 0.4819336 0.361084 0.4521484 0.3791504 0.4194336 0.4001465 0.4658203 0.3791504 0.4194336 0.3166504 0.4233399 0.3322754 0.3959961 0.361084 0.4521484 0.3166504 0.4233399 0.3791504 0.4194336 0.2648926 0.3955078 0.3322754 0.3959961 0.3166504 0.4233399 0.2800293 0.3666992 0.3322754 0.3959961 0.2648926 0.3955078 0.2156982 0.3681641 0.2800293 0.3666992 0.2648926 0.3955078 0.2290039 0.3383789 0.2800293 0.3666992 0.2156982 0.3681641 0.2156982 0.3681641 0.1646728 0.3408203 0.2290039 0.3383789 0.2290039 0.3383789 0.1646728 0.3408203 0.1801757 0.3120117 0.6625977 0.3959961 0.6450195 0.4433594 0.6142578 0.4189453 0.6850586 0.4169922 0.6450195 0.4433594 0.6625977 0.3959961 0.7148438 0.362793 0.6850586 0.4169922 0.6625977 0.3959961 0.7333984 0.3862305 0.6850586 0.4169922 0.7148438 0.362793 0.7602539 0.3330078 0.7333984 0.3862305 0.7148438 0.362793 0.7768555 0.3574219 0.7333984 0.3862305 0.7602539 0.3330078 0.8032227 0.3041992 0.7768555 0.3574219 0.7602539 0.3330078 0.8198242 0.3295899 0.7768555 0.3574219 0.8032227 0.3041992 -0.09411621 0.6169434 -0.1474609 0.5393067 -0.1605224 0.5952149 -0.08026123 0.5512695 -0.1474609 0.5393067 -0.09411621 0.6169434 -0.09411621 0.6169434 -0.0284729 0.6340332 -0.08026123 0.5512695 -0.09411621 0.6169434 -0.1605224 0.5952149 -0.1188964 0.6806641 -0.09411621 0.6169434 -0.1188964 0.6806641 -0.0284729 0.6340332 -0.08026123 0.5512695 -0.1440429 0.4882813 -0.1474609 0.5393067 -0.1474609 0.5393067 -0.2106932 0.4848633 -0.2164306 0.5280762 -0.1440429 0.4882813 -0.2106932 0.4848633 -0.1474609 0.5393067 -0.1474609 0.5393067 -0.2164306 0.5280762 -0.1605224 0.5952149 -0.1605224 0.5952149 -0.2164306 0.5280762 -0.2290039 0.5749512 -0.1605224 0.5952149 -0.2469482 0.6198731 -0.1822509 0.6503906 -0.2290039 0.5749512 -0.2469482 0.6198731 -0.1605224 0.5952149 -0.1188964 0.6806641 -0.1605224 0.5952149 -0.1822509 0.6503906 -0.1188964 0.6806641 -0.1822509 0.6503906 -0.1535644 0.7412109 -0.09466552 0.7764893 -0.1188964 0.6806641 -0.1535644 0.7412109 -0.05679321 0.7075195 -0.1188964 0.6806641 -0.09466552 0.7764893 -0.0284729 0.6340332 -0.1188964 0.6806641 -0.05679321 0.7075195 -0.08026123 0.5512695 -0.0284729 0.6340332 -0.01271057 0.5566406 -0.01271057 0.5566406 -0.07849121 0.4921875 -0.08026123 0.5512695 -0.07849121 0.4921875 -0.1440429 0.4882813 -0.08026123 0.5512695 -0.1440429 0.4882813 -0.07849121 0.4921875 -0.138916 0.4379883 -0.2030029 0.4443359 -0.1440429 0.4882813 -0.138916 0.4379883 -0.2106932 0.4848633 -0.1440429 0.4882813 -0.2030029 0.4443359 -0.2558594 0.4501953 -0.2106932 0.4848633 -0.2030029 0.4443359 -0.2709961 0.4868164 -0.2106932 0.4848633 -0.2558594 0.4501953 -0.2106932 0.4848633 -0.2709961 0.4868164 -0.2164306 0.5280762 -0.2164306 0.5280762 -0.2709961 0.4868164 -0.2827149 0.5168457 -0.2164306 0.5280762 -0.2946777 0.5522461 -0.2290039 0.5749512 -0.2827149 0.5168457 -0.2946777 0.5522461 -0.2164306 0.5280762 -0.2290039 0.5749512 -0.3093262 0.5888672 -0.2469482 0.6198731 -0.2946777 0.5522461 -0.3093262 0.5888672 -0.2290039 0.5749512 -0.2469482 0.6198731 -0.3093262 0.5888672 -0.270752 0.6618652 -0.2115478 0.7023926 -0.2469482 0.6198731 -0.270752 0.6618652 -0.1822509 0.6503906 -0.2469482 0.6198731 -0.2115478 0.7023926 -0.1535644 0.7412109 -0.1822509 0.6503906 -0.2115478 0.7023926 -0.1535644 0.7412109 -0.2115478 0.7023926 -0.1955566 0.7966309 -0.1422119 0.8395996 -0.1535644 0.7412109 -0.1955566 0.7966309 -0.09466552 0.7764893 -0.1535644 0.7412109 -0.1422119 0.8395996 -0.2115478 0.7023926 -0.270752 0.6618652 -0.2469482 0.7497559 -0.1955566 0.7966309 -0.2115478 0.7023926 -0.2469482 0.7497559 -0.270752 0.6618652 -0.3093262 0.5888672 -0.3286133 0.6228027 -0.270752 0.6618652 -0.3518067 0.654541 -0.2993164 0.701416 -0.3286133 0.6228027 -0.3518067 0.654541 -0.270752 0.6618652 -0.2469482 0.7497559 -0.270752 0.6618652 -0.2993164 0.701416 -0.3461914 0.5974121 -0.3093262 0.5888672 -0.3300781 0.5612793 -0.3286133 0.6228027 -0.3093262 0.5888672 -0.3461914 0.5974121 -0.3093262 0.5888672 -0.2946777 0.5522461 -0.3300781 0.5612793 -0.2946777 0.5522461 -0.2827149 0.5168457 -0.3188477 0.5261231 -0.3300781 0.5612793 -0.2946777 0.5522461 -0.3188477 0.5261231 -0.2827149 0.5168457 -0.2709961 0.4868164 -0.3073731 0.4887695 -0.3188477 0.5261231 -0.2827149 0.5168457 -0.3073731 0.4887695 -0.3073731 0.4887695 -0.2709961 0.4868164 -0.298584 0.4663086 -0.3640137 0.6262207 -0.3286133 0.6228027 -0.3461914 0.5974121 -0.3518067 0.654541 -0.3286133 0.6228027 -0.3640137 0.6262207 -0.3913574 0.6589356 -0.3518067 0.654541 -0.3640137 0.6262207 -0.3791504 0.6831055 -0.3518067 0.654541 -0.3913574 0.6589356 -0.3518067 0.654541 -0.3791504 0.6831055 -0.2993164 0.701416 -0.2993164 0.701416 -0.3791504 0.6831055 -0.333252 0.7365723 -0.2883301 0.7913818 -0.2993164 0.701416 -0.333252 0.7365723 -0.2469482 0.7497559 -0.2993164 0.701416 -0.2883301 0.7913818 -0.2446289 0.8452149 -0.2469482 0.7497559 -0.2883301 0.7913818 -0.1955566 0.7966309 -0.2469482 0.7497559 -0.2446289 0.8452149 -0.1989746 0.8956299 -0.1955566 0.7966309 -0.2446289 0.8452149 -0.1422119 0.8395996 -0.1955566 0.7966309 -0.1989746 0.8956299 -0.2446289 0.8452149 -0.3359375 0.824707 -0.3005371 0.8840942 -0.2883301 0.7913818 -0.3359375 0.824707 -0.2446289 0.8452149 -0.2634277 0.9411926 -0.2446289 0.8452149 -0.3005371 0.8840942 -0.1989746 0.8956299 -0.2446289 0.8452149 -0.2634277 0.9411926 -0.2883301 0.7913818 -0.3723145 0.7646484 -0.3359375 0.824707 -0.333252 0.7365723 -0.3723145 0.7646484 -0.2883301 0.7913818 -0.333252 0.7365723 -0.4074707 0.7072754 -0.3723145 0.7646484 -0.3791504 0.6831055 -0.4074707 0.7072754 -0.333252 0.7365723 -0.4211426 0.6867676 -0.3791504 0.6831055 -0.3913574 0.6589356 -0.4074707 0.7072754 -0.3791504 0.6831055 -0.4211426 0.6867676 -0.4074707 0.7072754 -0.4211426 0.6867676 -0.4304199 0.7275391 -0.4074707 0.7072754 -0.4304199 0.7275391 -0.3723145 0.7646484 -0.3723145 0.7646484 -0.4304199 0.7275391 -0.4086914 0.7849121 -0.3820801 0.8479004 -0.3723145 0.7646484 -0.4086914 0.7849121 -0.3359375 0.824707 -0.3723145 0.7646484 -0.3820801 0.8479004 -0.3544922 0.90979 -0.3359375 0.824707 -0.3820801 0.8479004 -0.3005371 0.8840942 -0.3359375 0.824707 -0.3544922 0.90979 -0.3269043 0.9721985 -0.3005371 0.8840942 -0.3544922 0.90979 -0.2634277 0.9411926 -0.3005371 0.8840942 -0.3269043 0.9721985 -0.3544922 0.90979 -0.3820801 0.8479004 -0.3935547 0.9140625 -0.3693848 0.9792633 -0.3544922 0.90979 -0.3935547 0.9140625 -0.3269043 0.9721985 -0.3544922 0.90979 -0.3693848 0.9792633 -0.3820801 0.8479004 -0.4086914 0.7849121 -0.4128418 0.8623047 -0.3935547 0.9140625 -0.3820801 0.8479004 -0.4128418 0.8623047 -0.4086914 0.7849121 -0.4304199 0.7275391 -0.4345703 0.7902832 -0.4128418 0.8623047 -0.4086914 0.7849121 -0.4345703 0.7902832 -0.4304199 0.7275391 -0.4211426 0.6867676 -0.4450684 0.7084961 -0.4345703 0.7902832 -0.4304199 0.7275391 -0.451416 0.7409668 -0.138916 0.4379883 -0.07849121 0.4921875 -0.08270263 0.4331055 -0.07849121 0.4921875 -0.01303857 0.487793 -0.08270263 0.4331055 -0.01303857 0.487793 -0.07849121 0.4921875 -0.01271057 0.5566406 -0.08270263 0.4331055 -0.01303857 0.487793 -0.03115838 0.4257813 -0.6352539 0.1113281 -0.6694336 0.1992187 -0.6157227 0.1782225 -0.6982422 0.1362304 -0.6694336 0.1992187 -0.6352539 0.1113281 -0.6352539 0.1113281 -0.6567383 0.046875 -0.6982422 0.1362304 -0.6352539 0.1113281 -0.6157227 0.1782225 -0.5683594 0.0961914 -0.6352539 0.1113281 -0.5683594 0.0961914 -0.6567383 0.046875 -0.6694336 0.1992187 -0.7504883 0.1660156 -0.7158203 0.2231445 -0.6982422 0.1362304 -0.7504883 0.1660156 -0.6694336 0.1992187 -0.6694336 0.1992187 -0.7158203 0.2231445 -0.640625 0.2631836 -0.6694336 0.1992187 -0.640625 0.2631836 -0.6157227 0.1782225 -0.6157227 0.1782225 -0.640625 0.2631836 -0.5947266 0.2460937 -0.6157227 0.1782225 -0.5473633 0.2363281 -0.5581055 0.1655273 -0.5947266 0.2460937 -0.5473633 0.2363281 -0.6157227 0.1782225 -0.5683594 0.0961914 -0.6157227 0.1782225 -0.5581055 0.1655273 -0.5683594 0.0961914 -0.5581055 0.1655273 -0.4995117 0.09082031 -0.5024414 0.02197265 -0.5683594 0.0961914 -0.4995117 0.09082031 -0.5800781 0.02929687 -0.5683594 0.0961914 -0.5024414 0.02197265 -0.6567383 0.046875 -0.5683594 0.0961914 -0.5800781 0.02929687 -0.6982422 0.1362304 -0.6567383 0.046875 -0.7290039 0.07617187 -0.6982422 0.1362304 -0.7890625 0.1113281 -0.7504883 0.1660156 -0.7290039 0.07617187 -0.7890625 0.1113281 -0.6982422 0.1362304 -0.7504883 0.1660156 -0.7890625 0.1113281 -0.784668 0.1889648 -0.75 0.2416992 -0.7504883 0.1660156 -0.784668 0.1889648 -0.7158203 0.2231445 -0.7504883 0.1660156 -0.75 0.2416992 -0.7094727 0.2949219 -0.7158203 0.2231445 -0.75 0.2416992 -0.6791992 0.2822266 -0.7158203 0.2231445 -0.7094727 0.2949219 -0.640625 0.2631836 -0.7158203 0.2231445 -0.6791992 0.2822266 -0.640625 0.2631836 -0.644043 0.3320313 -0.6118164 0.324707 -0.6791992 0.2822266 -0.644043 0.3320313 -0.640625 0.2631836 -0.640625 0.2631836 -0.6118164 0.324707 -0.5947266 0.2460937 -0.5947266 0.2460937 -0.6118164 0.324707 -0.5751953 0.3139649 -0.5947266 0.2460937 -0.5371094 0.3056641 -0.5473633 0.2363281 -0.5751953 0.3139649 -0.5371094 0.3056641 -0.5947266 0.2460937 -0.5473633 0.2363281 -0.5371094 0.3056641 -0.4987793 0.2324218 -0.4990234 0.1606445 -0.5473633 0.2363281 -0.4987793 0.2324218 -0.5581055 0.1655273 -0.5473633 0.2363281 -0.4990234 0.1606445 -0.4995117 0.09082031 -0.5581055 0.1655273 -0.4990234 0.1606445 -0.4995117 0.09082031 -0.4990234 0.1606445 -0.4309082 0.09375 -0.4243164 0.02539062 -0.4995117 0.09082031 -0.4309082 0.09375 -0.5024414 0.02197265 -0.4995117 0.09082031 -0.4243164 0.02539062 -0.4990234 0.1606445 -0.4987793 0.2324218 -0.4404297 0.1630859 -0.4309082 0.09375 -0.4990234 0.1606445 -0.4404297 0.1630859 -0.4987793 0.2324218 -0.5371094 0.3056641 -0.498291 0.3032227 -0.4987793 0.2324218 -0.458252 0.3046875 -0.4499512 0.2338867 -0.498291 0.3032227 -0.458252 0.3046875 -0.4987793 0.2324218 -0.4404297 0.1630859 -0.4987793 0.2324218 -0.4499512 0.2338867 -0.5107422 0.3383789 -0.5371094 0.3056641 -0.5444336 0.3408203 -0.498291 0.3032227 -0.5371094 0.3056641 -0.5107422 0.3383789 -0.5371094 0.3056641 -0.5751953 0.3139649 -0.5444336 0.3408203 -0.5751953 0.3139649 -0.6118164 0.324707 -0.5771484 0.3481445 -0.5444336 0.3408203 -0.5751953 0.3139649 -0.5771484 0.3481445 -0.6118164 0.324707 -0.644043 0.3320313 -0.612793 0.3569336 -0.5771484 0.3481445 -0.6118164 0.324707 -0.612793 0.3569336 -0.644043 0.3320313 -0.6791992 0.2822266 -0.6757813 0.3408203 -0.612793 0.3569336 -0.644043 0.3320313 -0.6391602 0.3608399 -0.6757813 0.3408203 -0.6791992 0.2822266 -0.7094727 0.2949219 -0.4719238 0.3388672 -0.498291 0.3032227 -0.5107422 0.3383789 -0.458252 0.3046875 -0.498291 0.3032227 -0.4719238 0.3388672 -0.4360352 0.3442383 -0.458252 0.3046875 -0.4719238 0.3388672 -0.4191895 0.3105469 -0.458252 0.3046875 -0.4360352 0.3442383 -0.458252 0.3046875 -0.4191895 0.3105469 -0.4499512 0.2338867 -0.4499512 0.2338867 -0.4191895 0.3105469 -0.4008789 0.2421875 -0.3828125 0.1733398 -0.4499512 0.2338867 -0.4008789 0.2421875 -0.4404297 0.1630859 -0.4499512 0.2338867 -0.3828125 0.1733398 -0.3640137 0.105957 -0.4404297 0.1630859 -0.3828125 0.1733398 -0.4309082 0.09375 -0.4404297 0.1630859 -0.3640137 0.105957 -0.3466797 0.04052734 -0.4309082 0.09375 -0.3640137 0.105957 -0.4243164 0.02539062 -0.4309082 0.09375 -0.3466797 0.04052734 -0.3640137 0.105957 -0.3283692 0.192871 -0.3022461 0.1289062 -0.3828125 0.1733398 -0.3283692 0.192871 -0.3640137 0.105957 -0.2729492 0.06787109 -0.3640137 0.105957 -0.3022461 0.1289062 -0.3466797 0.04052734 -0.3640137 0.105957 -0.2729492 0.06787109 -0.3828125 0.1733398 -0.3544922 0.2578125 -0.3283692 0.192871 -0.4008789 0.2421875 -0.3544922 0.2578125 -0.3828125 0.1733398 -0.4008789 0.2421875 -0.3820801 0.3198242 -0.3544922 0.2578125 -0.4191895 0.3105469 -0.3820801 0.3198242 -0.4008789 0.2421875 -0.3994141 0.3520508 -0.4191895 0.3105469 -0.4360352 0.3442383 -0.3820801 0.3198242 -0.4191895 0.3105469 -0.3994141 0.3520508 -0.3640137 0.3588867 -0.3820801 0.3198242 -0.3994141 0.3520508 -0.3486328 0.3261719 -0.3820801 0.3198242 -0.3640137 0.3588867 -0.3820801 0.3198242 -0.3486328 0.3261719 -0.3544922 0.2578125 -0.3544922 0.2578125 -0.3486328 0.3261719 -0.3164063 0.277832 -0.3544922 0.2578125 -0.3164063 0.277832 -0.3283692 0.192871 -0.3283692 0.192871 -0.3164063 0.277832 -0.2832031 0.2177734 -0.3283692 0.192871 -0.2832031 0.2177734 -0.3022461 0.1289062 -0.3022461 0.1289062 -0.2832031 0.2177734 -0.251709 0.1591796 -0.251709 0.1591796 -0.2729492 0.06787109 -0.3022461 0.1289062 -0.2137451 0.1054687 -0.2729492 0.06787109 -0.251709 0.1591796 -0.251709 0.1591796 -0.2388916 0.2426757 -0.2052001 0.1938475 -0.2832031 0.2177734 -0.2388916 0.2426757 -0.251709 0.1591796 -0.251709 0.1591796 -0.2052001 0.1938475 -0.2137451 0.1054687 -0.2832031 0.2177734 -0.2834473 0.2978516 -0.2388916 0.2426757 -0.3164063 0.277832 -0.2834473 0.2978516 -0.2832031 0.2177734 -0.3164063 0.277832 -0.3486328 0.3261719 -0.2834473 0.2978516 -0.2834473 0.2978516 -0.3486328 0.3261719 -0.3168945 0.3408203 -0.2137451 0.1054687 -0.2052001 0.1938475 -0.1729736 0.1523437 -0.784668 0.1889648 -0.7890625 0.1113281 -0.8193359 0.1450195 -0.7587891 0.8438721 -0.6660156 0.8272705 -0.7119141 0.7927246 -0.7045899 0.8839722 -0.6660156 0.8272705 -0.7587891 0.8438721 -0.7587891 0.8438721 -0.8022461 0.8955689 -0.7045899 0.8839722 -0.7587891 0.8438721 -0.7119141 0.7927246 -0.8061524 0.7947998 -0.7587891 0.8438721 -0.8061524 0.7947998 -0.8022461 0.8955689 -0.7045899 0.8839722 -0.6210938 0.8526611 -0.6660156 0.8272705 -0.6660156 0.8272705 -0.5893555 0.7900391 -0.6259766 0.7696533 -0.6210938 0.8526611 -0.5893555 0.7900391 -0.6660156 0.8272705 -0.6660156 0.8272705 -0.6259766 0.7696533 -0.7119141 0.7927246 -0.7119141 0.7927246 -0.6259766 0.7696533 -0.6645508 0.7404785 -0.7119141 0.7927246 -0.6972656 0.7045899 -0.7524414 0.7502442 -0.6645508 0.7404785 -0.6972656 0.7045899 -0.7119141 0.7927246 -0.8061524 0.7947998 -0.7119141 0.7927246 -0.7524414 0.7502442 -0.8061524 0.7947998 -0.7524414 0.7502442 -0.8466797 0.7380371 -0.9038086 0.7751465 -0.8061524 0.7947998 -0.8466797 0.7380371 -0.8574219 0.8386231 -0.8061524 0.7947998 -0.9038086 0.7751465 -0.8022461 0.8955689 -0.8061524 0.7947998 -0.8574219 0.8386231 -0.7045899 0.8839722 -0.8022461 0.8955689 -0.7382813 0.9425659 -0.7382813 0.9425659 -0.6513672 0.9119263 -0.7045899 0.8839722 -0.6513672 0.9119263 -0.6210938 0.8526611 -0.7045899 0.8839722 -0.6210938 0.8526611 -0.6108399 0.9233399 -0.5869141 0.8651123 -0.6513672 0.9119263 -0.6108399 0.9233399 -0.6210938 0.8526611 -0.6210938 0.8526611 -0.5869141 0.8651123 -0.5893555 0.7900391 -0.5893555 0.7900391 -0.5869141 0.8651123 -0.5634766 0.8001709 -0.5893555 0.7900391 -0.5634766 0.8001709 -0.565918 0.7351074 -0.5893555 0.7900391 -0.565918 0.7351074 -0.6259766 0.7696533 -0.6259766 0.7696533 -0.565918 0.7351074 -0.5883789 0.7131348 -0.6259766 0.7696533 -0.5883789 0.7131348 -0.6645508 0.7404785 -0.6645508 0.7404785 -0.5883789 0.7131348 -0.6171875 0.6877442 -0.6171875 0.6877442 -0.6972656 0.7045899 -0.6645508 0.7404785 -0.6435547 0.6599121 -0.6972656 0.7045899 -0.6171875 0.6877442 -0.6972656 0.7045899 -0.6435547 0.6599121 -0.7255859 0.6657715 -0.7871094 0.7023926 -0.6972656 0.7045899 -0.7255859 0.6657715 -0.7524414 0.7502442 -0.6972656 0.7045899 -0.7871094 0.7023926 -0.8466797 0.7380371 -0.7524414 0.7502442 -0.7871094 0.7023926 -0.8466797 0.7380371 -0.7871094 0.7023926 -0.8793945 0.677002 -0.940918 0.7060547 -0.8466797 0.7380371 -0.8793945 0.677002 -0.9038086 0.7751465 -0.8466797 0.7380371 -0.940918 0.7060547 -0.7871094 0.7023926 -0.7255859 0.6657715 -0.8149414 0.6503906 -0.8793945 0.677002 -0.7871094 0.7023926 -0.8149414 0.6503906 -0.7255859 0.6657715 -0.6435547 0.6599121 -0.6665039 0.6274414 -0.6665039 0.6274414 -0.7490234 0.6230469 -0.7255859 0.6657715 -0.8149414 0.6503906 -0.7255859 0.6657715 -0.7490234 0.6230469 -0.6435547 0.6599121 -0.6225586 0.6352539 -0.6665039 0.6274414 -0.6435547 0.6599121 -0.5961914 0.6667481 -0.6225586 0.6352539 -0.6171875 0.6877442 -0.5961914 0.6667481 -0.6435547 0.6599121 -0.6171875 0.6877442 -0.5703125 0.6916504 -0.5961914 0.6667481 -0.5883789 0.7131348 -0.5703125 0.6916504 -0.6171875 0.6877442 -0.5883789 0.7131348 -0.565918 0.7351074 -0.5703125 0.6916504 -0.565918 0.7351074 -0.5634766 0.8001709 -0.543457 0.7507324 -0.5703125 0.6916504 -0.565918 0.7351074 -0.5498047 0.7143555 -0.6665039 0.6274414 -0.6225586 0.6352539 -0.6416016 0.6062012 -0.6665039 0.6274414 -0.6416016 0.6062012 -0.6850586 0.5932617 -0.6850586 0.5932617 -0.7490234 0.6230469 -0.6665039 0.6274414 -0.7490234 0.6230469 -0.6850586 0.5932617 -0.7666016 0.5771484 -0.8359375 0.595459 -0.7490234 0.6230469 -0.7666016 0.5771484 -0.8149414 0.6503906 -0.7490234 0.6230469 -0.8359375 0.595459 -0.9033203 0.6123047 -0.8149414 0.6503906 -0.8359375 0.595459 -0.8793945 0.677002 -0.8149414 0.6503906 -0.9033203 0.6123047 -0.9682617 0.6315918 -0.8793945 0.677002 -0.9033203 0.6123047 -0.940918 0.7060547 -0.8793945 0.677002 -0.9682617 0.6315918 -0.9033203 0.6123047 -0.8466797 0.5380859 -0.9155274 0.5454102 -0.8359375 0.595459 -0.8466797 0.5380859 -0.9033203 0.6123047 -0.9829102 0.5546875 -0.9033203 0.6123047 -0.9155274 0.5454102 -0.9682617 0.6315918 -0.9033203 0.6123047 -0.9829102 0.5546875 -0.8359375 0.595459 -0.7773438 0.5300293 -0.8466797 0.5380859 -0.7666016 0.5771484 -0.7773438 0.5300293 -0.8359375 0.595459 -0.7666016 0.5771484 -0.6850586 0.5932617 -0.6992188 0.5568848 -0.6992188 0.5568848 -0.7773438 0.5300293 -0.7666016 0.5771484 -0.6850586 0.5932617 -0.6577149 0.5744629 -0.6992188 0.5568848 -0.6850586 0.5932617 -0.6416016 0.6062012 -0.6577149 0.5744629 -0.6992188 0.5568848 -0.6577149 0.5744629 -0.6694336 0.545166 -0.6992188 0.5568848 -0.6694336 0.545166 -0.7104492 0.5219727 -0.7104492 0.5219727 -0.7773438 0.5300293 -0.6992188 0.5568848 -0.7773438 0.5300293 -0.7211914 0.4916992 -0.7802734 0.4873047 -0.7104492 0.5219727 -0.7211914 0.4916992 -0.7773438 0.5300293 -0.8500977 0.4858399 -0.7773438 0.5300293 -0.7802734 0.4873047 -0.8466797 0.5380859 -0.7773438 0.5300293 -0.8500977 0.4858399 -0.9169922 0.4853516 -0.8466797 0.5380859 -0.8500977 0.4858399 -0.9155274 0.5454102 -0.8466797 0.5380859 -0.9169922 0.4853516 -0.9848634 0.484375 -0.9155274 0.5454102 -0.9169922 0.4853516 -0.9829102 0.5546875 -0.9155274 0.5454102 -0.9848634 0.484375 -0.9169922 0.4853516 -0.8500977 0.4858399 -0.9091797 0.4404297 -0.9711914 0.4350586 -0.9169922 0.4853516 -0.9091797 0.4404297 -0.9848634 0.484375 -0.9169922 0.4853516 -0.9711914 0.4350586 -0.8500977 0.4858399 -0.7836914 0.453125 -0.8476563 0.4458008 -0.7802734 0.4873047 -0.7836914 0.453125 -0.8500977 0.4858399 -0.9091797 0.4404297 -0.8500977 0.4858399 -0.8476563 0.4458008 -0.7802734 0.4873047 -0.7265625 0.4594727 -0.7836914 0.453125 -0.7211914 0.4916992 -0.7265625 0.4594727 -0.7802734 0.4873047 -0.7211914 0.4916992 -0.6826172 0.5092774 -0.6928711 0.4824219 -0.7104492 0.5219727 -0.6826172 0.5092774 -0.7211914 0.4916992 -0.7104492 0.5219727 -0.6694336 0.545166 -0.6826172 0.5092774 -0.6513672 0.9119263 -0.6318359 0.9815521 -0.6108399 0.9233399 -0.6762695 0.9730072 -0.6318359 0.9815521 -0.6513672 0.9119263 -0.6762695 0.9730072 -0.6513672 0.9119263 -0.7382813 0.9425659 -0.4470215 0.6430664 -0.4797363 0.6176758 -0.4763184 0.6586914 -0.4763184 0.6586914 -0.5107422 0.6149902 -0.5195313 0.6591797 -0.4797363 0.6176758 -0.5107422 0.6149902 -0.4763184 0.6586914 -0.4763184 0.6586914 -0.5195313 0.6591797 -0.480957 0.7099609 -0.4123535 0.6259766 -0.4504395 0.6130371 -0.4470215 0.6430664 -0.4504395 0.6130371 -0.4797363 0.6176758 -0.4470215 0.6430664 -0.4504395 0.6130371 -0.4802246 0.5705567 -0.4797363 0.6176758 -0.4802246 0.5705567 -0.5107422 0.6149902 -0.4797363 0.6176758 -0.503418 0.5688477 -0.5107422 0.6149902 -0.4802246 0.5705567 -0.5107422 0.6149902 -0.503418 0.5688477 -0.5366211 0.6086426 -0.5463867 0.6435547 -0.5107422 0.6149902 -0.5366211 0.6086426 -0.5195313 0.6591797 -0.5107422 0.6149902 -0.5463867 0.6435547 -0.480957 0.7099609 -0.5195313 0.6591797 -0.515625 0.7116699 -0.480957 0.7099609 -0.5170899 0.7755127 -0.4814453 0.7790527 -0.515625 0.7116699 -0.5170899 0.7755127 -0.480957 0.7099609 -0.5170899 0.7755127 -0.4824219 0.8288574 -0.4814453 0.7790527 -0.519043 0.8330078 -0.4824219 0.8288574 -0.5170899 0.7755127 -0.519043 0.8330078 -0.4851074 0.8934326 -0.4824219 0.8288574 -0.5214844 0.8914185 -0.4851074 0.8934326 -0.519043 0.8330078 -0.5366211 0.6086426 -0.5776367 0.6311035 -0.5463867 0.6435547 -0.5366211 0.6086426 -0.503418 0.5688477 -0.5268555 0.5649414 -0.5366211 0.6086426 -0.5268555 0.5649414 -0.5615234 0.5969238 -0.5615234 0.5969238 -0.5776367 0.6311035 -0.5366211 0.6086426 -0.4990234 0.5222168 -0.5268555 0.5649414 -0.503418 0.5688477 -0.4780274 0.5244141 -0.503418 0.5688477 -0.4802246 0.5705567 -0.4990234 0.5222168 -0.503418 0.5688477 -0.4780274 0.5244141 -0.4802246 0.5705567 -0.4541016 0.5253906 -0.4780274 0.5244141 -0.4545899 0.5705567 -0.4541016 0.5253906 -0.4802246 0.5705567 -0.4545899 0.5705567 -0.4802246 0.5705567 -0.4504395 0.6130371 -0.427002 0.6013184 -0.4545899 0.5705567 -0.4504395 0.6130371 -0.427002 0.6013184 -0.4504395 0.6130371 -0.4123535 0.6259766 -0.4123535 0.6259766 -0.4035645 0.5866699 -0.427002 0.6013184 -0.3828125 0.5981445 -0.4035645 0.5866699 -0.4123535 0.6259766 -0.4289551 0.5688477 -0.4545899 0.5705567 -0.427002 0.6013184 -0.427002 0.6013184 -0.4035645 0.5866699 -0.4289551 0.5688477 -0.4284668 0.5270996 -0.4545899 0.5705567 -0.4289551 0.5688477 -0.4541016 0.5253906 -0.4545899 0.5705567 -0.4284668 0.5270996 -0.4274902 0.4975586 -0.4541016 0.5253906 -0.4284668 0.5270996 -0.4543457 0.4951172 -0.4541016 0.5253906 -0.4274902 0.4975586 -0.4541016 0.5253906 -0.4543457 0.4951172 -0.4780274 0.5244141 -0.4780274 0.5244141 -0.4543457 0.4951172 -0.4794922 0.4916992 -0.4794922 0.4916992 -0.4990234 0.5222168 -0.4780274 0.5244141 -0.4997559 0.4897461 -0.4990234 0.5222168 -0.4794922 0.4916992 -0.4990234 0.5222168 -0.4997559 0.4897461 -0.5205078 0.5205078 -0.5205078 0.5205078 -0.5268555 0.5649414 -0.4990234 0.5222168 -0.5205078 0.5205078 -0.546875 0.5583496 -0.5268555 0.5649414 -0.5615234 0.5969238 -0.5268555 0.5649414 -0.546875 0.5583496 -0.5615234 0.5969238 -0.546875 0.5583496 -0.5791016 0.5837402 -0.5615234 0.5969238 -0.5791016 0.5837402 -0.5776367 0.6311035 -0.5776367 0.6311035 -0.5791016 0.5837402 -0.6088867 0.6066895 -0.5791016 0.5837402 -0.546875 0.5583496 -0.5708008 0.5507813 -0.5791016 0.5837402 -0.5708008 0.5507813 -0.5996094 0.5695801 -0.5791016 0.5837402 -0.5996094 0.5695801 -0.6088867 0.6066895 -0.546875 0.5583496 -0.5410156 0.5187988 -0.5708008 0.5507813 -0.5410156 0.5187988 -0.546875 0.5583496 -0.5205078 0.5205078 -0.5205078 0.5205078 -0.4997559 0.4897461 -0.5180664 0.487793 -0.5205078 0.5205078 -0.5180664 0.487793 -0.5410156 0.5187988 -0.5166016 0.4443359 -0.5180664 0.487793 -0.4997559 0.4897461 -0.4907227 0.4433594 -0.4997559 0.4897461 -0.4794922 0.4916992 -0.5166016 0.4443359 -0.4997559 0.4897461 -0.4907227 0.4433594 -0.4663086 0.4418945 -0.4794922 0.4916992 -0.4543457 0.4951172 -0.4907227 0.4433594 -0.4794922 0.4916992 -0.4663086 0.4418945 -0.4543457 0.4951172 -0.4306641 0.456543 -0.4663086 0.4418945 -0.4274902 0.4975586 -0.4306641 0.456543 -0.4543457 0.4951172 -0.4274902 0.4975586 -0.4060059 0.4755859 -0.4306641 0.456543 -0.3986817 0.4990234 -0.4060059 0.4755859 -0.4274902 0.4975586 -0.4274902 0.4975586 -0.4284668 0.5270996 -0.3986817 0.4990234 -0.3986817 0.4990234 -0.4284668 0.5270996 -0.4008789 0.5288086 -0.4284668 0.5270996 -0.4042969 0.5639649 -0.4008789 0.5288086 -0.4289551 0.5688477 -0.4042969 0.5639649 -0.4284668 0.5270996 -0.4289551 0.5688477 -0.4035645 0.5866699 -0.4042969 0.5639649 -0.3664551 0.5708008 -0.4035645 0.5866699 -0.3828125 0.5981445 -0.4042969 0.5639649 -0.4035645 0.5866699 -0.3664551 0.5708008 -0.4042969 0.5639649 -0.3664551 0.5708008 -0.4008789 0.5288086 -0.4008789 0.5288086 -0.3566895 0.5 -0.3986817 0.4990234 -0.3557129 0.5344238 -0.3566895 0.5 -0.4008789 0.5288086 -0.4008789 0.5288086 -0.3664551 0.5708008 -0.3557129 0.5344238 -0.3986817 0.4990234 -0.3654785 0.4643555 -0.4060059 0.4755859 -0.3566895 0.5 -0.3654785 0.4643555 -0.3986817 0.4990234 -0.4060059 0.4755859 -0.4038086 0.4443359 -0.4306641 0.456543 -0.3654785 0.4643555 -0.4038086 0.4443359 -0.4060059 0.4755859 -0.4331055 0.4262695 -0.4306641 0.456543 -0.4038086 0.4443359 -0.4663086 0.4418945 -0.4306641 0.456543 -0.4331055 0.4262695 -0.4663086 0.4418945 -0.451416 0.409668 -0.4758301 0.4057617 -0.4331055 0.4262695 -0.451416 0.409668 -0.4663086 0.4418945 -0.4758301 0.4057617 -0.4907227 0.4433594 -0.4663086 0.4418945 -0.5048828 0.4023438 -0.4907227 0.4433594 -0.4758301 0.4057617 -0.5048828 0.4023438 -0.5166016 0.4443359 -0.4907227 0.4433594 -0.5351563 0.4472656 -0.5180664 0.487793 -0.5166016 0.4443359 -0.5332031 0.4072266 -0.5351563 0.4472656 -0.5166016 0.4443359 -0.5332031 0.4072266 -0.5166016 0.4443359 -0.5048828 0.4023438 -0.5410156 0.484375 -0.5180664 0.487793 -0.5351563 0.4472656 -0.5410156 0.5187988 -0.5180664 0.487793 -0.5410156 0.484375 -0.5410156 0.484375 -0.5678711 0.5141602 -0.5410156 0.5187988 -0.5708008 0.5507813 -0.5410156 0.5187988 -0.5678711 0.5141602 -0.5678711 0.5141602 -0.5996094 0.5427246 -0.5708008 0.5507813 -0.5996094 0.5695801 -0.5708008 0.5507813 -0.5996094 0.5427246 -0.6088867 0.6066895 -0.5996094 0.5695801 -0.6264649 0.5793457 -0.6386719 0.5478516 -0.5996094 0.5695801 -0.5996094 0.5427246 -0.6264649 0.5793457 -0.5996094 0.5695801 -0.6386719 0.5478516 -0.6010742 0.5119629 -0.5996094 0.5427246 -0.5678711 0.5141602 -0.6416016 0.5180664 -0.5996094 0.5427246 -0.6010742 0.5119629 -0.6386719 0.5478516 -0.5996094 0.5427246 -0.6416016 0.5180664 -0.5688477 0.4770508 -0.5678711 0.5141602 -0.5410156 0.484375 -0.5678711 0.5141602 -0.6005859 0.4829102 -0.6010742 0.5119629 -0.5688477 0.4770508 -0.6005859 0.4829102 -0.5678711 0.5141602 -0.5410156 0.484375 -0.5581055 0.4516602 -0.5688477 0.4770508 -0.5351563 0.4472656 -0.5581055 0.4516602 -0.5410156 0.484375 -0.5527344 0.4155274 -0.5351563 0.4472656 -0.5332031 0.4072266 -0.5527344 0.4155274 -0.5581055 0.4516602 -0.5351563 0.4472656 -0.5332031 0.4072266 -0.5112305 0.3666992 -0.5424805 0.3730469 -0.5048828 0.4023438 -0.5112305 0.3666992 -0.5332031 0.4072266 -0.5332031 0.4072266 -0.5698242 0.3881836 -0.5527344 0.4155274 -0.5424805 0.3730469 -0.5698242 0.3881836 -0.5332031 0.4072266 -0.5048828 0.4023438 -0.4743652 0.3686524 -0.5112305 0.3666992 -0.4758301 0.4057617 -0.4743652 0.3686524 -0.5048828 0.4023438 -0.4758301 0.4057617 -0.4421387 0.3798828 -0.4743652 0.3686524 -0.451416 0.409668 -0.4421387 0.3798828 -0.4758301 0.4057617 -0.451416 0.409668 -0.4128418 0.3994141 -0.4421387 0.3798828 -0.4331055 0.4262695 -0.4128418 0.3994141 -0.451416 0.409668 -0.4331055 0.4262695 -0.4038086 0.4443359 -0.4128418 0.3994141 -0.4128418 0.3994141 -0.4038086 0.4443359 -0.3852539 0.4189453 -0.4038086 0.4443359 -0.3654785 0.4643555 -0.3852539 0.4189453 -0.3852539 0.4189453 -0.3654785 0.4643555 -0.3547363 0.4433594 -0.3547363 0.4433594 -0.3371582 0.3959961 -0.3852539 0.4189453 -0.3144531 0.4169922 -0.3371582 0.3959961 -0.3547363 0.4433594 -0.3371582 0.3959961 -0.3144531 0.4169922 -0.2849121 0.362793 -0.2849121 0.362793 -0.3144531 0.4169922 -0.2661133 0.3862305 -0.2849121 0.362793 -0.2661133 0.3862305 -0.2393798 0.3330078 -0.2393798 0.3330078 -0.2661133 0.3862305 -0.2229003 0.3574219 -0.2393798 0.3330078 -0.2229003 0.3574219 -0.1964111 0.3041992 -0.1964111 0.3041992 -0.2229003 0.3574219 -0.1798095 0.3295899 -0.5698242 0.3881836 -0.5688477 0.4287109 -0.5527344 0.4155274 -0.5947266 0.4106445 -0.5688477 0.4287109 -0.5698242 0.3881836 -0.5688477 0.4287109 -0.5581055 0.4516602 -0.5527344 0.4155274 -0.5820313 0.4458008 -0.5581055 0.4516602 -0.5688477 0.4287109 -0.5688477 0.4770508 -0.5581055 0.4516602 -0.5820313 0.4458008 -0.5688477 0.4770508 -0.5996094 0.4658203 -0.6005859 0.4829102 -0.5820313 0.4458008 -0.5996094 0.4658203 -0.5688477 0.4770508 -0.6367188 0.4819336 -0.6010742 0.5119629 -0.6005859 0.4829102 -0.5996094 0.4658203 -0.6367188 0.4819336 -0.6005859 0.4829102 -0.6416016 0.5180664 -0.6010742 0.5119629 -0.6367188 0.4819336 -0.6386719 0.4521484 -0.6367188 0.4819336 -0.5996094 0.4658203 -0.6206055 0.4194336 -0.5996094 0.4658203 -0.5820313 0.4458008 -0.6386719 0.4521484 -0.5996094 0.4658203 -0.6206055 0.4194336 -0.5947266 0.4106445 -0.5820313 0.4458008 -0.5688477 0.4287109 -0.6206055 0.4194336 -0.5820313 0.4458008 -0.5947266 0.4106445 -0.6831055 0.4233399 -0.6206055 0.4194336 -0.6674805 0.3959961 -0.6386719 0.4521484 -0.6206055 0.4194336 -0.6831055 0.4233399 -0.6831055 0.4233399 -0.6674805 0.3959961 -0.7348633 0.3955078 -0.7348633 0.3955078 -0.6674805 0.3959961 -0.7197266 0.3666992 -0.7197266 0.3666992 -0.7841797 0.3681641 -0.7348633 0.3955078 -0.7705078 0.3383789 -0.7841797 0.3681641 -0.7197266 0.3666992 -0.7705078 0.3383789 -0.8349609 0.3408203 -0.7841797 0.3681641 -0.8193359 0.3120117 -0.8349609 0.3408203 -0.7705078 0.3383789</float_array>
          <technique_common>
            <accessor source="#bomb_PBR_CheckShape-mesh-map-0-array" count="2658" stride="2">
              <param name="S" type="float"/>
              <param name="T" type="float"/>
            </accessor>
          </technique_common>
        </source>
        <vertices id="bomb_PBR_CheckShape-mesh-vertices">
          <input semantic="POSITION" source="#bomb_PBR_CheckShape-mesh-positions"/>
        </vertices>
        <triangles material="met_bomb_001-material" count="886">
          <input semantic="VERTEX" source="#bomb_PBR_CheckShape-mesh-vertices" offset="0"/>
          <input semantic="NORMAL" source="#bomb_PBR_CheckShape-mesh-normals" offset="1"/>
          <input semantic="TEXCOORD" source="#bomb_PBR_CheckShape-mesh-map-0" offset="2" set="0"/>
          <p>0 0 0 28 1 1 27 2 2 11 3 3 28 1 4 0 0 5 0 0 6 27 2 7 224 4 8 0 0 9 1 5 10 11 3 11 0 0 12 224 4 13 1 5 14 28 1 15 38 6 16 27 2 17 28 1 18 37 7 19 38 6 20 29 8 21 37 7 22 28 1 23 11 3 24 29 8 25 28 1 26 27 2 27 39 9 28 249 10 29 27 2 30 38 6 31 39 9 32 224 4 33 27 2 34 249 10 35 1 5 36 224 4 37 2 11 38 1 5 39 3 12 40 12 13 41 11 3 42 1 5 43 12 13 44 1 5 45 225 14 46 3 12 47 2 11 48 225 14 49 1 5 50 19 15 51 29 8 52 11 3 53 11 3 54 18 16 55 19 15 56 12 13 57 18 16 58 11 3 59 29 8 60 36 17 61 37 7 62 35 18 63 36 17 64 29 8 65 29 8 66 34 19 67 35 18 68 19 15 69 34 19 70 29 8 71 37 7 72 47 20 73 38 6 74 37 7 75 46 21 76 47 20 77 36 17 78 46 21 79 37 7 80 38 6 81 154 22 82 39 9 83 38 6 84 47 20 85 154 22 86 39 9 87 153 23 88 262 24 89 39 9 90 154 22 91 153 23 92 249 10 93 39 9 94 262 24 95 262 24 96 153 23 97 48 25 98 34 19 99 43 26 100 35 18 101 34 19 102 42 27 103 43 26 104 33 28 105 42 27 106 34 19 107 34 19 108 19 15 109 33 28 110 33 28 111 19 15 112 18 16 113 18 16 114 20 29 115 33 28 116 18 16 117 13 30 118 20 29 119 12 13 120 13 30 121 18 16 122 12 13 123 3 12 124 13 30 125 3 12 126 5 31 127 13 30 128 3 12 129 4 32 130 5 31 131 225 14 132 4 32 133 3 12 134 13 30 135 14 33 136 20 29 137 13 30 138 5 31 139 14 33 140 33 28 141 20 29 142 32 34 143 31 35 144 20 29 145 21 36 146 32 34 147 20 29 148 31 35 149 20 29 150 14 33 151 21 36 152 33 28 153 182 37 154 42 27 155 32 34 156 182 37 157 33 28 158 32 34 159 180 38 160 182 37 161 31 35 162 180 38 163 32 34 164 31 35 165 178 39 166 180 38 167 30 40 168 178 39 169 31 35 170 21 36 171 30 40 172 31 35 173 22 41 174 30 40 175 21 36 176 21 36 177 15 42 178 22 41 179 14 33 180 15 42 181 21 36 182 14 33 183 7 43 184 15 42 185 5 31 186 7 43 187 14 33 188 5 31 189 6 44 190 7 43 191 4 32 192 6 44 193 5 31 194 7 43 195 16 45 196 15 42 197 8 46 198 16 45 199 7 43 200 7 43 201 229 47 202 8 46 203 6 44 204 229 47 205 7 43 206 15 42 207 23 48 208 22 41 209 16 45 210 23 48 211 15 42 212 26 49 213 22 41 214 23 48 215 30 40 216 22 41 217 26 49 218 30 40 219 45 50 220 178 39 221 26 49 222 45 50 223 30 40 224 25 51 225 45 50 226 26 49 227 23 48 228 25 51 229 26 49 230 24 52 231 25 51 232 23 48 233 23 48 234 17 53 235 24 52 236 16 45 237 17 53 238 23 48 239 16 45 240 9 54 241 17 53 242 8 46 243 9 54 244 16 45 245 10 55 246 8 46 247 229 47 248 9 54 249 8 46 250 10 55 251 9 54 252 40 56 253 17 53 254 9 54 255 263 57 256 40 56 257 10 55 258 263 57 259 9 54 260 17 53 261 144 58 262 24 52 263 17 53 264 40 56 265 144 58 266 24 52 267 41 59 268 25 51 269 24 52 270 144 58 271 41 59 272 44 60 273 45 50 274 25 51 275 25 51 276 41 59 277 44 60 278 35 18 279 43 26 280 200 61 281 35 18 282 200 61 283 36 17 284 36 17 285 200 61 286 46 21 287 49 62 288 77 63 289 76 64 290 60 65 291 77 63 292 49 62 293 49 62 294 76 64 295 274 66 296 49 62 297 50 67 298 60 65 299 49 62 300 274 66 301 50 67 302 88 68 303 77 63 304 87 69 305 76 64 306 77 63 307 88 68 308 77 63 309 78 70 310 87 69 311 60 65 312 78 70 313 77 63 314 89 71 315 76 64 316 88 68 317 299 72 318 76 64 319 89 71 320 274 66 321 76 64 322 299 72 323 50 67 324 274 66 325 275 73 326 50 67 327 52 74 328 61 75 329 60 65 330 50 67 331 61 75 332 50 67 333 51 76 334 52 74 335 275 73 336 51 76 337 50 67 338 68 77 339 78 70 340 60 65 341 60 65 342 67 78 343 68 77 344 61 75 345 67 78 346 60 65 347 87 69 348 78 70 349 86 79 350 78 70 351 85 80 352 86 79 353 84 81 354 85 80 355 78 70 356 78 70 357 68 77 358 84 81 359 87 69 360 149 82 361 88 68 362 87 69 363 96 83 364 149 82 365 86 79 366 96 83 367 87 69 368 88 68 369 97 84 370 89 71 371 88 68 372 149 82 373 97 84 374 89 71 375 97 84 376 148 85 377 86 79 378 152 86 379 96 83 380 85 80 381 152 86 382 86 79 383 85 80 384 159 87 385 152 86 386 84 81 387 159 87 388 85 80 389 84 81 390 93 88 391 159 87 392 83 89 393 93 88 394 84 81 395 84 81 396 68 77 397 83 89 398 82 90 399 68 77 400 67 78 401 83 89 402 68 77 403 82 90 404 67 78 405 69 91 406 82 90 407 67 78 408 62 92 409 69 91 410 61 75 411 62 92 412 67 78 413 61 75 414 52 74 415 62 92 416 52 74 417 53 93 418 62 92 419 52 74 420 277 94 421 53 93 422 51 76 423 277 94 424 52 74 425 62 92 426 63 95 427 69 91 428 62 92 429 53 93 430 63 95 431 82 90 432 69 91 433 81 96 434 80 97 435 69 91 436 70 98 437 81 96 438 69 91 439 80 97 440 69 91 441 63 95 442 70 98 443 82 90 444 94 99 445 92 100 446 81 96 447 94 99 448 82 90 449 82 90 450 92 100 451 83 89 452 83 89 453 92 100 454 93 88 455 81 96 456 208 101 457 94 99 458 80 97 459 208 101 460 81 96 461 80 97 462 95 102 463 208 101 464 79 103 465 95 102 466 80 97 467 70 98 468 79 103 469 80 97 470 71 104 471 79 103 472 70 98 473 70 98 474 64 105 475 71 104 476 63 95 477 64 105 478 70 98 479 63 95 480 55 106 481 64 105 482 53 93 483 55 106 484 63 95 485 53 93 486 54 107 487 55 106 488 277 94 489 54 107 490 53 93 491 55 106 492 65 108 493 64 105 494 57 109 495 65 108 496 55 106 497 55 106 498 56 110 499 57 109 500 54 107 501 56 110 502 55 106 503 64 105 504 72 111 505 71 104 506 65 108 507 72 111 508 64 105 509 75 112 510 71 104 511 72 111 512 79 103 513 71 104 514 75 112 515 79 103 516 201 113 517 95 102 518 75 112 519 201 113 520 79 103 521 75 112 522 156 114 523 201 113 524 74 115 525 156 114 526 75 112 527 72 111 528 74 115 529 75 112 530 73 116 531 74 115 532 72 111 533 65 108 534 73 116 535 72 111 536 66 117 537 73 116 538 65 108 539 57 109 540 66 117 541 65 108 542 59 118 543 66 117 544 57 109 545 56 110 546 59 118 547 57 109 548 58 119 549 59 118 550 56 110 551 59 118 552 91 120 553 66 117 554 90 121 555 91 120 556 59 118 557 58 119 558 90 121 559 59 118 560 66 117 561 155 122 562 73 116 563 91 120 564 155 122 565 66 117 566 73 116 567 155 122 568 74 115 569 74 115 570 155 122 571 156 114 572 313 123 573 90 121 574 58 119 575 98 124 576 126 125 577 124 126 578 108 127 579 126 125 580 98 124 581 98 124 582 124 126 583 324 128 584 98 124 585 99 129 586 108 127 587 98 124 588 324 128 589 99 129 590 126 125 591 136 130 592 124 126 593 126 125 594 135 131 595 136 130 596 127 132 597 135 131 598 126 125 599 108 127 600 127 132 601 126 125 602 124 126 603 137 133 604 125 134 605 124 126 606 136 130 607 137 133 608 324 128 609 124 126 610 125 134 611 99 129 612 324 128 613 325 135 614 99 129 615 100 136 616 109 137 617 108 127 618 99 129 619 109 137 620 99 129 621 326 138 622 100 136 623 325 135 624 326 138 625 99 129 626 116 139 627 127 132 628 108 127 629 108 127 630 115 140 631 116 139 632 109 137 633 115 140 634 108 127 635 127 132 636 134 141 637 135 131 638 133 142 639 134 141 640 127 132 641 127 132 642 116 139 643 133 142 644 135 131 645 143 143 646 136 130 647 142 144 648 143 143 649 135 131 650 134 141 651 142 144 652 135 131 653 136 130 654 145 145 655 137 133 656 143 143 657 145 145 658 136 130 659 137 133 660 370 146 661 362 147 662 145 145 663 370 146 664 137 133 665 125 134 666 137 133 667 362 147 668 141 148 669 142 144 670 134 141 671 134 141 672 140 149 673 141 148 674 133 142 675 140 149 676 134 141 677 132 150 678 140 149 679 133 142 680 133 142 681 116 139 682 132 150 683 116 139 684 115 140 685 132 150 686 132 150 687 115 140 688 131 151 689 115 140 690 117 152 691 131 151 692 115 140 693 110 153 694 117 152 695 109 137 696 110 153 697 115 140 698 109 137 699 100 136 700 110 153 701 100 136 702 102 154 703 110 153 704 100 136 705 101 155 706 102 154 707 326 138 708 101 155 709 100 136 710 110 153 711 111 156 712 117 152 713 110 153 714 102 154 715 111 156 716 131 151 717 117 152 718 130 157 719 117 152 720 118 158 721 130 157 722 117 152 723 111 156 724 118 158 725 130 157 726 170 159 727 131 151 728 131 151 729 172 160 730 132 150 731 170 159 732 172 160 733 131 151 734 172 160 735 140 149 736 132 150 737 138 161 738 170 159 739 130 157 740 129 162 741 138 161 742 130 157 743 130 157 744 118 158 745 129 162 746 118 158 747 119 163 748 129 162 749 118 158 750 112 164 751 119 163 752 111 156 753 112 164 754 118 158 755 111 156 756 104 165 757 112 164 758 102 154 759 104 165 760 111 156 761 102 154 762 103 166 763 104 165 764 101 155 765 103 166 766 102 154 767 104 165 768 113 167 769 112 164 770 105 168 771 113 167 772 104 165 773 104 165 774 330 169 775 105 168 776 103 166 777 330 169 778 104 165 779 112 164 780 120 170 781 119 163 782 113 167 783 120 170 784 112 164 785 129 162 786 119 163 787 128 171 788 119 163 789 120 170 790 128 171 791 128 171 792 165 172 793 129 162 794 165 172 795 138 161 796 129 162 797 163 173 798 165 172 799 128 171 800 123 174 801 163 173 802 128 171 803 128 171 804 120 170 805 123 174 806 120 170 807 122 175 808 123 174 809 121 176 810 122 175 811 120 170 812 120 170 813 114 177 814 121 176 815 113 167 816 114 177 817 120 170 818 113 167 819 106 178 820 114 177 821 105 168 822 106 178 823 113 167 824 107 179 825 105 168 826 330 169 827 106 178 828 105 168 829 107 179 830 106 178 831 146 180 832 114 177 833 106 178 834 147 181 835 146 180 836 107 179 837 147 181 838 106 178 839 114 177 840 151 182 841 121 176 842 150 183 843 151 182 844 114 177 845 114 177 846 146 180 847 150 183 848 121 176 849 139 184 850 122 175 851 151 182 852 139 184 853 121 176 854 122 175 855 161 185 856 123 174 857 139 184 858 161 185 859 122 175 860 161 185 861 163 173 862 123 174 863 142 144 864 41 59 865 143 143 866 142 144 867 141 148 868 41 59 869 143 143 870 41 59 871 144 58 872 41 59 873 141 148 874 44 60 875 143 143 876 40 56 877 145 145 878 144 58 879 40 56 880 143 143 881 40 56 882 263 57 883 145 145 884 145 145 885 263 57 886 370 146 887 44 60 888 176 186 889 45 50 890 44 60 891 175 187 892 176 186 893 141 148 894 175 187 895 44 60 896 141 148 897 140 149 898 175 187 899 175 187 900 188 188 901 176 186 902 187 189 903 188 188 904 175 187 905 175 187 906 174 190 907 187 189 908 175 187 909 140 149 910 174 190 911 176 186 912 188 188 913 177 191 914 45 50 915 176 186 916 177 191 917 45 50 918 177 191 919 178 39 920 177 191 921 188 188 922 190 192 923 190 192 924 179 193 925 177 191 926 178 39 927 177 191 928 179 193 929 187 189 930 194 194 931 188 188 932 188 188 933 193 195 934 190 192 935 194 194 936 193 195 937 188 188 938 186 196 939 195 197 940 187 189 941 195 197 942 194 194 943 187 189 944 187 189 945 174 190 946 186 196 947 174 190 948 173 198 949 186 196 950 172 160 951 174 190 952 140 149 953 173 198 954 174 190 955 172 160 956 185 199 957 196 200 958 186 196 959 196 200 960 195 197 961 186 196 962 186 196 963 173 198 964 185 199 965 195 197 966 214 201 967 194 194 968 213 202 969 214 201 970 195 197 971 195 197 972 196 200 973 213 202 974 215 203 975 194 194 976 214 201 977 193 195 978 194 194 979 215 203 980 216 204 981 193 195 982 215 203 983 192 205 984 193 195 985 216 204 986 192 205 987 190 192 988 193 195 989 189 206 990 190 192 991 192 205 992 189 206 993 179 193 994 190 192 995 179 193 996 189 206 997 181 207 998 181 207 999 178 39 1000 179 193 1001 180 38 1002 178 39 1003 181 207 1004 181 207 1005 189 206 1006 183 208 1007 182 37 1008 181 207 1009 183 208 1010 180 38 1011 181 207 1012 182 37 1013 189 206 1014 192 205 1015 183 208 1016 192 205 1017 211 209 1018 191 210 1019 216 204 1020 211 209 1021 192 205 1022 183 208 1023 192 205 1024 191 210 1025 216 204 1026 215 203 1027 220 211 1028 221 212 1029 216 204 1030 220 211 1031 211 209 1032 216 204 1033 221 212 1034 215 203 1035 214 201 1036 219 213 1037 220 211 1038 215 203 1039 219 213 1040 214 201 1041 213 202 1042 218 214 1043 219 213 1044 214 201 1045 218 214 1046 217 215 1047 213 202 1048 212 216 1049 218 214 1050 213 202 1051 217 215 1052 213 202 1053 196 200 1054 212 216 1055 196 200 1056 197 217 1057 212 216 1058 197 217 1059 196 200 1060 185 199 1061 185 199 1062 184 218 1063 197 217 1064 185 199 1065 171 219 1066 184 218 1067 173 198 1068 171 219 1069 185 199 1070 172 160 1071 171 219 1072 173 198 1073 170 159 1074 171 219 1075 172 160 1076 169 220 1077 184 218 1078 171 219 1079 170 159 1080 169 220 1081 171 219 1082 166 221 1083 198 222 1084 184 218 1085 197 217 1086 184 218 1087 198 222 1088 166 221 1089 184 218 1090 169 220 1091 212 216 1092 197 217 1093 210 223 1094 198 222 1095 210 223 1096 197 217 1097 209 224 1098 212 216 1099 210 223 1100 217 215 1101 212 216 1102 209 224 1103 209 224 1104 168 225 1105 217 215 1106 217 215 1107 205 226 1108 218 214 1109 168 225 1110 205 226 1111 217 215 1112 218 214 1113 207 227 1114 219 213 1115 205 226 1116 207 227 1117 218 214 1118 219 213 1119 202 228 1120 220 211 1121 206 229 1122 219 213 1123 207 227 1124 202 228 1125 219 213 1126 206 229 1127 199 230 1128 221 212 1129 220 211 1130 220 211 1131 202 228 1132 199 230 1133 200 61 1134 221 212 1135 199 230 1136 200 61 1137 211 209 1138 221 212 1139 43 26 1140 211 209 1141 200 61 1142 43 26 1143 191 210 1144 211 209 1145 42 27 1146 191 210 1147 43 26 1148 182 37 1149 191 210 1150 42 27 1151 183 208 1152 191 210 1153 182 37 1154 200 61 1155 156 114 1156 46 21 1157 199 230 1158 156 114 1159 200 61 1160 201 113 1161 199 230 1162 202 228 1163 156 114 1164 199 230 1165 201 113 1166 202 228 1167 206 229 1168 201 113 1169 206 229 1170 207 227 1171 95 102 1172 201 113 1173 206 229 1174 95 102 1175 205 226 1176 208 101 1177 207 227 1178 95 102 1179 207 227 1180 208 101 1181 94 99 1182 208 101 1183 205 226 1184 205 226 1185 168 225 1186 94 99 1187 167 231 1188 168 225 1189 209 224 1190 94 99 1191 168 225 1192 92 100 1193 168 225 1194 93 88 1195 92 100 1196 167 231 1197 93 88 1198 168 225 1199 209 224 1200 210 223 1201 204 232 1202 204 232 1203 167 231 1204 209 224 1205 203 233 1206 210 223 1207 198 222 1208 204 232 1209 210 223 1210 203 233 1211 198 222 1212 162 234 1213 203 233 1214 164 235 1215 162 234 1216 198 222 1217 164 235 1218 198 222 1219 166 221 1220 169 220 1221 165 172 1222 166 221 1223 166 221 1224 163 173 1225 164 235 1226 165 172 1227 163 173 1228 166 221 1229 138 161 1230 169 220 1231 170 159 1232 138 161 1233 165 172 1234 169 220 1235 163 173 1236 161 185 1237 164 235 1238 164 235 1239 161 185 1240 162 234 1241 162 234 1242 160 236 1243 203 233 1244 161 185 1245 160 236 1246 162 234 1247 203 233 1248 158 237 1249 204 232 1250 203 233 1251 160 236 1252 158 237 1253 157 238 1254 167 231 1255 204 232 1256 204 232 1257 158 237 1258 157 238 1259 157 238 1260 93 88 1261 167 231 1262 159 87 1263 93 88 1264 157 238 1265 157 238 1266 158 237 1267 159 87 1268 160 236 1269 152 86 1270 158 237 1271 159 87 1272 158 237 1273 152 86 1274 139 184 1275 160 236 1276 161 185 1277 139 184 1278 152 86 1279 160 236 1280 152 86 1281 151 182 1282 96 83 1283 139 184 1284 151 182 1285 152 86 1286 150 183 1287 96 83 1288 151 182 1289 149 82 1290 96 83 1291 150 183 1292 146 180 1293 149 82 1294 150 183 1295 97 84 1296 149 82 1297 146 180 1298 146 180 1299 147 181 1300 97 84 1301 97 84 1302 147 181 1303 148 85 1304 155 122 1305 46 21 1306 156 114 1307 47 20 1308 46 21 1309 155 122 1310 91 120 1311 47 20 1312 155 122 1313 154 22 1314 47 20 1315 91 120 1316 90 121 1317 154 22 1318 91 120 1319 153 23 1320 154 22 1321 90 121 1322 313 123 1323 153 23 1324 90 121 1325 48 25 1326 153 23 1327 313 123 1328 222 239 1329 250 240 1330 232 241 1331 248 242 1332 250 240 1333 222 239 1334 222 239 1335 224 4 1336 248 242 1337 222 239 1338 232 241 1339 223 243 1340 222 239 1341 223 243 1342 224 4 1343 248 242 1344 260 244 1345 250 240 1346 250 240 1347 258 245 1348 251 246 1349 260 244 1350 258 245 1351 250 240 1352 250 240 1353 251 246 1354 232 241 1355 232 241 1356 251 246 1357 239 247 1358 232 241 1359 240 248 1360 233 249 1361 239 247 1362 240 248 1363 232 241 1364 223 243 1365 232 241 1366 233 249 1367 223 243 1368 233 249 1369 226 250 1370 225 14 1371 223 243 1372 226 250 1373 2 11 1374 223 243 1375 225 14 1376 224 4 1377 223 243 1378 2 11 1379 248 242 1380 224 4 1381 249 10 1382 249 10 1383 261 251 1384 248 242 1385 261 251 1386 260 244 1387 248 242 1388 260 244 1389 261 251 1390 271 252 1391 270 253 1392 260 244 1393 271 252 1394 258 245 1395 260 244 1396 270 253 1397 383 254 1398 258 245 1399 270 253 1400 259 255 1401 258 245 1402 383 254 1403 258 245 1404 259 255 1405 251 246 1406 251 246 1407 259 255 1408 257 256 1409 251 246 1410 256 257 1411 239 247 1412 257 256 1413 256 257 1414 251 246 1415 239 247 1416 255 258 1417 240 248 1418 256 257 1419 255 258 1420 239 247 1421 240 248 1422 255 258 1423 241 259 1424 234 260 1425 240 248 1426 241 259 1427 233 249 1428 240 248 1429 234 260 1430 226 250 1431 233 249 1432 234 260 1433 226 250 1434 234 260 1435 227 261 1436 4 32 1437 226 250 1438 227 261 1439 225 14 1440 226 250 1441 4 32 1442 234 260 1443 241 259 1444 235 262 1445 227 261 1446 234 260 1447 235 262 1448 241 259 1449 255 258 1450 254 263 1451 241 259 1452 253 264 1453 242 265 1454 254 263 1455 253 264 1456 241 259 1457 235 262 1458 241 259 1459 242 265 1460 267 266 1461 255 258 1462 265 267 1463 254 263 1464 255 258 1465 267 266 1466 255 258 1467 256 257 1468 265 267 1469 256 257 1470 257 256 1471 433 268 1472 265 267 1473 256 257 1474 433 268 1475 257 256 1476 259 255 1477 269 269 1478 433 268 1479 257 256 1480 269 269 1481 269 269 1482 259 255 1483 383 254 1484 266 270 1485 254 263 1486 267 266 1487 253 264 1488 254 263 1489 266 270 1490 406 271 1491 253 264 1492 266 270 1493 252 272 1494 253 264 1495 406 271 1496 253 264 1497 252 272 1498 242 265 1499 242 265 1500 252 272 1501 243 273 1502 236 274 1503 242 265 1504 243 273 1505 235 262 1506 242 265 1507 236 274 1508 228 275 1509 235 262 1510 236 274 1511 227 261 1512 235 262 1513 228 275 1514 6 44 1515 227 261 1516 228 275 1517 4 32 1518 227 261 1519 6 44 1520 228 275 1521 237 276 1522 230 277 1523 236 274 1524 237 276 1525 228 275 1526 229 47 1527 228 275 1528 230 277 1529 6 44 1530 228 275 1531 229 47 1532 236 274 1533 244 278 1534 237 276 1535 243 273 1536 244 278 1537 236 274 1538 243 273 1539 246 279 1540 244 278 1541 252 272 1542 246 279 1543 243 273 1544 268 280 1545 252 272 1546 406 271 1547 246 279 1548 252 272 1549 268 280 1550 246 279 1551 268 280 1552 247 281 1553 246 279 1554 247 281 1555 244 278 1556 244 278 1557 247 281 1558 245 282 1559 238 283 1560 244 278 1561 245 282 1562 237 276 1563 244 278 1564 238 283 1565 231 284 1566 237 276 1567 238 283 1568 230 277 1569 237 276 1570 231 284 1571 10 55 1572 230 277 1573 231 284 1574 229 47 1575 230 277 1576 10 55 1577 231 284 1578 238 283 1579 375 285 1580 263 57 1581 231 284 1582 375 285 1583 10 55 1584 231 284 1585 263 57 1586 238 283 1587 245 282 1588 264 286 1589 375 285 1590 238 283 1591 264 286 1592 245 282 1593 247 281 1594 373 287 1595 264 286 1596 245 282 1597 373 287 1598 247 281 1599 268 280 1600 371 288 1601 373 287 1602 247 281 1603 371 288 1604 271 252 1605 261 251 1606 381 289 1607 261 251 1608 262 24 1609 381 289 1610 262 24 1611 261 251 1612 249 10 1613 381 289 1614 262 24 1615 48 25 1616 272 290 1617 300 291 1618 282 292 1619 298 293 1620 300 291 1621 272 290 1622 272 290 1623 274 66 1624 298 293 1625 272 290 1626 282 292 1627 273 294 1628 272 290 1629 273 294 1630 274 66 1631 300 291 1632 311 295 1633 310 296 1634 298 293 1635 311 295 1636 300 291 1637 300 291 1638 310 296 1639 301 297 1640 300 291 1641 301 297 1642 282 292 1643 282 292 1644 301 297 1645 289 298 1646 282 292 1647 290 299 1648 283 300 1649 289 298 1650 290 299 1651 282 292 1652 273 294 1653 282 292 1654 283 300 1655 273 294 1656 283 300 1657 276 301 1658 51 76 1659 273 294 1660 276 301 1661 275 73 1662 273 294 1663 51 76 1664 274 66 1665 273 294 1666 275 73 1667 298 293 1668 274 66 1669 299 72 1670 298 293 1671 89 71 1672 311 295 1673 299 72 1674 89 71 1675 298 293 1676 311 295 1677 89 71 1678 376 302 1679 377 303 1680 311 295 1681 376 302 1682 310 296 1683 311 295 1684 377 303 1685 380 304 1686 310 296 1687 377 303 1688 308 305 1689 310 296 1690 380 304 1691 301 297 1692 310 296 1693 308 305 1694 301 297 1695 309 306 1696 307 307 1697 308 305 1698 309 306 1699 301 297 1700 301 297 1701 307 307 1702 289 298 1703 289 298 1704 307 307 1705 306 308 1706 289 298 1707 305 309 1708 290 299 1709 306 308 1710 305 309 1711 289 298 1712 290 299 1713 305 309 1714 291 310 1715 284 311 1716 290 299 1717 291 310 1718 283 300 1719 290 299 1720 284 311 1721 276 301 1722 283 300 1723 284 311 1724 276 301 1725 284 311 1726 278 312 1727 277 94 1728 276 301 1729 278 312 1730 51 76 1731 276 301 1732 277 94 1733 284 311 1734 291 310 1735 285 313 1736 278 312 1737 284 311 1738 285 313 1739 291 310 1740 305 309 1741 304 314 1742 291 310 1743 303 315 1744 292 316 1745 304 314 1746 303 315 1747 291 310 1748 285 313 1749 291 310 1750 292 316 1751 317 317 1752 305 309 1753 394 318 1754 304 314 1755 305 309 1756 317 317 1757 305 309 1758 306 308 1759 394 318 1760 306 308 1761 307 307 1762 315 319 1763 394 318 1764 306 308 1765 315 319 1766 307 307 1767 309 306 1768 385 320 1769 315 319 1770 307 307 1771 385 320 1772 309 306 1773 308 305 1774 321 321 1775 385 320 1776 309 306 1777 321 321 1778 321 321 1779 308 305 1780 380 304 1781 316 322 1782 304 314 1783 317 317 1784 303 315 1785 304 314 1786 316 322 1787 320 323 1788 303 315 1789 316 322 1790 302 324 1791 303 315 1792 320 323 1793 303 315 1794 302 324 1795 292 316 1796 292 316 1797 302 324 1798 293 325 1799 286 326 1800 292 316 1801 293 325 1802 285 313 1803 292 316 1804 286 326 1805 279 327 1806 285 313 1807 286 326 1808 278 312 1809 285 313 1810 279 327 1811 54 107 1812 278 312 1813 279 327 1814 277 94 1815 278 312 1816 54 107 1817 279 327 1818 287 328 1819 280 329 1820 286 326 1821 287 328 1822 279 327 1823 56 110 1824 279 327 1825 280 329 1826 54 107 1827 279 327 1828 56 110 1829 286 326 1830 294 330 1831 287 328 1832 293 325 1833 294 330 1834 286 326 1835 293 325 1836 296 331 1837 294 330 1838 302 324 1839 296 331 1840 293 325 1841 319 332 1842 302 324 1843 320 323 1844 296 331 1845 302 324 1846 319 332 1847 318 333 1848 296 331 1849 319 332 1850 297 334 1851 296 331 1852 318 333 1853 296 331 1854 297 334 1855 294 330 1856 294 330 1857 297 334 1858 295 335 1859 294 330 1860 295 335 1861 287 328 1862 287 328 1863 295 335 1864 288 336 1865 287 328 1866 288 336 1867 280 329 1868 280 329 1869 288 336 1870 281 337 1871 281 337 1872 56 110 1873 280 329 1874 58 119 1875 56 110 1876 281 337 1877 281 337 1878 382 338 1879 312 339 1880 288 336 1881 382 338 1882 281 337 1883 281 337 1884 312 339 1885 58 119 1886 288 336 1887 314 340 1888 382 338 1889 295 335 1890 314 340 1891 288 336 1892 295 335 1893 297 334 1894 314 340 1895 314 340 1896 297 334 1897 318 333 1898 58 119 1899 312 339 1900 313 123 1901 376 302 1902 89 71 1903 148 85 1904 322 341 1905 350 342 1906 333 343 1907 349 344 1908 350 342 1909 322 341 1910 322 341 1911 324 128 1912 349 344 1913 322 341 1914 333 343 1915 323 345 1916 322 341 1917 323 345 1918 324 128 1919 349 344 1920 360 346 1921 350 342 1922 350 342 1923 358 347 1924 351 348 1925 360 346 1926 358 347 1927 350 342 1928 350 342 1929 351 348 1930 333 343 1931 333 343 1932 351 348 1933 340 349 1934 333 343 1935 341 350 1936 334 351 1937 340 349 1938 341 350 1939 333 343 1940 323 345 1941 333 343 1942 334 351 1943 323 345 1944 334 351 1945 327 352 1946 326 138 1947 323 345 1948 327 352 1949 325 135 1950 323 345 1951 326 138 1952 324 128 1953 323 345 1954 325 135 1955 349 344 1956 324 128 1957 125 134 1958 125 134 1959 361 353 1960 349 344 1961 361 353 1962 360 346 1963 349 344 1964 360 346 1965 369 354 1966 374 355 1967 361 353 1968 369 354 1969 360 346 1970 360 346 1971 374 355 1972 358 347 1973 358 347 1974 374 355 1975 368 356 1976 358 347 1977 368 356 1978 359 357 1979 358 347 1980 359 357 1981 351 348 1982 351 348 1983 359 357 1984 357 358 1985 351 348 1986 357 358 1987 340 349 1988 340 349 1989 357 358 1990 356 359 1991 356 359 1992 341 350 1993 340 349 1994 355 360 1995 341 350 1996 356 359 1997 341 350 1998 355 360 1999 342 361 2000 335 362 2001 341 350 2002 342 361 2003 334 351 2004 341 350 2005 335 362 2006 327 352 2007 334 351 2008 335 362 2009 327 352 2010 335 362 2011 328 363 2012 101 155 2013 327 352 2014 328 363 2015 326 138 2016 327 352 2017 101 155 2018 335 362 2019 342 361 2020 336 364 2021 328 363 2022 335 362 2023 336 364 2024 342 361 2025 355 360 2026 354 365 2027 354 365 2028 343 366 2029 342 361 2030 336 364 2031 342 361 2032 343 366 2033 355 360 2034 398 367 2035 354 365 2036 355 360 2037 400 368 2038 398 367 2039 356 359 2040 400 368 2041 355 360 2042 356 359 2043 366 369 2044 400 368 2045 357 358 2046 366 369 2047 356 359 2048 357 358 2049 359 357 2050 366 369 2051 359 357 2052 368 356 2053 372 370 2054 366 369 2055 359 357 2056 372 370 2057 354 365 2058 398 367 2059 364 371 2060 354 365 2061 364 371 2062 353 372 2063 353 372 2064 343 366 2065 354 365 2066 343 366 2067 353 372 2068 344 373 2069 337 374 2070 343 366 2071 344 373 2072 336 364 2073 343 366 2074 337 374 2075 329 375 2076 336 364 2077 337 374 2078 328 363 2079 336 364 2080 329 375 2081 103 166 2082 328 363 2083 329 375 2084 101 155 2085 328 363 2086 103 166 2087 329 375 2088 338 376 2089 331 377 2090 337 374 2091 338 376 2092 329 375 2093 330 169 2094 329 375 2095 331 377 2096 103 166 2097 329 375 2098 330 169 2099 337 374 2100 345 378 2101 338 376 2102 344 373 2103 345 378 2104 337 374 2105 344 373 2106 353 372 2107 352 379 2108 352 379 2109 345 378 2110 344 373 2111 353 372 2112 391 380 2113 352 379 2114 353 372 2115 364 371 2116 391 380 2117 352 379 2118 391 380 2119 367 381 2120 352 379 2121 367 381 2122 347 382 2123 347 382 2124 345 378 2125 352 379 2126 345 378 2127 348 383 2128 346 384 2129 347 382 2130 348 383 2131 345 378 2132 339 385 2133 345 378 2134 346 384 2135 338 376 2136 345 378 2137 339 385 2138 332 386 2139 338 376 2140 339 385 2141 331 377 2142 338 376 2143 332 386 2144 107 179 2145 331 377 2146 332 386 2147 330 169 2148 331 377 2149 107 179 2150 332 386 2151 339 385 2152 363 387 2153 147 181 2154 332 386 2155 363 387 2156 107 179 2157 332 386 2158 147 181 2159 339 385 2160 379 388 2161 378 389 2162 346 384 2163 379 388 2164 339 385 2165 363 387 2166 339 385 2167 378 389 2168 346 384 2169 365 390 2170 379 388 2171 348 383 2172 365 390 2173 346 384 2174 348 383 2175 388 391 2176 365 390 2177 347 382 2178 388 391 2179 348 383 2180 347 382 2181 367 381 2182 388 391 2183 361 353 2184 370 146 2185 369 354 2186 362 147 2187 370 146 2188 361 353 2189 362 147 2190 361 353 2191 125 134 2192 268 280 2193 403 392 2194 371 288 2195 371 288 2196 402 393 2197 372 370 2198 403 392 2199 402 393 2200 371 288 2201 371 288 2202 372 370 2203 373 287 2204 406 271 2205 404 394 2206 268 280 2207 404 394 2208 403 392 2209 268 280 2210 404 394 2211 413 395 2212 403 392 2213 413 395 2214 402 393 2215 403 392 2216 412 396 2217 402 393 2218 413 395 2219 402 393 2220 412 396 2221 401 397 2222 366 369 2223 402 393 2224 401 397 2225 372 370 2226 402 393 2227 366 369 2228 373 287 2229 372 370 2230 368 356 2231 373 287 2232 374 355 2233 264 286 2234 368 356 2235 374 355 2236 373 287 2237 374 355 2238 375 285 2239 264 286 2240 369 354 2241 375 285 2242 374 355 2243 369 354 2244 263 57 2245 375 285 2246 370 146 2247 263 57 2248 369 354 2249 401 397 2250 400 368 2251 366 369 2252 401 397 2253 412 396 2254 411 398 2255 401 397 2256 411 398 2257 399 399 2258 399 399 2259 400 368 2260 401 397 2261 420 400 2262 411 398 2263 412 396 2264 419 401 2265 412 396 2266 413 395 2267 420 400 2268 412 396 2269 419 401 2270 413 395 2271 418 402 2272 419 401 2273 415 403 2274 418 402 2275 413 395 2276 415 403 2277 413 395 2278 404 394 2279 405 404 2280 415 403 2281 404 394 2282 405 404 2283 404 394 2284 406 271 2285 406 271 2286 407 405 2287 405 404 2288 266 270 2289 407 405 2290 406 271 2291 414 406 2292 415 403 2293 405 404 2294 405 404 2295 407 405 2296 414 406 2297 417 407 2298 415 403 2299 414 406 2300 418 402 2301 415 403 2302 417 407 2303 439 408 2304 418 402 2305 417 407 2306 438 409 2307 418 402 2308 439 408 2309 418 402 2310 438 409 2311 419 401 2312 419 401 2313 438 409 2314 437 410 2315 437 410 2316 420 400 2317 419 401 2318 436 411 2319 420 400 2320 437 410 2321 420 400 2322 436 411 2323 421 412 2324 421 412 2325 411 398 2326 420 400 2327 421 412 2328 410 413 2329 411 398 2330 399 399 2331 411 398 2332 410 413 2333 399 399 2334 410 413 2335 397 414 2336 399 399 2337 397 414 2338 400 368 2339 400 368 2340 397 414 2341 398 367 2342 397 414 2343 410 413 2344 409 415 2345 397 414 2346 409 415 2347 396 416 2348 397 414 2349 396 416 2350 398 367 2351 410 413 2352 422 417 2353 409 415 2354 422 417 2355 410 413 2356 421 412 2357 421 412 2358 436 411 2359 435 418 2360 421 412 2361 435 418 2362 422 417 2363 440 419 2364 435 418 2365 436 411 2366 441 420 2367 436 411 2368 437 410 2369 440 419 2370 436 411 2371 441 420 2372 442 421 2373 437 410 2374 438 409 2375 441 420 2376 437 410 2377 442 421 2378 438 409 2379 443 422 2380 442 421 2381 439 408 2382 443 422 2383 438 409 2384 439 408 2385 444 423 2386 443 422 2387 434 424 2388 444 423 2389 439 408 2390 439 408 2391 417 407 2392 434 424 2393 434 424 2394 417 407 2395 416 425 2396 417 407 2397 408 426 2398 416 425 2399 414 406 2400 408 426 2401 417 407 2402 414 406 2403 407 405 2404 408 426 2405 267 266 2406 407 405 2407 266 270 2408 408 426 2409 407 405 2410 267 266 2411 408 426 2412 267 266 2413 416 425 2414 416 425 2415 433 268 2416 434 424 2417 265 267 2418 433 268 2419 416 425 2420 416 425 2421 267 266 2422 265 267 2423 434 424 2424 269 269 2425 444 423 2426 433 268 2427 269 269 2428 434 424 2429 444 423 2430 424 427 2431 443 422 2432 269 269 2433 424 427 2434 444 423 2435 425 428 2436 443 422 2437 424 427 2438 442 421 2439 443 422 2440 425 428 2441 442 421 2442 429 429 2443 430 430 2444 425 428 2445 429 429 2446 442 421 2447 430 430 2448 441 420 2449 442 421 2450 428 431 2451 441 420 2452 430 430 2453 428 431 2454 440 419 2455 441 420 2456 431 432 2457 435 418 2458 440 419 2459 395 433 2460 431 432 2461 440 419 2462 395 433 2463 440 419 2464 428 431 2465 432 434 2466 435 418 2467 431 432 2468 422 417 2469 435 418 2470 432 434 2471 432 434 2472 423 435 2473 422 417 2474 409 415 2475 422 417 2476 423 435 2477 423 435 2478 392 436 2479 409 415 2480 396 416 2481 409 415 2482 392 436 2483 398 367 2484 396 416 2485 364 371 2486 391 380 2487 396 416 2488 392 436 2489 364 371 2490 396 416 2491 391 380 2492 390 437 2493 392 436 2494 423 435 2495 367 381 2496 392 436 2497 390 437 2498 391 380 2499 392 436 2500 367 381 2501 426 438 2502 423 435 2503 432 434 2504 423 435 2505 389 439 2506 390 437 2507 426 438 2508 389 439 2509 423 435 2510 432 434 2511 427 440 2512 426 438 2513 431 432 2514 427 440 2515 432 434 2516 393 441 2517 431 432 2518 395 433 2519 393 441 2520 427 440 2521 431 432 2522 395 433 2523 317 317 2524 394 318 2525 428 431 2526 317 317 2527 395 433 2528 395 433 2529 315 319 2530 393 441 2531 394 318 2532 315 319 2533 395 433 2534 428 431 2535 316 322 2536 317 317 2537 430 430 2538 316 322 2539 428 431 2540 430 430 2541 320 323 2542 316 322 2543 429 429 2544 320 323 2545 430 430 2546 429 429 2547 319 332 2548 320 323 2549 425 428 2550 319 332 2551 429 429 2552 425 428 2553 424 427 2554 319 332 2555 319 332 2556 424 427 2557 318 333 2558 424 427 2559 269 269 2560 318 333 2561 318 333 2562 269 269 2563 383 254 2564 383 254 2565 314 340 2566 318 333 2567 270 253 2568 314 340 2569 383 254 2570 314 340 2571 270 253 2572 382 338 2573 382 338 2574 270 253 2575 271 252 2576 382 338 2577 271 252 2578 312 339 2579 312 339 2580 271 252 2581 381 289 2582 312 339 2583 381 289 2584 313 123 2585 313 123 2586 381 289 2587 48 25 2588 315 319 2589 386 442 2590 393 441 2591 385 320 2592 386 442 2593 315 319 2594 386 442 2595 427 440 2596 393 441 2597 384 443 2598 427 440 2599 386 442 2600 426 438 2601 427 440 2602 384 443 2603 426 438 2604 387 444 2605 389 439 2606 384 443 2607 387 444 2608 426 438 2609 388 391 2610 390 437 2611 389 439 2612 387 444 2613 388 391 2614 389 439 2615 367 381 2616 390 437 2617 388 391 2618 365 390 2619 388 391 2620 387 444 2621 321 321 2622 387 444 2623 384 443 2624 365 390 2625 387 444 2626 321 321 2627 385 320 2628 384 443 2629 386 442 2630 321 321 2631 384 443 2632 385 320 2633 379 388 2634 321 321 2635 380 304 2636 365 390 2637 321 321 2638 379 388 2639 379 388 2640 380 304 2641 378 389 2642 378 389 2643 380 304 2644 377 303 2645 377 303 2646 363 387 2647 378 389 2648 376 302 2649 363 387 2650 377 303 2651 376 302 2652 147 181 2653 363 387 2654 148 85 2655 147 181 2656 376 302 2657</p>
        </triangles>
      </mesh>
    </geometry>
  </library_geometries>
  <library_controllers>
    <controller id="model-armature_bomb_PBR_CheckShape-skin" name="model-armature">
      <skin source="#bomb_PBR_CheckShape-mesh">
        <bind_shape_matrix>1 0 0 0 0 1 0 0 0 0 1 0 0 0 0 1</bind_shape_matrix>
        <source id="model-armature_bomb_PBR_CheckShape-skin-joints">
          <Name_array id="model-armature_bomb_PBR_CheckShape-skin-joints-array" count="1">Root</Name_array>
          <technique_common>
            <accessor source="#model-armature_bomb_PBR_CheckShape-skin-joints-array" count="1" stride="1">
              <param name="JOINT" type="name"/>
            </accessor>
          </technique_common>
        </source>
        <source id="model-armature_bomb_PBR_CheckShape-skin-bind_poses">
          <float_array id="model-armature_bomb_PBR_CheckShape-skin-bind_poses-array" count="16">1 0 0 0 0 -1.62921e-7 1 0 0 -1 -1.62921e-7 0 0 0 0 1</float_array>
          <technique_common>
            <accessor source="#model-armature_bomb_PBR_CheckShape-skin-bind_poses-array" count="1" stride="16">
              <param name="TRANSFORM" type="float4x4"/>
            </accessor>
          </technique_common>
        </source>
        <source id="model-armature_bomb_PBR_CheckShape-skin-weights">
          <float_array id="model-armature_bomb_PBR_CheckShape-skin-weights-array" count="445">1 1 1 1 1 1 1 1 1 1 1 1 1 1 1 1 1 1 1 1 1 1 1 1 1 1 1 1 1 1 1 1 1 1 1 1 1 1 1 1 1 1 1 1 1 1 1 1 1 1 1 1 1 1 1 1 1 1 1 1 1 1 1 1 1 1 1 1 1 1 1 1 1 1 1 1 1 1 1 1 1 1 1 1 1 1 1 1 1 1 1 1 1 1 1 1 1 1 1 1 1 1 1 1 1 1 1 1 1 1 1 1 1 1 1 1 1 1 1 1 1 1 1 1 1 1 1 1 1 1 1 1 1 1 1 1 1 1 1 1 1 1 1 1 1 1 1 1 1 1 1 1 1 1 1 1 1 1 1 1 1 1 1 1 1 1 1 1 1 1 1 1 1 1 1 1 1 1 1 1 1 1 1 1 1 1 1 1 1 1 1 1 1 1 1 1 1 1 1 1 1 1 1 1 1 1 1 1 1 1 1 1 1 1 1 1 1 1 1 1 1 1 1 1 1 1 1 1 1 1 1 1 1 1 1 1 1 1 1 1 1 1 1 1 1 1 1 1 1 1 1 1 1 1 1 1 1 1 1 1 1 1 1 1 1 1 1 1 1 1 1 1 1 1 1 1 1 1 1 1 1 1 1 1 1 1 1 1 1 1 1 1 1 1 1 1 1 1 1 1 1 1 1 1 1 1 1 1 1 1 1 1 1 1 1 1 1 1 1 1 1 1 1 1 1 1 1 1 1 1 1 1 1 1 1 1 1 1 1 1 1 1 1 1 1 1 1 1 1 1 1 1 1 1 1 1 1 1 1 1 1 1 1 1 1 1 1 1 1 1 1 1 1 1 1 1 1 1 1 1 1 1 1 1 1 1 1 1 1 1 1 1 1 1 1 1 1 1 1 1 1 1 1 1 1 1 1 1 1 1 1 1 1 1 1 1 1 1 1 1 1 1 1 1 1 1 1 1 1 1 1 1 1 1 1 1 1 1 1 1 1 1 1 1 1</float_array>
          <technique_common>
            <accessor source="#model-armature_bomb_PBR_CheckShape-skin-weights-array" count="445" stride="1">
              <param name="WEIGHT" type="float"/>
            </accessor>
          </technique_common>
        </source>
        <joints>
          <input semantic="JOINT" source="#model-armature_bomb_PBR_CheckShape-skin-joints"/>
          <input semantic="INV_BIND_MATRIX" source="#model-armature_bomb_PBR_CheckShape-skin-bind_poses"/>
        </joints>
        <vertex_weights count="445">
          <input semantic="JOINT" source="#model-armature_bomb_PBR_CheckShape-skin-joints" offset="0"/>
          <input semantic="WEIGHT" source="#model-armature_bomb_PBR_CheckShape-skin-weights" offset="1"/>
          <vcount>1 1 1 1 1 1 1 1 1 1 1 1 1 1 1 1 1 1 1 1 1 1 1 1 1 1 1 1 1 1 1 1 1 1 1 1 1 1 1 1 1 1 1 1 1 1 1 1 1 1 1 1 1 1 1 1 1 1 1 1 1 1 1 1 1 1 1 1 1 1 1 1 1 1 1 1 1 1 1 1 1 1 1 1 1 1 1 1 1 1 1 1 1 1 1 1 1 1 1 1 1 1 1 1 1 1 1 1 1 1 1 1 1 1 1 1 1 1 1 1 1 1 1 1 1 1 1 1 1 1 1 1 1 1 1 1 1 1 1 1 1 1 1 1 1 1 1 1 1 1 1 1 1 1 1 1 1 1 1 1 1 1 1 1 1 1 1 1 1 1 1 1 1 1 1 1 1 1 1 1 1 1 1 1 1 1 1 1 1 1 1 1 1 1 1 1 1 1 1 1 1 1 1 1 1 1 1 1 1 1 1 1 1 1 1 1 1 1 1 1 1 1 1 1 1 1 1 1 1 1 1 1 1 1 1 1 1 1 1 1 1 1 1 1 1 1 1 1 1 1 1 1 1 1 1 1 1 1 1 1 1 1 1 1 1 1 1 1 1 1 1 1 1 1 1 1 1 1 1 1 1 1 1 1 1 1 1 1 1 1 1 1 1 1 1 1 1 1 1 1 1 1 1 1 1 1 1 1 1 1 1 1 1 1 1 1 1 1 1 1 1 1 1 1 1 1 1 1 1 1 1 1 1 1 1 1 1 1 1 1 1 1 1 1 1 1 1 1 1 1 1 1 1 1 1 1 1 1 1 1 1 1 1 1 1 1 1 1 1 1 1 1 1 1 1 1 1 1 1 1 1 1 1 1 1 1 1 1 1 1 1 1 1 1 1 1 1 1 1 1 1 1 1 1 1 1 1 1 1 1 1 1 1 1 1 1 1 1 1 1 1 1 1 1 1 1 1 1 1 1 1 1 1 1 1 1 1 1 1 1 1 1 1 1 1 </vcount>
          <v>0 0 0 1 0 2 0 3 0 4 0 5 0 6 0 7 0 8 0 9 0 10 0 11 0 12 0 13 0 14 0 15 0 16 0 17 0 18 0 19 0 20 0 21 0 22 0 23 0 24 0 25 0 26 0 27 0 28 0 29 0 30 0 31 0 32 0 33 0 34 0 35 0 36 0 37 0 38 0 39 0 40 0 41 0 42 0 43 0 44 0 45 0 46 0 47 0 48 0 49 0 50 0 51 0 52 0 53 0 54 0 55 0 56 0 57 0 58 0 59 0 60 0 61 0 62 0 63 0 64 0 65 0 66 0 67 0 68 0 69 0 70 0 71 0 72 0 73 0 74 0 75 0 76 0 77 0 78 0 79 0 80 0 81 0 82 0 83 0 84 0 85 0 86 0 87 0 88 0 89 0 90 0 91 0 92 0 93 0 94 0 95 0 96 0 97 0 98 0 99 0 100 0 101 0 102 0 103 0 104 0 105 0 106 0 107 0 108 0 109 0 110 0 111 0 112 0 113 0 114 0 115 0 116 0 117 0 118 0 119 0 120 0 121 0 122 0 123 0 124 0 125 0 126 0 127 0 128 0 129 0 130 0 131 0 132 0 133 0 134 0 135 0 136 0 137 0 138 0 139 0 140 0 141 0 142 0 143 0 144 0 145 0 146 0 147 0 148 0 149 0 150 0 151 0 152 0 153 0 154 0 155 0 156 0 157 0 158 0 159 0 160 0 161 0 162 0 163 0 164 0 165 0 166 0 167 0 168 0 169 0 170 0 171 0 172 0 173 0 174 0 175 0 176 0 177 0 178 0 179 0 180 0 181 0 182 0 183 0 184 0 185 0 186 0 187 0 188 0 189 0 190 0 191 0 192 0 193 0 194 0 195 0 196 0 197 0 198 0 199 0 200 0 201 0 202 0 203 0 204 0 205 0 206 0 207 0 208 0 209 0 210 0 211 0 212 0 213 0 214 0 215 0 216 0 217 0 218 0 219 0 220 0 221 0 222 0 223 0 224 0 225 0 226 0 227 0 228 0 229 0 230 0 231 0 232 0 233 0 234 0 235 0 236 0 237 0 238 0 239 0 240 0 241 0 242 0 243 0 244 0 245 0 246 0 247 0 248 0 249 0 250 0 251 0 252 0 253 0 254 0 255 0 256 0 257 0 258 0 259 0 260 0 261 0 262 0 263 0 264 0 265 0 266 0 267 0 268 0 269 0 270 0 271 0 272 0 273 0 274 0 275 0 276 0 277 0 278 0 279 0 280 0 281 0 282 0 283 0 284 0 285 0 286 0 287 0 288 0 289 0 290 0 291 0 292 0 293 0 294 0 295 0 296 0 297 0 298 0 299 0 300 0 301 0 302 0 303 0 304 0 305 0 306 0 307 0 308 0 309 0 310 0 311 0 312 0 313 0 314 0 315 0 316 0 317 0 318 0 319 0 320 0 321 0 322 0 323 0 324 0 325 0 326 0 327 0 328 0 329 0 330 0 331 0 332 0 333 0 334 0 335 0 336 0 337 0 338 0 339 0 340 0 341 0 342 0 343 0 344 0 345 0 346 0 347 0 348 0 349 0 350 0 351 0 352 0 353 0 354 0 355 0 356 0 357 0 358 0 359 0 360 0 361 0 362 0 363 0 364 0 365 0 366 0 367 0 368 0 369 0 370 0 371 0 372 0 373 0 374 0 375 0 376 0 377 0 378 0 379 0 380 0 381 0 382 0 383 0 384 0 385 0 386 0 387 0 388 0 389 0 390 0 391 0 392 0 393 0 394 0 395 0 396 0 397 0 398 0 399 0 400 0 401 0 402 0 403 0 404 0 405 0 406 0 407 0 408 0 409 0 410 0 411 0 412 0 413 0 414 0 415 0 416 0 417 0 418 0 419 0 420 0 421 0 422 0 423 0 424 0 425 0 426 0 427 0 428 0 429 0 430 0 431 0 432 0 433 0 434 0 435 0 436 0 437 0 438 0 439 0 440 0 441 0 442 0 443 0 444</v>
        </vertex_weights>
      </skin>
    </controller>
  </library_controllers>
  <library_visual_scenes>
    <visual_scene id="Scene" name="Scene">
      <node id="model-armature" name="model-armature" type="NODE">
        <matrix sid="transform">1 0 0 0 0 -1.62921e-7 -1 0 0 1 -1.62921e-7 0 0 0 0 1</matrix>
        <node id="model-armature_Root" name="Root" sid="Root" type="JOINT">
          <matrix sid="transform">1 0 0 0 0 1 0 0 0 0 1 0 0 0 0 1</matrix>
          <extra>
            <technique profile="blender">
              <layer sid="layer" type="string">0</layer>
              <tip_x sid="tip_x" type="float">0</tip_x>
              <tip_y sid="tip_y" type="float">9.99987e-4</tip_y>
              <tip_z sid="tip_z" type="float">0</tip_z>
            </technique>
          </extra>
        </node>
        <node id="bomb_PBR_CheckShape" name="bomb_PBR_CheckShape" type="NODE">
          <matrix sid="transform">1 0 0 0 0 1 0 0 0 0 1 0 0 0 0 1</matrix>
          <instance_controller url="#model-armature_bomb_PBR_CheckShape-skin">
            <skeleton>#model-armature_Root</skeleton>
            <bind_material>
              <technique_common>
                <instance_material symbol="met_bomb_001-material" target="#met_bomb_001-material">
                  <bind_vertex_input semantic="bomb_PBR_CheckShape-mesh-map-0" input_semantic="TEXCOORD" input_set="0"/>
                </instance_material>
              </technique_common>
            </bind_material>
          </instance_controller>
        </node>
      </node>
    </visual_scene>
  </library_visual_scenes>
  <scene>
    <instance_visual_scene url="#Scene"/>
  </scene>
</COLLADA>